,금융구분,금융회사코드,금융회사명,통계분류,통계표코드,통계표명,코드,구분,항목,202303,202306,202309,202312
0,국내생보사,10593,한화생명보험주식회사,D,SH163,보험금 현황(특별계정(23.3월 이후)),A,특별계정 계,변액보험,4854917000000,8796841000000,12946562000000,16530026000000
1,국내생보사,10593,한화생명보험주식회사,D,SH163,보험금 현황(특별계정(23.3월 이후)),A,특별계정 계,연금저축,913974000000,1219874000000,1950902000000,2430052000000
2,국내생보사,10593,한화생명보험주식회사,D,SH163,보험금 현황(특별계정(23.3월 이후)),A,특별계정 계,자산연계형,0,0,0,24501000000
3,국내생보사,10593,한화생명보험주식회사,D,SH163,보험금 현황(특별계정(23.3월 이후)),A,특별계정 계,퇴직보험,0,0,0,0
4,국내생보사,10593,한화생명보험주식회사,D,SH163,보험금 현황(특별계정(23.3월 이후)),A,특별계정 계,퇴직연금,0,0,0,0
5,국내생보사,10593,한화생명보험주식회사,D,SH163,보험금 현황(특별계정(23.3월 이후)),A,특별계정 계,합계,5768891000000,10016715000000,14897464000000,18984579000000
6,국내생보사,10593,한화생명보험주식회사,D,SH163,보험금 현황(특별계정(23.3월 이후)),A1,특별계정 계_사망,변액보험,4854917000000,8796841000000,12946562000000,16530026000000
7,국내생보사,10593,한화생명보험주식회사,D,SH163,보험금 현황(특별계정(23.3월 이후)),A1,특별계정 계_사망,연금저축,0,0,0,0
8,국내생보사,10593,한화생명보험주식회사,D,SH163,보험금 현황(특별계정(23.3월 이후)),A1,특별계정 계_사망,자산연계형,0,0,0,14674000000
9,국내생보사,10593,한화생명보험주식회사,D,SH163,보험금 현황(특별계정(23.3월 이후)),A1,특별계정 계_사망,퇴직보험,0,0,0,0
10,국내생보사,10593,한화생명보험주식회사,D,SH163,보험금 현황(특별계정(23.3월 이후)),A1,특별계정 계_사망,퇴직연금,0,0,0,0
11,국내생보사,10593,한화생명보험주식회사,D,SH163,보험금 현황(특별계정(23.3월 이후)),A1,특별계정 계_사망,합계,4854917000000,8796841000000,12946562000000,16544700000000
12,국내생보사,10593,한화생명보험주식회사,D,SH163,보험금 현황(특별계정(23.3월 이후)),A2,특별계정 계_재해,변액보험,0,0,0,0
13,국내생보사,10593,한화생명보험주식회사,D,SH163,보험금 현황(특별계정(23.3월 이후)),A2,특별계정 계_재해,연금저축,0,0,0,0
14,국내생보사,10593,한화생명보험주식회사,D,SH163,보험금 현황(특별계정(23.3월 이후)),A2,특별계정 계_재해,자산연계형,0,0,0,0
15,국내생보사,10593,한화생명보험주식회사,D,SH163,보험금 현황(특별계정(23.3월 이후)),A2,특별계정 계_재해,퇴직보험,0,0,0,0
16,국내생보사,10593,한화생명보험주식회사,D,SH163,보험금 현황(특별계정(23.3월 이후)),A2,특별계정 계_재해,퇴직연금,0,0,0,0
17,국내생보사,10593,한화생명보험주식회사,D,SH163,보험금 현황(특별계정(23.3월 이후)),A2,특별계정 계_재해,합계,0,0,0,0
18,국내생보사,10593,한화생명보험주식회사,D,SH163,보험금 현황(특별계정(23.3월 이후)),A3,특별계정 계_만기,변액보험,0,0,0,0
19,국내생보사,10593,한화생명보험주식회사,D,SH163,보험금 현황(특별계정(23.3월 이후)),A3,특별계정 계_만기,연금저축,913974000000,1219874000000,1950902000000,2430052000000
20,국내생보사,10593,한화생명보험주식회사,D,SH163,보험금 현황(특별계정(23.3월 이후)),A3,특별계정 계_만기,자산연계형,0,0,0,9827000000
21,국내생보사,10593,한화생명보험주식회사,D,SH163,보험금 현황(특별계정(23.3월 이후)),A3,특별계정 계_만기,퇴직보험,0,0,0,0
22,국내생보사,10593,한화생명보험주식회사,D,SH163,보험금 현황(특별계정(23.3월 이후)),A3,특별계정 계_만기,퇴직연금,0,0,0,0
23,국내생보사,10593,한화생명보험주식회사,D,SH163,보험금 현황(특별계정(23.3월 이후)),A3,특별계정 계_만기,합계,913974000000,1219874000000,1950902000000,2439879000000
24,국내생보사,10593,한화생명보험주식회사,D,SH163,보험금 현황(특별계정(23.3월 이후)),A4,특별계정 계_퇴직,변액보험,0,0,0,0
25,국내생보사,10593,한화생명보험주식회사,D,SH163,보험금 현황(특별계정(23.3월 이후)),A4,특별계정 계_퇴직,연금저축,0,0,0,0
26,국내생보사,10593,한화생명보험주식회사,D,SH163,보험금 현황(특별계정(23.3월 이후)),A4,특별계정 계_퇴직,자산연계형,0,0,0,0
27,국내생보사,10593,한화생명보험주식회사,D,SH163,보험금 현황(특별계정(23.3월 이후)),A4,특별계정 계_퇴직,퇴직보험,0,0,0,0
28,국내생보사,10593,한화생명보험주식회사,D,SH163,보험금 현황(특별계정(23.3월 이후)),A4,특별계정 계_퇴직,퇴직연금,0,0,0,0
29,국내생보사,10593,한화생명보험주식회사,D,SH163,보험금 현황(특별계정(23.3월 이후)),A4,특별계정 계_퇴직,합계,0,0,0,0
30,국내생보사,10595,삼성생명보험주식회사,D,SH163,보험금 현황(특별계정(23.3월 이후)),A,특별계정 계,변액보험,38872349523000,76210008802000,105488071435000,135863614287000
31,국내생보사,10595,삼성생명보험주식회사,D,SH163,보험금 현황(특별계정(23.3월 이후)),A,특별계정 계,연금저축,10950000000,42950000000,72950000000,76450000000
32,국내생보사,10595,삼성생명보험주식회사,D,SH163,보험금 현황(특별계정(23.3월 이후)),A,특별계정 계,자산연계형,389491017000,396353365000,418302663000,2038356243000
33,국내생보사,10595,삼성생명보험주식회사,D,SH163,보험금 현황(특별계정(23.3월 이후)),A,특별계정 계,퇴직보험,2215516618000,3568703561000,4738384878000,5783349904000
34,국내생보사,10595,삼성생명보험주식회사,D,SH163,보험금 현황(특별계정(23.3월 이후)),A,특별계정 계,퇴직연금,0,0,0,0
35,국내생보사,10595,삼성생명보험주식회사,D,SH163,보험금 현황(특별계정(23.3월 이후)),A,특별계정 계,합계,41488307158000,80218015728000,110717708976000,143761770434000
36,국내생보사,10595,삼성생명보험주식회사,D,SH163,보험금 현황(특별계정(23.3월 이후)),A1,특별계정 계_사망,변액보험,38286669523000,74345284026000,102925969159000,131330259499000
37,국내생보사,10595,삼성생명보험주식회사,D,SH163,보험금 현황(특별계정(23.3월 이후)),A1,특별계정 계_사망,연금저축,10000000000,40000000000,60000000000,60000000000
38,국내생보사,10595,삼성생명보험주식회사,D,SH163,보험금 현황(특별계정(23.3월 이후)),A1,특별계정 계_사망,자산연계형,112797690000,112797690000,112797690000,112797690000
39,국내생보사,10595,삼성생명보험주식회사,D,SH163,보험금 현황(특별계정(23.3월 이후)),A1,특별계정 계_사망,퇴직보험,0,0,0,0
40,국내생보사,10595,삼성생명보험주식회사,D,SH163,보험금 현황(특별계정(23.3월 이후)),A1,특별계정 계_사망,퇴직연금,0,0,0,0
41,국내생보사,10595,삼성생명보험주식회사,D,SH163,보험금 현황(특별계정(23.3월 이후)),A1,특별계정 계_사망,합계,38409467213000,74498081716000,103098766849000,131503057189000
42,국내생보사,10595,삼성생명보험주식회사,D,SH163,보험금 현황(특별계정(23.3월 이후)),A2,특별계정 계_재해,변액보험,585680000000,1864724776000,2562102276000,4533354788000
43,국내생보사,10595,삼성생명보험주식회사,D,SH163,보험금 현황(특별계정(23.3월 이후)),A2,특별계정 계_재해,연금저축,950000000,2950000000,12950000000,16450000000
44,국내생보사,10595,삼성생명보험주식회사,D,SH163,보험금 현황(특별계정(23.3월 이후)),A2,특별계정 계_재해,자산연계형,0,0,0,0
45,국내생보사,10595,삼성생명보험주식회사,D,SH163,보험금 현황(특별계정(23.3월 이후)),A2,특별계정 계_재해,퇴직보험,0,0,0,0
46,국내생보사,10595,삼성생명보험주식회사,D,SH163,보험금 현황(특별계정(23.3월 이후)),A2,특별계정 계_재해,퇴직연금,0,0,0,0
47,국내생보사,10595,삼성생명보험주식회사,D,SH163,보험금 현황(특별계정(23.3월 이후)),A2,특별계정 계_재해,합계,586630000000,1867674776000,2575052276000,4549804788000
48,국내생보사,10595,삼성생명보험주식회사,D,SH163,보험금 현황(특별계정(23.3월 이후)),A3,특별계정 계_만기,변액보험,0,0,0,0
49,국내생보사,10595,삼성생명보험주식회사,D,SH163,보험금 현황(특별계정(23.3월 이후)),A3,특별계정 계_만기,연금저축,0,0,0,0
50,국내생보사,10595,삼성생명보험주식회사,D,SH163,보험금 현황(특별계정(23.3월 이후)),A3,특별계정 계_만기,자산연계형,276693327000,283555675000,305504973000,1925558553000
51,국내생보사,10595,삼성생명보험주식회사,D,SH163,보험금 현황(특별계정(23.3월 이후)),A3,특별계정 계_만기,퇴직보험,0,0,0,0
52,국내생보사,10595,삼성생명보험주식회사,D,SH163,보험금 현황(특별계정(23.3월 이후)),A3,특별계정 계_만기,퇴직연금,0,0,0,0
53,국내생보사,10595,삼성생명보험주식회사,D,SH163,보험금 현황(특별계정(23.3월 이후)),A3,특별계정 계_만기,합계,276693327000,283555675000,305504973000,1925558553000
54,국내생보사,10595,삼성생명보험주식회사,D,SH163,보험금 현황(특별계정(23.3월 이후)),A4,특별계정 계_퇴직,변액보험,0,0,0,0
55,국내생보사,10595,삼성생명보험주식회사,D,SH163,보험금 현황(특별계정(23.3월 이후)),A4,특별계정 계_퇴직,연금저축,0,0,0,0
56,국내생보사,10595,삼성생명보험주식회사,D,SH163,보험금 현황(특별계정(23.3월 이후)),A4,특별계정 계_퇴직,자산연계형,0,0,0,0
57,국내생보사,10595,삼성생명보험주식회사,D,SH163,보험금 현황(특별계정(23.3월 이후)),A4,특별계정 계_퇴직,퇴직보험,2215516618000,3568703561000,4738384878000,5783349904000
58,국내생보사,10595,삼성생명보험주식회사,D,SH163,보험금 현황(특별계정(23.3월 이후)),A4,특별계정 계_퇴직,퇴직연금,0,0,0,0
59,국내생보사,10595,삼성생명보험주식회사,D,SH163,보험금 현황(특별계정(23.3월 이후)),A4,특별계정 계_퇴직,합계,2215516618000,3568703561000,4738384878000,5783349904000
60,국내생보사,10596,흥국생명보험주식회사,D,SH163,보험금 현황(특별계정(23.3월 이후)),A,특별계정 계,변액보험,618323000000,805779000000,1070555000000,4984428678000
61,국내생보사,10596,흥국생명보험주식회사,D,SH163,보험금 현황(특별계정(23.3월 이후)),A,특별계정 계,연금저축,237576000000,398252000000,398252000000,0
62,국내생보사,10596,흥국생명보험주식회사,D,SH163,보험금 현황(특별계정(23.3월 이후)),A,특별계정 계,자산연계형,22627000000,22627000000,22627000000,3692665141000
63,국내생보사,10596,흥국생명보험주식회사,D,SH163,보험금 현황(특별계정(23.3월 이후)),A,특별계정 계,퇴직보험,0,0,0,0
64,국내생보사,10596,흥국생명보험주식회사,D,SH163,보험금 현황(특별계정(23.3월 이후)),A,특별계정 계,퇴직연금,0,0,0,0
65,국내생보사,10596,흥국생명보험주식회사,D,SH163,보험금 현황(특별계정(23.3월 이후)),A,특별계정 계,합계,878526000000,1226658000000,1491434000000,8677093819000
66,국내생보사,10596,흥국생명보험주식회사,D,SH163,보험금 현황(특별계정(23.3월 이후)),A1,특별계정 계_사망,변액보험,618323000000,805779000000,1070555000000,4984428678000
67,국내생보사,10596,흥국생명보험주식회사,D,SH163,보험금 현황(특별계정(23.3월 이후)),A1,특별계정 계_사망,연금저축,237576000000,398252000000,398252000000,0
68,국내생보사,10596,흥국생명보험주식회사,D,SH163,보험금 현황(특별계정(23.3월 이후)),A1,특별계정 계_사망,자산연계형,22627000000,22627000000,22627000000,191810053000
69,국내생보사,10596,흥국생명보험주식회사,D,SH163,보험금 현황(특별계정(23.3월 이후)),A1,특별계정 계_사망,퇴직보험,0,0,0,0
70,국내생보사,10596,흥국생명보험주식회사,D,SH163,보험금 현황(특별계정(23.3월 이후)),A1,특별계정 계_사망,퇴직연금,0,0,0,0
71,국내생보사,10596,흥국생명보험주식회사,D,SH163,보험금 현황(특별계정(23.3월 이후)),A1,특별계정 계_사망,합계,878526000000,1226658000000,1491434000000,5176238731000
72,국내생보사,10596,흥국생명보험주식회사,D,SH163,보험금 현황(특별계정(23.3월 이후)),A2,특별계정 계_재해,변액보험,0,0,0,0
73,국내생보사,10596,흥국생명보험주식회사,D,SH163,보험금 현황(특별계정(23.3월 이후)),A2,특별계정 계_재해,연금저축,0,0,0,0
74,국내생보사,10596,흥국생명보험주식회사,D,SH163,보험금 현황(특별계정(23.3월 이후)),A2,특별계정 계_재해,자산연계형,0,0,0,0
75,국내생보사,10596,흥국생명보험주식회사,D,SH163,보험금 현황(특별계정(23.3월 이후)),A2,특별계정 계_재해,퇴직보험,0,0,0,0
76,국내생보사,10596,흥국생명보험주식회사,D,SH163,보험금 현황(특별계정(23.3월 이후)),A2,특별계정 계_재해,퇴직연금,0,0,0,0
77,국내생보사,10596,흥국생명보험주식회사,D,SH163,보험금 현황(특별계정(23.3월 이후)),A2,특별계정 계_재해,합계,0,0,0,0
78,국내생보사,10596,흥국생명보험주식회사,D,SH163,보험금 현황(특별계정(23.3월 이후)),A3,특별계정 계_만기,변액보험,0,0,0,0
79,국내생보사,10596,흥국생명보험주식회사,D,SH163,보험금 현황(특별계정(23.3월 이후)),A3,특별계정 계_만기,연금저축,0,0,0,0
80,국내생보사,10596,흥국생명보험주식회사,D,SH163,보험금 현황(특별계정(23.3월 이후)),A3,특별계정 계_만기,자산연계형,0,0,0,3500855088000
81,국내생보사,10596,흥국생명보험주식회사,D,SH163,보험금 현황(특별계정(23.3월 이후)),A3,특별계정 계_만기,퇴직보험,0,0,0,0
82,국내생보사,10596,흥국생명보험주식회사,D,SH163,보험금 현황(특별계정(23.3월 이후)),A3,특별계정 계_만기,퇴직연금,0,0,0,0
83,국내생보사,10596,흥국생명보험주식회사,D,SH163,보험금 현황(특별계정(23.3월 이후)),A3,특별계정 계_만기,합계,0,0,0,3500855088000
84,국내생보사,10596,흥국생명보험주식회사,D,SH163,보험금 현황(특별계정(23.3월 이후)),A4,특별계정 계_퇴직,변액보험,0,0,0,0
85,국내생보사,10596,흥국생명보험주식회사,D,SH163,보험금 현황(특별계정(23.3월 이후)),A4,특별계정 계_퇴직,연금저축,0,0,0,0
86,국내생보사,10596,흥국생명보험주식회사,D,SH163,보험금 현황(특별계정(23.3월 이후)),A4,특별계정 계_퇴직,자산연계형,0,0,0,0
87,국내생보사,10596,흥국생명보험주식회사,D,SH163,보험금 현황(특별계정(23.3월 이후)),A4,특별계정 계_퇴직,퇴직보험,0,0,0,0
88,국내생보사,10596,흥국생명보험주식회사,D,SH163,보험금 현황(특별계정(23.3월 이후)),A4,특별계정 계_퇴직,퇴직연금,0,0,0,0
89,국내생보사,10596,흥국생명보험주식회사,D,SH163,보험금 현황(특별계정(23.3월 이후)),A4,특별계정 계_퇴직,합계,0,0,0,0
90,국내생보사,10597,교보생명보험주식회사,D,SH163,보험금 현황(특별계정(23.3월 이후)),A,특별계정 계,변액보험,17471737058000,31139661276000,47873630460000,61868635011000
91,국내생보사,10597,교보생명보험주식회사,D,SH163,보험금 현황(특별계정(23.3월 이후)),A,특별계정 계,연금저축,923765449000,1692221459000,2899921963000,3641557892000
92,국내생보사,10597,교보생명보험주식회사,D,SH163,보험금 현황(특별계정(23.3월 이후)),A,특별계정 계,자산연계형,0,0,0,0
93,국내생보사,10597,교보생명보험주식회사,D,SH163,보험금 현황(특별계정(23.3월 이후)),A,특별계정 계,퇴직보험,1572162636000,2339232071000,3283015718000,4187031198000
94,국내생보사,10597,교보생명보험주식회사,D,SH163,보험금 현황(특별계정(23.3월 이후)),A,특별계정 계,퇴직연금,0,0,0,0
95,국내생보사,10597,교보생명보험주식회사,D,SH163,보험금 현황(특별계정(23.3월 이후)),A,특별계정 계,합계,19967665143000,35171114806000,54056568141000,69697224101000
96,국내생보사,10597,교보생명보험주식회사,D,SH163,보험금 현황(특별계정(23.3월 이후)),A1,특별계정 계_사망,변액보험,17388737058000,30990861276000,47464811623000,61350726427000
97,국내생보사,10597,교보생명보험주식회사,D,SH163,보험금 현황(특별계정(23.3월 이후)),A1,특별계정 계_사망,연금저축,923765449000,1692221459000,2899921963000,3641557892000
98,국내생보사,10597,교보생명보험주식회사,D,SH163,보험금 현황(특별계정(23.3월 이후)),A1,특별계정 계_사망,자산연계형,0,0,0,0
99,국내생보사,10597,교보생명보험주식회사,D,SH163,보험금 현황(특별계정(23.3월 이후)),A1,특별계정 계_사망,퇴직보험,0,0,0,0
100,국내생보사,10597,교보생명보험주식회사,D,SH163,보험금 현황(특별계정(23.3월 이후)),A1,특별계정 계_사망,퇴직연금,0,0,0,0
101,국내생보사,10597,교보생명보험주식회사,D,SH163,보험금 현황(특별계정(23.3월 이후)),A1,특별계정 계_사망,합계,18312502507000,32683082735000,50364733586000,64992284319000
102,국내생보사,10597,교보생명보험주식회사,D,SH163,보험금 현황(특별계정(23.3월 이후)),A2,특별계정 계_재해,변액보험,83000000000,148800000000,408818837000,517908584000
103,국내생보사,10597,교보생명보험주식회사,D,SH163,보험금 현황(특별계정(23.3월 이후)),A2,특별계정 계_재해,연금저축,0,0,0,0
104,국내생보사,10597,교보생명보험주식회사,D,SH163,보험금 현황(특별계정(23.3월 이후)),A2,특별계정 계_재해,자산연계형,0,0,0,0
105,국내생보사,10597,교보생명보험주식회사,D,SH163,보험금 현황(특별계정(23.3월 이후)),A2,특별계정 계_재해,퇴직보험,0,0,0,0
106,국내생보사,10597,교보생명보험주식회사,D,SH163,보험금 현황(특별계정(23.3월 이후)),A2,특별계정 계_재해,퇴직연금,0,0,0,0
107,국내생보사,10597,교보생명보험주식회사,D,SH163,보험금 현황(특별계정(23.3월 이후)),A2,특별계정 계_재해,합계,83000000000,148800000000,408818837000,517908584000
108,국내생보사,10597,교보생명보험주식회사,D,SH163,보험금 현황(특별계정(23.3월 이후)),A3,특별계정 계_만기,변액보험,0,0,0,0
109,국내생보사,10597,교보생명보험주식회사,D,SH163,보험금 현황(특별계정(23.3월 이후)),A3,특별계정 계_만기,연금저축,0,0,0,0
110,국내생보사,10597,교보생명보험주식회사,D,SH163,보험금 현황(특별계정(23.3월 이후)),A3,특별계정 계_만기,자산연계형,0,0,0,0
111,국내생보사,10597,교보생명보험주식회사,D,SH163,보험금 현황(특별계정(23.3월 이후)),A3,특별계정 계_만기,퇴직보험,0,0,0,0
112,국내생보사,10597,교보생명보험주식회사,D,SH163,보험금 현황(특별계정(23.3월 이후)),A3,특별계정 계_만기,퇴직연금,0,0,0,0
113,국내생보사,10597,교보생명보험주식회사,D,SH163,보험금 현황(특별계정(23.3월 이후)),A3,특별계정 계_만기,합계,0,0,0,0
114,국내생보사,10597,교보생명보험주식회사,D,SH163,보험금 현황(특별계정(23.3월 이후)),A4,특별계정 계_퇴직,변액보험,0,0,0,0
115,국내생보사,10597,교보생명보험주식회사,D,SH163,보험금 현황(특별계정(23.3월 이후)),A4,특별계정 계_퇴직,연금저축,0,0,0,0
116,국내생보사,10597,교보생명보험주식회사,D,SH163,보험금 현황(특별계정(23.3월 이후)),A4,특별계정 계_퇴직,자산연계형,0,0,0,0
117,국내생보사,10597,교보생명보험주식회사,D,SH163,보험금 현황(특별계정(23.3월 이후)),A4,특별계정 계_퇴직,퇴직보험,1572162636000,2339232071000,3283015718000,4187031198000
118,국내생보사,10597,교보생명보험주식회사,D,SH163,보험금 현황(특별계정(23.3월 이후)),A4,특별계정 계_퇴직,퇴직연금,0,0,0,0
119,국내생보사,10597,교보생명보험주식회사,D,SH163,보험금 현황(특별계정(23.3월 이후)),A4,특별계정 계_퇴직,합계,1572162636000,2339232071000,3283015718000,4187031198000
120,국내생보사,10599,신한라이프생명보험주식회사,D,SH163,보험금 현황(특별계정(23.3월 이후)),A,특별계정 계,변액보험,1307767000000,2411593839000,4215009469000,5833945224000
121,국내생보사,10599,신한라이프생명보험주식회사,D,SH163,보험금 현황(특별계정(23.3월 이후)),A,특별계정 계,연금저축,194442000000,260982483000,461504101000,625780695000
122,국내생보사,10599,신한라이프생명보험주식회사,D,SH163,보험금 현황(특별계정(23.3월 이후)),A,특별계정 계,자산연계형,283553000000,1881427304000,13989261610000,22092890655000
123,국내생보사,10599,신한라이프생명보험주식회사,D,SH163,보험금 현황(특별계정(23.3월 이후)),A,특별계정 계,퇴직보험,189466000000,189466214000,366049677000,367854727000
124,국내생보사,10599,신한라이프생명보험주식회사,D,SH163,보험금 현황(특별계정(23.3월 이후)),A,특별계정 계,퇴직연금,0,0,0,0
125,국내생보사,10599,신한라이프생명보험주식회사,D,SH163,보험금 현황(특별계정(23.3월 이후)),A,특별계정 계,합계,1975228000000,4743469840000,19031824857000,28920471301000
126,국내생보사,10599,신한라이프생명보험주식회사,D,SH163,보험금 현황(특별계정(23.3월 이후)),A1,특별계정 계_사망,변액보험,1262922000000,2361737420000,4165153050000,5713120043000
127,국내생보사,10599,신한라이프생명보험주식회사,D,SH163,보험금 현황(특별계정(23.3월 이후)),A1,특별계정 계_사망,연금저축,194442000000,260982483000,461504101000,625780695000
128,국내생보사,10599,신한라이프생명보험주식회사,D,SH163,보험금 현황(특별계정(23.3월 이후)),A1,특별계정 계_사망,자산연계형,255835000000,573015498000,1035502647000,1548512698000
129,국내생보사,10599,신한라이프생명보험주식회사,D,SH163,보험금 현황(특별계정(23.3월 이후)),A1,특별계정 계_사망,퇴직보험,0,0,0,0
130,국내생보사,10599,신한라이프생명보험주식회사,D,SH163,보험금 현황(특별계정(23.3월 이후)),A1,특별계정 계_사망,퇴직연금,0,0,0,0
131,국내생보사,10599,신한라이프생명보험주식회사,D,SH163,보험금 현황(특별계정(23.3월 이후)),A1,특별계정 계_사망,합계,1713199000000,3195735401000,5662159798000,7887413436000
132,국내생보사,10599,신한라이프생명보험주식회사,D,SH163,보험금 현황(특별계정(23.3월 이후)),A2,특별계정 계_재해,변액보험,44845000000,49856419000,49856419000,120825181000
133,국내생보사,10599,신한라이프생명보험주식회사,D,SH163,보험금 현황(특별계정(23.3월 이후)),A2,특별계정 계_재해,연금저축,0,0,0,0
134,국내생보사,10599,신한라이프생명보험주식회사,D,SH163,보험금 현황(특별계정(23.3월 이후)),A2,특별계정 계_재해,자산연계형,0,0,0,0
135,국내생보사,10599,신한라이프생명보험주식회사,D,SH163,보험금 현황(특별계정(23.3월 이후)),A2,특별계정 계_재해,퇴직보험,0,0,0,0
136,국내생보사,10599,신한라이프생명보험주식회사,D,SH163,보험금 현황(특별계정(23.3월 이후)),A2,특별계정 계_재해,퇴직연금,0,0,0,0
137,국내생보사,10599,신한라이프생명보험주식회사,D,SH163,보험금 현황(특별계정(23.3월 이후)),A2,특별계정 계_재해,합계,44845000000,49856419000,49856419000,120825181000
138,국내생보사,10599,신한라이프생명보험주식회사,D,SH163,보험금 현황(특별계정(23.3월 이후)),A3,특별계정 계_만기,변액보험,0,0,0,0
139,국내생보사,10599,신한라이프생명보험주식회사,D,SH163,보험금 현황(특별계정(23.3월 이후)),A3,특별계정 계_만기,연금저축,0,0,0,0
140,국내생보사,10599,신한라이프생명보험주식회사,D,SH163,보험금 현황(특별계정(23.3월 이후)),A3,특별계정 계_만기,자산연계형,27718000000,1308411806000,12953758963000,20544377957000
141,국내생보사,10599,신한라이프생명보험주식회사,D,SH163,보험금 현황(특별계정(23.3월 이후)),A3,특별계정 계_만기,퇴직보험,0,0,0,0
142,국내생보사,10599,신한라이프생명보험주식회사,D,SH163,보험금 현황(특별계정(23.3월 이후)),A3,특별계정 계_만기,퇴직연금,0,0,0,0
143,국내생보사,10599,신한라이프생명보험주식회사,D,SH163,보험금 현황(특별계정(23.3월 이후)),A3,특별계정 계_만기,합계,27718000000,1308411806000,12953758963000,20544377957000
144,국내생보사,10599,신한라이프생명보험주식회사,D,SH163,보험금 현황(특별계정(23.3월 이후)),A4,특별계정 계_퇴직,변액보험,0,0,0,0
145,국내생보사,10599,신한라이프생명보험주식회사,D,SH163,보험금 현황(특별계정(23.3월 이후)),A4,특별계정 계_퇴직,연금저축,0,0,0,0
146,국내생보사,10599,신한라이프생명보험주식회사,D,SH163,보험금 현황(특별계정(23.3월 이후)),A4,특별계정 계_퇴직,자산연계형,0,0,0,0
147,국내생보사,10599,신한라이프생명보험주식회사,D,SH163,보험금 현황(특별계정(23.3월 이후)),A4,특별계정 계_퇴직,퇴직보험,189466000000,189466214000,366049677000,367854727000
148,국내생보사,10599,신한라이프생명보험주식회사,D,SH163,보험금 현황(특별계정(23.3월 이후)),A4,특별계정 계_퇴직,퇴직연금,0,0,0,0
149,국내생보사,10599,신한라이프생명보험주식회사,D,SH163,보험금 현황(특별계정(23.3월 이후)),A4,특별계정 계_퇴직,합계,189466000000,189466214000,366049677000,367854727000
150,국내생보사,10605,DGB생명보험주식회사,D,SH163,보험금 현황(특별계정(23.3월 이후)),A,특별계정 계,변액보험,13713000000,208544000000,476229000000,566272000000
151,국내생보사,10605,DGB생명보험주식회사,D,SH163,보험금 현황(특별계정(23.3월 이후)),A,특별계정 계,연금저축,254000000,39911000000,40690000000,41398000000
152,국내생보사,10605,DGB생명보험주식회사,D,SH163,보험금 현황(특별계정(23.3월 이후)),A,특별계정 계,자산연계형,0,0,0,0
153,국내생보사,10605,DGB생명보험주식회사,D,SH163,보험금 현황(특별계정(23.3월 이후)),A,특별계정 계,퇴직보험,0,0,0,0
154,국내생보사,10605,DGB생명보험주식회사,D,SH163,보험금 현황(특별계정(23.3월 이후)),A,특별계정 계,퇴직연금,0,0,0,0
155,국내생보사,10605,DGB생명보험주식회사,D,SH163,보험금 현황(특별계정(23.3월 이후)),A,특별계정 계,합계,13967000000,248455000000,516919000000,607670000000
156,국내생보사,10605,DGB생명보험주식회사,D,SH163,보험금 현황(특별계정(23.3월 이후)),A1,특별계정 계_사망,변액보험,0,184260000000,383180000000,453180000000
157,국내생보사,10605,DGB생명보험주식회사,D,SH163,보험금 현황(특별계정(23.3월 이후)),A1,특별계정 계_사망,연금저축,0,0,0,0
158,국내생보사,10605,DGB생명보험주식회사,D,SH163,보험금 현황(특별계정(23.3월 이후)),A1,특별계정 계_사망,자산연계형,0,0,0,0
159,국내생보사,10605,DGB생명보험주식회사,D,SH163,보험금 현황(특별계정(23.3월 이후)),A1,특별계정 계_사망,퇴직보험,0,0,0,0
160,국내생보사,10605,DGB생명보험주식회사,D,SH163,보험금 현황(특별계정(23.3월 이후)),A1,특별계정 계_사망,퇴직연금,0,0,0,0
161,국내생보사,10605,DGB생명보험주식회사,D,SH163,보험금 현황(특별계정(23.3월 이후)),A1,특별계정 계_사망,합계,0,184260000000,383180000000,453180000000
162,국내생보사,10605,DGB생명보험주식회사,D,SH163,보험금 현황(특별계정(23.3월 이후)),A2,특별계정 계_재해,변액보험,13713000000,24284000000,93049000000,113092000000
163,국내생보사,10605,DGB생명보험주식회사,D,SH163,보험금 현황(특별계정(23.3월 이후)),A2,특별계정 계_재해,연금저축,0,0,0,0
164,국내생보사,10605,DGB생명보험주식회사,D,SH163,보험금 현황(특별계정(23.3월 이후)),A2,특별계정 계_재해,자산연계형,0,0,0,0
165,국내생보사,10605,DGB생명보험주식회사,D,SH163,보험금 현황(특별계정(23.3월 이후)),A2,특별계정 계_재해,퇴직보험,0,0,0,0
166,국내생보사,10605,DGB생명보험주식회사,D,SH163,보험금 현황(특별계정(23.3월 이후)),A2,특별계정 계_재해,퇴직연금,0,0,0,0
167,국내생보사,10605,DGB생명보험주식회사,D,SH163,보험금 현황(특별계정(23.3월 이후)),A2,특별계정 계_재해,합계,13713000000,24284000000,93049000000,113092000000
168,국내생보사,10605,DGB생명보험주식회사,D,SH163,보험금 현황(특별계정(23.3월 이후)),A3,특별계정 계_만기,변액보험,0,0,0,0
169,국내생보사,10605,DGB생명보험주식회사,D,SH163,보험금 현황(특별계정(23.3월 이후)),A3,특별계정 계_만기,연금저축,254000000,39911000000,40690000000,41398000000
170,국내생보사,10605,DGB생명보험주식회사,D,SH163,보험금 현황(특별계정(23.3월 이후)),A3,특별계정 계_만기,자산연계형,0,0,0,0
171,국내생보사,10605,DGB생명보험주식회사,D,SH163,보험금 현황(특별계정(23.3월 이후)),A3,특별계정 계_만기,퇴직보험,0,0,0,0
172,국내생보사,10605,DGB생명보험주식회사,D,SH163,보험금 현황(특별계정(23.3월 이후)),A3,특별계정 계_만기,퇴직연금,0,0,0,0
173,국내생보사,10605,DGB생명보험주식회사,D,SH163,보험금 현황(특별계정(23.3월 이후)),A3,특별계정 계_만기,합계,254000000,39911000000,40690000000,41398000000
174,국내생보사,10605,DGB생명보험주식회사,D,SH163,보험금 현황(특별계정(23.3월 이후)),A4,특별계정 계_퇴직,변액보험,0,0,0,0
175,국내생보사,10605,DGB생명보험주식회사,D,SH163,보험금 현황(특별계정(23.3월 이후)),A4,특별계정 계_퇴직,연금저축,0,0,0,0
176,국내생보사,10605,DGB생명보험주식회사,D,SH163,보험금 현황(특별계정(23.3월 이후)),A4,특별계정 계_퇴직,자산연계형,0,0,0,0
177,국내생보사,10605,DGB생명보험주식회사,D,SH163,보험금 현황(특별계정(23.3월 이후)),A4,특별계정 계_퇴직,퇴직보험,0,0,0,0
178,국내생보사,10605,DGB생명보험주식회사,D,SH163,보험금 현황(특별계정(23.3월 이후)),A4,특별계정 계_퇴직,퇴직연금,0,0,0,0
179,국내생보사,10605,DGB생명보험주식회사,D,SH163,보험금 현황(특별계정(23.3월 이후)),A4,특별계정 계_퇴직,합계,0,0,0,0
180,국내생보사,10607,케이디비생명보험주식회사,D,SH163,보험금 현황(특별계정(23.3월 이후)),A,특별계정 계,변액보험,264714942000,731861000000,1273393000000,1578806000000
181,국내생보사,10607,케이디비생명보험주식회사,D,SH163,보험금 현황(특별계정(23.3월 이후)),A,특별계정 계,연금저축,0,0,0,0
182,국내생보사,10607,케이디비생명보험주식회사,D,SH163,보험금 현황(특별계정(23.3월 이후)),A,특별계정 계,자산연계형,241130526000,506315000000,2307450000000,4984049000000
183,국내생보사,10607,케이디비생명보험주식회사,D,SH163,보험금 현황(특별계정(23.3월 이후)),A,특별계정 계,퇴직보험,228030893000,348576000000,533609000000,650312000000
184,국내생보사,10607,케이디비생명보험주식회사,D,SH163,보험금 현황(특별계정(23.3월 이후)),A,특별계정 계,퇴직연금,0,0,0,0
185,국내생보사,10607,케이디비생명보험주식회사,D,SH163,보험금 현황(특별계정(23.3월 이후)),A,특별계정 계,합계,733876361000,1586752000000,4114452000000,7213167000000
186,국내생보사,10607,케이디비생명보험주식회사,D,SH163,보험금 현황(특별계정(23.3월 이후)),A1,특별계정 계_사망,변액보험,264714942000,631861000000,1170993000000,1476406000000
187,국내생보사,10607,케이디비생명보험주식회사,D,SH163,보험금 현황(특별계정(23.3월 이후)),A1,특별계정 계_사망,연금저축,0,0,0,0
188,국내생보사,10607,케이디비생명보험주식회사,D,SH163,보험금 현황(특별계정(23.3월 이후)),A1,특별계정 계_사망,자산연계형,15228025000,15228000000,89534000000,133449000000
189,국내생보사,10607,케이디비생명보험주식회사,D,SH163,보험금 현황(특별계정(23.3월 이후)),A1,특별계정 계_사망,퇴직보험,0,0,0,0
190,국내생보사,10607,케이디비생명보험주식회사,D,SH163,보험금 현황(특별계정(23.3월 이후)),A1,특별계정 계_사망,퇴직연금,0,0,0,0
191,국내생보사,10607,케이디비생명보험주식회사,D,SH163,보험금 현황(특별계정(23.3월 이후)),A1,특별계정 계_사망,합계,279942967000,647089000000,1260527000000,1609855000000
192,국내생보사,10607,케이디비생명보험주식회사,D,SH163,보험금 현황(특별계정(23.3월 이후)),A2,특별계정 계_재해,변액보험,0,100000000000,102400000000,102400000000
193,국내생보사,10607,케이디비생명보험주식회사,D,SH163,보험금 현황(특별계정(23.3월 이후)),A2,특별계정 계_재해,연금저축,0,0,0,0
194,국내생보사,10607,케이디비생명보험주식회사,D,SH163,보험금 현황(특별계정(23.3월 이후)),A2,특별계정 계_재해,자산연계형,0,0,0,0
195,국내생보사,10607,케이디비생명보험주식회사,D,SH163,보험금 현황(특별계정(23.3월 이후)),A2,특별계정 계_재해,퇴직보험,0,0,0,0
196,국내생보사,10607,케이디비생명보험주식회사,D,SH163,보험금 현황(특별계정(23.3월 이후)),A2,특별계정 계_재해,퇴직연금,0,0,0,0
197,국내생보사,10607,케이디비생명보험주식회사,D,SH163,보험금 현황(특별계정(23.3월 이후)),A2,특별계정 계_재해,합계,0,100000000000,102400000000,102400000000
198,국내생보사,10607,케이디비생명보험주식회사,D,SH163,보험금 현황(특별계정(23.3월 이후)),A3,특별계정 계_만기,변액보험,0,0,0,0
199,국내생보사,10607,케이디비생명보험주식회사,D,SH163,보험금 현황(특별계정(23.3월 이후)),A3,특별계정 계_만기,연금저축,0,0,0,0
200,국내생보사,10607,케이디비생명보험주식회사,D,SH163,보험금 현황(특별계정(23.3월 이후)),A3,특별계정 계_만기,자산연계형,225902501000,491087000000,2217916000000,4850600000000
201,국내생보사,10607,케이디비생명보험주식회사,D,SH163,보험금 현황(특별계정(23.3월 이후)),A3,특별계정 계_만기,퇴직보험,0,0,0,0
202,국내생보사,10607,케이디비생명보험주식회사,D,SH163,보험금 현황(특별계정(23.3월 이후)),A3,특별계정 계_만기,퇴직연금,0,0,0,0
203,국내생보사,10607,케이디비생명보험주식회사,D,SH163,보험금 현황(특별계정(23.3월 이후)),A3,특별계정 계_만기,합계,225902501000,491087000000,2217916000000,4850600000000
204,국내생보사,10607,케이디비생명보험주식회사,D,SH163,보험금 현황(특별계정(23.3월 이후)),A4,특별계정 계_퇴직,변액보험,0,0,0,0
205,국내생보사,10607,케이디비생명보험주식회사,D,SH163,보험금 현황(특별계정(23.3월 이후)),A4,특별계정 계_퇴직,연금저축,0,0,0,0
206,국내생보사,10607,케이디비생명보험주식회사,D,SH163,보험금 현황(특별계정(23.3월 이후)),A4,특별계정 계_퇴직,자산연계형,0,0,0,0
207,국내생보사,10607,케이디비생명보험주식회사,D,SH163,보험금 현황(특별계정(23.3월 이후)),A4,특별계정 계_퇴직,퇴직보험,228030893000,348576000000,533609000000,650312000000
208,국내생보사,10607,케이디비생명보험주식회사,D,SH163,보험금 현황(특별계정(23.3월 이후)),A4,특별계정 계_퇴직,퇴직연금,0,0,0,0
209,국내생보사,10607,케이디비생명보험주식회사,D,SH163,보험금 현황(특별계정(23.3월 이후)),A4,특별계정 계_퇴직,합계,228030893000,348576000000,533609000000,650312000000
210,국내생보사,10608,미래에셋생명보험주식회사,D,SH163,보험금 현황(특별계정(23.3월 이후)),A,특별계정 계,변액보험,2654661000000,5789539000000,8826840000000,13532463000000
211,국내생보사,10608,미래에셋생명보험주식회사,D,SH163,보험금 현황(특별계정(23.3월 이후)),A,특별계정 계,연금저축,0,0,0,0
212,국내생보사,10608,미래에셋생명보험주식회사,D,SH163,보험금 현황(특별계정(23.3월 이후)),A,특별계정 계,자산연계형,0,0,0,0
213,국내생보사,10608,미래에셋생명보험주식회사,D,SH163,보험금 현황(특별계정(23.3월 이후)),A,특별계정 계,퇴직보험,419846000000,789197000000,1134343000000,1527088000000
214,국내생보사,10608,미래에셋생명보험주식회사,D,SH163,보험금 현황(특별계정(23.3월 이후)),A,특별계정 계,퇴직연금,0,0,0,0
215,국내생보사,10608,미래에셋생명보험주식회사,D,SH163,보험금 현황(특별계정(23.3월 이후)),A,특별계정 계,합계,3074507000000,6578736000000,9961183000000,15059551000000
216,국내생보사,10608,미래에셋생명보험주식회사,D,SH163,보험금 현황(특별계정(23.3월 이후)),A1,특별계정 계_사망,변액보험,2643611000000,5552959000000,8573760000000,13231558000000
217,국내생보사,10608,미래에셋생명보험주식회사,D,SH163,보험금 현황(특별계정(23.3월 이후)),A1,특별계정 계_사망,연금저축,0,0,0,0
218,국내생보사,10608,미래에셋생명보험주식회사,D,SH163,보험금 현황(특별계정(23.3월 이후)),A1,특별계정 계_사망,자산연계형,0,0,0,0
219,국내생보사,10608,미래에셋생명보험주식회사,D,SH163,보험금 현황(특별계정(23.3월 이후)),A1,특별계정 계_사망,퇴직보험,0,0,0,0
220,국내생보사,10608,미래에셋생명보험주식회사,D,SH163,보험금 현황(특별계정(23.3월 이후)),A1,특별계정 계_사망,퇴직연금,0,0,0,0
221,국내생보사,10608,미래에셋생명보험주식회사,D,SH163,보험금 현황(특별계정(23.3월 이후)),A1,특별계정 계_사망,합계,2643611000000,5552959000000,8573760000000,13231558000000
222,국내생보사,10608,미래에셋생명보험주식회사,D,SH163,보험금 현황(특별계정(23.3월 이후)),A2,특별계정 계_재해,변액보험,11050000000,236580000000,253080000000,300905000000
223,국내생보사,10608,미래에셋생명보험주식회사,D,SH163,보험금 현황(특별계정(23.3월 이후)),A2,특별계정 계_재해,연금저축,0,0,0,0
224,국내생보사,10608,미래에셋생명보험주식회사,D,SH163,보험금 현황(특별계정(23.3월 이후)),A2,특별계정 계_재해,자산연계형,0,0,0,0
225,국내생보사,10608,미래에셋생명보험주식회사,D,SH163,보험금 현황(특별계정(23.3월 이후)),A2,특별계정 계_재해,퇴직보험,0,0,0,0
226,국내생보사,10608,미래에셋생명보험주식회사,D,SH163,보험금 현황(특별계정(23.3월 이후)),A2,특별계정 계_재해,퇴직연금,0,0,0,0
227,국내생보사,10608,미래에셋생명보험주식회사,D,SH163,보험금 현황(특별계정(23.3월 이후)),A2,특별계정 계_재해,합계,11050000000,236580000000,253080000000,300905000000
228,국내생보사,10608,미래에셋생명보험주식회사,D,SH163,보험금 현황(특별계정(23.3월 이후)),A3,특별계정 계_만기,변액보험,0,0,0,0
229,국내생보사,10608,미래에셋생명보험주식회사,D,SH163,보험금 현황(특별계정(23.3월 이후)),A3,특별계정 계_만기,연금저축,0,0,0,0
230,국내생보사,10608,미래에셋생명보험주식회사,D,SH163,보험금 현황(특별계정(23.3월 이후)),A3,특별계정 계_만기,자산연계형,0,0,0,0
231,국내생보사,10608,미래에셋생명보험주식회사,D,SH163,보험금 현황(특별계정(23.3월 이후)),A3,특별계정 계_만기,퇴직보험,0,0,0,0
232,국내생보사,10608,미래에셋생명보험주식회사,D,SH163,보험금 현황(특별계정(23.3월 이후)),A3,특별계정 계_만기,퇴직연금,0,0,0,0
233,국내생보사,10608,미래에셋생명보험주식회사,D,SH163,보험금 현황(특별계정(23.3월 이후)),A3,특별계정 계_만기,합계,0,0,0,0
234,국내생보사,10608,미래에셋생명보험주식회사,D,SH163,보험금 현황(특별계정(23.3월 이후)),A4,특별계정 계_퇴직,변액보험,0,0,0,0
235,국내생보사,10608,미래에셋생명보험주식회사,D,SH163,보험금 현황(특별계정(23.3월 이후)),A4,특별계정 계_퇴직,연금저축,0,0,0,0
236,국내생보사,10608,미래에셋생명보험주식회사,D,SH163,보험금 현황(특별계정(23.3월 이후)),A4,특별계정 계_퇴직,자산연계형,0,0,0,0
237,국내생보사,10608,미래에셋생명보험주식회사,D,SH163,보험금 현황(특별계정(23.3월 이후)),A4,특별계정 계_퇴직,퇴직보험,419846000000,789197000000,1134343000000,1527088000000
238,국내생보사,10608,미래에셋생명보험주식회사,D,SH163,보험금 현황(특별계정(23.3월 이후)),A4,특별계정 계_퇴직,퇴직연금,0,0,0,0
239,국내생보사,10608,미래에셋생명보험주식회사,D,SH163,보험금 현황(특별계정(23.3월 이후)),A4,특별계정 계_퇴직,합계,419846000000,789197000000,1134343000000,1527088000000
240,국내생보사,10616,KB라이프생명보험,D,SH163,보험금 현황(특별계정(23.3월 이후)),A,특별계정 계,변액보험,5526727000000,8214243000000,11144677000000,13785690000000
241,국내생보사,10616,KB라이프생명보험,D,SH163,보험금 현황(특별계정(23.3월 이후)),A,특별계정 계,연금저축,0,0,0,0
242,국내생보사,10616,KB라이프생명보험,D,SH163,보험금 현황(특별계정(23.3월 이후)),A,특별계정 계,자산연계형,623345000000,719698000000,769537000000,1979099000000
243,국내생보사,10616,KB라이프생명보험,D,SH163,보험금 현황(특별계정(23.3월 이후)),A,특별계정 계,퇴직보험,0,0,0,0
244,국내생보사,10616,KB라이프생명보험,D,SH163,보험금 현황(특별계정(23.3월 이후)),A,특별계정 계,퇴직연금,0,0,0,0
245,국내생보사,10616,KB라이프생명보험,D,SH163,보험금 현황(특별계정(23.3월 이후)),A,특별계정 계,합계,6150072000000,8933941000000,11914214000000,15764789000000
246,국내생보사,10616,KB라이프생명보험,D,SH163,보험금 현황(특별계정(23.3월 이후)),A1,특별계정 계_사망,변액보험,5526727000000,8214243000000,11144677000000,13785690000000
247,국내생보사,10616,KB라이프생명보험,D,SH163,보험금 현황(특별계정(23.3월 이후)),A1,특별계정 계_사망,연금저축,0,0,0,0
248,국내생보사,10616,KB라이프생명보험,D,SH163,보험금 현황(특별계정(23.3월 이후)),A1,특별계정 계_사망,자산연계형,0,0,0,0
249,국내생보사,10616,KB라이프생명보험,D,SH163,보험금 현황(특별계정(23.3월 이후)),A1,특별계정 계_사망,퇴직보험,0,0,0,0
250,국내생보사,10616,KB라이프생명보험,D,SH163,보험금 현황(특별계정(23.3월 이후)),A1,특별계정 계_사망,퇴직연금,0,0,0,0
251,국내생보사,10616,KB라이프생명보험,D,SH163,보험금 현황(특별계정(23.3월 이후)),A1,특별계정 계_사망,합계,5526727000000,8214243000000,11144677000000,13785690000000
252,국내생보사,10616,KB라이프생명보험,D,SH163,보험금 현황(특별계정(23.3월 이후)),A2,특별계정 계_재해,변액보험,0,0,0,0
253,국내생보사,10616,KB라이프생명보험,D,SH163,보험금 현황(특별계정(23.3월 이후)),A2,특별계정 계_재해,연금저축,0,0,0,0
254,국내생보사,10616,KB라이프생명보험,D,SH163,보험금 현황(특별계정(23.3월 이후)),A2,특별계정 계_재해,자산연계형,0,0,0,0
255,국내생보사,10616,KB라이프생명보험,D,SH163,보험금 현황(특별계정(23.3월 이후)),A2,특별계정 계_재해,퇴직보험,0,0,0,0
256,국내생보사,10616,KB라이프생명보험,D,SH163,보험금 현황(특별계정(23.3월 이후)),A2,특별계정 계_재해,퇴직연금,0,0,0,0
257,국내생보사,10616,KB라이프생명보험,D,SH163,보험금 현황(특별계정(23.3월 이후)),A2,특별계정 계_재해,합계,0,0,0,0
258,국내생보사,10616,KB라이프생명보험,D,SH163,보험금 현황(특별계정(23.3월 이후)),A3,특별계정 계_만기,변액보험,0,0,0,0
259,국내생보사,10616,KB라이프생명보험,D,SH163,보험금 현황(특별계정(23.3월 이후)),A3,특별계정 계_만기,연금저축,0,0,0,0
260,국내생보사,10616,KB라이프생명보험,D,SH163,보험금 현황(특별계정(23.3월 이후)),A3,특별계정 계_만기,자산연계형,623345000000,719698000000,769537000000,1979099000000
261,국내생보사,10616,KB라이프생명보험,D,SH163,보험금 현황(특별계정(23.3월 이후)),A3,특별계정 계_만기,퇴직보험,0,0,0,0
262,국내생보사,10616,KB라이프생명보험,D,SH163,보험금 현황(특별계정(23.3월 이후)),A3,특별계정 계_만기,퇴직연금,0,0,0,0
263,국내생보사,10616,KB라이프생명보험,D,SH163,보험금 현황(특별계정(23.3월 이후)),A3,특별계정 계_만기,합계,623345000000,719698000000,769537000000,1979099000000
264,국내생보사,10616,KB라이프생명보험,D,SH163,보험금 현황(특별계정(23.3월 이후)),A4,특별계정 계_퇴직,변액보험,0,0,0,0
265,국내생보사,10616,KB라이프생명보험,D,SH163,보험금 현황(특별계정(23.3월 이후)),A4,특별계정 계_퇴직,연금저축,0,0,0,0
266,국내생보사,10616,KB라이프생명보험,D,SH163,보험금 현황(특별계정(23.3월 이후)),A4,특별계정 계_퇴직,자산연계형,0,0,0,0
267,국내생보사,10616,KB라이프생명보험,D,SH163,보험금 현황(특별계정(23.3월 이후)),A4,특별계정 계_퇴직,퇴직보험,0,0,0,0
268,국내생보사,10616,KB라이프생명보험,D,SH163,보험금 현황(특별계정(23.3월 이후)),A4,특별계정 계_퇴직,퇴직연금,0,0,0,0
269,국내생보사,10616,KB라이프생명보험,D,SH163,보험금 현황(특별계정(23.3월 이후)),A4,특별계정 계_퇴직,합계,0,0,0,0
270,국내생보사,10618,하나생명보험주식회사,D,SH163,보험금 현황(특별계정(23.3월 이후)),A,특별계정 계,변액보험,0,0,0,0
271,국내생보사,10618,하나생명보험주식회사,D,SH163,보험금 현황(특별계정(23.3월 이후)),A,특별계정 계,연금저축,0,0,0,0
272,국내생보사,10618,하나생명보험주식회사,D,SH163,보험금 현황(특별계정(23.3월 이후)),A,특별계정 계,자산연계형,780915207000,1218195000000,1672196000000,2228556000000
273,국내생보사,10618,하나생명보험주식회사,D,SH163,보험금 현황(특별계정(23.3월 이후)),A,특별계정 계,퇴직보험,0,0,0,0
274,국내생보사,10618,하나생명보험주식회사,D,SH163,보험금 현황(특별계정(23.3월 이후)),A,특별계정 계,퇴직연금,0,0,0,0
275,국내생보사,10618,하나생명보험주식회사,D,SH163,보험금 현황(특별계정(23.3월 이후)),A,특별계정 계,합계,780915207000,1218195000000,1672196000000,2228556000000
276,국내생보사,10618,하나생명보험주식회사,D,SH163,보험금 현황(특별계정(23.3월 이후)),A1,특별계정 계_사망,변액보험,0,0,0,0
277,국내생보사,10618,하나생명보험주식회사,D,SH163,보험금 현황(특별계정(23.3월 이후)),A1,특별계정 계_사망,연금저축,0,0,0,0
278,국내생보사,10618,하나생명보험주식회사,D,SH163,보험금 현황(특별계정(23.3월 이후)),A1,특별계정 계_사망,자산연계형,0,0,0,0
279,국내생보사,10618,하나생명보험주식회사,D,SH163,보험금 현황(특별계정(23.3월 이후)),A1,특별계정 계_사망,퇴직보험,0,0,0,0
280,국내생보사,10618,하나생명보험주식회사,D,SH163,보험금 현황(특별계정(23.3월 이후)),A1,특별계정 계_사망,퇴직연금,0,0,0,0
281,국내생보사,10618,하나생명보험주식회사,D,SH163,보험금 현황(특별계정(23.3월 이후)),A1,특별계정 계_사망,합계,0,0,0,0
282,국내생보사,10618,하나생명보험주식회사,D,SH163,보험금 현황(특별계정(23.3월 이후)),A2,특별계정 계_재해,변액보험,0,0,0,0
283,국내생보사,10618,하나생명보험주식회사,D,SH163,보험금 현황(특별계정(23.3월 이후)),A2,특별계정 계_재해,연금저축,0,0,0,0
284,국내생보사,10618,하나생명보험주식회사,D,SH163,보험금 현황(특별계정(23.3월 이후)),A2,특별계정 계_재해,자산연계형,0,0,0,0
285,국내생보사,10618,하나생명보험주식회사,D,SH163,보험금 현황(특별계정(23.3월 이후)),A2,특별계정 계_재해,퇴직보험,0,0,0,0
286,국내생보사,10618,하나생명보험주식회사,D,SH163,보험금 현황(특별계정(23.3월 이후)),A2,특별계정 계_재해,퇴직연금,0,0,0,0
287,국내생보사,10618,하나생명보험주식회사,D,SH163,보험금 현황(특별계정(23.3월 이후)),A2,특별계정 계_재해,합계,0,0,0,0
288,국내생보사,10618,하나생명보험주식회사,D,SH163,보험금 현황(특별계정(23.3월 이후)),A3,특별계정 계_만기,변액보험,0,0,0,0
289,국내생보사,10618,하나생명보험주식회사,D,SH163,보험금 현황(특별계정(23.3월 이후)),A3,특별계정 계_만기,연금저축,0,0,0,0
290,국내생보사,10618,하나생명보험주식회사,D,SH163,보험금 현황(특별계정(23.3월 이후)),A3,특별계정 계_만기,자산연계형,780915207000,1218195000000,1672196000000,2228556000000
291,국내생보사,10618,하나생명보험주식회사,D,SH163,보험금 현황(특별계정(23.3월 이후)),A3,특별계정 계_만기,퇴직보험,0,0,0,0
292,국내생보사,10618,하나생명보험주식회사,D,SH163,보험금 현황(특별계정(23.3월 이후)),A3,특별계정 계_만기,퇴직연금,0,0,0,0
293,국내생보사,10618,하나생명보험주식회사,D,SH163,보험금 현황(특별계정(23.3월 이후)),A3,특별계정 계_만기,합계,780915207000,1218195000000,1672196000000,2228556000000
294,국내생보사,10618,하나생명보험주식회사,D,SH163,보험금 현황(특별계정(23.3월 이후)),A4,특별계정 계_퇴직,변액보험,0,0,0,0
295,국내생보사,10618,하나생명보험주식회사,D,SH163,보험금 현황(특별계정(23.3월 이후)),A4,특별계정 계_퇴직,연금저축,0,0,0,0
296,국내생보사,10618,하나생명보험주식회사,D,SH163,보험금 현황(특별계정(23.3월 이후)),A4,특별계정 계_퇴직,자산연계형,0,0,0,0
297,국내생보사,10618,하나생명보험주식회사,D,SH163,보험금 현황(특별계정(23.3월 이후)),A4,특별계정 계_퇴직,퇴직보험,0,0,0,0
298,국내생보사,10618,하나생명보험주식회사,D,SH163,보험금 현황(특별계정(23.3월 이후)),A4,특별계정 계_퇴직,퇴직연금,0,0,0,0
299,국내생보사,10618,하나생명보험주식회사,D,SH163,보험금 현황(특별계정(23.3월 이후)),A4,특별계정 계_퇴직,합계,0,0,0,0
300,국내생보사,10619,DB생명보험주식회사,D,SH163,보험금 현황(특별계정(23.3월 이후)),A,특별계정 계,변액보험,1623925000000,2900559000000,4495839000000,6005499000000
301,국내생보사,10619,DB생명보험주식회사,D,SH163,보험금 현황(특별계정(23.3월 이후)),A,특별계정 계,연금저축,0,0,0,0
302,국내생보사,10619,DB생명보험주식회사,D,SH163,보험금 현황(특별계정(23.3월 이후)),A,특별계정 계,자산연계형,56306000000,58706000000,87246000000,103535000000
303,국내생보사,10619,DB생명보험주식회사,D,SH163,보험금 현황(특별계정(23.3월 이후)),A,특별계정 계,퇴직보험,39691000000,45541000000,73841000000,73841000000
304,국내생보사,10619,DB생명보험주식회사,D,SH163,보험금 현황(특별계정(23.3월 이후)),A,특별계정 계,퇴직연금,0,0,0,0
305,국내생보사,10619,DB생명보험주식회사,D,SH163,보험금 현황(특별계정(23.3월 이후)),A,특별계정 계,합계,1719922000000,3004806000000,4656926000000,6182875000000
306,국내생보사,10619,DB생명보험주식회사,D,SH163,보험금 현황(특별계정(23.3월 이후)),A1,특별계정 계_사망,변액보험,1623925000000,2900559000000,4445839000000,5955499000000
307,국내생보사,10619,DB생명보험주식회사,D,SH163,보험금 현황(특별계정(23.3월 이후)),A1,특별계정 계_사망,연금저축,0,0,0,0
308,국내생보사,10619,DB생명보험주식회사,D,SH163,보험금 현황(특별계정(23.3월 이후)),A1,특별계정 계_사망,자산연계형,1000000000,3400000000,3400000000,3400000000
309,국내생보사,10619,DB생명보험주식회사,D,SH163,보험금 현황(특별계정(23.3월 이후)),A1,특별계정 계_사망,퇴직보험,0,0,0,0
310,국내생보사,10619,DB생명보험주식회사,D,SH163,보험금 현황(특별계정(23.3월 이후)),A1,특별계정 계_사망,퇴직연금,0,0,0,0
311,국내생보사,10619,DB생명보험주식회사,D,SH163,보험금 현황(특별계정(23.3월 이후)),A1,특별계정 계_사망,합계,1624925000000,2903959000000,4449239000000,5958899000000
312,국내생보사,10619,DB생명보험주식회사,D,SH163,보험금 현황(특별계정(23.3월 이후)),A2,특별계정 계_재해,변액보험,0,0,50000000000,50000000000
313,국내생보사,10619,DB생명보험주식회사,D,SH163,보험금 현황(특별계정(23.3월 이후)),A2,특별계정 계_재해,연금저축,0,0,0,0
314,국내생보사,10619,DB생명보험주식회사,D,SH163,보험금 현황(특별계정(23.3월 이후)),A2,특별계정 계_재해,자산연계형,0,0,0,2000000000
315,국내생보사,10619,DB생명보험주식회사,D,SH163,보험금 현황(특별계정(23.3월 이후)),A2,특별계정 계_재해,퇴직보험,0,0,0,0
316,국내생보사,10619,DB생명보험주식회사,D,SH163,보험금 현황(특별계정(23.3월 이후)),A2,특별계정 계_재해,퇴직연금,0,0,0,0
317,국내생보사,10619,DB생명보험주식회사,D,SH163,보험금 현황(특별계정(23.3월 이후)),A2,특별계정 계_재해,합계,0,0,50000000000,52000000000
318,국내생보사,10619,DB생명보험주식회사,D,SH163,보험금 현황(특별계정(23.3월 이후)),A3,특별계정 계_만기,변액보험,0,0,0,0
319,국내생보사,10619,DB생명보험주식회사,D,SH163,보험금 현황(특별계정(23.3월 이후)),A3,특별계정 계_만기,연금저축,0,0,0,0
320,국내생보사,10619,DB생명보험주식회사,D,SH163,보험금 현황(특별계정(23.3월 이후)),A3,특별계정 계_만기,자산연계형,55306000000,55306000000,83846000000,98135000000
321,국내생보사,10619,DB생명보험주식회사,D,SH163,보험금 현황(특별계정(23.3월 이후)),A3,특별계정 계_만기,퇴직보험,0,0,0,0
322,국내생보사,10619,DB생명보험주식회사,D,SH163,보험금 현황(특별계정(23.3월 이후)),A3,특별계정 계_만기,퇴직연금,0,0,0,0
323,국내생보사,10619,DB생명보험주식회사,D,SH163,보험금 현황(특별계정(23.3월 이후)),A3,특별계정 계_만기,합계,55306000000,55306000000,83846000000,98135000000
324,국내생보사,10619,DB생명보험주식회사,D,SH163,보험금 현황(특별계정(23.3월 이후)),A4,특별계정 계_퇴직,변액보험,0,0,0,0
325,국내생보사,10619,DB생명보험주식회사,D,SH163,보험금 현황(특별계정(23.3월 이후)),A4,특별계정 계_퇴직,연금저축,0,0,0,0
326,국내생보사,10619,DB생명보험주식회사,D,SH163,보험금 현황(특별계정(23.3월 이후)),A4,특별계정 계_퇴직,자산연계형,0,0,0,0
327,국내생보사,10619,DB생명보험주식회사,D,SH163,보험금 현황(특별계정(23.3월 이후)),A4,특별계정 계_퇴직,퇴직보험,39691000000,45541000000,73841000000,73841000000
328,국내생보사,10619,DB생명보험주식회사,D,SH163,보험금 현황(특별계정(23.3월 이후)),A4,특별계정 계_퇴직,퇴직연금,0,0,0,0
329,국내생보사,10619,DB생명보험주식회사,D,SH163,보험금 현황(특별계정(23.3월 이후)),A4,특별계정 계_퇴직,합계,39691000000,45541000000,73841000000,73841000000
330,국내생보사,12455,아이비케이연금보험 주식회사,D,SH163,보험금 현황(특별계정(23.3월 이후)),A,특별계정 계,변액보험,0,0,0,0
331,국내생보사,12455,아이비케이연금보험 주식회사,D,SH163,보험금 현황(특별계정(23.3월 이후)),A,특별계정 계,연금저축,0,0,0,0
332,국내생보사,12455,아이비케이연금보험 주식회사,D,SH163,보험금 현황(특별계정(23.3월 이후)),A,특별계정 계,자산연계형,0,0,0,0
333,국내생보사,12455,아이비케이연금보험 주식회사,D,SH163,보험금 현황(특별계정(23.3월 이후)),A,특별계정 계,퇴직보험,0,0,0,0
334,국내생보사,12455,아이비케이연금보험 주식회사,D,SH163,보험금 현황(특별계정(23.3월 이후)),A,특별계정 계,퇴직연금,0,0,0,0
335,국내생보사,12455,아이비케이연금보험 주식회사,D,SH163,보험금 현황(특별계정(23.3월 이후)),A,특별계정 계,합계,0,0,0,0
336,국내생보사,12455,아이비케이연금보험 주식회사,D,SH163,보험금 현황(특별계정(23.3월 이후)),A1,특별계정 계_사망,변액보험,0,0,0,0
337,국내생보사,12455,아이비케이연금보험 주식회사,D,SH163,보험금 현황(특별계정(23.3월 이후)),A1,특별계정 계_사망,연금저축,0,0,0,0
338,국내생보사,12455,아이비케이연금보험 주식회사,D,SH163,보험금 현황(특별계정(23.3월 이후)),A1,특별계정 계_사망,자산연계형,0,0,0,0
339,국내생보사,12455,아이비케이연금보험 주식회사,D,SH163,보험금 현황(특별계정(23.3월 이후)),A1,특별계정 계_사망,퇴직보험,0,0,0,0
340,국내생보사,12455,아이비케이연금보험 주식회사,D,SH163,보험금 현황(특별계정(23.3월 이후)),A1,특별계정 계_사망,퇴직연금,0,0,0,0
341,국내생보사,12455,아이비케이연금보험 주식회사,D,SH163,보험금 현황(특별계정(23.3월 이후)),A1,특별계정 계_사망,합계,0,0,0,0
342,국내생보사,12455,아이비케이연금보험 주식회사,D,SH163,보험금 현황(특별계정(23.3월 이후)),A2,특별계정 계_재해,변액보험,0,0,0,0
343,국내생보사,12455,아이비케이연금보험 주식회사,D,SH163,보험금 현황(특별계정(23.3월 이후)),A2,특별계정 계_재해,연금저축,0,0,0,0
344,국내생보사,12455,아이비케이연금보험 주식회사,D,SH163,보험금 현황(특별계정(23.3월 이후)),A2,특별계정 계_재해,자산연계형,0,0,0,0
345,국내생보사,12455,아이비케이연금보험 주식회사,D,SH163,보험금 현황(특별계정(23.3월 이후)),A2,특별계정 계_재해,퇴직보험,0,0,0,0
346,국내생보사,12455,아이비케이연금보험 주식회사,D,SH163,보험금 현황(특별계정(23.3월 이후)),A2,특별계정 계_재해,퇴직연금,0,0,0,0
347,국내생보사,12455,아이비케이연금보험 주식회사,D,SH163,보험금 현황(특별계정(23.3월 이후)),A2,특별계정 계_재해,합계,0,0,0,0
348,국내생보사,12455,아이비케이연금보험 주식회사,D,SH163,보험금 현황(특별계정(23.3월 이후)),A3,특별계정 계_만기,변액보험,0,0,0,0
349,국내생보사,12455,아이비케이연금보험 주식회사,D,SH163,보험금 현황(특별계정(23.3월 이후)),A3,특별계정 계_만기,연금저축,0,0,0,0
350,국내생보사,12455,아이비케이연금보험 주식회사,D,SH163,보험금 현황(특별계정(23.3월 이후)),A3,특별계정 계_만기,자산연계형,0,0,0,0
351,국내생보사,12455,아이비케이연금보험 주식회사,D,SH163,보험금 현황(특별계정(23.3월 이후)),A3,특별계정 계_만기,퇴직보험,0,0,0,0
352,국내생보사,12455,아이비케이연금보험 주식회사,D,SH163,보험금 현황(특별계정(23.3월 이후)),A3,특별계정 계_만기,퇴직연금,0,0,0,0
353,국내생보사,12455,아이비케이연금보험 주식회사,D,SH163,보험금 현황(특별계정(23.3월 이후)),A3,특별계정 계_만기,합계,0,0,0,0
354,국내생보사,12455,아이비케이연금보험 주식회사,D,SH163,보험금 현황(특별계정(23.3월 이후)),A4,특별계정 계_퇴직,변액보험,0,0,0,0
355,국내생보사,12455,아이비케이연금보험 주식회사,D,SH163,보험금 현황(특별계정(23.3월 이후)),A4,특별계정 계_퇴직,연금저축,0,0,0,0
356,국내생보사,12455,아이비케이연금보험 주식회사,D,SH163,보험금 현황(특별계정(23.3월 이후)),A4,특별계정 계_퇴직,자산연계형,0,0,0,0
357,국내생보사,12455,아이비케이연금보험 주식회사,D,SH163,보험금 현황(특별계정(23.3월 이후)),A4,특별계정 계_퇴직,퇴직보험,0,0,0,0
358,국내생보사,12455,아이비케이연금보험 주식회사,D,SH163,보험금 현황(특별계정(23.3월 이후)),A4,특별계정 계_퇴직,퇴직연금,0,0,0,0
359,국내생보사,12455,아이비케이연금보험 주식회사,D,SH163,보험금 현황(특별계정(23.3월 이후)),A4,특별계정 계_퇴직,합계,0,0,0,0
360,국내생보사,13173,농협생명보험주식회사,D,SH163,보험금 현황(특별계정(23.3월 이후)),A,특별계정 계,변액보험,0,0,0,0
361,국내생보사,13173,농협생명보험주식회사,D,SH163,보험금 현황(특별계정(23.3월 이후)),A,특별계정 계,연금저축,90000000000,100000000000,140000000000,170000000000
362,국내생보사,13173,농협생명보험주식회사,D,SH163,보험금 현황(특별계정(23.3월 이후)),A,특별계정 계,자산연계형,0,0,0,0
363,국내생보사,13173,농협생명보험주식회사,D,SH163,보험금 현황(특별계정(23.3월 이후)),A,특별계정 계,퇴직보험,0,0,0,0
364,국내생보사,13173,농협생명보험주식회사,D,SH163,보험금 현황(특별계정(23.3월 이후)),A,특별계정 계,퇴직연금,0,0,0,0
365,국내생보사,13173,농협생명보험주식회사,D,SH163,보험금 현황(특별계정(23.3월 이후)),A,특별계정 계,합계,90000000000,100000000000,140000000000,170000000000
366,국내생보사,13173,농협생명보험주식회사,D,SH163,보험금 현황(특별계정(23.3월 이후)),A1,특별계정 계_사망,변액보험,0,0,0,0
367,국내생보사,13173,농협생명보험주식회사,D,SH163,보험금 현황(특별계정(23.3월 이후)),A1,특별계정 계_사망,연금저축,90000000000,100000000000,140000000000,170000000000
368,국내생보사,13173,농협생명보험주식회사,D,SH163,보험금 현황(특별계정(23.3월 이후)),A1,특별계정 계_사망,자산연계형,0,0,0,0
369,국내생보사,13173,농협생명보험주식회사,D,SH163,보험금 현황(특별계정(23.3월 이후)),A1,특별계정 계_사망,퇴직보험,0,0,0,0
370,국내생보사,13173,농협생명보험주식회사,D,SH163,보험금 현황(특별계정(23.3월 이후)),A1,특별계정 계_사망,퇴직연금,0,0,0,0
371,국내생보사,13173,농협생명보험주식회사,D,SH163,보험금 현황(특별계정(23.3월 이후)),A1,특별계정 계_사망,합계,90000000000,100000000000,140000000000,170000000000
372,국내생보사,13173,농협생명보험주식회사,D,SH163,보험금 현황(특별계정(23.3월 이후)),A2,특별계정 계_재해,변액보험,0,0,0,0
373,국내생보사,13173,농협생명보험주식회사,D,SH163,보험금 현황(특별계정(23.3월 이후)),A2,특별계정 계_재해,연금저축,0,0,0,0
374,국내생보사,13173,농협생명보험주식회사,D,SH163,보험금 현황(특별계정(23.3월 이후)),A2,특별계정 계_재해,자산연계형,0,0,0,0
375,국내생보사,13173,농협생명보험주식회사,D,SH163,보험금 현황(특별계정(23.3월 이후)),A2,특별계정 계_재해,퇴직보험,0,0,0,0
376,국내생보사,13173,농협생명보험주식회사,D,SH163,보험금 현황(특별계정(23.3월 이후)),A2,특별계정 계_재해,퇴직연금,0,0,0,0
377,국내생보사,13173,농협생명보험주식회사,D,SH163,보험금 현황(특별계정(23.3월 이후)),A2,특별계정 계_재해,합계,0,0,0,0
378,국내생보사,13173,농협생명보험주식회사,D,SH163,보험금 현황(특별계정(23.3월 이후)),A3,특별계정 계_만기,변액보험,0,0,0,0
379,국내생보사,13173,농협생명보험주식회사,D,SH163,보험금 현황(특별계정(23.3월 이후)),A3,특별계정 계_만기,연금저축,0,0,0,0
380,국내생보사,13173,농협생명보험주식회사,D,SH163,보험금 현황(특별계정(23.3월 이후)),A3,특별계정 계_만기,자산연계형,0,0,0,0
381,국내생보사,13173,농협생명보험주식회사,D,SH163,보험금 현황(특별계정(23.3월 이후)),A3,특별계정 계_만기,퇴직보험,0,0,0,0
382,국내생보사,13173,농협생명보험주식회사,D,SH163,보험금 현황(특별계정(23.3월 이후)),A3,특별계정 계_만기,퇴직연금,0,0,0,0
383,국내생보사,13173,농협생명보험주식회사,D,SH163,보험금 현황(특별계정(23.3월 이후)),A3,특별계정 계_만기,합계,0,0,0,0
384,국내생보사,13173,농협생명보험주식회사,D,SH163,보험금 현황(특별계정(23.3월 이후)),A4,특별계정 계_퇴직,변액보험,0,0,0,0
385,국내생보사,13173,농협생명보험주식회사,D,SH163,보험금 현황(특별계정(23.3월 이후)),A4,특별계정 계_퇴직,연금저축,0,0,0,0
386,국내생보사,13173,농협생명보험주식회사,D,SH163,보험금 현황(특별계정(23.3월 이후)),A4,특별계정 계_퇴직,자산연계형,0,0,0,0
387,국내생보사,13173,농협생명보험주식회사,D,SH163,보험금 현황(특별계정(23.3월 이후)),A4,특별계정 계_퇴직,퇴직보험,0,0,0,0
388,국내생보사,13173,농협생명보험주식회사,D,SH163,보험금 현황(특별계정(23.3월 이후)),A4,특별계정 계_퇴직,퇴직연금,0,0,0,0
389,국내생보사,13173,농협생명보험주식회사,D,SH163,보험금 현황(특별계정(23.3월 이후)),A4,특별계정 계_퇴직,합계,0,0,0,0
390,국내생보사,13436,교보라이프플래닛생명보험주식회사,D,SH163,보험금 현황(특별계정(23.3월 이후)),A,특별계정 계,변액보험,0,0,0,0
391,국내생보사,13436,교보라이프플래닛생명보험주식회사,D,SH163,보험금 현황(특별계정(23.3월 이후)),A,특별계정 계,연금저축,0,0,0,0
392,국내생보사,13436,교보라이프플래닛생명보험주식회사,D,SH163,보험금 현황(특별계정(23.3월 이후)),A,특별계정 계,자산연계형,0,0,0,0
393,국내생보사,13436,교보라이프플래닛생명보험주식회사,D,SH163,보험금 현황(특별계정(23.3월 이후)),A,특별계정 계,퇴직보험,0,0,0,0
394,국내생보사,13436,교보라이프플래닛생명보험주식회사,D,SH163,보험금 현황(특별계정(23.3월 이후)),A,특별계정 계,퇴직연금,0,0,0,0
395,국내생보사,13436,교보라이프플래닛생명보험주식회사,D,SH163,보험금 현황(특별계정(23.3월 이후)),A,특별계정 계,합계,0,0,0,0
396,국내생보사,13436,교보라이프플래닛생명보험주식회사,D,SH163,보험금 현황(특별계정(23.3월 이후)),A1,특별계정 계_사망,변액보험,0,0,0,0
397,국내생보사,13436,교보라이프플래닛생명보험주식회사,D,SH163,보험금 현황(특별계정(23.3월 이후)),A1,특별계정 계_사망,연금저축,0,0,0,0
398,국내생보사,13436,교보라이프플래닛생명보험주식회사,D,SH163,보험금 현황(특별계정(23.3월 이후)),A1,특별계정 계_사망,자산연계형,0,0,0,0
399,국내생보사,13436,교보라이프플래닛생명보험주식회사,D,SH163,보험금 현황(특별계정(23.3월 이후)),A1,특별계정 계_사망,퇴직보험,0,0,0,0
400,국내생보사,13436,교보라이프플래닛생명보험주식회사,D,SH163,보험금 현황(특별계정(23.3월 이후)),A1,특별계정 계_사망,퇴직연금,0,0,0,0
401,국내생보사,13436,교보라이프플래닛생명보험주식회사,D,SH163,보험금 현황(특별계정(23.3월 이후)),A1,특별계정 계_사망,합계,0,0,0,0
402,국내생보사,13436,교보라이프플래닛생명보험주식회사,D,SH163,보험금 현황(특별계정(23.3월 이후)),A2,특별계정 계_재해,변액보험,0,0,0,0
403,국내생보사,13436,교보라이프플래닛생명보험주식회사,D,SH163,보험금 현황(특별계정(23.3월 이후)),A2,특별계정 계_재해,연금저축,0,0,0,0
404,국내생보사,13436,교보라이프플래닛생명보험주식회사,D,SH163,보험금 현황(특별계정(23.3월 이후)),A2,특별계정 계_재해,자산연계형,0,0,0,0
405,국내생보사,13436,교보라이프플래닛생명보험주식회사,D,SH163,보험금 현황(특별계정(23.3월 이후)),A2,특별계정 계_재해,퇴직보험,0,0,0,0
406,국내생보사,13436,교보라이프플래닛생명보험주식회사,D,SH163,보험금 현황(특별계정(23.3월 이후)),A2,특별계정 계_재해,퇴직연금,0,0,0,0
407,국내생보사,13436,교보라이프플래닛생명보험주식회사,D,SH163,보험금 현황(특별계정(23.3월 이후)),A2,특별계정 계_재해,합계,0,0,0,0
408,국내생보사,13436,교보라이프플래닛생명보험주식회사,D,SH163,보험금 현황(특별계정(23.3월 이후)),A3,특별계정 계_만기,변액보험,0,0,0,0
409,국내생보사,13436,교보라이프플래닛생명보험주식회사,D,SH163,보험금 현황(특별계정(23.3월 이후)),A3,특별계정 계_만기,연금저축,0,0,0,0
410,국내생보사,13436,교보라이프플래닛생명보험주식회사,D,SH163,보험금 현황(특별계정(23.3월 이후)),A3,특별계정 계_만기,자산연계형,0,0,0,0
411,국내생보사,13436,교보라이프플래닛생명보험주식회사,D,SH163,보험금 현황(특별계정(23.3월 이후)),A3,특별계정 계_만기,퇴직보험,0,0,0,0
412,국내생보사,13436,교보라이프플래닛생명보험주식회사,D,SH163,보험금 현황(특별계정(23.3월 이후)),A3,특별계정 계_만기,퇴직연금,0,0,0,0
413,국내생보사,13436,교보라이프플래닛생명보험주식회사,D,SH163,보험금 현황(특별계정(23.3월 이후)),A3,특별계정 계_만기,합계,0,0,0,0
414,국내생보사,13436,교보라이프플래닛생명보험주식회사,D,SH163,보험금 현황(특별계정(23.3월 이후)),A4,특별계정 계_퇴직,변액보험,0,0,0,0
415,국내생보사,13436,교보라이프플래닛생명보험주식회사,D,SH163,보험금 현황(특별계정(23.3월 이후)),A4,특별계정 계_퇴직,연금저축,0,0,0,0
416,국내생보사,13436,교보라이프플래닛생명보험주식회사,D,SH163,보험금 현황(특별계정(23.3월 이후)),A4,특별계정 계_퇴직,자산연계형,0,0,0,0
417,국내생보사,13436,교보라이프플래닛생명보험주식회사,D,SH163,보험금 현황(특별계정(23.3월 이후)),A4,특별계정 계_퇴직,퇴직보험,0,0,0,0
418,국내생보사,13436,교보라이프플래닛생명보험주식회사,D,SH163,보험금 현황(특별계정(23.3월 이후)),A4,특별계정 계_퇴직,퇴직연금,0,0,0,0
419,국내생보사,13436,교보라이프플래닛생명보험주식회사,D,SH163,보험금 현황(특별계정(23.3월 이후)),A4,특별계정 계_퇴직,합계,0,0,0,0
420,외국생보사,10594,에이비엘생명보험주식회사,D,SH163,보험금 현황(특별계정(23.3월 이후)),A,특별계정 계,변액보험,2238904000000,4922686000000,7978365000000,10074077000000
421,외국생보사,10594,에이비엘생명보험주식회사,D,SH163,보험금 현황(특별계정(23.3월 이후)),A,특별계정 계,연금저축,63476000000,63476000000,141488000000,141488000000
422,외국생보사,10594,에이비엘생명보험주식회사,D,SH163,보험금 현황(특별계정(23.3월 이후)),A,특별계정 계,자산연계형,3218811000000,5140765000000,6959408000000,8942337000000
423,외국생보사,10594,에이비엘생명보험주식회사,D,SH163,보험금 현황(특별계정(23.3월 이후)),A,특별계정 계,퇴직보험,141348000000,278027000000,302869000000,311498000000
424,외국생보사,10594,에이비엘생명보험주식회사,D,SH163,보험금 현황(특별계정(23.3월 이후)),A,특별계정 계,퇴직연금,0,0,0,0
425,외국생보사,10594,에이비엘생명보험주식회사,D,SH163,보험금 현황(특별계정(23.3월 이후)),A,특별계정 계,합계,5662539000000,10404954000000,15382130000000,19469400000000
426,외국생보사,10594,에이비엘생명보험주식회사,D,SH163,보험금 현황(특별계정(23.3월 이후)),A1,특별계정 계_사망,변액보험,2048521000000,4451629000000,7472239000000,9497916000000
427,외국생보사,10594,에이비엘생명보험주식회사,D,SH163,보험금 현황(특별계정(23.3월 이후)),A1,특별계정 계_사망,연금저축,63476000000,63476000000,141488000000,141488000000
428,외국생보사,10594,에이비엘생명보험주식회사,D,SH163,보험금 현황(특별계정(23.3월 이후)),A1,특별계정 계_사망,자산연계형,150328000000,301447000000,348623000000,414642000000
429,외국생보사,10594,에이비엘생명보험주식회사,D,SH163,보험금 현황(특별계정(23.3월 이후)),A1,특별계정 계_사망,퇴직보험,0,0,0,0
430,외국생보사,10594,에이비엘생명보험주식회사,D,SH163,보험금 현황(특별계정(23.3월 이후)),A1,특별계정 계_사망,퇴직연금,0,0,0,0
431,외국생보사,10594,에이비엘생명보험주식회사,D,SH163,보험금 현황(특별계정(23.3월 이후)),A1,특별계정 계_사망,합계,2262325000000,4816552000000,7962350000000,10054046000000
432,외국생보사,10594,에이비엘생명보험주식회사,D,SH163,보험금 현황(특별계정(23.3월 이후)),A2,특별계정 계_재해,변액보험,190383000000,471057000000,506126000000,576161000000
433,외국생보사,10594,에이비엘생명보험주식회사,D,SH163,보험금 현황(특별계정(23.3월 이후)),A2,특별계정 계_재해,연금저축,0,0,0,0
434,외국생보사,10594,에이비엘생명보험주식회사,D,SH163,보험금 현황(특별계정(23.3월 이후)),A2,특별계정 계_재해,자산연계형,0,0,0,0
435,외국생보사,10594,에이비엘생명보험주식회사,D,SH163,보험금 현황(특별계정(23.3월 이후)),A2,특별계정 계_재해,퇴직보험,0,0,0,0
436,외국생보사,10594,에이비엘생명보험주식회사,D,SH163,보험금 현황(특별계정(23.3월 이후)),A2,특별계정 계_재해,퇴직연금,0,0,0,0
437,외국생보사,10594,에이비엘생명보험주식회사,D,SH163,보험금 현황(특별계정(23.3월 이후)),A2,특별계정 계_재해,합계,190383000000,471057000000,506126000000,576161000000
438,외국생보사,10594,에이비엘생명보험주식회사,D,SH163,보험금 현황(특별계정(23.3월 이후)),A3,특별계정 계_만기,변액보험,0,0,0,0
439,외국생보사,10594,에이비엘생명보험주식회사,D,SH163,보험금 현황(특별계정(23.3월 이후)),A3,특별계정 계_만기,연금저축,0,0,0,0
440,외국생보사,10594,에이비엘생명보험주식회사,D,SH163,보험금 현황(특별계정(23.3월 이후)),A3,특별계정 계_만기,자산연계형,3068483000000,4839318000000,6610785000000,8527695000000
441,외국생보사,10594,에이비엘생명보험주식회사,D,SH163,보험금 현황(특별계정(23.3월 이후)),A3,특별계정 계_만기,퇴직보험,0,0,0,0
442,외국생보사,10594,에이비엘생명보험주식회사,D,SH163,보험금 현황(특별계정(23.3월 이후)),A3,특별계정 계_만기,퇴직연금,0,0,0,0
443,외국생보사,10594,에이비엘생명보험주식회사,D,SH163,보험금 현황(특별계정(23.3월 이후)),A3,특별계정 계_만기,합계,3068483000000,4839318000000,6610785000000,8527695000000
444,외국생보사,10594,에이비엘생명보험주식회사,D,SH163,보험금 현황(특별계정(23.3월 이후)),A4,특별계정 계_퇴직,변액보험,0,0,0,0
445,외국생보사,10594,에이비엘생명보험주식회사,D,SH163,보험금 현황(특별계정(23.3월 이후)),A4,특별계정 계_퇴직,연금저축,0,0,0,0
446,외국생보사,10594,에이비엘생명보험주식회사,D,SH163,보험금 현황(특별계정(23.3월 이후)),A4,특별계정 계_퇴직,자산연계형,0,0,0,0
447,외국생보사,10594,에이비엘생명보험주식회사,D,SH163,보험금 현황(특별계정(23.3월 이후)),A4,특별계정 계_퇴직,퇴직보험,141348000000,278027000000,302869000000,311498000000
448,외국생보사,10594,에이비엘생명보험주식회사,D,SH163,보험금 현황(특별계정(23.3월 이후)),A4,특별계정 계_퇴직,퇴직연금,0,0,0,0
449,외국생보사,10594,에이비엘생명보험주식회사,D,SH163,보험금 현황(특별계정(23.3월 이후)),A4,특별계정 계_퇴직,합계,141348000000,278027000000,302869000000,311498000000
450,외국생보사,10615,에이아이에이생명보험 주식회사,D,SH163,보험금 현황(특별계정(23.3월 이후)),A,특별계정 계,변액보험,608972884000,1146988881000,1406003220000,2234496739000
451,외국생보사,10615,에이아이에이생명보험 주식회사,D,SH163,보험금 현황(특별계정(23.3월 이후)),A,특별계정 계,연금저축,0,0,0,0
452,외국생보사,10615,에이아이에이생명보험 주식회사,D,SH163,보험금 현황(특별계정(23.3월 이후)),A,특별계정 계,자산연계형,1428271788000,2379089912000,3548396909000,6050199864000
453,외국생보사,10615,에이아이에이생명보험 주식회사,D,SH163,보험금 현황(특별계정(23.3월 이후)),A,특별계정 계,퇴직보험,0,0,0,0
454,외국생보사,10615,에이아이에이생명보험 주식회사,D,SH163,보험금 현황(특별계정(23.3월 이후)),A,특별계정 계,퇴직연금,0,0,0,0
455,외국생보사,10615,에이아이에이생명보험 주식회사,D,SH163,보험금 현황(특별계정(23.3월 이후)),A,특별계정 계,합계,2037244672000,3526078793000,4954400129000,8284696603000
456,외국생보사,10615,에이아이에이생명보험 주식회사,D,SH163,보험금 현황(특별계정(23.3월 이후)),A1,특별계정 계_사망,변액보험,608972884000,1146988881000,1406003220000,2234496739000
457,외국생보사,10615,에이아이에이생명보험 주식회사,D,SH163,보험금 현황(특별계정(23.3월 이후)),A1,특별계정 계_사망,연금저축,0,0,0,0
458,외국생보사,10615,에이아이에이생명보험 주식회사,D,SH163,보험금 현황(특별계정(23.3월 이후)),A1,특별계정 계_사망,자산연계형,715224189000,1033101395000,1425194903000,1801814968000
459,외국생보사,10615,에이아이에이생명보험 주식회사,D,SH163,보험금 현황(특별계정(23.3월 이후)),A1,특별계정 계_사망,퇴직보험,0,0,0,0
460,외국생보사,10615,에이아이에이생명보험 주식회사,D,SH163,보험금 현황(특별계정(23.3월 이후)),A1,특별계정 계_사망,퇴직연금,0,0,0,0
461,외국생보사,10615,에이아이에이생명보험 주식회사,D,SH163,보험금 현황(특별계정(23.3월 이후)),A1,특별계정 계_사망,합계,1324197073000,2180090276000,2831198123000,4036311707000
462,외국생보사,10615,에이아이에이생명보험 주식회사,D,SH163,보험금 현황(특별계정(23.3월 이후)),A2,특별계정 계_재해,변액보험,0,0,0,0
463,외국생보사,10615,에이아이에이생명보험 주식회사,D,SH163,보험금 현황(특별계정(23.3월 이후)),A2,특별계정 계_재해,연금저축,0,0,0,0
464,외국생보사,10615,에이아이에이생명보험 주식회사,D,SH163,보험금 현황(특별계정(23.3월 이후)),A2,특별계정 계_재해,자산연계형,0,0,0,0
465,외국생보사,10615,에이아이에이생명보험 주식회사,D,SH163,보험금 현황(특별계정(23.3월 이후)),A2,특별계정 계_재해,퇴직보험,0,0,0,0
466,외국생보사,10615,에이아이에이생명보험 주식회사,D,SH163,보험금 현황(특별계정(23.3월 이후)),A2,특별계정 계_재해,퇴직연금,0,0,0,0
467,외국생보사,10615,에이아이에이생명보험 주식회사,D,SH163,보험금 현황(특별계정(23.3월 이후)),A2,특별계정 계_재해,합계,0,0,0,0
468,외국생보사,10615,에이아이에이생명보험 주식회사,D,SH163,보험금 현황(특별계정(23.3월 이후)),A3,특별계정 계_만기,변액보험,0,0,0,0
469,외국생보사,10615,에이아이에이생명보험 주식회사,D,SH163,보험금 현황(특별계정(23.3월 이후)),A3,특별계정 계_만기,연금저축,0,0,0,0
470,외국생보사,10615,에이아이에이생명보험 주식회사,D,SH163,보험금 현황(특별계정(23.3월 이후)),A3,특별계정 계_만기,자산연계형,713047599000,1345988517000,2123202006000,4248384896000
471,외국생보사,10615,에이아이에이생명보험 주식회사,D,SH163,보험금 현황(특별계정(23.3월 이후)),A3,특별계정 계_만기,퇴직보험,0,0,0,0
472,외국생보사,10615,에이아이에이생명보험 주식회사,D,SH163,보험금 현황(특별계정(23.3월 이후)),A3,특별계정 계_만기,퇴직연금,0,0,0,0
473,외국생보사,10615,에이아이에이생명보험 주식회사,D,SH163,보험금 현황(특별계정(23.3월 이후)),A3,특별계정 계_만기,합계,713047599000,1345988517000,2123202006000,4248384896000
474,외국생보사,10615,에이아이에이생명보험 주식회사,D,SH163,보험금 현황(특별계정(23.3월 이후)),A4,특별계정 계_퇴직,변액보험,0,0,0,0
475,외국생보사,10615,에이아이에이생명보험 주식회사,D,SH163,보험금 현황(특별계정(23.3월 이후)),A4,특별계정 계_퇴직,연금저축,0,0,0,0
476,외국생보사,10615,에이아이에이생명보험 주식회사,D,SH163,보험금 현황(특별계정(23.3월 이후)),A4,특별계정 계_퇴직,자산연계형,0,0,0,0
477,외국생보사,10615,에이아이에이생명보험 주식회사,D,SH163,보험금 현황(특별계정(23.3월 이후)),A4,특별계정 계_퇴직,퇴직보험,0,0,0,0
478,외국생보사,10615,에이아이에이생명보험 주식회사,D,SH163,보험금 현황(특별계정(23.3월 이후)),A4,특별계정 계_퇴직,퇴직연금,0,0,0,0
479,외국생보사,10615,에이아이에이생명보험 주식회사,D,SH163,보험금 현황(특별계정(23.3월 이후)),A4,특별계정 계_퇴직,합계,0,0,0,0
480,외국생보사,10620,메트라이프생명보험(주),D,SH163,보험금 현황(특별계정(23.3월 이후)),A,특별계정 계,변액보험,8246899000000,17769081000000,26842060000000,38444660000000
481,외국생보사,10620,메트라이프생명보험(주),D,SH163,보험금 현황(특별계정(23.3월 이후)),A,특별계정 계,연금저축,0,0,0,0
482,외국생보사,10620,메트라이프생명보험(주),D,SH163,보험금 현황(특별계정(23.3월 이후)),A,특별계정 계,자산연계형,100380000000,100380000000,406572000000,475117000000
483,외국생보사,10620,메트라이프생명보험(주),D,SH163,보험금 현황(특별계정(23.3월 이후)),A,특별계정 계,퇴직보험,0,0,0,0
484,외국생보사,10620,메트라이프생명보험(주),D,SH163,보험금 현황(특별계정(23.3월 이후)),A,특별계정 계,퇴직연금,0,0,0,0
485,외국생보사,10620,메트라이프생명보험(주),D,SH163,보험금 현황(특별계정(23.3월 이후)),A,특별계정 계,합계,8347279000000,17869461000000,27248632000000,38919777000000
486,외국생보사,10620,메트라이프생명보험(주),D,SH163,보험금 현황(특별계정(23.3월 이후)),A1,특별계정 계_사망,변액보험,8135199000000,16798246000000,25404725000000,36721315000000
487,외국생보사,10620,메트라이프생명보험(주),D,SH163,보험금 현황(특별계정(23.3월 이후)),A1,특별계정 계_사망,연금저축,0,0,0,0
488,외국생보사,10620,메트라이프생명보험(주),D,SH163,보험금 현황(특별계정(23.3월 이후)),A1,특별계정 계_사망,자산연계형,100380000000,100380000000,406572000000,475117000000
489,외국생보사,10620,메트라이프생명보험(주),D,SH163,보험금 현황(특별계정(23.3월 이후)),A1,특별계정 계_사망,퇴직보험,0,0,0,0
490,외국생보사,10620,메트라이프생명보험(주),D,SH163,보험금 현황(특별계정(23.3월 이후)),A1,특별계정 계_사망,퇴직연금,0,0,0,0
491,외국생보사,10620,메트라이프생명보험(주),D,SH163,보험금 현황(특별계정(23.3월 이후)),A1,특별계정 계_사망,합계,8235579000000,16898626000000,25811297000000,37196432000000
492,외국생보사,10620,메트라이프생명보험(주),D,SH163,보험금 현황(특별계정(23.3월 이후)),A2,특별계정 계_재해,변액보험,111700000000,970835000000,1437335000000,1723345000000
493,외국생보사,10620,메트라이프생명보험(주),D,SH163,보험금 현황(특별계정(23.3월 이후)),A2,특별계정 계_재해,연금저축,0,0,0,0
494,외국생보사,10620,메트라이프생명보험(주),D,SH163,보험금 현황(특별계정(23.3월 이후)),A2,특별계정 계_재해,자산연계형,0,0,0,0
495,외국생보사,10620,메트라이프생명보험(주),D,SH163,보험금 현황(특별계정(23.3월 이후)),A2,특별계정 계_재해,퇴직보험,0,0,0,0
496,외국생보사,10620,메트라이프생명보험(주),D,SH163,보험금 현황(특별계정(23.3월 이후)),A2,특별계정 계_재해,퇴직연금,0,0,0,0
497,외국생보사,10620,메트라이프생명보험(주),D,SH163,보험금 현황(특별계정(23.3월 이후)),A2,특별계정 계_재해,합계,111700000000,970835000000,1437335000000,1723345000000
498,외국생보사,10620,메트라이프생명보험(주),D,SH163,보험금 현황(특별계정(23.3월 이후)),A3,특별계정 계_만기,변액보험,0,0,0,0
499,외국생보사,10620,메트라이프생명보험(주),D,SH163,보험금 현황(특별계정(23.3월 이후)),A3,특별계정 계_만기,연금저축,0,0,0,0
500,외국생보사,10620,메트라이프생명보험(주),D,SH163,보험금 현황(특별계정(23.3월 이후)),A3,특별계정 계_만기,자산연계형,0,0,0,0
501,외국생보사,10620,메트라이프생명보험(주),D,SH163,보험금 현황(특별계정(23.3월 이후)),A3,특별계정 계_만기,퇴직보험,0,0,0,0
502,외국생보사,10620,메트라이프생명보험(주),D,SH163,보험금 현황(특별계정(23.3월 이후)),A3,특별계정 계_만기,퇴직연금,0,0,0,0
503,외국생보사,10620,메트라이프생명보험(주),D,SH163,보험금 현황(특별계정(23.3월 이후)),A3,특별계정 계_만기,합계,0,0,0,0
504,외국생보사,10620,메트라이프생명보험(주),D,SH163,보험금 현황(특별계정(23.3월 이후)),A4,특별계정 계_퇴직,변액보험,0,0,0,0
505,외국생보사,10620,메트라이프생명보험(주),D,SH163,보험금 현황(특별계정(23.3월 이후)),A4,특별계정 계_퇴직,연금저축,0,0,0,0
506,외국생보사,10620,메트라이프생명보험(주),D,SH163,보험금 현황(특별계정(23.3월 이후)),A4,특별계정 계_퇴직,자산연계형,0,0,0,0
507,외국생보사,10620,메트라이프생명보험(주),D,SH163,보험금 현황(특별계정(23.3월 이후)),A4,특별계정 계_퇴직,퇴직보험,0,0,0,0
508,외국생보사,10620,메트라이프생명보험(주),D,SH163,보험금 현황(특별계정(23.3월 이후)),A4,특별계정 계_퇴직,퇴직연금,0,0,0,0
509,외국생보사,10620,메트라이프생명보험(주),D,SH163,보험금 현황(특별계정(23.3월 이후)),A4,특별계정 계_퇴직,합계,0,0,0,0
510,외국생보사,10622,동양생명보험주식회사,D,SH163,보험금 현황(특별계정(23.3월 이후)),A,특별계정 계,변액보험,2050641000000,3448090000000,5764778000000,7690178000000
511,외국생보사,10622,동양생명보험주식회사,D,SH163,보험금 현황(특별계정(23.3월 이후)),A,특별계정 계,연금저축,0,0,0,0
512,외국생보사,10622,동양생명보험주식회사,D,SH163,보험금 현황(특별계정(23.3월 이후)),A,특별계정 계,자산연계형,125420000000,125621000000,153430000000,287764000000
513,외국생보사,10622,동양생명보험주식회사,D,SH163,보험금 현황(특별계정(23.3월 이후)),A,특별계정 계,퇴직보험,186712000000,231437000000,237982000000,396512000000
514,외국생보사,10622,동양생명보험주식회사,D,SH163,보험금 현황(특별계정(23.3월 이후)),A,특별계정 계,퇴직연금,0,0,0,0
515,외국생보사,10622,동양생명보험주식회사,D,SH163,보험금 현황(특별계정(23.3월 이후)),A,특별계정 계,합계,2362773000000,3805148000000,6156190000000,8374454000000
516,외국생보사,10622,동양생명보험주식회사,D,SH163,보험금 현황(특별계정(23.3월 이후)),A1,특별계정 계_사망,변액보험,1657167000000,2831716000000,4910895000000,6648560000000
517,외국생보사,10622,동양생명보험주식회사,D,SH163,보험금 현황(특별계정(23.3월 이후)),A1,특별계정 계_사망,연금저축,0,0,0,0
518,외국생보사,10622,동양생명보험주식회사,D,SH163,보험금 현황(특별계정(23.3월 이후)),A1,특별계정 계_사망,자산연계형,0,0,0,0
519,외국생보사,10622,동양생명보험주식회사,D,SH163,보험금 현황(특별계정(23.3월 이후)),A1,특별계정 계_사망,퇴직보험,0,0,0,0
520,외국생보사,10622,동양생명보험주식회사,D,SH163,보험금 현황(특별계정(23.3월 이후)),A1,특별계정 계_사망,퇴직연금,0,0,0,0
521,외국생보사,10622,동양생명보험주식회사,D,SH163,보험금 현황(특별계정(23.3월 이후)),A1,특별계정 계_사망,합계,1657167000000,2831716000000,4910895000000,6648560000000
522,외국생보사,10622,동양생명보험주식회사,D,SH163,보험금 현황(특별계정(23.3월 이후)),A2,특별계정 계_재해,변액보험,393474000000,616374000000,853883000000,1041618000000
523,외국생보사,10622,동양생명보험주식회사,D,SH163,보험금 현황(특별계정(23.3월 이후)),A2,특별계정 계_재해,연금저축,0,0,0,0
524,외국생보사,10622,동양생명보험주식회사,D,SH163,보험금 현황(특별계정(23.3월 이후)),A2,특별계정 계_재해,자산연계형,203000000,404000000,604000000,805000000
525,외국생보사,10622,동양생명보험주식회사,D,SH163,보험금 현황(특별계정(23.3월 이후)),A2,특별계정 계_재해,퇴직보험,0,0,0,0
526,외국생보사,10622,동양생명보험주식회사,D,SH163,보험금 현황(특별계정(23.3월 이후)),A2,특별계정 계_재해,퇴직연금,0,0,0,0
527,외국생보사,10622,동양생명보험주식회사,D,SH163,보험금 현황(특별계정(23.3월 이후)),A2,특별계정 계_재해,합계,393677000000,616778000000,854487000000,1042423000000
528,외국생보사,10622,동양생명보험주식회사,D,SH163,보험금 현황(특별계정(23.3월 이후)),A3,특별계정 계_만기,변액보험,0,0,0,0
529,외국생보사,10622,동양생명보험주식회사,D,SH163,보험금 현황(특별계정(23.3월 이후)),A3,특별계정 계_만기,연금저축,0,0,0,0
530,외국생보사,10622,동양생명보험주식회사,D,SH163,보험금 현황(특별계정(23.3월 이후)),A3,특별계정 계_만기,자산연계형,125217000000,125217000000,152826000000,286959000000
531,외국생보사,10622,동양생명보험주식회사,D,SH163,보험금 현황(특별계정(23.3월 이후)),A3,특별계정 계_만기,퇴직보험,0,0,0,0
532,외국생보사,10622,동양생명보험주식회사,D,SH163,보험금 현황(특별계정(23.3월 이후)),A3,특별계정 계_만기,퇴직연금,0,0,0,0
533,외국생보사,10622,동양생명보험주식회사,D,SH163,보험금 현황(특별계정(23.3월 이후)),A3,특별계정 계_만기,합계,125217000000,125217000000,152826000000,286959000000
534,외국생보사,10622,동양생명보험주식회사,D,SH163,보험금 현황(특별계정(23.3월 이후)),A4,특별계정 계_퇴직,변액보험,0,0,0,0
535,외국생보사,10622,동양생명보험주식회사,D,SH163,보험금 현황(특별계정(23.3월 이후)),A4,특별계정 계_퇴직,연금저축,0,0,0,0
536,외국생보사,10622,동양생명보험주식회사,D,SH163,보험금 현황(특별계정(23.3월 이후)),A4,특별계정 계_퇴직,자산연계형,0,0,0,0
537,외국생보사,10622,동양생명보험주식회사,D,SH163,보험금 현황(특별계정(23.3월 이후)),A4,특별계정 계_퇴직,퇴직보험,186712000000,231437000000,237982000000,396512000000
538,외국생보사,10622,동양생명보험주식회사,D,SH163,보험금 현황(특별계정(23.3월 이후)),A4,특별계정 계_퇴직,퇴직연금,0,0,0,0
539,외국생보사,10622,동양생명보험주식회사,D,SH163,보험금 현황(특별계정(23.3월 이후)),A4,특별계정 계_퇴직,합계,186712000000,231437000000,237982000000,396512000000
540,외국생보사,10625,처브라이프생명보험주식회사,D,SH163,보험금 현황(특별계정(23.3월 이후)),A,특별계정 계,변액보험,254307000000,464766000000,635267000000,1249971000000
541,외국생보사,10625,처브라이프생명보험주식회사,D,SH163,보험금 현황(특별계정(23.3월 이후)),A,특별계정 계,연금저축,0,0,0,0
542,외국생보사,10625,처브라이프생명보험주식회사,D,SH163,보험금 현황(특별계정(23.3월 이후)),A,특별계정 계,자산연계형,0,0,0,0
543,외국생보사,10625,처브라이프생명보험주식회사,D,SH163,보험금 현황(특별계정(23.3월 이후)),A,특별계정 계,퇴직보험,0,0,0,0
544,외국생보사,10625,처브라이프생명보험주식회사,D,SH163,보험금 현황(특별계정(23.3월 이후)),A,특별계정 계,퇴직연금,0,0,0,0
545,외국생보사,10625,처브라이프생명보험주식회사,D,SH163,보험금 현황(특별계정(23.3월 이후)),A,특별계정 계,합계,254307000000,464766000000,635267000000,1249971000000
546,외국생보사,10625,처브라이프생명보험주식회사,D,SH163,보험금 현황(특별계정(23.3월 이후)),A1,특별계정 계_사망,변액보험,254307000000,464766000000,635267000000,1249971000000
547,외국생보사,10625,처브라이프생명보험주식회사,D,SH163,보험금 현황(특별계정(23.3월 이후)),A1,특별계정 계_사망,연금저축,0,0,0,0
548,외국생보사,10625,처브라이프생명보험주식회사,D,SH163,보험금 현황(특별계정(23.3월 이후)),A1,특별계정 계_사망,자산연계형,0,0,0,0
549,외국생보사,10625,처브라이프생명보험주식회사,D,SH163,보험금 현황(특별계정(23.3월 이후)),A1,특별계정 계_사망,퇴직보험,0,0,0,0
550,외국생보사,10625,처브라이프생명보험주식회사,D,SH163,보험금 현황(특별계정(23.3월 이후)),A1,특별계정 계_사망,퇴직연금,0,0,0,0
551,외국생보사,10625,처브라이프생명보험주식회사,D,SH163,보험금 현황(특별계정(23.3월 이후)),A1,특별계정 계_사망,합계,254307000000,464766000000,635267000000,1249971000000
552,외국생보사,10625,처브라이프생명보험주식회사,D,SH163,보험금 현황(특별계정(23.3월 이후)),A2,특별계정 계_재해,변액보험,0,0,0,0
553,외국생보사,10625,처브라이프생명보험주식회사,D,SH163,보험금 현황(특별계정(23.3월 이후)),A2,특별계정 계_재해,연금저축,0,0,0,0
554,외국생보사,10625,처브라이프생명보험주식회사,D,SH163,보험금 현황(특별계정(23.3월 이후)),A2,특별계정 계_재해,자산연계형,0,0,0,0
555,외국생보사,10625,처브라이프생명보험주식회사,D,SH163,보험금 현황(특별계정(23.3월 이후)),A2,특별계정 계_재해,퇴직보험,0,0,0,0
556,외국생보사,10625,처브라이프생명보험주식회사,D,SH163,보험금 현황(특별계정(23.3월 이후)),A2,특별계정 계_재해,퇴직연금,0,0,0,0
557,외국생보사,10625,처브라이프생명보험주식회사,D,SH163,보험금 현황(특별계정(23.3월 이후)),A2,특별계정 계_재해,합계,0,0,0,0
558,외국생보사,10625,처브라이프생명보험주식회사,D,SH163,보험금 현황(특별계정(23.3월 이후)),A3,특별계정 계_만기,변액보험,0,0,0,0
559,외국생보사,10625,처브라이프생명보험주식회사,D,SH163,보험금 현황(특별계정(23.3월 이후)),A3,특별계정 계_만기,연금저축,0,0,0,0
560,외국생보사,10625,처브라이프생명보험주식회사,D,SH163,보험금 현황(특별계정(23.3월 이후)),A3,특별계정 계_만기,자산연계형,0,0,0,0
561,외국생보사,10625,처브라이프생명보험주식회사,D,SH163,보험금 현황(특별계정(23.3월 이후)),A3,특별계정 계_만기,퇴직보험,0,0,0,0
562,외국생보사,10625,처브라이프생명보험주식회사,D,SH163,보험금 현황(특별계정(23.3월 이후)),A3,특별계정 계_만기,퇴직연금,0,0,0,0
563,외국생보사,10625,처브라이프생명보험주식회사,D,SH163,보험금 현황(특별계정(23.3월 이후)),A3,특별계정 계_만기,합계,0,0,0,0
564,외국생보사,10625,처브라이프생명보험주식회사,D,SH163,보험금 현황(특별계정(23.3월 이후)),A4,특별계정 계_퇴직,변액보험,0,0,0,0
565,외국생보사,10625,처브라이프생명보험주식회사,D,SH163,보험금 현황(특별계정(23.3월 이후)),A4,특별계정 계_퇴직,연금저축,0,0,0,0
566,외국생보사,10625,처브라이프생명보험주식회사,D,SH163,보험금 현황(특별계정(23.3월 이후)),A4,특별계정 계_퇴직,자산연계형,0,0,0,0
567,외국생보사,10625,처브라이프생명보험주식회사,D,SH163,보험금 현황(특별계정(23.3월 이후)),A4,특별계정 계_퇴직,퇴직보험,0,0,0,0
568,외국생보사,10625,처브라이프생명보험주식회사,D,SH163,보험금 현황(특별계정(23.3월 이후)),A4,특별계정 계_퇴직,퇴직연금,0,0,0,0
569,외국생보사,10625,처브라이프생명보험주식회사,D,SH163,보험금 현황(특별계정(23.3월 이후)),A4,특별계정 계_퇴직,합계,0,0,0,0
570,외국생보사,11226,비엔피파리바카디프생명보험주식회사,D,SH163,보험금 현황(특별계정(23.3월 이후)),A,특별계정 계,변액보험,374291000000,776504000000,1014077000000,1355300000000
571,외국생보사,11226,비엔피파리바카디프생명보험주식회사,D,SH163,보험금 현황(특별계정(23.3월 이후)),A,특별계정 계,연금저축,0,0,0,0
572,외국생보사,11226,비엔피파리바카디프생명보험주식회사,D,SH163,보험금 현황(특별계정(23.3월 이후)),A,특별계정 계,자산연계형,0,99797000000,123205000000,202254000000
573,외국생보사,11226,비엔피파리바카디프생명보험주식회사,D,SH163,보험금 현황(특별계정(23.3월 이후)),A,특별계정 계,퇴직보험,0,0,0,0
574,외국생보사,11226,비엔피파리바카디프생명보험주식회사,D,SH163,보험금 현황(특별계정(23.3월 이후)),A,특별계정 계,퇴직연금,0,0,0,0
575,외국생보사,11226,비엔피파리바카디프생명보험주식회사,D,SH163,보험금 현황(특별계정(23.3월 이후)),A,특별계정 계,합계,374291000000,876301000000,1137282000000,1557554000000
576,외국생보사,11226,비엔피파리바카디프생명보험주식회사,D,SH163,보험금 현황(특별계정(23.3월 이후)),A1,특별계정 계_사망,변액보험,374291000000,776504000000,1014077000000,1355300000000
577,외국생보사,11226,비엔피파리바카디프생명보험주식회사,D,SH163,보험금 현황(특별계정(23.3월 이후)),A1,특별계정 계_사망,연금저축,0,0,0,0
578,외국생보사,11226,비엔피파리바카디프생명보험주식회사,D,SH163,보험금 현황(특별계정(23.3월 이후)),A1,특별계정 계_사망,자산연계형,0,0,0,79049000000
579,외국생보사,11226,비엔피파리바카디프생명보험주식회사,D,SH163,보험금 현황(특별계정(23.3월 이후)),A1,특별계정 계_사망,퇴직보험,0,0,0,0
580,외국생보사,11226,비엔피파리바카디프생명보험주식회사,D,SH163,보험금 현황(특별계정(23.3월 이후)),A1,특별계정 계_사망,퇴직연금,0,0,0,0
581,외국생보사,11226,비엔피파리바카디프생명보험주식회사,D,SH163,보험금 현황(특별계정(23.3월 이후)),A1,특별계정 계_사망,합계,374291000000,776504000000,1014077000000,1434349000000
582,외국생보사,11226,비엔피파리바카디프생명보험주식회사,D,SH163,보험금 현황(특별계정(23.3월 이후)),A2,특별계정 계_재해,변액보험,0,0,0,0
583,외국생보사,11226,비엔피파리바카디프생명보험주식회사,D,SH163,보험금 현황(특별계정(23.3월 이후)),A2,특별계정 계_재해,연금저축,0,0,0,0
584,외국생보사,11226,비엔피파리바카디프생명보험주식회사,D,SH163,보험금 현황(특별계정(23.3월 이후)),A2,특별계정 계_재해,자산연계형,0,0,0,0
585,외국생보사,11226,비엔피파리바카디프생명보험주식회사,D,SH163,보험금 현황(특별계정(23.3월 이후)),A2,특별계정 계_재해,퇴직보험,0,0,0,0
586,외국생보사,11226,비엔피파리바카디프생명보험주식회사,D,SH163,보험금 현황(특별계정(23.3월 이후)),A2,특별계정 계_재해,퇴직연금,0,0,0,0
587,외국생보사,11226,비엔피파리바카디프생명보험주식회사,D,SH163,보험금 현황(특별계정(23.3월 이후)),A2,특별계정 계_재해,합계,0,0,0,0
588,외국생보사,11226,비엔피파리바카디프생명보험주식회사,D,SH163,보험금 현황(특별계정(23.3월 이후)),A3,특별계정 계_만기,변액보험,0,0,0,0
589,외국생보사,11226,비엔피파리바카디프생명보험주식회사,D,SH163,보험금 현황(특별계정(23.3월 이후)),A3,특별계정 계_만기,연금저축,0,0,0,0
590,외국생보사,11226,비엔피파리바카디프생명보험주식회사,D,SH163,보험금 현황(특별계정(23.3월 이후)),A3,특별계정 계_만기,자산연계형,0,99797000000,123205000000,123205000000
591,외국생보사,11226,비엔피파리바카디프생명보험주식회사,D,SH163,보험금 현황(특별계정(23.3월 이후)),A3,특별계정 계_만기,퇴직보험,0,0,0,0
592,외국생보사,11226,비엔피파리바카디프생명보험주식회사,D,SH163,보험금 현황(특별계정(23.3월 이후)),A3,특별계정 계_만기,퇴직연금,0,0,0,0
593,외국생보사,11226,비엔피파리바카디프생명보험주식회사,D,SH163,보험금 현황(특별계정(23.3월 이후)),A3,특별계정 계_만기,합계,0,99797000000,123205000000,123205000000
594,외국생보사,11226,비엔피파리바카디프생명보험주식회사,D,SH163,보험금 현황(특별계정(23.3월 이후)),A4,특별계정 계_퇴직,변액보험,0,0,0,0
595,외국생보사,11226,비엔피파리바카디프생명보험주식회사,D,SH163,보험금 현황(특별계정(23.3월 이후)),A4,특별계정 계_퇴직,연금저축,0,0,0,0
596,외국생보사,11226,비엔피파리바카디프생명보험주식회사,D,SH163,보험금 현황(특별계정(23.3월 이후)),A4,특별계정 계_퇴직,자산연계형,0,0,0,0
597,외국생보사,11226,비엔피파리바카디프생명보험주식회사,D,SH163,보험금 현황(특별계정(23.3월 이후)),A4,특별계정 계_퇴직,퇴직보험,0,0,0,0
598,외국생보사,11226,비엔피파리바카디프생명보험주식회사,D,SH163,보험금 현황(특별계정(23.3월 이후)),A4,특별계정 계_퇴직,퇴직연금,0,0,0,0
599,외국생보사,11226,비엔피파리바카디프생명보험주식회사,D,SH163,보험금 현황(특별계정(23.3월 이후)),A4,특별계정 계_퇴직,합계,0,0,0,0
600,외국생보사,11320,푸본현대생명보험주식회사,D,SH163,보험금 현황(특별계정(23.3월 이후)),A,특별계정 계,변액보험,1559000000,1578000000,2367000000,3157000000
601,외국생보사,11320,푸본현대생명보험주식회사,D,SH163,보험금 현황(특별계정(23.3월 이후)),A,특별계정 계,연금저축,0,0,0,0
602,외국생보사,11320,푸본현대생명보험주식회사,D,SH163,보험금 현황(특별계정(23.3월 이후)),A,특별계정 계,자산연계형,19665000000,28987000000,28987000000,28987000000
603,외국생보사,11320,푸본현대생명보험주식회사,D,SH163,보험금 현황(특별계정(23.3월 이후)),A,특별계정 계,퇴직보험,0,0,0,0
604,외국생보사,11320,푸본현대생명보험주식회사,D,SH163,보험금 현황(특별계정(23.3월 이후)),A,특별계정 계,퇴직연금,0,0,0,0
605,외국생보사,11320,푸본현대생명보험주식회사,D,SH163,보험금 현황(특별계정(23.3월 이후)),A,특별계정 계,합계,21224000000,30565000000,31354000000,32144000000
606,외국생보사,11320,푸본현대생명보험주식회사,D,SH163,보험금 현황(특별계정(23.3월 이후)),A1,특별계정 계_사망,변액보험,0,0,0,0
607,외국생보사,11320,푸본현대생명보험주식회사,D,SH163,보험금 현황(특별계정(23.3월 이후)),A1,특별계정 계_사망,연금저축,0,0,0,0
608,외국생보사,11320,푸본현대생명보험주식회사,D,SH163,보험금 현황(특별계정(23.3월 이후)),A1,특별계정 계_사망,자산연계형,0,0,0,0
609,외국생보사,11320,푸본현대생명보험주식회사,D,SH163,보험금 현황(특별계정(23.3월 이후)),A1,특별계정 계_사망,퇴직보험,0,0,0,0
610,외국생보사,11320,푸본현대생명보험주식회사,D,SH163,보험금 현황(특별계정(23.3월 이후)),A1,특별계정 계_사망,퇴직연금,0,0,0,0
611,외국생보사,11320,푸본현대생명보험주식회사,D,SH163,보험금 현황(특별계정(23.3월 이후)),A1,특별계정 계_사망,합계,0,0,0,0
612,외국생보사,11320,푸본현대생명보험주식회사,D,SH163,보험금 현황(특별계정(23.3월 이후)),A2,특별계정 계_재해,변액보험,1559000000,1578000000,2367000000,3157000000
613,외국생보사,11320,푸본현대생명보험주식회사,D,SH163,보험금 현황(특별계정(23.3월 이후)),A2,특별계정 계_재해,연금저축,0,0,0,0
614,외국생보사,11320,푸본현대생명보험주식회사,D,SH163,보험금 현황(특별계정(23.3월 이후)),A2,특별계정 계_재해,자산연계형,0,0,0,0
615,외국생보사,11320,푸본현대생명보험주식회사,D,SH163,보험금 현황(특별계정(23.3월 이후)),A2,특별계정 계_재해,퇴직보험,0,0,0,0
616,외국생보사,11320,푸본현대생명보험주식회사,D,SH163,보험금 현황(특별계정(23.3월 이후)),A2,특별계정 계_재해,퇴직연금,0,0,0,0
617,외국생보사,11320,푸본현대생명보험주식회사,D,SH163,보험금 현황(특별계정(23.3월 이후)),A2,특별계정 계_재해,합계,1559000000,1578000000,2367000000,3157000000
618,외국생보사,11320,푸본현대생명보험주식회사,D,SH163,보험금 현황(특별계정(23.3월 이후)),A3,특별계정 계_만기,변액보험,0,0,0,0
619,외국생보사,11320,푸본현대생명보험주식회사,D,SH163,보험금 현황(특별계정(23.3월 이후)),A3,특별계정 계_만기,연금저축,0,0,0,0
620,외국생보사,11320,푸본현대생명보험주식회사,D,SH163,보험금 현황(특별계정(23.3월 이후)),A3,특별계정 계_만기,자산연계형,19665000000,28987000000,28987000000,28987000000
621,외국생보사,11320,푸본현대생명보험주식회사,D,SH163,보험금 현황(특별계정(23.3월 이후)),A3,특별계정 계_만기,퇴직보험,0,0,0,0
622,외국생보사,11320,푸본현대생명보험주식회사,D,SH163,보험금 현황(특별계정(23.3월 이후)),A3,특별계정 계_만기,퇴직연금,0,0,0,0
623,외국생보사,11320,푸본현대생명보험주식회사,D,SH163,보험금 현황(특별계정(23.3월 이후)),A3,특별계정 계_만기,합계,19665000000,28987000000,28987000000,28987000000
624,외국생보사,11320,푸본현대생명보험주식회사,D,SH163,보험금 현황(특별계정(23.3월 이후)),A4,특별계정 계_퇴직,변액보험,0,0,0,0
625,외국생보사,11320,푸본현대생명보험주식회사,D,SH163,보험금 현황(특별계정(23.3월 이후)),A4,특별계정 계_퇴직,연금저축,0,0,0,0
626,외국생보사,11320,푸본현대생명보험주식회사,D,SH163,보험금 현황(특별계정(23.3월 이후)),A4,특별계정 계_퇴직,자산연계형,0,0,0,0
627,외국생보사,11320,푸본현대생명보험주식회사,D,SH163,보험금 현황(특별계정(23.3월 이후)),A4,특별계정 계_퇴직,퇴직보험,0,0,0,0
628,외국생보사,11320,푸본현대생명보험주식회사,D,SH163,보험금 현황(특별계정(23.3월 이후)),A4,특별계정 계_퇴직,퇴직연금,0,0,0,0
629,외국생보사,11320,푸본현대생명보험주식회사,D,SH163,보험금 현황(특별계정(23.3월 이후)),A4,특별계정 계_퇴직,합계,0,0,0,0
630,외국생보사,11434,라이나생명보험주식회사,D,SH163,보험금 현황(특별계정(23.3월 이후)),A,특별계정 계,변액보험,0,33340222000,33340222000,74124003000
631,외국생보사,11434,라이나생명보험주식회사,D,SH163,보험금 현황(특별계정(23.3월 이후)),A,특별계정 계,연금저축,0,0,0,0
632,외국생보사,11434,라이나생명보험주식회사,D,SH163,보험금 현황(특별계정(23.3월 이후)),A,특별계정 계,자산연계형,0,0,0,0
633,외국생보사,11434,라이나생명보험주식회사,D,SH163,보험금 현황(특별계정(23.3월 이후)),A,특별계정 계,퇴직보험,0,0,0,0
634,외국생보사,11434,라이나생명보험주식회사,D,SH163,보험금 현황(특별계정(23.3월 이후)),A,특별계정 계,퇴직연금,0,0,0,0
635,외국생보사,11434,라이나생명보험주식회사,D,SH163,보험금 현황(특별계정(23.3월 이후)),A,특별계정 계,합계,0,33340222000,33340222000,74124003000
636,외국생보사,11434,라이나생명보험주식회사,D,SH163,보험금 현황(특별계정(23.3월 이후)),A1,특별계정 계_사망,변액보험,0,33340222000,33340222000,74124003000
637,외국생보사,11434,라이나생명보험주식회사,D,SH163,보험금 현황(특별계정(23.3월 이후)),A1,특별계정 계_사망,연금저축,0,0,0,0
638,외국생보사,11434,라이나생명보험주식회사,D,SH163,보험금 현황(특별계정(23.3월 이후)),A1,특별계정 계_사망,자산연계형,0,0,0,0
639,외국생보사,11434,라이나생명보험주식회사,D,SH163,보험금 현황(특별계정(23.3월 이후)),A1,특별계정 계_사망,퇴직보험,0,0,0,0
640,외국생보사,11434,라이나생명보험주식회사,D,SH163,보험금 현황(특별계정(23.3월 이후)),A1,특별계정 계_사망,퇴직연금,0,0,0,0
641,외국생보사,11434,라이나생명보험주식회사,D,SH163,보험금 현황(특별계정(23.3월 이후)),A1,특별계정 계_사망,합계,0,33340222000,33340222000,74124003000
642,외국생보사,11434,라이나생명보험주식회사,D,SH163,보험금 현황(특별계정(23.3월 이후)),A2,특별계정 계_재해,변액보험,0,0,0,0
643,외국생보사,11434,라이나생명보험주식회사,D,SH163,보험금 현황(특별계정(23.3월 이후)),A2,특별계정 계_재해,연금저축,0,0,0,0
644,외국생보사,11434,라이나생명보험주식회사,D,SH163,보험금 현황(특별계정(23.3월 이후)),A2,특별계정 계_재해,자산연계형,0,0,0,0
645,외국생보사,11434,라이나생명보험주식회사,D,SH163,보험금 현황(특별계정(23.3월 이후)),A2,특별계정 계_재해,퇴직보험,0,0,0,0
646,외국생보사,11434,라이나생명보험주식회사,D,SH163,보험금 현황(특별계정(23.3월 이후)),A2,특별계정 계_재해,퇴직연금,0,0,0,0
647,외국생보사,11434,라이나생명보험주식회사,D,SH163,보험금 현황(특별계정(23.3월 이후)),A2,특별계정 계_재해,합계,0,0,0,0
648,외국생보사,11434,라이나생명보험주식회사,D,SH163,보험금 현황(특별계정(23.3월 이후)),A3,특별계정 계_만기,변액보험,0,0,0,0
649,외국생보사,11434,라이나생명보험주식회사,D,SH163,보험금 현황(특별계정(23.3월 이후)),A3,특별계정 계_만기,연금저축,0,0,0,0
650,외국생보사,11434,라이나생명보험주식회사,D,SH163,보험금 현황(특별계정(23.3월 이후)),A3,특별계정 계_만기,자산연계형,0,0,0,0
651,외국생보사,11434,라이나생명보험주식회사,D,SH163,보험금 현황(특별계정(23.3월 이후)),A3,특별계정 계_만기,퇴직보험,0,0,0,0
652,외국생보사,11434,라이나생명보험주식회사,D,SH163,보험금 현황(특별계정(23.3월 이후)),A3,특별계정 계_만기,퇴직연금,0,0,0,0
653,외국생보사,11434,라이나생명보험주식회사,D,SH163,보험금 현황(특별계정(23.3월 이후)),A3,특별계정 계_만기,합계,0,0,0,0
654,외국생보사,11434,라이나생명보험주식회사,D,SH163,보험금 현황(특별계정(23.3월 이후)),A4,특별계정 계_퇴직,변액보험,0,0,0,0
655,외국생보사,11434,라이나생명보험주식회사,D,SH163,보험금 현황(특별계정(23.3월 이후)),A4,특별계정 계_퇴직,연금저축,0,0,0,0
656,외국생보사,11434,라이나생명보험주식회사,D,SH163,보험금 현황(특별계정(23.3월 이후)),A4,특별계정 계_퇴직,자산연계형,0,0,0,0
657,외국생보사,11434,라이나생명보험주식회사,D,SH163,보험금 현황(특별계정(23.3월 이후)),A4,특별계정 계_퇴직,퇴직보험,0,0,0,0
658,외국생보사,11434,라이나생명보험주식회사,D,SH163,보험금 현황(특별계정(23.3월 이후)),A4,특별계정 계_퇴직,퇴직연금,0,0,0,0
659,외국생보사,11434,라이나생명보험주식회사,D,SH163,보험금 현황(특별계정(23.3월 이후)),A4,특별계정 계_퇴직,합계,0,0,0,0
