,금융구분,금융회사코드,금융회사명,통계분류,통계표코드,통계표명,코드,구분,200303,200306,200309,200312,200403,200406,200409,200412,200503,200506,200509,200512,200603,200606,200609,200612,200703,200706,200709,200712,200803,200806,200809,200812,200903,200906,200909,200912,201003,201006,201009,201012,201103,201106,201109
0,할부금융사,10255,우리금융캐피탈㈜,B,ST004,요약재무상태표(부채 및 자본)(07.12월 이전),A,부채 및 자본총계,1549646000000.0,1599479000000.0,1618936000000.0,1765755000000.0,1622213000000.0,1643852000000.0,1679472000000.0,1847947000000.0,1908072000000.0,1590818000000.0,1159997000000.0,1419637000000.0,1451313000000.0,1606928000000.0,1639352000000.0,2354837000000.0,2652095000000.0,2811950000000.0,3282468000000.0,3696396000000.0,4311649000000.0,4937108000000.0,5037220000000.0,4600870000000.0,4279433000000.0,3944295000000.0,3772145000000.0,3674498000000.0,3696127000000.0,3586735000000.0,3700174000000.0,3957564000000.0,,,
1,할부금융사,10255,우리금융캐피탈㈜,B,ST004,요약재무상태표(부채 및 자본)(07.12월 이전),A1,부채,1214784000000.0,1225844000000.0,1227872000000.0,1253669000000.0,1124220000000.0,1170321000000.0,1171294000000.0,1237395000000.0,1257454000000.0,870410000000.0,727695000000.0,997730000000.0,1019296000000.0,1143036000000.0,1160410000000.0,1865786000000.0,2138339000000.0,2267517000000.0,2695330000000.0,3086980000000.0,3710534000000.0,4303542000000.0,4380134000000.0,3994335000000.0,3674385000000.0,3283013000000.0,3100162000000.0,3004203000000.0,3031592000000.0,2908504000000.0,3013086000000.0,3267903000000.0,,,
2,할부금융사,10255,우리금융캐피탈㈜,B,ST004,요약재무상태표(부채 및 자본)(07.12월 이전),A11,유동부채,1142219000000.0,1152604000000.0,1150876000000.0,1163215000000.0,1011032000000.0,1028587000000.0,1023010000000.0,1075748000000.0,1082048000000.0,285890000000.0,131096000000.0,290723000000.0,266091000000.0,254214000000.0,240632000000.0,478220000000.0,593075000000.0,702669000000.0,1225257000000.0,942194000000.0,2562904000000.0,3178609000000.0,3068243000000.0,2731444000000.0,2502715000000.0,2190620000000.0,2094708000000.0,2642949000000.0,2694589000000.0,2629091000000.0,2742855000000.0,2795886000000.0,,,
3,할부금융사,10255,우리금융캐피탈㈜,B,ST004,요약재무상태표(부채 및 자본)(07.12월 이전),A111,유동부채_단기차입금,945906000000.0,945906000000.0,945906000000.0,898023000000.0,898023000000.0,898023000000.0,898023000000.0,918023000000.0,918023000000.0,155910000000.0,40000000000.0,165000000000.0,134000000000.0,130000000000.0,120000000000.0,238000000000.0,365300000000.0,362300000000.0,422200000000.0,452870000000.0,523550000000.0,727890000000.0,783090000000.0,511200000000.0,374600000000.0,632493000000.0,591093000000.0,804893000000.0,958213000000.0,903630000000.0,931811000000.0,1159700000000.0,,,
4,할부금융사,10255,우리금융캐피탈㈜,B,ST004,요약재무상태표(부채 및 자본)(07.12월 이전),A112,유동부채_콜머니,0.0,0.0,0.0,0.0,0.0,0.0,0.0,0.0,0.0,0.0,0.0,0.0,0.0,0.0,0.0,0.0,0.0,0.0,0.0,0.0,0.0,0.0,0.0,0.0,0.0,0.0,0.0,0.0,0.0,0.0,0.0,0.0,,,
5,할부금융사,10255,우리금융캐피탈㈜,B,ST004,요약재무상태표(부채 및 자본)(07.12월 이전),A113,유동부채_유동성 사채,0.0,0.0,0.0,40000000000.0,40000000000.0,40000000000.0,40000000000.0,40000000000.0,40000000000.0,40000000000.0,0.0,0.0,0.0,0.0,0.0,10000000000.0,10000000000.0,70000000000.0,200000000000.0,280000000000.0,430000000000.0,710000000000.0,705000000000.0,835000000000.0,925000000000.0,705000000000.0,647548000000.0,526704000000.0,540232000000.0,653412000000.0,610000000000.0,635000000000.0,,,
6,할부금융사,10255,우리금융캐피탈㈜,B,ST004,요약재무상태표(부채 및 자본)(07.12월 이전),A114,유동부채_유동성 장기차입금,0.0,0.0,0.0,0.0,0.0,0.0,0.0,0.0,0.0,0.0,0.0,0.0,0.0,0.0,0.0,0.0,0.0,0.0,0.0,0.0,0.0,0.0,0.0,0.0,0.0,0.0,0.0,0.0,0.0,0.0,0.0,0.0,,,
7,할부금융사,10255,우리금융캐피탈㈜,B,ST004,요약재무상태표(부채 및 자본)(07.12월 이전),A115,유동부채_기타,196313000000.0,206698000000.0,204970000000.0,225192000000.0,73009000000.0,90564000000.0,84987000000.0,117725000000.0,124025000000.0,89980000000.0,91096000000.0,125723000000.0,132091000000.0,124214000000.0,120632000000.0,230220000000.0,217775000000.0,270369000000.0,603057000000.0,209324000000.0,1609354000000.0,1740719000000.0,1580153000000.0,1385244000000.0,1203115000000.0,853127000000.0,856067000000.0,1311352000000.0,1196144000000.0,1072049000000.0,1201044000000.0,1001186000000.0,,,
8,할부금융사,10255,우리금융캐피탈㈜,B,ST004,요약재무상태표(부채 및 자본)(07.12월 이전),A12,복권회계 부채,0.0,0.0,0.0,0.0,0.0,0.0,0.0,0.0,0.0,0.0,0.0,0.0,0.0,0.0,0.0,0.0,0.0,0.0,0.0,0.0,0.0,0.0,0.0,0.0,0.0,0.0,0.0,0.0,0.0,0.0,0.0,0.0,,,
9,할부금융사,10255,우리금융캐피탈㈜,B,ST004,요약재무상태표(부채 및 자본)(07.12월 이전),A13,고정부채,72565000000.0,73240000000.0,76996000000.0,90454000000.0,113188000000.0,141734000000.0,148284000000.0,161647000000.0,175406000000.0,584520000000.0,596599000000.0,707007000000.0,753205000000.0,888822000000.0,919778000000.0,1387566000000.0,1545264000000.0,1564848000000.0,1470073000000.0,2144786000000.0,1573641000000.0,1905006000000.0,1789440000000.0,1724531000000.0,1682402000000.0,1418127000000.0,1363615000000.0,1288056000000.0,1286376000000.0,1404641000000.0,1511044000000.0,1576186000000.0,,,
10,할부금융사,10255,우리금융캐피탈㈜,B,ST004,요약재무상태표(부채 및 자본)(07.12월 이전),A131,고정부채_사 채,0.0,0.0,0.0,0.0,0.0,0.0,0.0,0.0,0.0,0.0,70000000000.0,150000000000.0,170000000000.0,320000000000.0,430000000000.0,600000000000.0,760000000000.0,730000000000.0,764340000000.0,945674000000.0,1149419000000.0,1203038000000.0,1091262000000.0,895450000000.0,762626000000.0,717082000000.0,720000000000.0,765000000000.0,750000000000.0,755000000000.0,905000000000.0,945000000000.0,,,
11,할부금융사,10255,우리금융캐피탈㈜,B,ST004,요약재무상태표(부채 및 자본)(07.12월 이전),A132,고정부채_장기차입금,10000000000.0,10000000000.0,0.0,0.0,0.0,0.0,0.0,0.0,0.0,385713000000.0,315713000000.0,315713000000.0,315713000000.0,315713000000.0,245713000000.0,245713000000.0,245713000000.0,245713000000.0,395713000000.0,395713000000.0,465713000000.0,545713000000.0,495713000000.0,495713000000.0,445713000000.0,140000000000.0,140000000000.0,550000000000.0,450000000000.0,320820000000.0,300000000000.0,60000000000.0,,,
12,할부금융사,10255,우리금융캐피탈㈜,B,ST004,요약재무상태표(부채 및 자본)(07.12월 이전),A133,고정부채_기타,62565000000.0,63240000000.0,76996000000.0,90454000000.0,113188000000.0,141734000000.0,148284000000.0,161647000000.0,175406000000.0,198807000000.0,210886000000.0,241294000000.0,267492000000.0,253109000000.0,244065000000.0,541853000000.0,539551000000.0,589135000000.0,310020000000.0,803399000000.0,-41491000000.0,156255000000.0,202465000000.0,333368000000.0,474063000000.0,561045000000.0,503615000000.0,-26944000000.0,86376000000.0,328821000000.0,306044000000.0,571186000000.0,,,
13,할부금융사,10255,우리금융캐피탈㈜,B,ST004,요약재무상태표(부채 및 자본)(07.12월 이전),A2,자본,334862000000.0,373635000000.0,391064000000.0,512086000000.0,497993000000.0,473531000000.0,508178000000.0,610552000000.0,650618000000.0,720408000000.0,432302000000.0,421907000000.0,432017000000.0,463892000000.0,478942000000.0,489051000000.0,513756000000.0,544433000000.0,587138000000.0,609416000000.0,601115000000.0,633566000000.0,657086000000.0,606535000000.0,605048000000.0,661282000000.0,671983000000.0,670295000000.0,664535000000.0,678231000000.0,687088000000.0,689661000000.0,,,
14,할부금융사,10255,우리금융캐피탈㈜,B,ST004,요약재무상태표(부채 및 자본)(07.12월 이전),A21,자본_자본금,450000000000.0,450000000000.0,450000000000.0,450000000000.0,450000000000.0,450000000000.0,450000000000.0,450000000000.0,450000000000.0,450000000000.0,250000000000.0,250000000000.0,250000000000.0,250000000000.0,250000000000.0,250000000000.0,250000000000.0,250000000000.0,250000000000.0,257000000000.0,257000000000.0,257000000000.0,257000000000.0,257000000000.0,257000000000.0,286000000000.0,286000000000.0,286000000000.0,286000000000.0,286000000000.0,286000000000.0,286000000000.0,,,
15,할부금융사,10255,우리금융캐피탈㈜,B,ST004,요약재무상태표(부채 및 자본)(07.12월 이전),A22,자본_자본잉여금,0.0,0.0,0.0,0.0,0.0,0.0,0.0,0.0,0.0,0.0,0.0,0.0,0.0,0.0,0.0,0.0,0.0,0.0,0.0,3927000000.0,3927000000.0,3927000000.0,3927000000.0,3927000000.0,3927000000.0,20355000000.0,20355000000.0,20355000000.0,20355000000.0,20355000000.0,20355000000.0,20355000000.0,,,
16,할부금융사,10255,우리금융캐피탈㈜,B,ST004,요약재무상태표(부채 및 자본)(07.12월 이전),A23,자본_이익잉여금(결손금),-96480000000.0,-86238000000.0,-72476000000.0,-8407000000.0,-3780000000.0,9010000000.0,14426000000.0,42160000000.0,31836000000.0,69922000000.0,182302000000.0,171907000000.0,182017000000.0,213892000000.0,228942000000.0,239051000000.0,263756000000.0,294433000000.0,337138000000.0,348768000000.0,344996000000.0,372100000000.0,397220000000.0,355309000000.0,355340000000.0,363451000000.0,370037000000.0,367782000000.0,362979000000.0,376133000000.0,384149000000.0,384480000000.0,,,
17,할부금융사,10255,우리금융캐피탈㈜,B,ST004,요약재무상태표(부채 및 자본)(07.12월 이전),A24,자본_자본조정,-18658000000.0,9873000000.0,13540000000.0,70493000000.0,51773000000.0,14521000000.0,43752000000.0,118392000000.0,168782000000.0,200486000000.0,0.0,0.0,0.0,0.0,0.0,0.0,0.0,0.0,0.0,-279000000.0,0.0,0.0,0.0,0.0,-1975000000.0,-1975000000.0,-1975000000.0,-1975000000.0,-1975000000.0,-1975000000.0,-1975000000.0,-1975000000.0,,,
18,할부금융사,10256,코스모캐피탈㈜,B,ST004,요약재무상태표(부채 및 자본)(07.12월 이전),A,부채 및 자본총계,27703000000.0,29016000000.0,27096000000.0,24546000000.0,21187000000.0,20602000000.0,19171000000.0,18722000000.0,27121000000.0,26221000000.0,27715000000.0,28986000000.0,32439000000.0,29416000000.0,30168000000.0,30412000000.0,30847000000.0,32262000000.0,31900000000.0,34103000000.0,34924000000.0,35188000000.0,36666000000.0,32081000000.0,31791000000.0,29992000000.0,29491000000.0,29817000000.0,30759000000.0,30961000000.0,32460000000.0,32109000000.0,0.0,0.0,0.0
19,할부금융사,10256,코스모캐피탈㈜,B,ST004,요약재무상태표(부채 및 자본)(07.12월 이전),A1,부채,14661000000.0,15141000000.0,13485000000.0,10470000000.0,8961000000.0,7369000000.0,5749000000.0,3942000000.0,12370000000.0,10691000000.0,10804000000.0,10796000000.0,14121000000.0,11293000000.0,11261000000.0,10818000000.0,11078000000.0,11163000000.0,11201000000.0,10958000000.0,11772000000.0,11593000000.0,11981000000.0,8376000000.0,7758000000.0,3924000000.0,3034000000.0,3319000000.0,4046000000.0,3592000000.0,4521000000.0,2940000000.0,0.0,0.0,0.0
20,할부금융사,10256,코스모캐피탈㈜,B,ST004,요약재무상태표(부채 및 자본)(07.12월 이전),A11,유동부채,4655000000.0,5070000000.0,3436000000.0,7033000000.0,5524000000.0,3911000000.0,2291000000.0,3907000000.0,12337000000.0,10602000000.0,10715000000.0,10649000000.0,13975000000.0,11084000000.0,11052000000.0,10562000000.0,10828000000.0,10837000000.0,10875000000.0,10568000000.0,10000000000.0,10200000000.0,10000000000.0,6900000000.0,6500000000.0,2800000000.0,1800000000.0,1800000000.0,2490000000.0,0.0,0.0,0.0,0.0,0.0,0.0
21,할부금융사,10256,코스모캐피탈㈜,B,ST004,요약재무상태표(부채 및 자본)(07.12월 이전),A111,유동부채_단기차입금,0.0,0.0,0.0,0.0,0.0,0.0,0.0,0.0,0.0,0.0,0.0,0.0,0.0,0.0,0.0,0.0,0.0,0.0,0.0,0.0,0.0,200000000.0,0.0,0.0,0.0,0.0,0.0,0.0,690000000.0,0.0,0.0,0.0,0.0,0.0,0.0
22,할부금융사,10256,코스모캐피탈㈜,B,ST004,요약재무상태표(부채 및 자본)(07.12월 이전),A112,유동부채_콜머니,0.0,0.0,0.0,0.0,0.0,0.0,0.0,0.0,0.0,0.0,0.0,0.0,0.0,0.0,0.0,0.0,0.0,0.0,0.0,0.0,0.0,0.0,0.0,0.0,0.0,0.0,0.0,0.0,0.0,0.0,0.0,0.0,0.0,0.0,0.0
23,할부금융사,10256,코스모캐피탈㈜,B,ST004,요약재무상태표(부채 및 자본)(07.12월 이전),A113,유동부채_유동성 사채,0.0,0.0,0.0,0.0,0.0,0.0,0.0,0.0,10000000000.0,10000000000.0,10000000000.0,10000000000.0,13200000000.0,10000000000.0,10000000000.0,10000000000.0,10000000000.0,10000000000.0,10000000000.0,10000000000.0,10000000000.0,10000000000.0,10000000000.0,6900000000.0,6500000000.0,2800000000.0,1800000000.0,1800000000.0,1800000000.0,0.0,0.0,0.0,0.0,0.0,0.0
24,할부금융사,10256,코스모캐피탈㈜,B,ST004,요약재무상태표(부채 및 자본)(07.12월 이전),A114,유동부채_유동성 장기차입금,2952000000.0,3146000000.0,1584000000.0,6570000000.0,4964000000.0,3335000000.0,1680000000.0,3436000000.0,1732000000.0,0.0,0.0,0.0,0.0,0.0,0.0,0.0,0.0,0.0,0.0,0.0,0.0,0.0,0.0,0.0,0.0,0.0,0.0,0.0,0.0,0.0,0.0,0.0,0.0,0.0,0.0
25,할부금융사,10256,코스모캐피탈㈜,B,ST004,요약재무상태표(부채 및 자본)(07.12월 이전),A115,유동부채_기타,1703000000.0,1924000000.0,1852000000.0,463000000.0,560000000.0,576000000.0,611000000.0,471000000.0,605000000.0,602000000.0,715000000.0,649000000.0,775000000.0,1084000000.0,1052000000.0,562000000.0,828000000.0,837000000.0,875000000.0,568000000.0,0.0,0.0,0.0,0.0,0.0,0.0,0.0,0.0,0.0,0.0,0.0,0.0,0.0,0.0,0.0
26,할부금융사,10256,코스모캐피탈㈜,B,ST004,요약재무상태표(부채 및 자본)(07.12월 이전),A12,복권회계 부채,0.0,0.0,0.0,0.0,0.0,0.0,0.0,0.0,0.0,0.0,0.0,0.0,0.0,0.0,0.0,0.0,0.0,0.0,0.0,0.0,0.0,0.0,0.0,0.0,0.0,0.0,0.0,0.0,0.0,0.0,0.0,0.0,0.0,0.0,0.0
27,할부금융사,10256,코스모캐피탈㈜,B,ST004,요약재무상태표(부채 및 자본)(07.12월 이전),A13,고정부채,10006000000.0,10071000000.0,10049000000.0,3437000000.0,3437000000.0,3458000000.0,3458000000.0,35000000.0,33000000.0,89000000.0,89000000.0,147000000.0,146000000.0,209000000.0,209000000.0,256000000.0,250000000.0,326000000.0,326000000.0,390000000.0,10000000000.0,10000000000.0,10000000000.0,6900000000.0,6500000000.0,2800000000.0,1800000000.0,1800000000.0,1800000000.0,0.0,0.0,0.0,0.0,0.0,0.0
28,할부금융사,10256,코스모캐피탈㈜,B,ST004,요약재무상태표(부채 및 자본)(07.12월 이전),A131,고정부채_사 채,0.0,0.0,0.0,0.0,0.0,0.0,0.0,0.0,0.0,0.0,0.0,0.0,0.0,0.0,0.0,0.0,0.0,0.0,0.0,0.0,0.0,0.0,0.0,0.0,0.0,0.0,0.0,0.0,0.0,0.0,0.0,0.0,0.0,0.0,0.0
29,할부금융사,10256,코스모캐피탈㈜,B,ST004,요약재무상태표(부채 및 자본)(07.12월 이전),A132,고정부채_장기차입금,10499000000.0,10499000000.0,10499000000.0,3500000000.0,3500000000.0,3500000000.0,3500000000.0,0.0,0.0,0.0,0.0,0.0,0.0,0.0,0.0,0.0,0.0,0.0,0.0,0.0,0.0,0.0,0.0,0.0,0.0,0.0,0.0,0.0,0.0,0.0,0.0,0.0,0.0,0.0,0.0
30,할부금융사,10256,코스모캐피탈㈜,B,ST004,요약재무상태표(부채 및 자본)(07.12월 이전),A133,고정부채_기타,-493000000.0,-428000000.0,-450000000.0,-63000000.0,-63000000.0,-42000000.0,-42000000.0,35000000.0,33000000.0,89000000.0,89000000.0,147000000.0,146000000.0,209000000.0,209000000.0,256000000.0,250000000.0,326000000.0,326000000.0,390000000.0,10000000000.0,10000000000.0,10000000000.0,6900000000.0,6500000000.0,2800000000.0,1800000000.0,1800000000.0,1800000000.0,0.0,0.0,0.0,0.0,0.0,0.0
31,할부금융사,10256,코스모캐피탈㈜,B,ST004,요약재무상태표(부채 및 자본)(07.12월 이전),A2,자본,13042000000.0,13875000000.0,13611000000.0,14076000000.0,12226000000.0,13233000000.0,13422000000.0,14780000000.0,14751000000.0,15530000000.0,16911000000.0,18190000000.0,18318000000.0,18123000000.0,18907000000.0,19594000000.0,19769000000.0,21099000000.0,20699000000.0,23145000000.0,23152000000.0,23595000000.0,24685000000.0,23705000000.0,24033000000.0,26068000000.0,26457000000.0,26498000000.0,26713000000.0,27369000000.0,27939000000.0,29169000000.0,0.0,0.0,0.0
32,할부금융사,10256,코스모캐피탈㈜,B,ST004,요약재무상태표(부채 및 자본)(07.12월 이전),A21,자본_자본금,25500000000.0,25500000000.0,25500000000.0,25500000000.0,25500000000.0,25500000000.0,25500000000.0,25500000000.0,25500000000.0,25500000000.0,25500000000.0,25500000000.0,25500000000.0,25500000000.0,25500000000.0,25500000000.0,25500000000.0,25500000000.0,25500000000.0,25500000000.0,25500000000.0,25500000000.0,25500000000.0,25500000000.0,25500000000.0,25500000000.0,25500000000.0,25500000000.0,25500000000.0,25500000000.0,25500000000.0,25500000000.0,0.0,0.0,0.0
33,할부금융사,10256,코스모캐피탈㈜,B,ST004,요약재무상태표(부채 및 자본)(07.12월 이전),A22,자본_자본잉여금,9238000000.0,9238000000.0,9238000000.0,0.0,0.0,0.0,0.0,0.0,0.0,0.0,0.0,0.0,0.0,0.0,0.0,0.0,0.0,0.0,0.0,0.0,0.0,0.0,0.0,0.0,0.0,0.0,0.0,0.0,0.0,0.0,0.0,0.0,0.0,0.0,0.0
34,할부금융사,10256,코스모캐피탈㈜,B,ST004,요약재무상태표(부채 및 자본)(07.12월 이전),A23,자본_이익잉여금(결손금),-21696000000.0,-20810000000.0,-21074000000.0,-11371000000.0,-13221000000.0,-12214000000.0,-12025000000.0,-10667000000.0,-10696000000.0,-9917000000.0,-8536000000.0,-7257000000.0,-7129000000.0,-7324000000.0,-6540000000.0,-5853000000.0,-5678000000.0,-4348000000.0,-4748000000.0,-2302000000.0,-2296000000.0,-1853000000.0,-763000000.0,-1743000000.0,-1414000000.0,621000000.0,1010000000.0,1051000000.0,1213000000.0,1869000000.0,2439000000.0,3669000000.0,0.0,0.0,0.0
35,할부금융사,10256,코스모캐피탈㈜,B,ST004,요약재무상태표(부채 및 자본)(07.12월 이전),A24,자본_자본조정,0.0,-53000000.0,-53000000.0,-53000000.0,-53000000.0,-53000000.0,-53000000.0,-53000000.0,-53000000.0,-53000000.0,-53000000.0,-53000000.0,-53000000.0,-53000000.0,-53000000.0,-53000000.0,-53000000.0,-53000000.0,-53000000.0,-53000000.0,-52000000.0,-52000000.0,-52000000.0,-52000000.0,-53000000.0,-53000000.0,-53000000.0,-53000000.0,0.0,0.0,0.0,0.0,0.0,0.0,0.0
36,할부금융사,10257,디비캐피탈㈜,B,ST004,요약재무상태표(부채 및 자본)(07.12월 이전),A,부채 및 자본총계,103724000000.0,82315000000.0,64776000000.0,72771000000.0,78197000000.0,67783000000.0,65745000000.0,74194000000.0,72845000000.0,71386000000.0,103988000000.0,111514000000.0,150220000000.0,140911000000.0,136241000000.0,153733000000.0,133958000000.0,153787000000.0,151627000000.0,162684000000.0,187416000000.0,191420000000.0,188014000000.0,158713000000.0,132895000000.0,110251000000.0,103172000000.0,105488000000.0,143629000000.0,151135000000.0,141800000000.0,149041000000.0,0.0,0.0,
37,할부금융사,10257,디비캐피탈㈜,B,ST004,요약재무상태표(부채 및 자본)(07.12월 이전),A1,부채,69995000000.0,48214000000.0,30365000000.0,38094000000.0,44389000000.0,33281000000.0,31339000000.0,38538000000.0,37688000000.0,35432000000.0,67191000000.0,73711000000.0,111402000000.0,101879000000.0,96146000000.0,111673000000.0,91727000000.0,110279000000.0,107288000000.0,117651000000.0,143046000000.0,146382000000.0,142257000000.0,113598000000.0,87262000000.0,63714000000.0,56093000000.0,58111000000.0,96035000000.0,104149000000.0,94490000000.0,101529000000.0,0.0,0.0,
38,할부금융사,10257,디비캐피탈㈜,B,ST004,요약재무상태표(부채 및 자본)(07.12월 이전),A11,유동부채,69982000000.0,48199000000.0,30335000000.0,38094000000.0,44381000000.0,33256000000.0,25299000000.0,38538000000.0,37673000000.0,30432000000.0,60068000000.0,71713000000.0,93402000000.0,85658000000.0,96105000000.0,104688000000.0,91716000000.0,110249000000.0,107249000000.0,117651000000.0,138664000000.0,142804000000.0,139010000000.0,110794000000.0,85094000000.0,61594000000.0,53900000000.0,55900000000.0,93500000000.0,101550000000.0,91840000000.0,98795000000.0,0.0,0.0,
39,할부금융사,10257,디비캐피탈㈜,B,ST004,요약재무상태표(부채 및 자본)(07.12월 이전),A111,유동부채_단기차입금,67778000000.0,47276000000.0,29500000000.0,37500000000.0,42500000000.0,32300000000.0,24310000000.0,31794000000.0,29982000000.0,23102000000.0,58571000000.0,64902000000.0,79418000000.0,72395000000.0,67929000000.0,82060000000.0,63000000000.0,72300000000.0,77640000000.0,88130000000.0,111669000000.0,115807000000.0,112019000000.0,100800000000.0,75100000000.0,51600000000.0,53900000000.0,55900000000.0,73000000000.0,81050000000.0,76340000000.0,88295000000.0,0.0,0.0,
40,할부금융사,10257,디비캐피탈㈜,B,ST004,요약재무상태표(부채 및 자본)(07.12월 이전),A112,유동부채_콜머니,0.0,0.0,0.0,0.0,0.0,0.0,0.0,0.0,0.0,0.0,0.0,0.0,0.0,0.0,0.0,0.0,0.0,0.0,0.0,0.0,0.0,0.0,0.0,0.0,0.0,0.0,0.0,0.0,0.0,0.0,0.0,0.0,0.0,0.0,
41,할부금융사,10257,디비캐피탈㈜,B,ST004,요약재무상태표(부채 및 자본)(07.12월 이전),A113,유동부채_유동성 사채,0.0,0.0,0.0,0.0,0.0,0.0,0.0,0.0,6000000000.0,6000000000.0,0.0,5000000000.0,7000000000.0,7000000000.0,22378000000.0,19150000000.0,0.0,0.0,0.0,0.0,17000000000.0,27000000000.0,27000000000.0,10000000000.0,10000000000.0,10000000000.0,0.0,0.0,20500000000.0,20500000000.0,15500000000.0,10500000000.0,0.0,0.0,
42,할부금융사,10257,디비캐피탈㈜,B,ST004,요약재무상태표(부채 및 자본)(07.12월 이전),A114,유동부채_유동성 장기차입금,0.0,0.0,0.0,0.0,0.0,0.0,0.0,0.0,0.0,0.0,0.0,0.0,0.0,0.0,0.0,0.0,0.0,0.0,0.0,0.0,0.0,0.0,0.0,0.0,0.0,0.0,0.0,0.0,0.0,0.0,0.0,0.0,0.0,0.0,
43,할부금융사,10257,디비캐피탈㈜,B,ST004,요약재무상태표(부채 및 자본)(07.12월 이전),A115,유동부채_기타,2204000000.0,923000000.0,835000000.0,594000000.0,1881000000.0,956000000.0,989000000.0,6744000000.0,1691000000.0,1330000000.0,1497000000.0,1811000000.0,6984000000.0,6263000000.0,5798000000.0,3478000000.0,28716000000.0,37949000000.0,29609000000.0,29521000000.0,9995000000.0,-3000000.0,-9000000.0,-6000000.0,-6000000.0,-6000000.0,0.0,0.0,0.0,0.0,0.0,0.0,0.0,0.0,
44,할부금융사,10257,디비캐피탈㈜,B,ST004,요약재무상태표(부채 및 자본)(07.12월 이전),A12,복권회계 부채,0.0,0.0,0.0,0.0,0.0,0.0,0.0,0.0,0.0,0.0,0.0,0.0,0.0,0.0,0.0,0.0,0.0,0.0,0.0,0.0,0.0,0.0,0.0,0.0,0.0,0.0,0.0,0.0,0.0,0.0,0.0,0.0,0.0,0.0,
45,할부금융사,10257,디비캐피탈㈜,B,ST004,요약재무상태표(부채 및 자본)(07.12월 이전),A13,고정부채,13000000.0,15000000.0,30000000.0,0.0,8000000.0,25000000.0,6040000000.0,0.0,15000000.0,5000000000.0,7123000000.0,1998000000.0,18000000000.0,16221000000.0,41000000.0,6985000000.0,11000000.0,30000000.0,39000000.0,0.0,26995000000.0,26997000000.0,26991000000.0,9994000000.0,9994000000.0,9994000000.0,0.0,0.0,20500000000.0,20500000000.0,15500000000.0,10500000000.0,0.0,0.0,
46,할부금융사,10257,디비캐피탈㈜,B,ST004,요약재무상태표(부채 및 자본)(07.12월 이전),A131,고정부채_사 채,0.0,0.0,0.0,0.0,0.0,0.0,6000000000.0,0.0,0.0,5000000000.0,7000000000.0,2000000000.0,18000000000.0,16228000000.0,0.0,7000000000.0,0.0,0.0,0.0,0.0,10000000000.0,0.0,0.0,0.0,0.0,0.0,0.0,0.0,0.0,0.0,0.0,0.0,0.0,0.0,
47,할부금융사,10257,디비캐피탈㈜,B,ST004,요약재무상태표(부채 및 자본)(07.12월 이전),A132,고정부채_장기차입금,0.0,0.0,0.0,0.0,0.0,0.0,0.0,0.0,0.0,0.0,0.0,0.0,0.0,0.0,0.0,0.0,0.0,0.0,0.0,0.0,0.0,0.0,0.0,0.0,0.0,0.0,0.0,0.0,0.0,0.0,0.0,0.0,0.0,0.0,
48,할부금융사,10257,디비캐피탈㈜,B,ST004,요약재무상태표(부채 및 자본)(07.12월 이전),A133,고정부채_기타,13000000.0,15000000.0,30000000.0,0.0,8000000.0,25000000.0,40000000.0,0.0,15000000.0,0.0,123000000.0,-2000000.0,0.0,-7000000.0,41000000.0,-15000000.0,11000000.0,30000000.0,39000000.0,0.0,16995000000.0,26997000000.0,26991000000.0,9994000000.0,9994000000.0,9994000000.0,0.0,0.0,20500000000.0,20500000000.0,15500000000.0,10500000000.0,0.0,0.0,
49,할부금융사,10257,디비캐피탈㈜,B,ST004,요약재무상태표(부채 및 자본)(07.12월 이전),A2,자본,33729000000.0,34101000000.0,34411000000.0,34677000000.0,33808000000.0,34502000000.0,34406000000.0,35656000000.0,35157000000.0,35954000000.0,36797000000.0,37803000000.0,38818000000.0,39032000000.0,40095000000.0,42060000000.0,42231000000.0,43508000000.0,44339000000.0,45033000000.0,44370000000.0,45038000000.0,45757000000.0,45115000000.0,45633000000.0,46537000000.0,47079000000.0,47377000000.0,47594000000.0,46986000000.0,47310000000.0,47512000000.0,0.0,0.0,
50,할부금융사,10257,디비캐피탈㈜,B,ST004,요약재무상태표(부채 및 자본)(07.12월 이전),A21,자본_자본금,20000000000.0,20000000000.0,20000000000.0,20000000000.0,20000000000.0,20000000000.0,20000000000.0,20000000000.0,20000000000.0,20000000000.0,20000000000.0,20000000000.0,20000000000.0,20000000000.0,20000000000.0,20000000000.0,20000000000.0,20000000000.0,20000000000.0,20000000000.0,20000000000.0,20000000000.0,20000000000.0,20000000000.0,20000000000.0,20000000000.0,20000000000.0,20000000000.0,20000000000.0,20000000000.0,20000000000.0,20000000000.0,0.0,0.0,
51,할부금융사,10257,디비캐피탈㈜,B,ST004,요약재무상태표(부채 및 자본)(07.12월 이전),A22,자본_자본잉여금,0.0,0.0,0.0,0.0,0.0,0.0,0.0,0.0,0.0,0.0,0.0,0.0,0.0,0.0,0.0,0.0,0.0,0.0,0.0,0.0,0.0,0.0,0.0,0.0,0.0,0.0,0.0,0.0,0.0,0.0,0.0,0.0,0.0,0.0,
52,할부금융사,10257,디비캐피탈㈜,B,ST004,요약재무상태표(부채 및 자본)(07.12월 이전),A23,자본_이익잉여금(결손금),13687000000.0,14044000000.0,14408000000.0,14677000000.0,14015000000.0,14295000000.0,14613000000.0,15863000000.0,15352000000.0,16149000000.0,16956000000.0,17978000000.0,18888000000.0,19097000000.0,20206000000.0,21984000000.0,22036000000.0,23550000000.0,24339000000.0,25033000000.0,24370000000.0,25038000000.0,25757000000.0,25115000000.0,25633000000.0,26537000000.0,27079000000.0,27377000000.0,27594000000.0,26986000000.0,27310000000.0,27512000000.0,0.0,0.0,
53,할부금융사,10257,디비캐피탈㈜,B,ST004,요약재무상태표(부채 및 자본)(07.12월 이전),A24,자본_자본조정,42000000.0,57000000.0,3000000.0,0.0,-207000000.0,207000000.0,-207000000.0,-207000000.0,-195000000.0,-195000000.0,-159000000.0,-175000000.0,-70000000.0,-65000000.0,-111000000.0,76000000.0,195000000.0,-42000000.0,0.0,0.0,0.0,0.0,0.0,0.0,0.0,0.0,0.0,0.0,0.0,0.0,0.0,0.0,0.0,0.0,
54,할부금융사,10259,롯데캐피탈㈜,B,ST004,요약재무상태표(부채 및 자본)(07.12월 이전),A,부채 및 자본총계,1314606000000.0,1158987000000.0,1302865000000.0,1135050000000.0,1212208000000.0,996710000000.0,978154000000.0,897960000000.0,850962000000.0,886872000000.0,960797000000.0,962564000000.0,898457000000.0,920197000000.0,1044230000000.0,1235734000000.0,1365674000000.0,1518281000000.0,1934907000000.0,2165821000000.0,2288670000000.0,2491171000000.0,2687433000000.0,2485718000000.0,2580122000000.0,2714029000000.0,2817841000000.0,2956443000000.0,3030555000000.0,3099633000000.0,3063767000000.0,3335261000000.0,0.0,,
55,할부금융사,10259,롯데캐피탈㈜,B,ST004,요약재무상태표(부채 및 자본)(07.12월 이전),A1,부채,1167657000000.0,1040930000000.0,1199682000000.0,1061054000000.0,1137208000000.0,932584000000.0,919740000000.0,802576000000.0,747000000000.0,778341000000.0,850248000000.0,842525000000.0,767876000000.0,780804000000.0,889628000000.0,1072944000000.0,1183537000000.0,1328376000000.0,1736077000000.0,1947171000000.0,2061329000000.0,2250259000000.0,2435581000000.0,2199801000000.0,2275690000000.0,2397550000000.0,2481392000000.0,2603245000000.0,2666825000000.0,2722764000000.0,2671627000000.0,2929192000000.0,0.0,,
56,할부금융사,10259,롯데캐피탈㈜,B,ST004,요약재무상태표(부채 및 자본)(07.12월 이전),A11,유동부채,967485000000.0,980764000000.0,1169334000000.0,979928000000.0,1071308000000.0,795901000000.0,714177000000.0,576604000000.0,549563000000.0,517842000000.0,518899000000.0,494576000000.0,338522000000.0,328598000000.0,469659000000.0,665696000000.0,744981000000.0,808579000000.0,1184795000000.0,1275112000000.0,1998050000000.0,2180977000000.0,2341837000000.0,2097008000000.0,2173148000000.0,2304697000000.0,2393800000000.0,2519881000000.0,2576890000000.0,2619993000000.0,2575989000000.0,2827505000000.0,0.0,,
57,할부금융사,10259,롯데캐피탈㈜,B,ST004,요약재무상태표(부채 및 자본)(07.12월 이전),A111,유동부채_단기차입금,783500000000.0,785304000000.0,862281000000.0,682051000000.0,733423000000.0,544698000000.0,543341000000.0,406946000000.0,341460000000.0,299688000000.0,310808000000.0,300808000000.0,215000000000.0,215000000000.0,320000000000.0,486000000000.0,514480000000.0,543000000000.0,886120000000.0,977332000000.0,966761000000.0,959982000000.0,934063000000.0,739684000000.0,715869000000.0,770094000000.0,689986000000.0,722840000000.0,662588000000.0,649869000000.0,528434000000.0,560796000000.0,0.0,,
58,할부금융사,10259,롯데캐피탈㈜,B,ST004,요약재무상태표(부채 및 자본)(07.12월 이전),A112,유동부채_콜머니,50000000000.0,0.0,0.0,0.0,0.0,0.0,0.0,0.0,0.0,0.0,0.0,0.0,0.0,0.0,0.0,0.0,0.0,0.0,0.0,0.0,0.0,0.0,0.0,0.0,0.0,0.0,0.0,0.0,0.0,0.0,0.0,0.0,0.0,,
59,할부금융사,10259,롯데캐피탈㈜,B,ST004,요약재무상태표(부채 및 자본)(07.12월 이전),A113,유동부채_유동성 사채,90000000000.0,140000000000.0,220000000000.0,210000000000.0,240000000000.0,200000000000.0,150000000000.0,160000000000.0,200000000000.0,210000000000.0,200000000000.0,185000000000.0,114660000000.0,84660000000.0,114660000000.0,149660000000.0,200000000000.0,220000000000.0,240000000000.0,180000000000.0,210000000000.0,210000000000.0,170000000000.0,270000000000.0,340000000000.0,480000000000.0,660000000000.0,610000000000.0,727619000000.0,772760000000.0,772717000000.0,748898000000.0,0.0,,
60,할부금융사,10259,롯데캐피탈㈜,B,ST004,요약재무상태표(부채 및 자본)(07.12월 이전),A114,유동부채_유동성 장기차입금,35000000000.0,50000000000.0,80000000000.0,80000000000.0,91560000000.0,41588000000.0,11616000000.0,0.0,0.0,0.0,0.0,0.0,0.0,20000000000.0,20000000000.0,20000000000.0,20000000000.0,30000000000.0,42000000000.0,40000000000.0,80000000000.0,80000000000.0,20000000000.0,40000000000.0,20000000000.0,40000000000.0,40000000000.0,40000000000.0,20000000000.0,20000000000.0,0.0,0.0,0.0,,
61,할부금융사,10259,롯데캐피탈㈜,B,ST004,요약재무상태표(부채 및 자본)(07.12월 이전),A115,유동부채_기타,8985000000.0,5460000000.0,7053000000.0,7877000000.0,6325000000.0,9615000000.0,9220000000.0,9658000000.0,8103000000.0,8154000000.0,8091000000.0,8768000000.0,8862000000.0,8938000000.0,14999000000.0,10036000000.0,10501000000.0,15579000000.0,16675000000.0,77780000000.0,741289000000.0,930995000000.0,1217774000000.0,1047324000000.0,1097279000000.0,1014603000000.0,1003814000000.0,1147041000000.0,1166683000000.0,1177364000000.0,1274838000000.0,1517811000000.0,0.0,,
62,할부금융사,10259,롯데캐피탈㈜,B,ST004,요약재무상태표(부채 및 자본)(07.12월 이전),A12,복권회계 부채,0.0,0.0,0.0,0.0,0.0,0.0,0.0,0.0,0.0,0.0,0.0,0.0,0.0,0.0,0.0,0.0,0.0,0.0,0.0,0.0,0.0,0.0,0.0,0.0,0.0,0.0,0.0,0.0,0.0,0.0,0.0,0.0,0.0,,
63,할부금융사,10259,롯데캐피탈㈜,B,ST004,요약재무상태표(부채 및 자본)(07.12월 이전),A13,고정부채,200172000000.0,60166000000.0,30348000000.0,81126000000.0,65900000000.0,136683000000.0,205563000000.0,225973000000.0,197436000000.0,260499000000.0,331349000000.0,347949000000.0,429354000000.0,452206000000.0,419969000000.0,407247000000.0,438556000000.0,519797000000.0,551283000000.0,672059000000.0,871289000000.0,1100995000000.0,1347202000000.0,1296976000000.0,1437279000000.0,1494603000000.0,1663814000000.0,1757041000000.0,1885048000000.0,1920299000000.0,1940472000000.0,2101735000000.0,0.0,,
64,할부금융사,10259,롯데캐피탈㈜,B,ST004,요약재무상태표(부채 및 자본)(07.12월 이전),A131,고정부채_사 채,20000000000.0,20000000000.0,20000000000.0,70000000000.0,60000000000.0,130000000000.0,195000000000.0,215000000000.0,184660000000.0,224660000000.0,294660000000.0,309660000000.0,390000000000.0,410000000000.0,380000000000.0,360000000000.0,330000000000.0,390000000000.0,440000000000.0,560000000000.0,605007000000.0,834363000000.0,1060048000000.0,968786000000.0,1014518000000.0,931770000000.0,981158000000.0,1034199000000.0,1090000000000.0,1080000000000.0,1100000000000.0,1355000000000.0,0.0,,
65,할부금융사,10259,롯데캐피탈㈜,B,ST004,요약재무상태표(부채 및 자본)(07.12월 이전),A132,고정부채_장기차입금,180000000000.0,40000000000.0,10000000000.0,10000000000.0,3314000000.0,2906000000.0,2492000000.0,0.0,0.0,20000000000.0,20000000000.0,20000000000.0,20000000000.0,20000000000.0,20000000000.0,20000000000.0,80000000000.0,100000000000.0,80000000000.0,80000000000.0,80000000000.0,40000000000.0,40572000000.0,20348000000.0,0.0,0.0,0.0,0.0,9254000000.0,29825000000.0,107083000000.0,164974000000.0,0.0,,
66,할부금융사,10259,롯데캐피탈㈜,B,ST004,요약재무상태표(부채 및 자본)(07.12월 이전),A133,고정부채_기타,172000000.0,166000000.0,348000000.0,1126000000.0,2586000000.0,3777000000.0,8071000000.0,10973000000.0,12776000000.0,15839000000.0,16689000000.0,18289000000.0,19354000000.0,22206000000.0,19969000000.0,27247000000.0,28556000000.0,29797000000.0,31283000000.0,32059000000.0,186282000000.0,226632000000.0,246582000000.0,307842000000.0,422761000000.0,562833000000.0,682656000000.0,722842000000.0,785794000000.0,810474000000.0,733389000000.0,581761000000.0,0.0,,
67,할부금융사,10259,롯데캐피탈㈜,B,ST004,요약재무상태표(부채 및 자본)(07.12월 이전),A2,자본,146949000000.0,118057000000.0,103183000000.0,73996000000.0,75000000000.0,64126000000.0,58414000000.0,95384000000.0,103962000000.0,108531000000.0,110549000000.0,120039000000.0,130581000000.0,139393000000.0,154602000000.0,162790000000.0,182137000000.0,189905000000.0,198830000000.0,218650000000.0,227341000000.0,240912000000.0,251852000000.0,285917000000.0,304432000000.0,316479000000.0,336449000000.0,353198000000.0,363730000000.0,376869000000.0,392140000000.0,406069000000.0,0.0,,
68,할부금융사,10259,롯데캐피탈㈜,B,ST004,요약재무상태표(부채 및 자본)(07.12월 이전),A21,자본_자본금,84500000000.0,84500000000.0,84500000000.0,113740000000.0,113740000000.0,113740000000.0,113740000000.0,156572000000.0,156572000000.0,156572000000.0,156572000000.0,156572000000.0,156572000000.0,156572000000.0,156572000000.0,156572000000.0,156572000000.0,156572000000.0,156572000000.0,156572000000.0,156572000000.0,156572000000.0,156572000000.0,166488000000.0,166488000000.0,166488000000.0,166488000000.0,166488000000.0,166488000000.0,166488000000.0,166488000000.0,166488000000.0,0.0,,
69,할부금융사,10259,롯데캐피탈㈜,B,ST004,요약재무상태표(부채 및 자본)(07.12월 이전),A22,자본_자본잉여금,55319000000.0,55319000000.0,55319000000.0,75928000000.0,75928000000.0,75928000000.0,75928000000.0,102810000000.0,102810000000.0,102810000000.0,102810000000.0,102810000000.0,102810000000.0,102810000000.0,102810000000.0,102810000000.0,10483000000.0,10483000000.0,10483000000.0,10483000000.0,10483000000.0,10483000000.0,6781000000.0,16805000000.0,17656000000.0,17656000000.0,17656000000.0,17656000000.0,17656000000.0,17656000000.0,17656000000.0,17656000000.0,0.0,,
70,할부금융사,10259,롯데캐피탈㈜,B,ST004,요약재무상태표(부채 및 자본)(07.12월 이전),A23,자본_이익잉여금(결손금),7452000000.0,-21383000000.0,-36306000000.0,-115672000000.0,-114668000000.0,-125542000000.0,-131254000000.0,-163997000000.0,-155419000000.0,-150851000000.0,-148833000000.0,-139343000000.0,-128801000000.0,-119989000000.0,-104780000000.0,-96592000000.0,15083000000.0,22850000000.0,31775000000.0,51233000000.0,61073000000.0,73349000000.0,86900000000.0,104352000000.0,122274000000.0,133421000000.0,151575000000.0,169305000000.0,180902000000.0,190822000000.0,205601000000.0,218673000000.0,0.0,,
71,할부금융사,10259,롯데캐피탈㈜,B,ST004,요약재무상태표(부채 및 자본)(07.12월 이전),A24,자본_자본조정,-322000000.0,-379000000.0,-330000000.0,0.0,0.0,0.0,0.0,0.0,0.0,0.0,0.0,0.0,0.0,0.0,0.0,0.0,0.0,0.0,0.0,362000000.0,0.0,0.0,0.0,0.0,0.0,0.0,0.0,0.0,0.0,0.0,0.0,0.0,0.0,,
72,할부금융사,10267,제이비우리캐피탈㈜,B,ST004,요약재무상태표(부채 및 자본)(07.12월 이전),A,부채 및 자본총계,111111000000.0,104167000000.0,92832000000.0,124229000000.0,100877000000.0,104929000000.0,115944000000.0,104494000000.0,75678000000.0,74837000000.0,112579000000.0,170521000000.0,301334000000.0,438373000000.0,633573000000.0,905258000000.0,1170757000000.0,1488095000000.0,1814755000000.0,2030683000000.0,2237322000000.0,2572166000000.0,2506580000000.0,2239867000000.0,2049929000000.0,1960996000000.0,1968310000000.0,2093676000000.0,1944802000000.0,1547071000000.0,1384660000000.0,1247229000000.0,,,
73,할부금융사,10267,제이비우리캐피탈㈜,B,ST004,요약재무상태표(부채 및 자본)(07.12월 이전),A1,부채,68877000000.0,61242000000.0,49634000000.0,80263000000.0,56725000000.0,60662000000.0,71264000000.0,60275000000.0,32876000000.0,29641000000.0,66867000000.0,124178000000.0,249847000000.0,385717000000.0,549041000000.0,817633000000.0,1048554000000.0,1335593000000.0,1659748000000.0,1871939000000.0,2024437000000.0,2352462000000.0,2274986000000.0,2010092000000.0,1815512000000.0,1717635000000.0,1715982000000.0,1840078000000.0,1703994000000.0,1292462000000.0,1129666000000.0,998264000000.0,,,
74,할부금융사,10267,제이비우리캐피탈㈜,B,ST004,요약재무상태표(부채 및 자본)(07.12월 이전),A11,유동부채,68836000000.0,61151000000.0,49504000000.0,80201000000.0,56690000000.0,59990000000.0,70853000000.0,60215000000.0,32780000000.0,29550000000.0,66528000000.0,122861000000.0,245424000000.0,326439000000.0,417979000000.0,474600000000.0,1010152000000.0,1285380000000.0,1600252000000.0,1800070000000.0,1906103000000.0,2211146000000.0,2116616000000.0,1857765000000.0,1669146000000.0,1573744000000.0,1569099000000.0,1692939000000.0,1558369000000.0,1171316000000.0,1020149000000.0,902110000000.0,,,
75,할부금융사,10267,제이비우리캐피탈㈜,B,ST004,요약재무상태표(부채 및 자본)(07.12월 이전),A111,유동부채_단기차입금,41390000000.0,38507000000.0,37643000000.0,68086000000.0,49846000000.0,51950000000.0,62628000000.0,52098000000.0,31270000000.0,27881000000.0,35759000000.0,65229000000.0,127646000000.0,125280000000.0,183401000000.0,202401000000.0,248601000000.0,304742000000.0,364451000000.0,504933000000.0,511538000000.0,595275000000.0,630199000000.0,564839000000.0,385929000000.0,350100000000.0,360400000000.0,385062000000.0,420062000000.0,344662000000.0,250762000000.0,204200000000.0,,,
76,할부금융사,10267,제이비우리캐피탈㈜,B,ST004,요약재무상태표(부채 및 자본)(07.12월 이전),A112,유동부채_콜머니,0.0,0.0,0.0,0.0,0.0,0.0,0.0,0.0,0.0,0.0,0.0,0.0,0.0,0.0,0.0,0.0,0.0,0.0,0.0,0.0,0.0,0.0,0.0,0.0,0.0,0.0,0.0,0.0,0.0,0.0,0.0,0.0,,,
77,할부금융사,10267,제이비우리캐피탈㈜,B,ST004,요약재무상태표(부채 및 자본)(07.12월 이전),A113,유동부채_유동성 사채,26000000000.0,22000000000.0,11116000000.0,11116000000.0,6000000000.0,6000000000.0,6000000000.0,6000000000.0,100000000.0,100000000.0,28100000000.0,55100000000.0,115100000000.0,185100000000.0,220100000000.0,250100000000.0,745000000000.0,965000000000.0,1215000000000.0,1268000000000.0,1398000000000.0,1620000000000.0,1490000000000.0,1296000000000.0,1286000000000.0,1226000000000.0,1211000000000.0,1310000000000.0,1140000000000.0,828000000000.0,770500000000.0,698800000000.0,,,
78,할부금융사,10267,제이비우리캐피탈㈜,B,ST004,요약재무상태표(부채 및 자본)(07.12월 이전),A114,유동부채_유동성 장기차입금,0.0,0.0,0.0,0.0,0.0,1200000000.0,1200000000.0,1200000000.0,900000000.0,600000000.0,300000000.0,0.0,0.0,0.0,0.0,0.0,0.0,0.0,0.0,0.0,0.0,0.0,0.0,0.0,0.0,0.0,0.0,0.0,0.0,0.0,0.0,0.0,,,
79,할부금융사,10267,제이비우리캐피탈㈜,B,ST004,요약재무상태표(부채 및 자본)(07.12월 이전),A115,유동부채_기타,1446000000.0,644000000.0,745000000.0,999000000.0,844000000.0,840000000.0,1025000000.0,917000000.0,510000000.0,969000000.0,2369000000.0,2532000000.0,2678000000.0,16059000000.0,14478000000.0,22099000000.0,16551000000.0,15638000000.0,20801000000.0,27137000000.0,-3435000000.0,-4129000000.0,-3583000000.0,-3074000000.0,-2783000000.0,-2356000000.0,-2301000000.0,-2123000000.0,-1693000000.0,-1346000000.0,-1113000000.0,-890000000.0,,,
80,할부금융사,10267,제이비우리캐피탈㈜,B,ST004,요약재무상태표(부채 및 자본)(07.12월 이전),A12,복권회계 부채,0.0,0.0,0.0,0.0,0.0,0.0,0.0,0.0,0.0,0.0,0.0,0.0,0.0,0.0,0.0,0.0,0.0,0.0,0.0,0.0,0.0,0.0,0.0,0.0,0.0,0.0,0.0,0.0,0.0,0.0,0.0,0.0,,,
81,할부금융사,10267,제이비우리캐피탈㈜,B,ST004,요약재무상태표(부채 및 자본)(07.12월 이전),A13,고정부채,41000000.0,91000000.0,130000000.0,62000000.0,35000000.0,672000000.0,411000000.0,60000000.0,96000000.0,91000000.0,339000000.0,1317000000.0,4423000000.0,59278000000.0,131062000000.0,343033000000.0,38402000000.0,50213000000.0,59496000000.0,71869000000.0,1394565000000.0,1615871000000.0,1486417000000.0,1292926000000.0,1283217000000.0,1223644000000.0,1208699000000.0,1307877000000.0,1138307000000.0,826654000000.0,769387000000.0,697910000000.0,,,
82,할부금융사,10267,제이비우리캐피탈㈜,B,ST004,요약재무상태표(부채 및 자본)(07.12월 이전),A131,고정부채_사 채,0.0,0.0,0.0,0.0,0.0,0.0,0.0,0.0,0.0,0.0,0.0,0.0,0.0,50000000000.0,115000000000.0,315000000000.0,0.0,0.0,0.0,0.0,0.0,0.0,0.0,0.0,0.0,0.0,0.0,0.0,0.0,0.0,0.0,0.0,,,
83,할부금융사,10267,제이비우리캐피탈㈜,B,ST004,요약재무상태표(부채 및 자본)(07.12월 이전),A132,고정부채_장기차입금,0.0,0.0,0.0,0.0,0.0,600000000.0,300000000.0,0.0,0.0,0.0,0.0,0.0,0.0,0.0,0.0,0.0,0.0,0.0,0.0,0.0,0.0,0.0,0.0,0.0,0.0,0.0,0.0,0.0,0.0,0.0,0.0,0.0,,,
84,할부금융사,10267,제이비우리캐피탈㈜,B,ST004,요약재무상태표(부채 및 자본)(07.12월 이전),A133,고정부채_기타,41000000.0,91000000.0,130000000.0,62000000.0,35000000.0,72000000.0,111000000.0,60000000.0,96000000.0,91000000.0,339000000.0,1317000000.0,4423000000.0,9278000000.0,16062000000.0,28033000000.0,38402000000.0,50213000000.0,59496000000.0,71869000000.0,1394565000000.0,1615871000000.0,1486417000000.0,1292926000000.0,1283217000000.0,1223644000000.0,1208699000000.0,1307877000000.0,1138307000000.0,826654000000.0,769387000000.0,697910000000.0,,,
85,할부금융사,10267,제이비우리캐피탈㈜,B,ST004,요약재무상태표(부채 및 자본)(07.12월 이전),A2,자본,42234000000.0,42925000000.0,43198000000.0,43966000000.0,44152000000.0,44267000000.0,44680000000.0,44219000000.0,42802000000.0,45196000000.0,45712000000.0,46343000000.0,51487000000.0,52656000000.0,84532000000.0,87625000000.0,122203000000.0,152502000000.0,155007000000.0,158744000000.0,212885000000.0,219704000000.0,231594000000.0,229775000000.0,234417000000.0,243361000000.0,252328000000.0,253598000000.0,240808000000.0,254609000000.0,254994000000.0,248965000000.0,,,
86,할부금융사,10267,제이비우리캐피탈㈜,B,ST004,요약재무상태표(부채 및 자본)(07.12월 이전),A21,자본_자본금,36006000000.0,36006000000.0,36006000000.0,36006000000.0,36006000000.0,36006000000.0,36006000000.0,36006000000.0,36006000000.0,36006000000.0,36006000000.0,36006000000.0,40006000000.0,40006000000.0,70006000000.0,70006000000.0,100006000000.0,124970000000.0,124970000000.0,124970000000.0,174970000000.0,174970000000.0,174970000000.0,174970000000.0,174970000000.0,174970000000.0,174970000000.0,174970000000.0,174970000000.0,174970000000.0,174970000000.0,174970000000.0,,,
87,할부금융사,10267,제이비우리캐피탈㈜,B,ST004,요약재무상태표(부채 및 자본)(07.12월 이전),A22,자본_자본잉여금,0.0,0.0,0.0,0.0,0.0,0.0,0.0,0.0,0.0,22000000.0,22000000.0,22000000.0,22000000.0,22000000.0,22000000.0,22000000.0,21000000.0,22000000.0,22000000.0,22000000.0,22000000.0,22000000.0,22000000.0,21000000.0,22000000.0,22000000.0,22000000.0,22000000.0,22000000.0,22000000.0,22000000.0,22000000.0,,,
88,할부금융사,10267,제이비우리캐피탈㈜,B,ST004,요약재무상태표(부채 및 자본)(07.12월 이전),A23,자본_이익잉여금(결손금),6188000000.0,6849000000.0,7064000000.0,7809000000.0,7837000000.0,7934000000.0,8365000000.0,8110000000.0,8281000000.0,9018000000.0,9493000000.0,10357000000.0,11515000000.0,12686000000.0,14538000000.0,17626000000.0,22350000000.0,27868000000.0,30397000000.0,34161000000.0,38254000000.0,45091000000.0,56955000000.0,55110000000.0,59221000000.0,67219000000.0,76359000000.0,78338000000.0,65638000000.0,79475000000.0,80135000000.0,73391000000.0,,,
89,할부금융사,10267,제이비우리캐피탈㈜,B,ST004,요약재무상태표(부채 및 자본)(07.12월 이전),A24,자본_자본조정,40000000.0,70000000.0,128000000.0,151000000.0,309000000.0,327000000.0,309000000.0,103000000.0,-1485000000.0,150000000.0,191000000.0,-42000000.0,-56000000.0,-58000000.0,-34000000.0,-29000000.0,-174000000.0,-358000000.0,-382000000.0,-409000000.0,-263000000.0,-312000000.0,-312000000.0,-312000000.0,0.0,0.0,0.0,0.0,0.0,0.0,0.0,0.0,,,
90,할부금융사,10268,하나캐피탈㈜,B,ST004,요약재무상태표(부채 및 자본)(07.12월 이전),A,부채 및 자본총계,190894000000.0,160082000000.0,170033000000.0,148547000000.0,130604000000.0,118144000000.0,31200000000.0,86525000000.0,92946000000.0,92037000000.0,124081000000.0,193832000000.0,229913000000.0,322179000000.0,425734000000.0,550486000000.0,768307000000.0,923672000000.0,1169018000000.0,1390909000000.0,1643964000000.0,1783015000000.0,2090616000000.0,1910391000000.0,1810600000000.0,1824484000000.0,1761585000000.0,1925709000000.0,1909974000000.0,1998522000000.0,2028099000000.0,2101937000000.0,,,
91,할부금융사,10268,하나캐피탈㈜,B,ST004,요약재무상태표(부채 및 자본)(07.12월 이전),A1,부채,166454000000.0,144663000000.0,112196000000.0,98506000000.0,84666000000.0,78397000000.0,50428000000.0,63554000000.0,66945000000.0,65266000000.0,89865000000.0,156757000000.0,189379000000.0,280188000000.0,382004000000.0,497391000000.0,712105000000.0,833130000000.0,1072112000000.0,1286055000000.0,1536085000000.0,1645005000000.0,1950482000000.0,1773795000000.0,1686653000000.0,1695123000000.0,1631913000000.0,1803048000000.0,1778926000000.0,1859654000000.0,1883056000000.0,1948453000000.0,,,
92,할부금융사,10268,하나캐피탈㈜,B,ST004,요약재무상태표(부채 및 자본)(07.12월 이전),A11,유동부채,100662000000.0,70865000000.0,63947000000.0,60877000000.0,51257000000.0,54866000000.0,49466000000.0,63478000000.0,66197000000.0,61753000000.0,62307000000.0,124267000000.0,132418000000.0,125379000000.0,131681000000.0,180815000000.0,281569000000.0,184223000000.0,383177000000.0,578197000000.0,1400037000000.0,1490305000000.0,1766883000000.0,1576387000000.0,1488072000000.0,1475574000000.0,1401994000000.0,1554563000000.0,1530245000000.0,1587479000000.0,1607016000000.0,1650501000000.0,,,
93,할부금융사,10268,하나캐피탈㈜,B,ST004,요약재무상태표(부채 및 자본)(07.12월 이전),A111,유동부채_단기차입금,66000000000.0,43900000000.0,21000000000.0,13000000000.0,8000000000.0,8000000000.0,3725000000.0,33700000000.0,37200000000.0,39760000000.0,58409000000.0,114140000000.0,129438000000.0,120616000000.0,126137000000.0,171983000000.0,250500000000.0,151500000000.0,347000000000.0,540800000000.0,463350000000.0,577572000000.0,819143000000.0,645192000000.0,722954000000.0,683004000000.0,614448000000.0,748844000000.0,647988000000.0,813508000000.0,822235000000.0,728933000000.0,,,
94,할부금융사,10268,하나캐피탈㈜,B,ST004,요약재무상태표(부채 및 자본)(07.12월 이전),A112,유동부채_콜머니,0.0,0.0,0.0,0.0,0.0,0.0,0.0,0.0,0.0,0.0,0.0,0.0,0.0,0.0,0.0,0.0,0.0,0.0,0.0,0.0,0.0,0.0,0.0,0.0,0.0,0.0,0.0,0.0,0.0,0.0,0.0,0.0,,,
95,할부금융사,10268,하나캐피탈㈜,B,ST004,요약재무상태표(부채 및 자본)(07.12월 이전),A113,유동부채_유동성 사채,9000000000.0,9000000000.0,29000000000.0,30000000000.0,30000000000.0,37000000000.0,37000000000.0,27000000000.0,27000000000.0,20000000000.0,0.0,0.0,0.0,0.0,0.0,0.0,21514000000.0,21514000000.0,21514000000.0,21136000000.0,757000000.0,379000000.0,0.0,0.0,0.0,0.0,0.0,0.0,0.0,0.0,0.0,0.0,,,
96,할부금융사,10268,하나캐피탈㈜,B,ST004,요약재무상태표(부채 및 자본)(07.12월 이전),A114,유동부채_유동성 장기차입금,21584000000.0,14656000000.0,11075000000.0,16149000000.0,11242000000.0,7594000000.0,7313000000.0,0.0,0.0,0.0,0.0,0.0,0.0,0.0,0.0,0.0,0.0,0.0,0.0,0.0,0.0,0.0,0.0,0.0,0.0,0.0,0.0,0.0,0.0,0.0,0.0,0.0,,,
97,할부금융사,10268,하나캐피탈㈜,B,ST004,요약재무상태표(부채 및 자본)(07.12월 이전),A115,유동부채_기타,4078000000.0,3309000000.0,2872000000.0,1728000000.0,2015000000.0,2272000000.0,1428000000.0,2778000000.0,1997000000.0,1993000000.0,3898000000.0,10127000000.0,2980000000.0,4763000000.0,5544000000.0,8832000000.0,9555000000.0,11209000000.0,14663000000.0,16261000000.0,935930000000.0,912354000000.0,947740000000.0,931195000000.0,765118000000.0,792570000000.0,787546000000.0,805719000000.0,882257000000.0,773971000000.0,784781000000.0,921568000000.0,,,
98,할부금융사,10268,하나캐피탈㈜,B,ST004,요약재무상태표(부채 및 자본)(07.12월 이전),A12,복권회계 부채,0.0,0.0,0.0,0.0,0.0,0.0,0.0,0.0,0.0,0.0,0.0,0.0,0.0,0.0,0.0,0.0,0.0,0.0,0.0,0.0,0.0,0.0,0.0,0.0,0.0,0.0,0.0,0.0,0.0,0.0,0.0,0.0,,,
99,할부금융사,10268,하나캐피탈㈜,B,ST004,요약재무상태표(부채 및 자본)(07.12월 이전),A13,고정부채,65792000000.0,73797000000.0,48249000000.0,37629000000.0,33409000000.0,23531000000.0,962000000.0,76000000.0,748000000.0,3513000000.0,27558000000.0,32490000000.0,56961000000.0,154809000000.0,250323000000.0,316576000000.0,430536000000.0,648907000000.0,688935000000.0,707858000000.0,916687000000.0,892733000000.0,927740000000.0,931195000000.0,765118000000.0,672570000000.0,667546000000.0,685719000000.0,762257000000.0,653971000000.0,664781000000.0,831568000000.0,,,
100,할부금융사,10268,하나캐피탈㈜,B,ST004,요약재무상태표(부채 및 자본)(07.12월 이전),A131,고정부채_사 채,50000000000.0,57000000000.0,37000000000.0,27000000000.0,27000000000.0,20000000000.0,0.0,0.0,0.0,0.0,20000000000.0,20000000000.0,40000000000.0,130000000000.0,220000000000.0,258991000000.0,359939000000.0,564882000000.0,591629000000.0,593512000000.0,919408000000.0,895508000000.0,930614000000.0,933674000000.0,767171000000.0,674320000000.0,669511000000.0,687483000000.0,764407000000.0,655957000000.0,666661000000.0,833674000000.0,,,
101,할부금융사,10268,하나캐피탈㈜,B,ST004,요약재무상태표(부채 및 자본)(07.12월 이전),A132,고정부채_장기차입금,14303000000.0,15193000000.0,9617000000.0,9678000000.0,5447000000.0,2978000000.0,0.0,0.0,0.0,0.0,0.0,0.0,0.0,0.0,0.0,20000000000.0,20000000000.0,20000000000.0,20000000000.0,20000000000.0,20000000000.0,20000000000.0,20000000000.0,0.0,0.0,120000000000.0,120000000000.0,120000000000.0,120000000000.0,120000000000.0,120000000000.0,90000000000.0,,,
102,할부금융사,10268,하나캐피탈㈜,B,ST004,요약재무상태표(부채 및 자본)(07.12월 이전),A133,고정부채_기타,1489000000.0,1604000000.0,1632000000.0,951000000.0,962000000.0,553000000.0,962000000.0,76000000.0,748000000.0,3513000000.0,7558000000.0,12490000000.0,16961000000.0,24809000000.0,30323000000.0,37585000000.0,50597000000.0,64025000000.0,77306000000.0,94346000000.0,-22721000000.0,-22775000000.0,-22874000000.0,-2479000000.0,-2053000000.0,-121750000000.0,-121965000000.0,-121764000000.0,-122150000000.0,-121986000000.0,-121880000000.0,-92106000000.0,,,
103,할부금융사,10268,하나캐피탈㈜,B,ST004,요약재무상태표(부채 및 자본)(07.12월 이전),A2,자본,24440000000.0,15419000000.0,57837000000.0,50041000000.0,45938000000.0,39747000000.0,-19228000000.0,22971000000.0,26001000000.0,26771000000.0,34216000000.0,37075000000.0,40534000000.0,41991000000.0,43730000000.0,53095000000.0,56202000000.0,90542000000.0,96906000000.0,104854000000.0,107879000000.0,138010000000.0,140134000000.0,136596000000.0,123947000000.0,129361000000.0,129672000000.0,122661000000.0,131048000000.0,138868000000.0,145043000000.0,153484000000.0,,,
104,할부금융사,10268,하나캐피탈㈜,B,ST004,요약재무상태표(부채 및 자본)(07.12월 이전),A21,자본_자본금,30400000000.0,30400000000.0,78467000000.0,78467000000.0,78467000000.0,78467000000.0,78467000000.0,30000000000.0,30000000000.0,30000000000.0,36000000000.0,36000000000.0,36000000000.0,36000000000.0,36000000000.0,43200000000.0,43200000000.0,61057000000.0,61057000000.0,61057000000.0,61057000000.0,72421000000.0,72421000000.0,72421000000.0,72421000000.0,72421000000.0,72421000000.0,72421000000.0,72421000000.0,72421000000.0,72421000000.0,72421000000.0,,,
105,할부금융사,10268,하나캐피탈㈜,B,ST004,요약재무상태표(부채 및 자본)(07.12월 이전),A22,자본_자본잉여금,2315000000.0,2315000000.0,2315000000.0,2315000000.0,2315000000.0,2315000000.0,2315000000.0,98083000000.0,0.0,0.0,0.0,0.0,0.0,0.0,0.0,1403000000.0,1403000000.0,3460000000.0,3460000000.0,3460000000.0,3460000000.0,12042000000.0,12042000000.0,12042000000.0,12042000000.0,12042000000.0,12042000000.0,12042000000.0,12042000000.0,12042000000.0,12042000000.0,12042000000.0,,,
106,할부금융사,10268,하나캐피탈㈜,B,ST004,요약재무상태표(부채 및 자본)(07.12월 이전),A23,자본_이익잉여금(결손금),-6160000000.0,-15914000000.0,-22214000000.0,-31239000000.0,-35097000000.0,-40874000000.0,-100209000000.0,-105326000000.0,-4373000000.0,-3467000000.0,-2014000000.0,628000000.0,4206000000.0,5679000000.0,7437000000.0,8095000000.0,11212000000.0,25357000000.0,31799000000.0,41152000000.0,46024000000.0,53963000000.0,57426000000.0,55295000000.0,42888000000.0,45708000000.0,45176000000.0,38317000000.0,45884000000.0,54128000000.0,60130000000.0,68292000000.0,,,
107,할부금융사,10268,하나캐피탈㈜,B,ST004,요약재무상태표(부채 및 자본)(07.12월 이전),A24,자본_자본조정,-2115000000.0,-1382000000.0,-731000000.0,498000000.0,253000000.0,-162000000.0,198000000.0,215000000.0,374000000.0,238000000.0,230000000.0,447000000.0,328000000.0,312000000.0,293000000.0,397000000.0,387000000.0,668000000.0,590000000.0,-815000000.0,0.0,0.0,0.0,0.0,0.0,0.0,0.0,0.0,0.0,0.0,0.0,0.0,,,
108,할부금융사,10270,하이델베르그프린트파이낸스코리아㈜,B,ST004,요약재무상태표(부채 및 자본)(07.12월 이전),A,부채 및 자본총계,39860000000.0,44294000000.0,47279000000.0,50481000000.0,44011000000.0,43686000000.0,43457000000.0,45863000000.0,45047000000.0,43147000000.0,41340000000.0,40579000000.0,40456000000.0,38367000000.0,35919000000.0,33540000000.0,34001000000.0,34525000000.0,34830000000.0,35121000000.0,35618000000.0,36114000000.0,36602000000.0,36951000000.0,37001000000.0,37385000000.0,37633000000.0,37998000000.0,38060000000.0,38463000000.0,38837000000.0,39091000000.0,31879000000.0,,
109,할부금융사,10270,하이델베르그프린트파이낸스코리아㈜,B,ST004,요약재무상태표(부채 및 자본)(07.12월 이전),A1,부채,14446000000.0,18502000000.0,21081000000.0,23871000000.0,16834000000.0,16116000000.0,15663000000.0,17699000000.0,16234000000.0,13869000000.0,11581000000.0,10620000000.0,9886000000.0,7126000000.0,4176000000.0,639000000.0,861000000.0,863000000.0,678000000.0,561000000.0,589000000.0,648000000.0,656000000.0,555000000.0,575000000.0,613000000.0,504000000.0,456000000.0,299000000.0,333000000.0,384000000.0,349000000.0,773000000.0,,
110,할부금융사,10270,하이델베르그프린트파이낸스코리아㈜,B,ST004,요약재무상태표(부채 및 자본)(07.12월 이전),A11,유동부채,1537000000.0,1303000000.0,1097000000.0,905000000.0,1099000000.0,1109000000.0,1320000000.0,7665000000.0,7142000000.0,13645000000.0,11348000000.0,6727000000.0,415000000.0,533000000.0,540000000.0,469000000.0,459000000.0,686000000.0,498000000.0,381000000.0,0.0,0.0,0.0,0.0,0.0,0.0,0.0,0.0,0.0,0.0,0.0,0.0,0.0,,
111,할부금융사,10270,하이델베르그프린트파이낸스코리아㈜,B,ST004,요약재무상태표(부채 및 자본)(07.12월 이전),A111,유동부채_단기차입금,0.0,0.0,0.0,0.0,0.0,0.0,0.0,0.0,0.0,0.0,0.0,0.0,0.0,0.0,0.0,0.0,0.0,0.0,0.0,0.0,0.0,0.0,0.0,0.0,0.0,0.0,0.0,0.0,0.0,0.0,0.0,0.0,0.0,,
112,할부금융사,10270,하이델베르그프린트파이낸스코리아㈜,B,ST004,요약재무상태표(부채 및 자본)(07.12월 이전),A112,유동부채_콜머니,0.0,0.0,0.0,0.0,0.0,0.0,0.0,0.0,0.0,0.0,0.0,0.0,0.0,0.0,0.0,0.0,0.0,0.0,0.0,0.0,0.0,0.0,0.0,0.0,0.0,0.0,0.0,0.0,0.0,0.0,0.0,0.0,0.0,,
113,할부금융사,10270,하이델베르그프린트파이낸스코리아㈜,B,ST004,요약재무상태표(부채 및 자본)(07.12월 이전),A113,유동부채_유동성 사채,0.0,0.0,0.0,0.0,0.0,0.0,0.0,0.0,0.0,0.0,0.0,0.0,0.0,0.0,0.0,0.0,0.0,0.0,0.0,0.0,0.0,0.0,0.0,0.0,0.0,0.0,0.0,0.0,0.0,0.0,0.0,0.0,0.0,,
114,할부금융사,10270,하이델베르그프린트파이낸스코리아㈜,B,ST004,요약재무상태표(부채 및 자본)(07.12월 이전),A114,유동부채_유동성 장기차입금,718000000.0,685000000.0,659000000.0,686000000.0,661000000.0,660000000.0,661000000.0,7157000000.0,6561000000.0,13097000000.0,10891000000.0,6380000000.0,0.0,0.0,0.0,0.0,0.0,0.0,0.0,0.0,0.0,0.0,0.0,0.0,0.0,0.0,0.0,0.0,0.0,0.0,0.0,0.0,0.0,,
115,할부금융사,10270,하이델베르그프린트파이낸스코리아㈜,B,ST004,요약재무상태표(부채 및 자본)(07.12월 이전),A115,유동부채_기타,819000000.0,618000000.0,438000000.0,219000000.0,438000000.0,449000000.0,659000000.0,508000000.0,581000000.0,548000000.0,457000000.0,347000000.0,415000000.0,533000000.0,540000000.0,469000000.0,459000000.0,686000000.0,498000000.0,381000000.0,0.0,0.0,0.0,0.0,0.0,0.0,0.0,0.0,0.0,0.0,0.0,0.0,0.0,,
116,할부금융사,10270,하이델베르그프린트파이낸스코리아㈜,B,ST004,요약재무상태표(부채 및 자본)(07.12월 이전),A12,복권회계 부채,0.0,0.0,0.0,0.0,0.0,0.0,0.0,0.0,0.0,0.0,0.0,0.0,0.0,0.0,0.0,0.0,0.0,0.0,0.0,0.0,0.0,0.0,0.0,0.0,0.0,0.0,0.0,0.0,0.0,0.0,0.0,0.0,0.0,,
117,할부금융사,10270,하이델베르그프린트파이낸스코리아㈜,B,ST004,요약재무상태표(부채 및 자본)(07.12월 이전),A13,고정부채,12909000000.0,17199000000.0,19984000000.0,22966000000.0,15735000000.0,15007000000.0,14343000000.0,10034000000.0,9092000000.0,224000000.0,233000000.0,3893000000.0,9471000000.0,6593000000.0,3636000000.0,170000000.0,402000000.0,177000000.0,180000000.0,180000000.0,0.0,0.0,0.0,0.0,0.0,0.0,0.0,0.0,0.0,0.0,0.0,0.0,0.0,,
118,할부금융사,10270,하이델베르그프린트파이낸스코리아㈜,B,ST004,요약재무상태표(부채 및 자본)(07.12월 이전),A131,고정부채_사 채,0.0,0.0,0.0,0.0,0.0,0.0,0.0,0.0,0.0,0.0,0.0,0.0,0.0,0.0,0.0,0.0,0.0,0.0,0.0,0.0,0.0,0.0,0.0,0.0,0.0,0.0,0.0,0.0,0.0,0.0,0.0,0.0,0.0,,
119,할부금융사,10270,하이델베르그프린트파이낸스코리아㈜,B,ST004,요약재무상태표(부채 및 자본)(07.12월 이전),A132,고정부채_장기차입금,12703000000.0,16987000000.0,19764000000.0,22739000000.0,15516000000.0,14779000000.0,14119000000.0,9806000000.0,8870000000.0,0.0,0.0,3770000000.0,9310000000.0,6430000000.0,3470000000.0,0.0,228000000.0,0.0,0.0,0.0,0.0,0.0,0.0,0.0,0.0,0.0,0.0,0.0,0.0,0.0,0.0,0.0,0.0,,
120,할부금융사,10270,하이델베르그프린트파이낸스코리아㈜,B,ST004,요약재무상태표(부채 및 자본)(07.12월 이전),A133,고정부채_기타,206000000.0,212000000.0,220000000.0,227000000.0,219000000.0,228000000.0,224000000.0,228000000.0,222000000.0,224000000.0,233000000.0,123000000.0,161000000.0,163000000.0,166000000.0,170000000.0,174000000.0,177000000.0,180000000.0,180000000.0,0.0,0.0,0.0,0.0,0.0,0.0,0.0,0.0,0.0,0.0,0.0,0.0,0.0,,
121,할부금융사,10270,하이델베르그프린트파이낸스코리아㈜,B,ST004,요약재무상태표(부채 및 자본)(07.12월 이전),A2,자본,25414000000.0,25792000000.0,26198000000.0,26610000000.0,27177000000.0,27570000000.0,27794000000.0,28164000000.0,28813000000.0,29278000000.0,29759000000.0,29959000000.0,30570000000.0,31241000000.0,31743000000.0,32901000000.0,33140000000.0,33662000000.0,34152000000.0,34560000000.0,35029000000.0,35466000000.0,35946000000.0,36396000000.0,36426000000.0,36772000000.0,37129000000.0,37542000000.0,37761000000.0,38130000000.0,38453000000.0,38742000000.0,31106000000.0,,
122,할부금융사,10270,하이델베르그프린트파이낸스코리아㈜,B,ST004,요약재무상태표(부채 및 자본)(07.12월 이전),A21,자본_자본금,20000000000.0,20000000000.0,20000000000.0,20000000000.0,20000000000.0,20000000000.0,20000000000.0,20000000000.0,20000000000.0,20000000000.0,20000000000.0,20000000000.0,20000000000.0,20000000000.0,20000000000.0,20000000000.0,20000000000.0,20000000000.0,20000000000.0,20000000000.0,20000000000.0,20000000000.0,20000000000.0,20000000000.0,20000000000.0,20000000000.0,20000000000.0,20000000000.0,20000000000.0,20000000000.0,20000000000.0,20000000000.0,20000000000.0,,
123,할부금융사,10270,하이델베르그프린트파이낸스코리아㈜,B,ST004,요약재무상태표(부채 및 자본)(07.12월 이전),A22,자본_자본잉여금,0.0,0.0,0.0,0.0,0.0,0.0,0.0,0.0,0.0,0.0,0.0,0.0,0.0,0.0,0.0,0.0,0.0,0.0,0.0,0.0,0.0,0.0,0.0,0.0,0.0,0.0,0.0,0.0,0.0,0.0,0.0,0.0,0.0,,
124,할부금융사,10270,하이델베르그프린트파이낸스코리아㈜,B,ST004,요약재무상태표(부채 및 자본)(07.12월 이전),A23,자본_이익잉여금(결손금),5414000000.0,5792000000.0,6198000000.0,6610000000.0,7177000000.0,7570000000.0,7794000000.0,8164000000.0,8813000000.0,9278000000.0,9759000000.0,9959000000.0,10570000000.0,11241000000.0,11743000000.0,12901000000.0,13140000000.0,13662000000.0,14152000000.0,14560000000.0,15029000000.0,15466000000.0,15946000000.0,16396000000.0,16426000000.0,16772000000.0,17129000000.0,17542000000.0,17761000000.0,18130000000.0,18453000000.0,18742000000.0,11106000000.0,,
125,할부금융사,10270,하이델베르그프린트파이낸스코리아㈜,B,ST004,요약재무상태표(부채 및 자본)(07.12월 이전),A24,자본_자본조정,0.0,0.0,0.0,0.0,0.0,0.0,0.0,0.0,0.0,0.0,0.0,0.0,0.0,0.0,0.0,0.0,0.0,0.0,0.0,0.0,0.0,0.0,0.0,0.0,0.0,0.0,0.0,0.0,0.0,0.0,0.0,0.0,0.0,,
126,할부금융사,10271,현대캐피탈㈜,B,ST004,요약재무상태표(부채 및 자본)(07.12월 이전),A,부채 및 자본총계,9964229000000.0,8658940000000.0,9007764000000.0,8782596000000.0,9216536000000.0,8736616000000.0,8961933000000.0,9408588000000.0,9260736000000.0,9592588000000.0,10490913000000.0,10856941000000.0,11552634000000.0,11939512000000.0,11546106000000.0,12068550000000.0,12287285000000.0,11987405000000.0,13004881000000.0,13770927000000.0,14264414000000.0,15026684000000.0,15780924000000.0,16067716000000.0,15418899000000.0,15121824000000.0,15757314000000.0,15854425000000.0,16004966000000.0,16366396000000.0,16834086000000.0,17931200000000.0,,,
127,할부금융사,10271,현대캐피탈㈜,B,ST004,요약재무상태표(부채 및 자본)(07.12월 이전),A1,부채,9368087000000.0,8123210000000.0,8474004000000.0,8154643000000.0,8661708000000.0,8205665000000.0,8438793000000.0,8820328000000.0,8685904000000.0,8993737000000.0,9804902000000.0,9992071000000.0,10643079000000.0,10919227000000.0,10352308000000.0,10890483000000.0,10987905000000.0,10682373000000.0,11604043000000.0,12356998000000.0,12922835000000.0,13556413000000.0,14182988000000.0,14417419000000.0,13688322000000.0,13194076000000.0,13671311000000.0,13698695000000.0,13887428000000.0,14160044000000.0,14481805000000.0,15727687000000.0,,,
128,할부금융사,10271,현대캐피탈㈜,B,ST004,요약재무상태표(부채 및 자본)(07.12월 이전),A11,유동부채,5852765000000.0,4971361000000.0,5557726000000.0,4844953000000.0,6041949000000.0,5664843000000.0,5736644000000.0,5697134000000.0,5588489000000.0,5266624000000.0,5470030000000.0,4993699000000.0,4793867000000.0,4940340000000.0,4854464000000.0,5212879000000.0,4939722000000.0,4858033000000.0,5157527000000.0,5442490000000.0,11658245000000.0,12448764000000.0,13097896000000.0,13189497000000.0,12471454000000.0,11898978000000.0,12361189000000.0,12402216000000.0,12165220000000.0,12648830000000.0,12867235000000.0,14104330000000.0,,,
129,할부금융사,10271,현대캐피탈㈜,B,ST004,요약재무상태표(부채 및 자본)(07.12월 이전),A111,유동부채_단기차입금,3378885000000.0,1934249000000.0,1836026000000.0,1422064000000.0,2201533000000.0,1968592000000.0,2428018000000.0,2515830000000.0,2501447000000.0,2723060000000.0,3111070000000.0,3005842000000.0,3044238000000.0,2486826000000.0,2170555000000.0,2134316000000.0,1589890000000.0,1603342000000.0,1693120000000.0,2525020000000.0,2161390000000.0,2176484000000.0,2324461000000.0,2079868000000.0,2093207000000.0,1783525000000.0,1467775000000.0,1227740000000.0,1325220000000.0,936115000000.0,992100000000.0,1626945000000.0,,,
130,할부금융사,10271,현대캐피탈㈜,B,ST004,요약재무상태표(부채 및 자본)(07.12월 이전),A112,유동부채_콜머니,205000000000.0,375000000000.0,440000000000.0,460000000000.0,250000000000.0,200000000000.0,130000000000.0,50000000000.0,0.0,0.0,0.0,0.0,0.0,0.0,0.0,0.0,0.0,0.0,0.0,0.0,0.0,0.0,0.0,0.0,0.0,0.0,0.0,0.0,0.0,0.0,0.0,0.0,,,
131,할부금융사,10271,현대캐피탈㈜,B,ST004,요약재무상태표(부채 및 자본)(07.12월 이전),A113,유동부채_유동성 사채,1811000000000.0,2165000000000.0,2726100000000.0,2470500000000.0,3082400000000.0,3115800000000.0,2761400000000.0,2813600000000.0,2856600000000.0,2288200000000.0,2005500000000.0,1687900000000.0,1380000000000.0,1897015000000.0,2176260000000.0,2540480000000.0,2276695000000.0,2011069000000.0,2260339000000.0,1878211000000.0,2410426000000.0,2647979000000.0,2074995000000.0,2996269000000.0,2985249000000.0,2686792000000.0,3680392000000.0,3594430000000.0,2770574000000.0,3352781000000.0,2831901000000.0,2456600000000.0,,,
132,할부금융사,10271,현대캐피탈㈜,B,ST004,요약재무상태표(부채 및 자본)(07.12월 이전),A114,유동부채_유동성 장기차입금,0.0,0.0,0.0,0.0,0.0,0.0,0.0,0.0,0.0,0.0,15000000000.0,15000000000.0,112590000000.0,197457000000.0,179588000000.0,176624000000.0,84627000000.0,246884000000.0,338219000000.0,437561000000.0,561682000000.0,353020000000.0,327540000000.0,240750000000.0,475516000000.0,522168000000.0,599196000000.0,550238000000.0,578700000000.0,478700000000.0,450000000000.0,470000000000.0,,,
133,할부금융사,10271,현대캐피탈㈜,B,ST004,요약재무상태표(부채 및 자본)(07.12월 이전),A115,유동부채_기타,457880000000.0,497112000000.0,555600000000.0,492389000000.0,508016000000.0,380451000000.0,417226000000.0,317704000000.0,230442000000.0,255364000000.0,338460000000.0,284957000000.0,257039000000.0,359042000000.0,328061000000.0,361459000000.0,988510000000.0,996738000000.0,865849000000.0,601698000000.0,6524747000000.0,7271281000000.0,8370900000000.0,7872610000000.0,6917482000000.0,6906493000000.0,6613826000000.0,7029808000000.0,7490726000000.0,7881234000000.0,8593234000000.0,9550785000000.0,,,
134,할부금융사,10271,현대캐피탈㈜,B,ST004,요약재무상태표(부채 및 자본)(07.12월 이전),A12,복권회계 부채,0.0,0.0,0.0,0.0,0.0,0.0,0.0,0.0,0.0,0.0,0.0,0.0,0.0,0.0,0.0,0.0,0.0,0.0,0.0,0.0,0.0,0.0,0.0,0.0,0.0,0.0,0.0,0.0,0.0,0.0,0.0,0.0,,,
135,할부금융사,10271,현대캐피탈㈜,B,ST004,요약재무상태표(부채 및 자본)(07.12월 이전),A13,고정부채,3515322000000.0,3151849000000.0,2916278000000.0,3309690000000.0,2619759000000.0,2540822000000.0,2702149000000.0,3123194000000.0,3097415000000.0,3727113000000.0,4334872000000.0,4998372000000.0,5849212000000.0,5978887000000.0,5497844000000.0,5677604000000.0,6048183000000.0,5824340000000.0,6446516000000.0,6914508000000.0,8440139000000.0,9367356000000.0,9726378000000.0,10081918000000.0,9472731000000.0,9263285000000.0,10044218000000.0,10194238000000.0,9931300000000.0,10774015000000.0,10915135000000.0,11467385000000.0,,,
136,할부금융사,10271,현대캐피탈㈜,B,ST004,요약재무상태표(부채 및 자본)(07.12월 이전),A131,고정부채_사 채,3429000000000.0,3060060000000.0,2805260000000.0,2988260000000.0,2303660000000.0,2228260000000.0,2375560000000.0,2804982000000.0,2777195000000.0,3295300000000.0,3802720000000.0,4290645000000.0,5031049000000.0,4918734000000.0,4384904000000.0,4357852000000.0,4646580000000.0,4503942000000.0,5129666000000.0,5648159000000.0,5904133000000.0,6486226000000.0,7387395000000.0,6804391000000.0,6189672000000.0,6377167000000.0,6213772000000.0,6464582000000.0,7034647000000.0,7210630000000.0,7534980000000.0,8401694000000.0,,,
137,할부금융사,10271,현대캐피탈㈜,B,ST004,요약재무상태표(부채 및 자본)(07.12월 이전),A132,고정부채_장기차입금,0.0,0.0,0.0,0.0,0.0,0.0,15000000000.0,15000000000.0,15000000000.0,107196000000.0,197295000000.0,293770000000.0,285227000000.0,449762000000.0,442017000000.0,566461000000.0,668060000000.0,445952000000.0,458694000000.0,400486000000.0,495034000000.0,551904000000.0,719517000000.0,786961000000.0,430000000000.0,330000000000.0,250000000000.0,430000000000.0,330000000000.0,460000000000.0,510000000000.0,540000000000.0,,,
138,할부금융사,10271,현대캐피탈㈜,B,ST004,요약재무상태표(부채 및 자본)(07.12월 이전),A133,고정부채_기타,86322000000.0,91789000000.0,111018000000.0,321430000000.0,316099000000.0,312562000000.0,311589000000.0,303212000000.0,305220000000.0,324617000000.0,334857000000.0,413957000000.0,532936000000.0,610391000000.0,670923000000.0,753291000000.0,733543000000.0,874446000000.0,858156000000.0,865863000000.0,2040972000000.0,2329226000000.0,1619466000000.0,2490566000000.0,2853059000000.0,2556118000000.0,3580446000000.0,3299656000000.0,2566653000000.0,3103385000000.0,2870155000000.0,2525691000000.0,,,
139,할부금융사,10271,현대캐피탈㈜,B,ST004,요약재무상태표(부채 및 자본)(07.12월 이전),A2,자본,596142000000.0,535730000000.0,533760000000.0,627953000000.0,554828000000.0,530951000000.0,523140000000.0,588260000000.0,574832000000.0,598851000000.0,686011000000.0,864870000000.0,909555000000.0,1020285000000.0,1193798000000.0,1178067000000.0,1299380000000.0,1305032000000.0,1400838000000.0,1413929000000.0,1341579000000.0,1470271000000.0,1597936000000.0,1650297000000.0,1730577000000.0,1927748000000.0,2086003000000.0,2155730000000.0,2117538000000.0,2206352000000.0,2352281000000.0,2203513000000.0,,,
140,할부금융사,10271,현대캐피탈㈜,B,ST004,요약재무상태표(부채 및 자본)(07.12월 이전),A21,자본_자본금,355000000000.0,355000000000.0,355000000000.0,355000000000.0,355000000000.0,355000000000.0,355000000000.0,464375000000.0,464375000000.0,464375000000.0,464375000000.0,499686000000.0,499686000000.0,496537000000.0,496537000000.0,496537000000.0,496537000000.0,496537000000.0,496537000000.0,496537000000.0,496537000000.0,496537000000.0,496537000000.0,496537000000.0,496537000000.0,496537000000.0,496537000000.0,496537000000.0,496537000000.0,496537000000.0,496537000000.0,496537000000.0,,,
141,할부금융사,10271,현대캐피탈㈜,B,ST004,요약재무상태표(부채 및 자본)(07.12월 이전),A22,자본_자본잉여금,43721000000.0,43721000000.0,43721000000.0,43721000000.0,43721000000.0,43721000000.0,43721000000.0,281921000000.0,281921000000.0,281921000000.0,281921000000.0,370029000000.0,370028000000.0,369339000000.0,369339000000.0,369339000000.0,407539000000.0,407539000000.0,407539000000.0,407539000000.0,407539000000.0,407539000000.0,407539000000.0,407539000000.0,407539000000.0,407539000000.0,407539000000.0,407539000000.0,407539000000.0,407539000000.0,407539000000.0,407539000000.0,,,
142,할부금융사,10271,현대캐피탈㈜,B,ST004,요약재무상태표(부채 및 자본)(07.12월 이전),A23,자본_이익잉여금(결손금),226664000000.0,123442000000.0,71733000000.0,41352000000.0,-2067000000.0,-51536000000.0,-112095000000.0,-359120000000.0,-154139000000.0,-83615000000.0,-29085000000.0,43742000000.0,125954000000.0,256743000000.0,370370000000.0,355830000000.0,436075000000.0,436194000000.0,525477000000.0,580046000000.0,540768000000.0,630388000000.0,731716000000.0,812619000000.0,953934000000.0,1054420000000.0,1156857000000.0,1223868000000.0,1189312000000.0,1309410000000.0,1452163000000.0,1328255000000.0,,,
143,할부금융사,10271,현대캐피탈㈜,B,ST004,요약재무상태표(부채 및 자본)(07.12월 이전),A24,자본_자본조정,-29243000000.0,13567000000.0,63306000000.0,187880000000.0,158174000000.0,183766000000.0,236514000000.0,201084000000.0,-17325000000.0,-63830000000.0,-31200000000.0,-48587000000.0,-86113000000.0,-102334000000.0,-42448000000.0,-43639000000.0,-40771000000.0,-35238000000.0,-28715000000.0,-70193000000.0,0.0,0.0,0.0,0.0,0.0,0.0,0.0,0.0,0.0,0.0,0.0,0.0,,,
144,할부금융사,11215,트라톤파이낸셜서비스코리아㈜,B,ST004,요약재무상태표(부채 및 자본)(07.12월 이전),A,부채 및 자본총계,90733000000.0,122546000000.0,153914000000.0,199026000000.0,204471000000.0,197286000000.0,198430000000.0,204200000000.0,206391000000.0,199502000000.0,189020000000.0,198937000000.0,192243000000.0,187820000000.0,181583000000.0,172782000000.0,161891000000.0,153288000000.0,131784000000.0,122595000000.0,111361000000.0,98333000000.0,93491000000.0,95589000000.0,93810000000.0,111873000000.0,104149000000.0,113487000000.0,113663000000.0,124964000000.0,126919000000.0,134227000000.0,0.0,0.0,
145,할부금융사,11215,트라톤파이낸셜서비스코리아㈜,B,ST004,요약재무상태표(부채 및 자본)(07.12월 이전),A1,부채,69888000000.0,101046000000.0,132591000000.0,176829000000.0,181497000000.0,172938000000.0,173571000000.0,178482000000.0,179449000000.0,171037000000.0,159061000000.0,168841000000.0,161123000000.0,155903000000.0,148844000000.0,138313000000.0,126858000000.0,117586000000.0,100745000000.0,87915000000.0,74605000000.0,61600000000.0,58566000000.0,62104000000.0,61421000000.0,78023000000.0,69955000000.0,78364000000.0,77148000000.0,87202000000.0,87745000000.0,93904000000.0,0.0,0.0,
146,할부금융사,11215,트라톤파이낸셜서비스코리아㈜,B,ST004,요약재무상태표(부채 및 자본)(07.12월 이전),A11,유동부채,20227000000.0,36666000000.0,25368000000.0,106457000000.0,33014000000.0,19123000000.0,22174000000.0,89755000000.0,76068000000.0,45828000000.0,34074000000.0,94970000000.0,87145000000.0,47232000000.0,40065000000.0,90450000000.0,61056000000.0,51730000000.0,34844000000.0,58811000000.0,71993000000.0,58813000000.0,56390000000.0,60719000000.0,58177000000.0,74381000000.0,68811000000.0,77133000000.0,74463000000.0,83504000000.0,83267000000.0,91440000000.0,0.0,0.0,
147,할부금융사,11215,트라톤파이낸셜서비스코리아㈜,B,ST004,요약재무상태표(부채 및 자본)(07.12월 이전),A111,유동부채_단기차입금,3505000000.0,17409000000.0,10230000000.0,51035000000.0,6448000000.0,2208000000.0,8239000000.0,23680000000.0,32600000000.0,10501000000.0,12984000000.0,9816000000.0,24053000000.0,6514000000.0,19089000000.0,24854000000.0,6335000000.0,19273000000.0,15602000000.0,8926000000.0,4151000000.0,6541000000.0,11842000000.0,30000000.0,2620000000.0,0.0,2207000000.0,0.0,7003000000.0,8127000000.0,18879000000.0,386000000.0,0.0,0.0,
148,할부금융사,11215,트라톤파이낸셜서비스코리아㈜,B,ST004,요약재무상태표(부채 및 자본)(07.12월 이전),A112,유동부채_콜머니,0.0,0.0,0.0,0.0,0.0,0.0,0.0,0.0,0.0,0.0,0.0,0.0,0.0,0.0,0.0,0.0,0.0,0.0,0.0,0.0,0.0,0.0,0.0,0.0,0.0,0.0,0.0,0.0,0.0,0.0,0.0,0.0,0.0,0.0,
149,할부금융사,11215,트라톤파이낸셜서비스코리아㈜,B,ST004,요약재무상태표(부채 및 자본)(07.12월 이전),A113,유동부채_유동성 사채,0.0,0.0,0.0,0.0,0.0,0.0,0.0,0.0,0.0,0.0,0.0,0.0,0.0,0.0,0.0,0.0,0.0,0.0,0.0,0.0,0.0,0.0,0.0,0.0,0.0,0.0,0.0,0.0,0.0,0.0,0.0,0.0,0.0,0.0,
150,할부금융사,11215,트라톤파이낸셜서비스코리아㈜,B,ST004,요약재무상태표(부채 및 자본)(07.12월 이전),A114,유동부채_유동성 장기차입금,14418000000.0,9131000000.0,4303000000.0,50044000000.0,18297000000.0,10219000000.0,5541000000.0,61037000000.0,34824000000.0,25330000000.0,13682000000.0,70391000000.0,51379000000.0,34343000000.0,15192000000.0,60909000000.0,49308000000.0,28348000000.0,15430000000.0,46757000000.0,41618000000.0,35557000000.0,30360000000.0,31389000000.0,34979000000.0,32338000000.0,32466000000.0,33578000000.0,33710000000.0,38710000000.0,36055000000.0,47721000000.0,0.0,0.0,
151,할부금융사,11215,트라톤파이낸셜서비스코리아㈜,B,ST004,요약재무상태표(부채 및 자본)(07.12월 이전),A115,유동부채_기타,2304000000.0,10126000000.0,10835000000.0,5378000000.0,8269000000.0,6696000000.0,8394000000.0,5038000000.0,8644000000.0,9997000000.0,7408000000.0,14763000000.0,11713000000.0,6375000000.0,5784000000.0,4687000000.0,5413000000.0,4109000000.0,3812000000.0,3128000000.0,26224000000.0,16715000000.0,14188000000.0,29300000000.0,20578000000.0,42043000000.0,34138000000.0,43555000000.0,33750000000.0,36667000000.0,28333000000.0,43333000000.0,0.0,0.0,
152,할부금융사,11215,트라톤파이낸셜서비스코리아㈜,B,ST004,요약재무상태표(부채 및 자본)(07.12월 이전),A12,복권회계 부채,0.0,0.0,0.0,0.0,0.0,0.0,0.0,0.0,0.0,0.0,0.0,0.0,0.0,0.0,0.0,0.0,0.0,0.0,0.0,0.0,0.0,0.0,0.0,0.0,0.0,0.0,0.0,0.0,0.0,0.0,0.0,0.0,0.0,0.0,
153,할부금융사,11215,트라톤파이낸셜서비스코리아㈜,B,ST004,요약재무상태표(부채 및 자본)(07.12월 이전),A13,고정부채,49661000000.0,64380000000.0,107223000000.0,70372000000.0,148483000000.0,153815000000.0,151397000000.0,88727000000.0,103381000000.0,125209000000.0,124987000000.0,73871000000.0,73978000000.0,108671000000.0,108779000000.0,47863000000.0,65802000000.0,65856000000.0,65901000000.0,29104000000.0,0.0,0.0,0.0,0.0,0.0,0.0,0.0,0.0,0.0,0.0,0.0,0.0,0.0,0.0,
154,할부금융사,11215,트라톤파이낸셜서비스코리아㈜,B,ST004,요약재무상태표(부채 및 자본)(07.12월 이전),A131,고정부채_사 채,0.0,0.0,0.0,0.0,0.0,0.0,0.0,0.0,0.0,0.0,0.0,0.0,0.0,0.0,0.0,0.0,0.0,0.0,0.0,0.0,0.0,0.0,0.0,0.0,0.0,0.0,0.0,0.0,0.0,0.0,0.0,0.0,0.0,0.0,
155,할부금융사,11215,트라톤파이낸셜서비스코리아㈜,B,ST004,요약재무상태표(부채 및 자본)(07.12월 이전),A132,고정부채_장기차입금,49345000000.0,64032000000.0,106941000000.0,69277000000.0,147537000000.0,152879000000.0,150793000000.0,88121000000.0,102744000000.0,124555000000.0,124690000000.0,73644000000.0,73644000000.0,108644000000.0,108644000000.0,47735000000.0,65445000000.0,65445000000.0,65445000000.0,28689000000.0,26224000000.0,16715000000.0,14188000000.0,29300000000.0,20578000000.0,42043000000.0,34138000000.0,43555000000.0,33750000000.0,36667000000.0,28333000000.0,43333000000.0,0.0,0.0,
156,할부금융사,11215,트라톤파이낸셜서비스코리아㈜,B,ST004,요약재무상태표(부채 및 자본)(07.12월 이전),A133,고정부채_기타,316000000.0,348000000.0,282000000.0,1095000000.0,946000000.0,936000000.0,604000000.0,606000000.0,637000000.0,654000000.0,297000000.0,227000000.0,334000000.0,27000000.0,135000000.0,128000000.0,357000000.0,411000000.0,456000000.0,415000000.0,-26224000000.0,-16715000000.0,-14188000000.0,-29300000000.0,-20578000000.0,-42043000000.0,-34138000000.0,-43555000000.0,-33750000000.0,-36667000000.0,-28333000000.0,-43333000000.0,0.0,0.0,
157,할부금융사,11215,트라톤파이낸셜서비스코리아㈜,B,ST004,요약재무상태표(부채 및 자본)(07.12월 이전),A2,자본,20845000000.0,21500000000.0,21323000000.0,22197000000.0,22974000000.0,24348000000.0,24859000000.0,25718000000.0,26942000000.0,28465000000.0,29959000000.0,30096000000.0,31120000000.0,31917000000.0,32739000000.0,34469000000.0,35033000000.0,35702000000.0,31039000000.0,34680000000.0,36756000000.0,36733000000.0,34925000000.0,33485000000.0,32389000000.0,33850000000.0,34194000000.0,35123000000.0,36515000000.0,37762000000.0,39174000000.0,40323000000.0,0.0,0.0,
158,할부금융사,11215,트라톤파이낸셜서비스코리아㈜,B,ST004,요약재무상태표(부채 및 자본)(07.12월 이전),A21,자본_자본금,20000000000.0,20000000000.0,20000000000.0,20000000000.0,20000000000.0,20000000000.0,20000000000.0,20000000000.0,20000000000.0,20000000000.0,20000000000.0,20000000000.0,20000000000.0,20000000000.0,20000000000.0,20000000000.0,20000000000.0,20000000000.0,20000000000.0,20000000000.0,20000000000.0,20000000000.0,20000000000.0,20000000000.0,20000000000.0,20000000000.0,20000000000.0,20000000000.0,20000000000.0,20000000000.0,20000000000.0,20000000000.0,0.0,0.0,
159,할부금융사,11215,트라톤파이낸셜서비스코리아㈜,B,ST004,요약재무상태표(부채 및 자본)(07.12월 이전),A22,자본_자본잉여금,0.0,0.0,0.0,0.0,0.0,0.0,0.0,0.0,0.0,0.0,0.0,0.0,0.0,0.0,0.0,0.0,0.0,0.0,0.0,0.0,0.0,0.0,0.0,0.0,0.0,0.0,0.0,0.0,0.0,0.0,0.0,0.0,0.0,0.0,
160,할부금융사,11215,트라톤파이낸셜서비스코리아㈜,B,ST004,요약재무상태표(부채 및 자본)(07.12월 이전),A23,자본_이익잉여금(결손금),845000000.0,1500000000.0,1323000000.0,2197000000.0,2974000000.0,4348000000.0,4859000000.0,5718000000.0,6942000000.0,8465000000.0,9959000000.0,10096000000.0,11120000000.0,11917000000.0,12739000000.0,14469000000.0,15033000000.0,15702000000.0,11039000000.0,14680000000.0,16756000000.0,16733000000.0,14925000000.0,13485000000.0,12389000000.0,13850000000.0,14194000000.0,15123000000.0,16515000000.0,17762000000.0,19174000000.0,20323000000.0,0.0,0.0,
161,할부금융사,11215,트라톤파이낸셜서비스코리아㈜,B,ST004,요약재무상태표(부채 및 자본)(07.12월 이전),A24,자본_자본조정,0.0,0.0,0.0,0.0,0.0,0.0,0.0,0.0,0.0,0.0,0.0,0.0,0.0,0.0,0.0,0.0,0.0,0.0,0.0,0.0,0.0,0.0,0.0,0.0,0.0,0.0,0.0,0.0,0.0,0.0,0.0,0.0,0.0,0.0,
162,할부금융사,11231,메르세데스벤츠파이낸셜서비스코리아㈜,B,ST004,요약재무상태표(부채 및 자본)(07.12월 이전),A,부채 및 자본총계,20167000000.0,20941000000.0,35155000000.0,42878000000.0,50280000000.0,69544000000.0,97088000000.0,111405000000.0,119430000000.0,141193000000.0,173382000000.0,208332000000.0,218295000000.0,254278000000.0,273309000000.0,319310000000.0,349548000000.0,379898000000.0,399752000000.0,484102000000.0,521396000000.0,558948000000.0,592536000000.0,652103000000.0,697295000000.0,660558000000.0,651226000000.0,721229000000.0,759511000000.0,821065000000.0,880603000000.0,946239000000.0,0.0,,
163,할부금융사,11231,메르세데스벤츠파이낸셜서비스코리아㈜,B,ST004,요약재무상태표(부채 및 자본)(07.12월 이전),A1,부채,1907000000.0,3521000000.0,18602000000.0,26778000000.0,34736000000.0,54396000000.0,82097000000.0,96468000000.0,103886000000.0,125171000000.0,155754000000.0,188022000000.0,197483000000.0,232774000000.0,251540000000.0,293302000000.0,322555000000.0,353405000000.0,371955000000.0,448402000000.0,481700000000.0,517545000000.0,550846000000.0,624440000000.0,654862000000.0,628927000000.0,613753000000.0,682588000000.0,717052000000.0,775523000000.0,831435000000.0,909778000000.0,0.0,,
164,할부금융사,11231,메르세데스벤츠파이낸셜서비스코리아㈜,B,ST004,요약재무상태표(부채 및 자본)(07.12월 이전),A11,유동부채,1901000000.0,2532000000.0,15159000000.0,21957000000.0,27753000000.0,38163000000.0,55942000000.0,58117000000.0,67454000000.0,73119000000.0,103624000000.0,103218000000.0,111997000000.0,143474000000.0,152469000000.0,163453000000.0,171529000000.0,212395000000.0,197768000000.0,206608000000.0,327292000000.0,351483000000.0,381884000000.0,450458000000.0,473260000000.0,434430000000.0,416148000000.0,451899000000.0,451546000000.0,512532000000.0,547554000000.0,595167000000.0,0.0,,
165,할부금융사,11231,메르세데스벤츠파이낸셜서비스코리아㈜,B,ST004,요약재무상태표(부채 및 자본)(07.12월 이전),A111,유동부채_단기차입금,0.0,0.0,12400000000.0,20000000000.0,24800000000.0,35500000000.0,52000000000.0,52400000000.0,60118000000.0,66034000000.0,94834000000.0,92416000000.0,101270000000.0,122814000000.0,135908000000.0,124284000000.0,52500000000.0,84000000000.0,120414000000.0,105500000000.0,55000000000.0,133172000000.0,113000000000.0,181180000000.0,152706000000.0,72117000000.0,59341000000.0,83514000000.0,89781000000.0,107293000000.0,120360000000.0,106525000000.0,0.0,,
166,할부금융사,11231,메르세데스벤츠파이낸셜서비스코리아㈜,B,ST004,요약재무상태표(부채 및 자본)(07.12월 이전),A112,유동부채_콜머니,0.0,0.0,0.0,0.0,0.0,0.0,0.0,0.0,0.0,0.0,0.0,0.0,0.0,0.0,0.0,0.0,0.0,0.0,0.0,0.0,0.0,0.0,0.0,0.0,0.0,0.0,0.0,0.0,0.0,0.0,0.0,0.0,0.0,,
167,할부금융사,11231,메르세데스벤츠파이낸셜서비스코리아㈜,B,ST004,요약재무상태표(부채 및 자본)(07.12월 이전),A113,유동부채_유동성 사채,0.0,0.0,0.0,0.0,0.0,0.0,0.0,0.0,0.0,0.0,0.0,0.0,0.0,0.0,0.0,0.0,0.0,0.0,0.0,0.0,0.0,0.0,0.0,0.0,0.0,0.0,0.0,0.0,0.0,0.0,0.0,0.0,0.0,,
168,할부금융사,11231,메르세데스벤츠파이낸셜서비스코리아㈜,B,ST004,요약재무상태표(부채 및 자본)(07.12월 이전),A114,유동부채_유동성 장기차입금,0.0,0.0,0.0,0.0,0.0,0.0,0.0,0.0,0.0,0.0,0.0,0.0,0.0,0.0,0.0,17114000000.0,93112000000.0,96557000000.0,51273000000.0,64404000000.0,0.0,10000000000.0,15000000000.0,87725000000.0,191763000000.0,164146000000.0,185295000000.0,185716000000.0,110783000000.0,174306000000.0,139122000000.0,157783000000.0,0.0,,
169,할부금융사,11231,메르세데스벤츠파이낸셜서비스코리아㈜,B,ST004,요약재무상태표(부채 및 자본)(07.12월 이전),A115,유동부채_기타,1901000000.0,2532000000.0,2759000000.0,1957000000.0,2953000000.0,2663000000.0,3942000000.0,5717000000.0,7336000000.0,7085000000.0,8790000000.0,10802000000.0,10727000000.0,20660000000.0,16561000000.0,22055000000.0,25917000000.0,31838000000.0,26081000000.0,36704000000.0,272292000000.0,208311000000.0,253884000000.0,181553000000.0,128791000000.0,198167000000.0,171512000000.0,182669000000.0,250982000000.0,230933000000.0,288072000000.0,330859000000.0,0.0,,
170,할부금융사,11231,메르세데스벤츠파이낸셜서비스코리아㈜,B,ST004,요약재무상태표(부채 및 자본)(07.12월 이전),A12,복권회계 부채,0.0,0.0,0.0,0.0,0.0,0.0,0.0,0.0,0.0,0.0,0.0,0.0,0.0,0.0,0.0,0.0,0.0,0.0,0.0,0.0,0.0,0.0,0.0,0.0,0.0,0.0,0.0,0.0,0.0,0.0,0.0,0.0,0.0,,
171,할부금융사,11231,메르세데스벤츠파이낸셜서비스코리아㈜,B,ST004,요약재무상태표(부채 및 자본)(07.12월 이전),A13,고정부채,6000000.0,989000000.0,3443000000.0,4821000000.0,6983000000.0,16233000000.0,26155000000.0,38351000000.0,36432000000.0,52052000000.0,52130000000.0,84804000000.0,85486000000.0,89300000000.0,99071000000.0,129849000000.0,151026000000.0,141010000000.0,174187000000.0,241794000000.0,0.0,0.0,0.0,0.0,0.0,0.0,0.0,0.0,0.0,0.0,0.0,0.0,0.0,,
172,할부금융사,11231,메르세데스벤츠파이낸셜서비스코리아㈜,B,ST004,요약재무상태표(부채 및 자본)(07.12월 이전),A131,고정부채_사 채,0.0,0.0,0.0,0.0,0.0,0.0,0.0,0.0,0.0,0.0,0.0,0.0,0.0,0.0,0.0,0.0,0.0,0.0,0.0,0.0,0.0,0.0,0.0,0.0,0.0,0.0,0.0,0.0,0.0,0.0,0.0,0.0,0.0,,
173,할부금융사,11231,메르세데스벤츠파이낸셜서비스코리아㈜,B,ST004,요약재무상태표(부채 및 자본)(07.12월 이전),A132,고정부채_장기차입금,0.0,0.0,0.0,0.0,0.0,5300000000.0,10300000000.0,18019000000.0,12800000000.0,22000000000.0,14243000000.0,36147000000.0,30049000000.0,24703000000.0,26904000000.0,44043000000.0,58597000000.0,41571000000.0,69035000000.0,122219000000.0,272292000000.0,208311000000.0,253884000000.0,181553000000.0,128791000000.0,198167000000.0,171511000000.0,182669000000.0,250982000000.0,230933000000.0,288072000000.0,330859000000.0,0.0,,
174,할부금융사,11231,메르세데스벤츠파이낸셜서비스코리아㈜,B,ST004,요약재무상태표(부채 및 자본)(07.12월 이전),A133,고정부채_기타,6000000.0,989000000.0,3443000000.0,4821000000.0,6983000000.0,10933000000.0,15855000000.0,20332000000.0,23632000000.0,30052000000.0,37887000000.0,48657000000.0,55437000000.0,64597000000.0,72167000000.0,85806000000.0,92429000000.0,99439000000.0,105152000000.0,119575000000.0,-272292000000.0,-208311000000.0,-253884000000.0,-181553000000.0,-128791000000.0,-198167000000.0,-171511000000.0,-182669000000.0,-250982000000.0,-230933000000.0,-288072000000.0,-330859000000.0,0.0,,
175,할부금융사,11231,메르세데스벤츠파이낸셜서비스코리아㈜,B,ST004,요약재무상태표(부채 및 자본)(07.12월 이전),A2,자본,18260000000.0,17420000000.0,16553000000.0,16100000000.0,15544000000.0,15148000000.0,14991000000.0,14937000000.0,15544000000.0,16022000000.0,17628000000.0,20310000000.0,20812000000.0,21504000000.0,21769000000.0,26008000000.0,26993000000.0,26493000000.0,27797000000.0,35700000000.0,39696000000.0,41403000000.0,41690000000.0,27663000000.0,42433000000.0,31631000000.0,37473000000.0,38641000000.0,42459000000.0,45542000000.0,49168000000.0,36461000000.0,0.0,,
176,할부금융사,11231,메르세데스벤츠파이낸셜서비스코리아㈜,B,ST004,요약재무상태표(부채 및 자본)(07.12월 이전),A21,자본_자본금,20000000000.0,20000000000.0,20000000000.0,18923000000.0,20000000000.0,20000000000.0,20000000000.0,20000000000.0,20000000000.0,20000000000.0,20000000000.0,20000000000.0,20000000000.0,20000000000.0,20000000000.0,20000000000.0,20000000000.0,20000000000.0,20000000000.0,26000000000.0,26000000000.0,26000000000.0,26000000000.0,26000000000.0,26000000000.0,26000000000.0,26000000000.0,26000000000.0,26000000000.0,26000000000.0,26000000000.0,26000000000.0,0.0,,
177,할부금융사,11231,메르세데스벤츠파이낸셜서비스코리아㈜,B,ST004,요약재무상태표(부채 및 자본)(07.12월 이전),A22,자본_자본잉여금,0.0,0.0,0.0,0.0,0.0,0.0,0.0,0.0,0.0,0.0,0.0,0.0,0.0,0.0,0.0,0.0,0.0,0.0,0.0,0.0,0.0,0.0,0.0,0.0,0.0,0.0,0.0,0.0,0.0,0.0,0.0,0.0,0.0,,
178,할부금융사,11231,메르세데스벤츠파이낸셜서비스코리아㈜,B,ST004,요약재무상태표(부채 및 자본)(07.12월 이전),A23,자본_이익잉여금(결손금),-1740000000.0,-2580000000.0,-3447000000.0,-2823000000.0,-4456000000.0,-4852000000.0,-5009000000.0,-5050000000.0,-4476000000.0,-3907000000.0,-2294000000.0,-848000000.0,755000000.0,1071000000.0,1052000000.0,4713000000.0,6357000000.0,5851000000.0,7608000000.0,9939000000.0,12436000000.0,12627000000.0,11548000000.0,7234000000.0,8550000000.0,10303000000.0,9897000000.0,12281000000.0,14288000000.0,16894000000.0,23095000000.0,13182000000.0,0.0,,
179,할부금융사,11231,메르세데스벤츠파이낸셜서비스코리아㈜,B,ST004,요약재무상태표(부채 및 자본)(07.12월 이전),A24,자본_자본조정,0.0,0.0,0.0,0.0,0.0,0.0,0.0,-13000000.0,20000000.0,-71000000.0,-78000000.0,1158000000.0,57000000.0,433000000.0,717000000.0,1295000000.0,636000000.0,642000000.0,189000000.0,-239000000.0,-21000000.0,-21000000.0,-31000000.0,-20000000.0,-10000000.0,-10000000.0,-10000000.0,-10000000.0,0.0,-10000000.0,-10000000.0,0.0,0.0,,
180,할부금융사,11575,알씨아이파이낸셜서비스코리아㈜,B,ST004,요약재무상태표(부채 및 자본)(07.12월 이전),A,부채 및 자본총계,,,,,,,,,,,,25025000000.0,26589000000.0,77491000000.0,131732000000.0,183883000000.0,258422000000.0,339713000000.0,393570000000.0,516461000000.0,713329000000.0,818389000000.0,999630000000.0,1065553000000.0,1125609000000.0,1269366000000.0,1310073000000.0,1499792000000.0,1534394000000.0,1688376000000.0,1861352000000.0,2014112000000.0,0.0,0.0,
181,할부금융사,11575,알씨아이파이낸셜서비스코리아㈜,B,ST004,요약재무상태표(부채 및 자본)(07.12월 이전),A1,부채,,,,,,,,,,,,3145000000.0,6066000000.0,59136000000.0,115565000000.0,155919000000.0,177259000000.0,260265000000.0,312586000000.0,436457000000.0,582416000000.0,686001000000.0,785353000000.0,859237000000.0,912542000000.0,1049408000000.0,1077122000000.0,1267500000000.0,1284372000000.0,1433336000000.0,1599176000000.0,1748261000000.0,0.0,0.0,
182,할부금융사,11575,알씨아이파이낸셜서비스코리아㈜,B,ST004,요약재무상태표(부채 및 자본)(07.12월 이전),A11,유동부채,,,,,,,,,,,,3057000000.0,4674000000.0,6754000000.0,28411000000.0,97557000000.0,18558000000.0,18985000000.0,59330000000.0,258549000000.0,548575000000.0,645216000000.0,741876000000.0,796849000000.0,838318000000.0,947648000000.0,974982000000.0,1141307000000.0,1088473000000.0,1206485000000.0,1410811000000.0,1532702000000.0,0.0,0.0,
183,할부금융사,11575,알씨아이파이낸셜서비스코리아㈜,B,ST004,요약재무상태표(부채 및 자본)(07.12월 이전),A111,유동부채_단기차입금,,,,,,,,,,,,0.0,0.0,0.0,16087000000.0,26970000000.0,12231000000.0,10163000000.0,52164000000.0,46803000000.0,34685000000.0,30395000000.0,35001000000.0,45324000000.0,40110000000.0,12752000000.0,11773000000.0,26572000000.0,11308000000.0,12103000000.0,11420000000.0,11389000000.0,0.0,0.0,
184,할부금융사,11575,알씨아이파이낸셜서비스코리아㈜,B,ST004,요약재무상태표(부채 및 자본)(07.12월 이전),A112,유동부채_콜머니,,,,,,,,,,,,0.0,0.0,0.0,0.0,0.0,0.0,0.0,0.0,0.0,0.0,0.0,0.0,0.0,0.0,0.0,0.0,0.0,0.0,0.0,0.0,0.0,0.0,0.0,
185,할부금융사,11575,알씨아이파이낸셜서비스코리아㈜,B,ST004,요약재무상태표(부채 및 자본)(07.12월 이전),A113,유동부채_유동성 사채,,,,,,,,,,,,0.0,0.0,0.0,0.0,0.0,0.0,0.0,0.0,0.0,0.0,0.0,0.0,0.0,0.0,0.0,0.0,0.0,0.0,0.0,0.0,0.0,0.0,0.0,
186,할부금융사,11575,알씨아이파이낸셜서비스코리아㈜,B,ST004,요약재무상태표(부채 및 자본)(07.12월 이전),A114,유동부채_유동성 장기차입금,,,,,,,,,,,,0.0,0.0,0.0,0.0,62079000000.0,0.0,0.0,0.0,198465000000.0,0.0,0.0,0.0,0.0,0.0,0.0,0.0,0.0,0.0,0.0,0.0,0.0,0.0,0.0,
187,할부금융사,11575,알씨아이파이낸셜서비스코리아㈜,B,ST004,요약재무상태표(부채 및 자본)(07.12월 이전),A115,유동부채_기타,,,,,,,,,,,,3057000000.0,4674000000.0,6754000000.0,12324000000.0,8508000000.0,6327000000.0,8822000000.0,7166000000.0,13281000000.0,513890000000.0,614821000000.0,706875000000.0,751525000000.0,798208000000.0,934896000000.0,963209000000.0,1114735000000.0,1077165000000.0,1194382000000.0,1399391000000.0,1521313000000.0,0.0,0.0,
188,할부금융사,11575,알씨아이파이낸셜서비스코리아㈜,B,ST004,요약재무상태표(부채 및 자본)(07.12월 이전),A12,복권회계 부채,,,,,,,,,,,,0.0,0.0,0.0,0.0,0.0,0.0,0.0,0.0,0.0,0.0,0.0,0.0,0.0,0.0,0.0,0.0,0.0,0.0,0.0,0.0,0.0,0.0,0.0,
189,할부금융사,11575,알씨아이파이낸셜서비스코리아㈜,B,ST004,요약재무상태표(부채 및 자본)(07.12월 이전),A13,고정부채,,,,,,,,,,,,88000000.0,1392000000.0,52382000000.0,87154000000.0,58362000000.0,158701000000.0,241280000000.0,253256000000.0,177908000000.0,335069000000.0,477172000000.0,636312000000.0,749686000000.0,798208000000.0,934896000000.0,963209000000.0,1114735000000.0,1077165000000.0,1194382000000.0,1399391000000.0,1521313000000.0,0.0,0.0,
190,할부금융사,11575,알씨아이파이낸셜서비스코리아㈜,B,ST004,요약재무상태표(부채 및 자본)(07.12월 이전),A131,고정부채_사 채,,,,,,,,,,,,0.0,0.0,0.0,0.0,0.0,0.0,0.0,31142000000.0,163977000000.0,335332000000.0,477492000000.0,637004000000.0,750365000000.0,798833000000.0,935461000000.0,963688000000.0,1115203000000.0,1077929000000.0,1195090000000.0,1400382000000.0,1522784000000.0,0.0,0.0,
191,할부금융사,11575,알씨아이파이낸셜서비스코리아㈜,B,ST004,요약재무상태표(부채 및 자본)(07.12월 이전),A132,고정부채_장기차입금,,,,,,,,,,,,0.0,1176000000.0,50910000000.0,84512000000.0,53506000000.0,153070000000.0,221144000000.0,211902000000.0,1378000000.0,178821000000.0,137649000000.0,70563000000.0,1839000000.0,0.0,0.0,0.0,0.0,0.0,0.0,0.0,0.0,0.0,0.0,
192,할부금융사,11575,알씨아이파이낸셜서비스코리아㈜,B,ST004,요약재무상태표(부채 및 자본)(07.12월 이전),A133,고정부채_기타,,,,,,,,,,,,88000000.0,216000000.0,1472000000.0,2642000000.0,4856000000.0,5631000000.0,20136000000.0,10212000000.0,12553000000.0,-179084000000.0,-137969000000.0,-71255000000.0,-2518000000.0,-625000000.0,-565000000.0,-479000000.0,-468000000.0,-764000000.0,-708000000.0,-991000000.0,-1471000000.0,0.0,0.0,
193,할부금융사,11575,알씨아이파이낸셜서비스코리아㈜,B,ST004,요약재무상태표(부채 및 자본)(07.12월 이전),A2,자본,,,,,,,,,,,,21880000000.0,20523000000.0,18355000000.0,16167000000.0,27964000000.0,81163000000.0,79448000000.0,80984000000.0,80004000000.0,130913000000.0,132388000000.0,214277000000.0,206316000000.0,213067000000.0,219958000000.0,232951000000.0,232292000000.0,250022000000.0,255040000000.0,262176000000.0,265851000000.0,0.0,0.0,
194,할부금융사,11575,알씨아이파이낸셜서비스코리아㈜,B,ST004,요약재무상태표(부채 및 자본)(07.12월 이전),A21,자본_자본금,,,,,,,,,,,,25500000000.0,25500000000.0,25500000000.0,25500000000.0,29250000000.0,43000000000.0,43000000000.0,43000000000.0,43000000000.0,55500000000.0,55500000000.0,75500000000.0,75500000000.0,75500000000.0,75500000000.0,75500000000.0,75500000000.0,75500000000.0,75500000000.0,75500000000.0,75500000000.0,0.0,0.0,
195,할부금융사,11575,알씨아이파이낸셜서비스코리아㈜,B,ST004,요약재무상태표(부채 및 자본)(07.12월 이전),A22,자본_자본잉여금,,,,,,,,,,,,0.0,0.0,0.0,0.0,10807000000.0,51856000000.0,51856000000.0,51856000000.0,51856000000.0,89173000000.0,89173000000.0,149073000000.0,149073000000.0,149073000000.0,149073000000.0,149073000000.0,149073000000.0,149073000000.0,149073000000.0,149073000000.0,149073000000.0,0.0,0.0,
196,할부금융사,11575,알씨아이파이낸셜서비스코리아㈜,B,ST004,요약재무상태표(부채 및 자본)(07.12월 이전),A23,자본_이익잉여금(결손금),,,,,,,,,,,,-3244000000.0,-4601000000.0,-6769000000.0,-8957000000.0,-12665000000.0,-14073000000.0,-15753000000.0,-14001000000.0,-14587000000.0,-13043000000.0,-11776000000.0,-9992000000.0,-7207000000.0,-1059000000.0,4306000000.0,10992000000.0,10603000000.0,29341000000.0,34516000000.0,42229000000.0,43528000000.0,0.0,0.0,
197,할부금융사,11575,알씨아이파이낸셜서비스코리아㈜,B,ST004,요약재무상태표(부채 및 자본)(07.12월 이전),A24,자본_자본조정,,,,,,,,,,,,-376000000.0,-376000000.0,-376000000.0,-376000000.0,572000000.0,380000000.0,345000000.0,129000000.0,-265000000.0,-717000000.0,-509000000.0,-304000000.0,-11050000000.0,-10447000000.0,-8921000000.0,-2614000000.0,0.0,0.0,0.0,0.0,0.0,0.0,0.0,
198,할부금융사,11797,엔에이치농협캐피탈㈜,B,ST004,요약재무상태표(부채 및 자본)(07.12월 이전),A,부채 및 자본총계,,,,,,,,,,,,,,,,,,19601000000.0,44804000000.0,111197000000.0,120175000000.0,169331000000.0,384664000000.0,435684000000.0,441440000000.0,512230000000.0,765000000000.0,761527000000.0,753194000000.0,812899000000.0,882171000000.0,861849000000.0,,,
199,할부금융사,11797,엔에이치농협캐피탈㈜,B,ST004,요약재무상태표(부채 및 자본)(07.12월 이전),A1,부채,,,,,,,,,,,,,,,,,,180000000.0,25223000000.0,97406000000.0,106067000000.0,126611000000.0,340385000000.0,387333000000.0,390678000000.0,458610000000.0,693335000000.0,686711000000.0,674298000000.0,731661000000.0,798547000000.0,774335000000.0,,,
200,할부금융사,11797,엔에이치농협캐피탈㈜,B,ST004,요약재무상태표(부채 및 자본)(07.12월 이전),A11,유동부채,,,,,,,,,,,,,,,,,,180000000.0,25223000000.0,97356000000.0,105000000000.0,126166000000.0,252361000000.0,313172000000.0,382360000000.0,448652000000.0,684152000000.0,676851000000.0,666388000000.0,722727000000.0,790904000000.0,764884000000.0,,,
201,할부금융사,11797,엔에이치농협캐피탈㈜,B,ST004,요약재무상태표(부채 및 자본)(07.12월 이전),A111,유동부채_단기차입금,,,,,,,,,,,,,,,,,,0.0,0.0,71026000000.0,80000000000.0,87000000000.0,218179000000.0,184000000000.0,252919000000.0,289022000000.0,539276000000.0,532141000000.0,501759000000.0,433038000000.0,501154000000.0,480179000000.0,,,
202,할부금융사,11797,엔에이치농협캐피탈㈜,B,ST004,요약재무상태표(부채 및 자본)(07.12월 이전),A112,유동부채_콜머니,,,,,,,,,,,,,,,,,,0.0,0.0,0.0,0.0,0.0,0.0,0.0,0.0,0.0,0.0,0.0,0.0,0.0,0.0,0.0,,,
203,할부금융사,11797,엔에이치농협캐피탈㈜,B,ST004,요약재무상태표(부채 및 자본)(07.12월 이전),A113,유동부채_유동성 사채,,,,,,,,,,,,,,,,,,0.0,0.0,0.0,0.0,0.0,0.0,0.0,0.0,0.0,0.0,0.0,0.0,0.0,0.0,0.0,,,
204,할부금융사,11797,엔에이치농협캐피탈㈜,B,ST004,요약재무상태표(부채 및 자본)(07.12월 이전),A114,유동부채_유동성 장기차입금,,,,,,,,,,,,,,,,,,0.0,0.0,0.0,0.0,0.0,0.0,0.0,0.0,0.0,0.0,0.0,0.0,0.0,0.0,0.0,,,
205,할부금융사,11797,엔에이치농협캐피탈㈜,B,ST004,요약재무상태표(부채 및 자본)(07.12월 이전),A115,유동부채_기타,,,,,,,,,,,,,,,,,,180000000.0,25223000000.0,26330000000.0,25000000000.0,39166000000.0,34182000000.0,129172000000.0,129441000000.0,159630000000.0,144876000000.0,144710000000.0,164629000000.0,289689000000.0,289750000000.0,284705000000.0,,,
206,할부금융사,11797,엔에이치농협캐피탈㈜,B,ST004,요약재무상태표(부채 및 자본)(07.12월 이전),A12,복권회계 부채,,,,,,,,,,,,,,,,,,0.0,0.0,0.0,0.0,0.0,0.0,0.0,0.0,0.0,0.0,0.0,0.0,0.0,0.0,0.0,,,
207,할부금융사,11797,엔에이치농협캐피탈㈜,B,ST004,요약재무상태표(부채 및 자본)(07.12월 이전),A13,고정부채,,,,,,,,,,,,,,,,,,0.0,0.0,50000000.0,25000000000.0,39166000000.0,34182000000.0,129172000000.0,129441000000.0,159630000000.0,144876000000.0,144710000000.0,164629000000.0,164689000000.0,164750000000.0,194705000000.0,,,
208,할부금융사,11797,엔에이치농협캐피탈㈜,B,ST004,요약재무상태표(부채 및 자본)(07.12월 이전),A131,고정부채_사 채,,,,,,,,,,,,,,,,,,0.0,0.0,0.0,0.0,0.0,0.0,0.0,0.0,0.0,0.0,125000000000.0,165000000000.0,165000000000.0,165000000000.0,195000000000.0,,,
209,할부금융사,11797,엔에이치농협캐피탈㈜,B,ST004,요약재무상태표(부채 및 자본)(07.12월 이전),A132,고정부채_장기차입금,,,,,,,,,,,,,,,,,,0.0,0.0,0.0,0.0,0.0,0.0,0.0,0.0,0.0,0.0,0.0,0.0,125000000000.0,125000000000.0,90000000000.0,,,
210,할부금융사,11797,엔에이치농협캐피탈㈜,B,ST004,요약재무상태표(부채 및 자본)(07.12월 이전),A133,고정부채_기타,,,,,,,,,,,,,,,,,,0.0,0.0,50000000.0,25000000000.0,39166000000.0,34182000000.0,129172000000.0,129441000000.0,159630000000.0,144876000000.0,19710000000.0,-371000000.0,-125311000000.0,-125250000000.0,-90295000000.0,,,
211,할부금융사,11797,엔에이치농협캐피탈㈜,B,ST004,요약재무상태표(부채 및 자본)(07.12월 이전),A2,자본,,,,,,,,,,,,,,,,,,19421000000.0,19581000000.0,13791000000.0,14108000000.0,42720000000.0,44279000000.0,48351000000.0,50762000000.0,53620000000.0,71665000000.0,74816000000.0,78896000000.0,81238000000.0,83624000000.0,87514000000.0,,,
212,할부금융사,11797,엔에이치농협캐피탈㈜,B,ST004,요약재무상태표(부채 및 자본)(07.12월 이전),A21,자본_자본금,,,,,,,,,,,,,,,,,,20000000000.0,20000000000.0,20000000000.0,20000000000.0,46500000000.0,46500000000.0,46500000000.0,46500000000.0,46500000000.0,61500000000.0,61500000000.0,61500000000.0,61500000000.0,61500000000.0,61500000000.0,,,
213,할부금융사,11797,엔에이치농협캐피탈㈜,B,ST004,요약재무상태표(부채 및 자본)(07.12월 이전),A22,자본_자본잉여금,,,,,,,,,,,,,,,,,,0.0,0.0,0.0,0.0,1936000000.0,2037000000.0,1829000000.0,1830000000.0,1829000000.0,1777000000.0,1777000000.0,1777000000.0,1777000000.0,1777000000.0,1777000000.0,,,
214,할부금융사,11797,엔에이치농협캐피탈㈜,B,ST004,요약재무상태표(부채 및 자본)(07.12월 이전),A23,자본_이익잉여금(결손금),,,,,,,,,,,,,,,,,,-477000000.0,-317000000.0,-6107000000.0,-5790000000.0,-5716000000.0,-4258000000.0,29000000.0,2299000000.0,5292000000.0,8389000000.0,11539000000.0,15618000000.0,17955000000.0,20343000000.0,24232000000.0,,,
215,할부금융사,11797,엔에이치농협캐피탈㈜,B,ST004,요약재무상태표(부채 및 자본)(07.12월 이전),A24,자본_자본조정,,,,,,,,,,,,,,,,,,-102000000.0,-102000000.0,-102000000.0,-102000000.0,0.0,0.0,0.0,0.0,0.0,0.0,0.0,0.0,0.0,0.0,0.0,,,
216,할부금융사,11923,에이캐피탈㈜,B,ST004,요약재무상태표(부채 및 자본)(07.12월 이전),A,부채 및 자본총계,,,,,,,,,,,,,,,,,,,,,97425000000.0,152854000000.0,136147000000.0,204507000000.0,317701000000.0,360902000000.0,368065000000.0,429235000000.0,467320000000.0,550835000000.0,629843000000.0,697937000000.0,0.0,,
217,할부금융사,11923,에이캐피탈㈜,B,ST004,요약재무상태표(부채 및 자본)(07.12월 이전),A1,부채,,,,,,,,,,,,,,,,,,,,,83759000000.0,142390000000.0,125069000000.0,178180000000.0,293815000000.0,336226000000.0,342742000000.0,390089000000.0,426244000000.0,489109000000.0,568490000000.0,637404000000.0,0.0,,
218,할부금융사,11923,에이캐피탈㈜,B,ST004,요약재무상태표(부채 및 자본)(07.12월 이전),A11,유동부채,,,,,,,,,,,,,,,,,,,,,81000000000.0,139944000000.0,122103000000.0,173114000000.0,287544000000.0,324710000000.0,332936000000.0,375668000000.0,409567000000.0,478383000000.0,556401000000.0,627302000000.0,0.0,,
219,할부금융사,11923,에이캐피탈㈜,B,ST004,요약재무상태표(부채 및 자본)(07.12월 이전),A111,유동부채_단기차입금,,,,,,,,,,,,,,,,,,,,,81000000000.0,139944000000.0,122103000000.0,173114000000.0,267544000000.0,304710000000.0,312936000000.0,355668000000.0,289567000000.0,358383000000.0,286401000000.0,287302000000.0,0.0,,
220,할부금융사,11923,에이캐피탈㈜,B,ST004,요약재무상태표(부채 및 자본)(07.12월 이전),A112,유동부채_콜머니,,,,,,,,,,,,,,,,,,,,,0.0,0.0,0.0,0.0,0.0,0.0,0.0,0.0,0.0,0.0,0.0,0.0,0.0,,
221,할부금융사,11923,에이캐피탈㈜,B,ST004,요약재무상태표(부채 및 자본)(07.12월 이전),A113,유동부채_유동성 사채,,,,,,,,,,,,,,,,,,,,,0.0,0.0,0.0,0.0,0.0,0.0,0.0,0.0,0.0,0.0,0.0,0.0,0.0,,
222,할부금융사,11923,에이캐피탈㈜,B,ST004,요약재무상태표(부채 및 자본)(07.12월 이전),A114,유동부채_유동성 장기차입금,,,,,,,,,,,,,,,,,,,,,0.0,0.0,0.0,0.0,0.0,0.0,0.0,0.0,0.0,0.0,0.0,0.0,0.0,,
223,할부금융사,11923,에이캐피탈㈜,B,ST004,요약재무상태표(부채 및 자본)(07.12월 이전),A115,유동부채_기타,,,,,,,,,,,,,,,,,,,,,0.0,0.0,0.0,0.0,20000000000.0,20000000000.0,20000000000.0,20000000000.0,120000000000.0,120000000000.0,270000000000.0,340000000000.0,0.0,,
224,할부금융사,11923,에이캐피탈㈜,B,ST004,요약재무상태표(부채 및 자본)(07.12월 이전),A12,복권회계 부채,,,,,,,,,,,,,,,,,,,,,0.0,0.0,0.0,0.0,0.0,0.0,0.0,0.0,0.0,0.0,0.0,0.0,0.0,,
225,할부금융사,11923,에이캐피탈㈜,B,ST004,요약재무상태표(부채 및 자본)(07.12월 이전),A13,고정부채,,,,,,,,,,,,,,,,,,,,,0.0,0.0,0.0,0.0,20000000000.0,20000000000.0,20000000000.0,20000000000.0,20000000000.0,20000000000.0,20000000000.0,20000000000.0,0.0,,
226,할부금융사,11923,에이캐피탈㈜,B,ST004,요약재무상태표(부채 및 자본)(07.12월 이전),A131,고정부채_사 채,,,,,,,,,,,,,,,,,,,,,0.0,0.0,0.0,0.0,20000000000.0,20000000000.0,20000000000.0,20000000000.0,20000000000.0,20000000000.0,20000000000.0,20000000000.0,0.0,,
227,할부금융사,11923,에이캐피탈㈜,B,ST004,요약재무상태표(부채 및 자본)(07.12월 이전),A132,고정부채_장기차입금,,,,,,,,,,,,,,,,,,,,,0.0,0.0,0.0,0.0,0.0,0.0,0.0,0.0,100000000000.0,100000000000.0,250000000000.0,320000000000.0,0.0,,
228,할부금융사,11923,에이캐피탈㈜,B,ST004,요약재무상태표(부채 및 자본)(07.12월 이전),A133,고정부채_기타,,,,,,,,,,,,,,,,,,,,,0.0,0.0,0.0,0.0,0.0,0.0,0.0,0.0,-100000000000.0,-100000000000.0,-250000000000.0,-320000000000.0,0.0,,
229,할부금융사,11923,에이캐피탈㈜,B,ST004,요약재무상태표(부채 및 자본)(07.12월 이전),A2,자본,,,,,,,,,,,,,,,,,,,,,13666000000.0,10464000000.0,11078000000.0,26327000000.0,23886000000.0,24676000000.0,25323000000.0,39146000000.0,41076000000.0,61726000000.0,61353000000.0,60533000000.0,0.0,,
230,할부금융사,11923,에이캐피탈㈜,B,ST004,요약재무상태표(부채 및 자본)(07.12월 이전),A21,자본_자본금,,,,,,,,,,,,,,,,,,,,,20000000000.0,20000000000.0,20000000000.0,38000000000.0,38000000000.0,38000000000.0,38000000000.0,53000000000.0,53000000000.0,73000000000.0,73000000000.0,73000000000.0,0.0,,
231,할부금융사,11923,에이캐피탈㈜,B,ST004,요약재무상태표(부채 및 자본)(07.12월 이전),A22,자본_자본잉여금,,,,,,,,,,,,,,,,,,,,,0.0,0.0,0.0,0.0,0.0,0.0,0.0,0.0,0.0,0.0,0.0,0.0,0.0,,
232,할부금융사,11923,에이캐피탈㈜,B,ST004,요약재무상태표(부채 및 자본)(07.12월 이전),A23,자본_이익잉여금(결손금),,,,,,,,,,,,,,,,,,,,,-6334000000.0,-9536000000.0,-8661000000.0,-10282000000.0,-12733000000.0,-12753000000.0,-12859000000.0,-14103000000.0,-11740000000.0,-10784000000.0,-11084000000.0,-11956000000.0,0.0,,
233,할부금융사,11923,에이캐피탈㈜,B,ST004,요약재무상태표(부채 및 자본)(07.12월 이전),A24,자본_자본조정,,,,,,,,,,,,,,,,,,,,,0.0,0.0,0.0,-87000000.0,-87000000.0,-87000000.0,-87000000.0,-159000000.0,-158000000.0,-529000000.0,-529000000.0,-529000000.0,0.0,,
234,할부금융사,12175,㈜에이치비캐피탈,B,ST004,요약재무상태표(부채 및 자본)(07.12월 이전),A,부채 및 자본총계,,,,,,,,,,,,,,,,,,,,,,,,,,,,,32119000000.0,32193000000.0,35363000000.0,38613000000.0,0.0,,
235,할부금융사,12175,㈜에이치비캐피탈,B,ST004,요약재무상태표(부채 및 자본)(07.12월 이전),A1,부채,,,,,,,,,,,,,,,,,,,,,,,,,,,,,11535000000.0,11323000000.0,14177000000.0,17146000000.0,0.0,,
236,할부금융사,12175,㈜에이치비캐피탈,B,ST004,요약재무상태표(부채 및 자본)(07.12월 이전),A11,유동부채,,,,,,,,,,,,,,,,,,,,,,,,,,,,,11334000000.0,11000000000.0,14000000000.0,17000000000.0,0.0,,
237,할부금융사,12175,㈜에이치비캐피탈,B,ST004,요약재무상태표(부채 및 자본)(07.12월 이전),A111,유동부채_단기차입금,,,,,,,,,,,,,,,,,,,,,,,,,,,,,11334000000.0,11000000000.0,14000000000.0,17000000000.0,0.0,,
238,할부금융사,12175,㈜에이치비캐피탈,B,ST004,요약재무상태표(부채 및 자본)(07.12월 이전),A112,유동부채_콜머니,,,,,,,,,,,,,,,,,,,,,,,,,,,,,0.0,0.0,0.0,0.0,0.0,,
239,할부금융사,12175,㈜에이치비캐피탈,B,ST004,요약재무상태표(부채 및 자본)(07.12월 이전),A113,유동부채_유동성 사채,,,,,,,,,,,,,,,,,,,,,,,,,,,,,0.0,0.0,0.0,0.0,0.0,,
240,할부금융사,12175,㈜에이치비캐피탈,B,ST004,요약재무상태표(부채 및 자본)(07.12월 이전),A114,유동부채_유동성 장기차입금,,,,,,,,,,,,,,,,,,,,,,,,,,,,,0.0,0.0,0.0,0.0,0.0,,
241,할부금융사,12175,㈜에이치비캐피탈,B,ST004,요약재무상태표(부채 및 자본)(07.12월 이전),A115,유동부채_기타,,,,,,,,,,,,,,,,,,,,,,,,,,,,,0.0,0.0,0.0,0.0,0.0,,
242,할부금융사,12175,㈜에이치비캐피탈,B,ST004,요약재무상태표(부채 및 자본)(07.12월 이전),A12,복권회계 부채,,,,,,,,,,,,,,,,,,,,,,,,,,,,,0.0,0.0,0.0,0.0,0.0,,
243,할부금융사,12175,㈜에이치비캐피탈,B,ST004,요약재무상태표(부채 및 자본)(07.12월 이전),A13,고정부채,,,,,,,,,,,,,,,,,,,,,,,,,,,,,0.0,0.0,0.0,0.0,0.0,,
244,할부금융사,12175,㈜에이치비캐피탈,B,ST004,요약재무상태표(부채 및 자본)(07.12월 이전),A131,고정부채_사 채,,,,,,,,,,,,,,,,,,,,,,,,,,,,,0.0,0.0,0.0,0.0,0.0,,
245,할부금융사,12175,㈜에이치비캐피탈,B,ST004,요약재무상태표(부채 및 자본)(07.12월 이전),A132,고정부채_장기차입금,,,,,,,,,,,,,,,,,,,,,,,,,,,,,0.0,0.0,0.0,0.0,0.0,,
246,할부금융사,12175,㈜에이치비캐피탈,B,ST004,요약재무상태표(부채 및 자본)(07.12월 이전),A133,고정부채_기타,,,,,,,,,,,,,,,,,,,,,,,,,,,,,0.0,0.0,0.0,0.0,0.0,,
247,할부금융사,12175,㈜에이치비캐피탈,B,ST004,요약재무상태표(부채 및 자본)(07.12월 이전),A2,자본,,,,,,,,,,,,,,,,,,,,,,,,,,,,,20584000000.0,20870000000.0,21186000000.0,21467000000.0,0.0,,
248,할부금융사,12175,㈜에이치비캐피탈,B,ST004,요약재무상태표(부채 및 자본)(07.12월 이전),A21,자본_자본금,,,,,,,,,,,,,,,,,,,,,,,,,,,,,20000000000.0,20000000000.0,20000000000.0,20000000000.0,0.0,,
249,할부금융사,12175,㈜에이치비캐피탈,B,ST004,요약재무상태표(부채 및 자본)(07.12월 이전),A22,자본_자본잉여금,,,,,,,,,,,,,,,,,,,,,,,,,,,,,0.0,-72000000.0,0.0,0.0,0.0,,
250,할부금융사,12175,㈜에이치비캐피탈,B,ST004,요약재무상태표(부채 및 자본)(07.12월 이전),A23,자본_이익잉여금(결손금),,,,,,,,,,,,,,,,,,,,,,,,,,,,,656000000.0,942000000.0,1258000000.0,1539000000.0,0.0,,
251,할부금융사,12175,㈜에이치비캐피탈,B,ST004,요약재무상태표(부채 및 자본)(07.12월 이전),A24,자본_자본조정,,,,,,,,,,,,,,,,,,,,,,,,,,,,,-72000000.0,0.0,-72000000.0,-72000000.0,0.0,,
252,할부금융사,12418,㈜에코캐피탈,B,ST004,요약재무상태표(부채 및 자본)(07.12월 이전),A,부채 및 자본총계,,,,,,,,,,,,,,,,,,,,,,,,,,,,,,19920000000.0,20126000000.0,51590000000.0,0.0,,
253,할부금융사,12418,㈜에코캐피탈,B,ST004,요약재무상태표(부채 및 자본)(07.12월 이전),A1,부채,,,,,,,,,,,,,,,,,,,,,,,,,,,,,,2000000.0,27000000.0,6019000000.0,0.0,,
254,할부금융사,12418,㈜에코캐피탈,B,ST004,요약재무상태표(부채 및 자본)(07.12월 이전),A11,유동부채,,,,,,,,,,,,,,,,,,,,,,,,,,,,,,0.0,0.0,5700000000.0,0.0,,
255,할부금융사,12418,㈜에코캐피탈,B,ST004,요약재무상태표(부채 및 자본)(07.12월 이전),A111,유동부채_단기차입금,,,,,,,,,,,,,,,,,,,,,,,,,,,,,,0.0,0.0,5700000000.0,0.0,,
256,할부금융사,12418,㈜에코캐피탈,B,ST004,요약재무상태표(부채 및 자본)(07.12월 이전),A112,유동부채_콜머니,,,,,,,,,,,,,,,,,,,,,,,,,,,,,,0.0,0.0,0.0,0.0,,
257,할부금융사,12418,㈜에코캐피탈,B,ST004,요약재무상태표(부채 및 자본)(07.12월 이전),A113,유동부채_유동성 사채,,,,,,,,,,,,,,,,,,,,,,,,,,,,,,0.0,0.0,0.0,0.0,,
258,할부금융사,12418,㈜에코캐피탈,B,ST004,요약재무상태표(부채 및 자본)(07.12월 이전),A114,유동부채_유동성 장기차입금,,,,,,,,,,,,,,,,,,,,,,,,,,,,,,0.0,0.0,0.0,0.0,,
259,할부금융사,12418,㈜에코캐피탈,B,ST004,요약재무상태표(부채 및 자본)(07.12월 이전),A115,유동부채_기타,,,,,,,,,,,,,,,,,,,,,,,,,,,,,,0.0,0.0,0.0,0.0,,
260,할부금융사,12418,㈜에코캐피탈,B,ST004,요약재무상태표(부채 및 자본)(07.12월 이전),A12,복권회계 부채,,,,,,,,,,,,,,,,,,,,,,,,,,,,,,0.0,0.0,0.0,0.0,,
261,할부금융사,12418,㈜에코캐피탈,B,ST004,요약재무상태표(부채 및 자본)(07.12월 이전),A13,고정부채,,,,,,,,,,,,,,,,,,,,,,,,,,,,,,0.0,0.0,0.0,0.0,,
262,할부금융사,12418,㈜에코캐피탈,B,ST004,요약재무상태표(부채 및 자본)(07.12월 이전),A131,고정부채_사 채,,,,,,,,,,,,,,,,,,,,,,,,,,,,,,0.0,0.0,0.0,0.0,,
263,할부금융사,12418,㈜에코캐피탈,B,ST004,요약재무상태표(부채 및 자본)(07.12월 이전),A132,고정부채_장기차입금,,,,,,,,,,,,,,,,,,,,,,,,,,,,,,0.0,0.0,0.0,0.0,,
264,할부금융사,12418,㈜에코캐피탈,B,ST004,요약재무상태표(부채 및 자본)(07.12월 이전),A133,고정부채_기타,,,,,,,,,,,,,,,,,,,,,,,,,,,,,,0.0,0.0,0.0,0.0,,
265,할부금융사,12418,㈜에코캐피탈,B,ST004,요약재무상태표(부채 및 자본)(07.12월 이전),A2,자본,,,,,,,,,,,,,,,,,,,,,,,,,,,,,,19918000000.0,20099000000.0,45571000000.0,0.0,,
266,할부금융사,12418,㈜에코캐피탈,B,ST004,요약재무상태표(부채 및 자본)(07.12월 이전),A21,자본_자본금,,,,,,,,,,,,,,,,,,,,,,,,,,,,,,20000000000.0,20000000000.0,45000000000.0,0.0,,
267,할부금융사,12418,㈜에코캐피탈,B,ST004,요약재무상태표(부채 및 자본)(07.12월 이전),A22,자본_자본잉여금,,,,,,,,,,,,,,,,,,,,,,,,,,,,,,0.0,0.0,0.0,0.0,,
268,할부금융사,12418,㈜에코캐피탈,B,ST004,요약재무상태표(부채 및 자본)(07.12월 이전),A23,자본_이익잉여금(결손금),,,,,,,,,,,,,,,,,,,,,,,,,,,,,,-82000000.0,99000000.0,338000000.0,0.0,,
269,할부금융사,12418,㈜에코캐피탈,B,ST004,요약재무상태표(부채 및 자본)(07.12월 이전),A24,자본_자본조정,,,,,,,,,,,,,,,,,,,,,,,,,,,,,,0.0,0.0,233000000.0,0.0,,
