,금융구분,금융회사코드,금융회사명,통계분류,통계표코드,통계표명,코드,구분,200903,201106,201109,201112,201203,201206,201209,201212,201303,201306,201309,201312,201403,201406,201409,201412,201503,201506,201509,201512,201603,201606,201609,201612,201703,201706,201709,201712,201803,201806,201809,201812,201903,201906,201909,201912,202003,202006,202009,202012,202103,202106,202109,202112,202203,202206,202209,202212,202303,202306,202309,202312,202403,202406,202409
0,부동산신탁,10902,한국토지신탁,B,SM018,유가증권 보유현황(기타포괄손익-공정가치측정증권),A,기타포괄손익-공정가치측정증권,34495377840,37213723236,37085553294,28634683486,28441736549,24808644617,25941489422,26870624390,20397521381,21194858215,24664739616,24177873752,24265925536,24355916936,24689505529,9934320576,10446661771,9239931025,9297513346,9074060533,9112159991,8984273254,12067414245,13108950263,12385208931,12385530066,12369225589,14218046118,0,0,0,0,0,0,0,0,0,0,0,0,0,0,0,0,0,0,0,0,0,0,0,0,0,0,0
1,부동산신탁,10902,한국토지신탁,B,SM018,유가증권 보유현황(기타포괄손익-공정가치측정증권),A1,주식,0, , ,0,0,0,0,0,0,0,0,0,0,0,0,0,0,0,0,0,0,0,0,0,0,0,0,0,0,0,0,0,0,0,0,0,0,0,0,0,0,0,0,0,0,0,0,0,0,0,0,0,0,0,0
2,부동산신탁,10902,한국토지신탁,B,SM018,유가증권 보유현황(기타포괄손익-공정가치측정증권),A2,국채·지방채,13093485192, , ,0,0,0,0,0,0,0,0,0,0,0,0,0,0,0,0,0,0,0,0,0,0,0,0,0,0,0,0,0,0,0,0,0,0,0,0,0,0,0,0,0,0,0,0,0,0,0,0,0,0,0,0
3,부동산신탁,10902,한국토지신탁,B,SM018,유가증권 보유현황(기타포괄손익-공정가치측정증권),A3,특수채,0, , ,0,0,0,0,0,0,0,0,0,0,0,0,0,0,0,0,0,0,0,0,0,0,0,0,0,0,0,0,0,0,0,0,0,0,0,0,0,0,0,0,0,0,0,0,0,0,0,0,0,0,0,0
4,부동산신탁,10902,한국토지신탁,B,SM018,유가증권 보유현황(기타포괄손익-공정가치측정증권),A4,회사채,0, , ,0,0,0,0,0,0,0,0,0,0,0,0,0,0,0,0,0,0,0,0,0,0,0,0,0,0,0,0,0,0,0,0,0,0,0,0,0,0,0,0,0,0,0,0,0,0,0,0,0,0,0,0
5,부동산신탁,10902,한국토지신탁,B,SM018,유가증권 보유현황(기타포괄손익-공정가치측정증권),A5,집합투자증권,0,0,0,0,17107804549,16869565314,18002410119,17968778663,17931755654,18729092488,18563973192,17265107328,17353159112,17443150512,17428889105,2210413512,2222754707,2228790385,2286372706,1502395923,1540495381,1412608644,1045749635,1013022867,289281535,289602670,273298193,273499785,0,0,0,0,0,0,0,0,0,0,0,0,0,0,0,0,0,0,0,0,0,0,0,0,0,0,0
6,부동산신탁,10902,한국토지신탁,B,SM018,유가증권 보유현황(기타포괄손익-공정가치측정증권),A6,기업어음증권,, , ,0,0,0,0,0,0,0,0,0,0,0,0,0,0,0,0,0,0,0,0,0,0,0,0,0,0,0,0,0,0,0,0,0,0,0,0,0,0,0,0,0,0,0,0,0,0,0,0,0,0,0,0
7,부동산신탁,10902,한국토지신탁,B,SM018,유가증권 보유현황(기타포괄손익-공정가치측정증권),A7,외화증권,15752392648,0,0,0,0,0,0,0,0,0,0,0,0,0,0,0,0,0,0,0,0,0,0,0,0,0,0,0,0,0,0,0,0,0,0,0,0,0,0,0,0,0,0,0,0,0,0,0,0,0,0,0,0,0,0
8,부동산신탁,10902,한국토지신탁,B,SM018,유가증권 보유현황(기타포괄손익-공정가치측정증권),A8,기타,5649500000,37213723236,37085553294,28634683486,11333932000,7939079303,7939079303,8901845727,2465765727,2465765727,6100766424,6912766424,6912766424,6912766424,7260616424,7723907064,8223907064,7011140640,7011140640,7571664610,7571664610,7571664610,11021664610,12095927396,12095927396,12095927396,12095927396,13944546333,0,0,0,0,0,0,0,0,0,0,0,0,0,0,0,0,0,0,0,0,0,0,0,0,0,0,0
9,부동산신탁,10903,KB부동산신탁(주),B,SM018,유가증권 보유현황(기타포괄손익-공정가치측정증권),A,기타포괄손익-공정가치측정증권,3772124065,23019078828,23270429268,22875233624,24210600504,25263853216,26793238246,26969604097,28909228233,30151333769,29951856093,31383121959,31881046451,31967658747,32407293002,36899712701,40243282593,19267113388,17399375388,17800941716,19883790437,20158114700,22929831097,22518948542,22374813841,22524648021,23366498879,23386672835,0,0,0,0,0,0,0,0,0,0,0,0,0,0,0,0,0,0,0,0,0,0,0,0,0,0,0
10,부동산신탁,10903,KB부동산신탁(주),B,SM018,유가증권 보유현황(기타포괄손익-공정가치측정증권),A1,주식,3709284065,6928472208,6928472208,6781734224,7839394224,9169710976,10398210976,10472224000,10651479968,11199185248,11202958992,12880216312,13131216312,13062622036,13915622036,12394277808,12303477808,10798730000,8792850000,9243537000,11217117000,11326932000,14054044000,13568864000,13568864000,13589379000,14339378000,14515798000,0,0,0,0,0,0,0,0,0,0,0,0,0,0,0,0, , , , , , , , , , , 
11,부동산신탁,10903,KB부동산신탁(주),B,SM018,유가증권 보유현황(기타포괄손익-공정가치측정증권),A2,국채·지방채,0, , , , , , , , , , , , , , , , , , , , ,0,0,0,0,0,0,0,0,0,0,0,0,0,0,0,0,0,0,0,0,0,0,0, , , , , , , , , , , 
12,부동산신탁,10903,KB부동산신탁(주),B,SM018,유가증권 보유현황(기타포괄손익-공정가치측정증권),A3,특수채,0, , , , , , , , , , , , , , , , , , , , ,0,0,0,0,0,0,0,0,0,0,0,0,0,0,0,0,0,0,0,0,0,0,0, , , , , , , , , , , 
13,부동산신탁,10903,KB부동산신탁(주),B,SM018,유가증권 보유현황(기타포괄손익-공정가치측정증권),A4,회사채,0, , , , , , , , , , , , , , , , , , , , ,0,0,0,0,0,0,0,0,0,0,0,0,0,0,0,0,0,0,0,0,0,0,0, , , , , , , , , , , 
14,부동산신탁,10903,KB부동산신탁(주),B,SM018,유가증권 보유현황(기타포괄손익-공정가치측정증권),A5,집합투자증권,0,16090606620,16341957060,16093499400,16371206280,16094142240,16395027270,16497380097,18257748265,18952148521,18748897101,18502905647,18749830139,18905036711,18491670966,24505434893,27939804785,8468383388,8606525388,8557404716,8666673437,8831182700,8875787097,8950084542,8805949841,8935269021,9027120879,8870874835,0,0,0,0,0,0,0,0,0,0,0,0,0,0,0,0,0,0,0,0,0,0,0,0,0,0,0
15,부동산신탁,10903,KB부동산신탁(주),B,SM018,유가증권 보유현황(기타포괄손익-공정가치측정증권),A6,기업어음증권,, , , , , , , , , , , , , , , , , , , , ,0,0,0,0,0,0,0,0,0,0,0,0,0,0,0,0,0,0,0,0,0,0,0, , , , , , , , , , , 
16,부동산신탁,10903,KB부동산신탁(주),B,SM018,유가증권 보유현황(기타포괄손익-공정가치측정증권),A7,외화증권,0,0,0,0,0,0,0,0,0,0,0,0,0,0,0,0,0,0,0,0,0,0,0,0,0,0,0,0,0,0,0,0,0,0,0,0,0,0,0,0,0,0,0,0,0,0,0,0,0,0,0,0,0,0,0
17,부동산신탁,10903,KB부동산신탁(주),B,SM018,유가증권 보유현황(기타포괄손익-공정가치측정증권),A8,기타,62840000,0,0,0,0,0,0,0,0,0,0,0,0,0,0,0,0,0,0,0,0,0,0,0,0,0,0,0,0,0,0,0,0,0,0,0,0,0,0,0,0,0,0,0,0,0,0,0,0,0,0,0,0,0,0
18,부동산신탁,10904,대한토지신탁,B,SM018,유가증권 보유현황(기타포괄손익-공정가치측정증권),A,기타포괄손익-공정가치측정증권,150000000,4361502586,150000000,150000000,650000000,650000000,900000000,900000000,900000000,1000000000,1000000000,1995000000,1995000000,1995000000,1995000000,1745000000,1745000000,1745000000,1791976403,1792328607,4749791887,4751504429,5952096879,11211109005,13995114984,14362797476,17139673297,17468717022,0,0,0,0,0,0,0,0,0,0,0,0,0,0,0,0,0,0,0,0,0,0,0,0,0,0,0
19,부동산신탁,10904,대한토지신탁,B,SM018,유가증권 보유현황(기타포괄손익-공정가치측정증권),A1,주식,150000000,150000000,150000000,150000000,650000000,650000000,900000000,900000000,900000000,1000000000,1000000000,1995000000,1995000000,1995000000,1995000000,1745000000,1745000000,1745000000,1745000000,1745000000,4699500000,4699500000,5897350000,11152350000,13931650000,14285900000,17054250000,17354250000,0,0,0,0,0,0,0,0,0,0,0,0,0,0,0,0,0,0,0,0,0,0,0,0,0,0,0
20,부동산신탁,10904,대한토지신탁,B,SM018,유가증권 보유현황(기타포괄손익-공정가치측정증권),A2,국채·지방채,0,3511502586,0,0, , , ,0,0,0,0,0,0,0,0,0,0,0,0,0,0,0,0,0,0,0,0,0,0,0,0,0,0,0,0,0,0,0,0,0,0,0,0,0,0,0,0,0,0,0,0,0,0,0,0
21,부동산신탁,10904,대한토지신탁,B,SM018,유가증권 보유현황(기타포괄손익-공정가치측정증권),A3,특수채,0,0,0,0, , , ,0,0,0,0,0,0,0,0,0,0,0,0,0,0,0,0,0,0,0,0,0,0,0,0,0,0,0,0,0,0,0,0,0,0,0,0,0,0,0,0,0,0,0,0,0,0,0,0
22,부동산신탁,10904,대한토지신탁,B,SM018,유가증권 보유현황(기타포괄손익-공정가치측정증권),A4,회사채,0,700000000,0,0, , , ,0,0,0,0,0,0,0,0,0,0,0,0,0,0,0,0,0,0,0,0,0,0,0,0,0,0,0,0,0,0,0,0,0,0,0,0,0,0,0,0,0,0,0,0,0,0,0,0
23,부동산신탁,10904,대한토지신탁,B,SM018,유가증권 보유현황(기타포괄손익-공정가치측정증권),A5,집합투자증권,0,0,0,0,0,0,0,0,0,0,0,0,0,0,0,0,0,0,46976403,47328607,50291887,52004429,54746879,58759005,63464984,76897476,85423297,114467022,0,0,0,0,0,0,0,0,0,0,0,0,0,0,0,0,0,0,0,0,0,0,0,0,0,0,0
24,부동산신탁,10904,대한토지신탁,B,SM018,유가증권 보유현황(기타포괄손익-공정가치측정증권),A6,기업어음증권,,0,0,0, , , ,0,0,0,0,0,0,0,0,0,0,0,0,0,0,0,0,0,0,0,0,0,0,0,0,0,0,0,0,0,0,0,0,0,0,0,0,0,0,0,0,0,0,0,0,0,0,0,0
25,부동산신탁,10904,대한토지신탁,B,SM018,유가증권 보유현황(기타포괄손익-공정가치측정증권),A7,외화증권,0,0,0,0,0,0,0,0,0,0,0,0,0,0,0,0,0,0,0,0,0,0,0,0,0,0,0,0,0,0,0,0,0,0,0,0,0,0,0,0,0,0,0,0,0,0,0,0,0,0,0,0,0,0,0
26,부동산신탁,10904,대한토지신탁,B,SM018,유가증권 보유현황(기타포괄손익-공정가치측정증권),A8,기타,0,0,0,0,0,0,0,0,0,0,0,0,0,0,0,0,0,0,0,0,0,0,0,0,0,0,0,0,0,0,0,0,0,0,0,0,0,0,0,0,0,0,0,0,0,0,0,0,0,0,0,0,0,0,0
27,부동산신탁,10905,교보자산신탁,B,SM018,유가증권 보유현황(기타포괄손익-공정가치측정증권),A,기타포괄손익-공정가치측정증권,11482598436,4142715224,4164685128,4899434234,4878465608,4425351447,4464041837,700000000,700000000,950000000,950000000,450000000,450000000,450000000,695000000,2186344000,2191344000,2191344000,2540344000,2040000000,3015000000,3015100000,3265100000,6015110000,6015100000,5965100000,5765100000,5590100000,0,0,0,0,0,0,0,80000000,80000000,80000000,80000000,80000000,80000000,80000000,80000000,80000000,80000000,80000000,80000000,80000000,80000000,80000000,80000000,80000000,80000000,0,0
28,부동산신탁,10905,교보자산신탁,B,SM018,유가증권 보유현황(기타포괄손익-공정가치측정증권),A1,주식,1577470000,1577470000,1577470000,2077470000,2077470000,1577470000,1577470000,700000000,700000000,950000000,950000000,450000000,450000000,450000000,695000000,2186344000,2191344000,2191344000,2540344000,2040000000,3015000000,3015100000,3265100000,6015110000,6015100000,5965100000,5765100000,5590100000, , , , , , , ,80000000,80000000,80000000,80000000,80000000,80000000,80000000,80000000,80000000,80000000,80000000,80000000,80000000,80000000,80000000,80000000,80000000,80000000, , 
29,부동산신탁,10905,교보자산신탁,B,SM018,유가증권 보유현황(기타포괄손익-공정가치측정증권),A2,국채·지방채,0,0,0, , ,0, , , , , , , , , , , , , , , , , , , , , , , , , , , , , , , , , , , , , , , , , , , , , , , , , 
30,부동산신탁,10905,교보자산신탁,B,SM018,유가증권 보유현황(기타포괄손익-공정가치측정증권),A3,특수채,0,0,0, , ,0, , , , , , , , , , , , , , , , , , , , , , , , , , , , , , , , , , , , , , , , , , , , , , , , , 
31,부동산신탁,10905,교보자산신탁,B,SM018,유가증권 보유현황(기타포괄손익-공정가치측정증권),A4,회사채,0,0,0, , ,0, , , , , , , , , , , , , , , , , , , , , , , , , , , , , , , , , , , , , , , , , , , , , , , , , 
32,부동산신탁,10905,교보자산신탁,B,SM018,유가증권 보유현황(기타포괄손익-공정가치측정증권),A5,집합투자증권,9905128436,2565245224,2587215128,2821964234,2800995608,2847881447,2886571837,0,0,0,0,0,0,0,0,0,0,0,0,0,0,0,0,0,0,0,0,0,0,0,0,0,0,0,0,0,0,0,0,0,0,0,0,0,0,0,0,0,0,0,0,0,0,0,0
33,부동산신탁,10905,교보자산신탁,B,SM018,유가증권 보유현황(기타포괄손익-공정가치측정증권),A6,기업어음증권,,0,0, , ,0, , , , , , , , , , , , , , , , , , , , , , , , , , , , , , , , , , , , , , , , , , , , , , , , , 
34,부동산신탁,10905,교보자산신탁,B,SM018,유가증권 보유현황(기타포괄손익-공정가치측정증권),A7,외화증권,0,0,0,0,0,0,0,0,0,0,0,0,0,0,0,0,0,0,0,0,0,0,0,0,0,0,0,0,0,0,0,0,0,0,0,0,0,0,0,0,0,0,0,0,0,0,0,0,0,0,0,0,0,0,0
35,부동산신탁,10905,교보자산신탁,B,SM018,유가증권 보유현황(기타포괄손익-공정가치측정증권),A8,기타,0,0,0,0,0,0,0,0,0,0,0,0,0,0,0,0,0,0,0,0,0,0,0,0,0,0,0,0,0,0,0,0,0,0,0,0,0,0,0,0,0,0,0,0,0,0,0,0,0,0,0,0,0,0,0
36,부동산신탁,10906,한국자산신탁,B,SM018,유가증권 보유현황(기타포괄손익-공정가치측정증권),A,기타포괄손익-공정가치측정증권,0,80315418788,87893116092,76043422517,78344238874,33696968124,34493968272,41337930733,40952579470,39896870362,56605700243,60648365535,40622168161,70868035357,63524671407,81532587889,89197582655,67140150755,95072469557,50229959464,70466444931,75681832413,101047052800,85669318695,81334330579,56144918700,33450262552,23804865509,454800000,1068000000,612400000,703200000,474000000,575600000,593600000,716400000,706800000,744400000,818000000,664000000,595200000,627200000,605600000,642800000,0,200000000,200000000,200000000,200000000,200000000,200000000,200000000,200000000,200000000,200000000
37,부동산신탁,10906,한국자산신탁,B,SM018,유가증권 보유현황(기타포괄손익-공정가치측정증권),A1,주식,0,14656797000,16832315000,17171315000,17735415000,16656365000,16361365000,15431839000,14756044300,13876065000,16556615000,15705665000,15535715000,15809165000,13769165000,12593765000,13651815000,12561737920,10925967000,10539187000,9890445000,9564338000,9470294000,9730732000,20677546400,22360874400,10862910400,1715652450,454800000,1068000000,612400000,703200000,474000000,575600000,593600000,716400000,706800000,744400000,818000000,664000000,595200000,627200000,605600000,642800000,0,200000000,200000000,200000000,200000000,200000000,200000000,200000000,200000000,200000000,200000000
38,부동산신탁,10906,한국자산신탁,B,SM018,유가증권 보유현황(기타포괄손익-공정가치측정증권),A2,국채·지방채,0, , , , , , ,0,0,0,0,0,0,0,0,0,0,0,0,0,0,0,0,0,0, ,0,0,0,0,0,0,0,0,0,0,0,0, ,0,0,0,0,0,0,0,0,0,0,0,0,0,0,0,0
39,부동산신탁,10906,한국자산신탁,B,SM018,유가증권 보유현황(기타포괄손익-공정가치측정증권),A3,특수채,0, , , , , , ,0,0,0,0,0,0,0,0,0,0,0,0,0,0,0,0,0,0, ,0,0,0,0,0,0,0,0,0,0,0,0, ,0,0,0,0,0,0,0,0,0,0,0,0,0,0,0,0
40,부동산신탁,10906,한국자산신탁,B,SM018,유가증권 보유현황(기타포괄손익-공정가치측정증권),A4,회사채,0,53624590877,58001265044,45048957955,45196105880,1999703526,2937506703,0,0,0,13934998223,19836962410,0,29953904958,24632817248,42731305038,49311774381,27707215508,57726006336,14960146721,29905960436,40664661849,64556371405,45915673648,26248225690, ,0,0,0,0,0,0,0,0,0,0,0,0, ,0,0,0,0,0,0,0,0,0,0,0,0,0,0,0,0
41,부동산신탁,10906,한국자산신탁,B,SM018,유가증권 보유현황(기타포괄손익-공정가치측정증권),A5,집합투자증권,0,5626540911,5606346048,5769959562,5859527994,5987708598,6141905569,6152899733,6193343170,6017613362,6094425020,6086076125,6066791161,6085303399,6103027159,6097845851,6124321274,6115525327,6060824221,6982870743,12922284495,9091877564,10659432395,12634936047,13569161489,12594647300,1664425152,1827800059,0,0,0,0,0,0,0,0,0,0,0,0,0,0,0,0,0,0,0,0,0,0,0,0,0,0,0
42,부동산신탁,10906,한국자산신탁,B,SM018,유가증권 보유현황(기타포괄손익-공정가치측정증권),A6,기업어음증권,, , , ,0, , ,0,0,0,0,0,0,0,0,0,0,0,0,0,0,0,0,0,0, ,0,0,0,0,0,0,0,0,0,0,0,0, ,0,0,0,0,0,0,0,0,0,0,0,0,0,0,0,0
43,부동산신탁,10906,한국자산신탁,B,SM018,유가증권 보유현황(기타포괄손익-공정가치측정증권),A7,외화증권,0,0,0,0,0,0,0,0,0,0,0,0,0,0,0,0,0,0,0,0,0,0,0,0,0,0,0,0,0,0,0,0,0,0,0,0,0,0,0,0,0,0,0,0,0,0,0,0,0,0,0,0,0,0,0
44,부동산신탁,10906,한국자산신탁,B,SM018,유가증권 보유현황(기타포괄손익-공정가치측정증권),A8,기타,0,6407490000,7453190000,8053190000,9553190000,9053191000,9053191000,19753192000,20003192000,20003192000,20019662000,19019662000,19019662000,19019662000,19019662000,20109672000,20109672000,20755672000,20359672000,17747755000,17747755000,16360955000,16360955000,17387977000,20839397000,21189397000,20922927000,20261413000,0,0,0,0,0,0,0,0,0,0,0,0,0,0,0,0,0,0,0,0,0,0,0,0,0,0,0
45,부동산신탁,11452,하나자산신탁,B,SM018,유가증권 보유현황(기타포괄손익-공정가치측정증권),A,기타포괄손익-공정가치측정증권,24026128320,7157295000,7000530000,8836257651,11841699454,11554683919,15858555262,17088646840,16819594763,16843208330,16189878270,15932181795,15993930022,15775441503,15603725190,5769233270,6273788121,6300227675,17146868472,15088077871,14794714945,15052662374,15573122737,15120539168,15489277048,15618338250,15692819165,16265310997,16059657575,0,0,0,0,0,0,0,0,0,0,0,0,0,0,0,0,0,0,0,0,0,0,0,0,0,0
46,부동산신탁,11452,하나자산신탁,B,SM018,유가증권 보유현황(기타포괄손익-공정가치측정증권),A1,주식,7504750000,0,0,0,0,0,0,600000,2004000,3396000,772800,401400,0,0,0,0,0,0,0,0,0,0,0,0,0, , ,0,0,0, , , , , , , , , , , , , , , , , , , , , , , , , 
47,부동산신탁,11452,하나자산신탁,B,SM018,유가증권 보유현황(기타포괄손익-공정가치측정증권),A2,국채·지방채,0,0,0,1960564266,4926843425,4432463565,3956450864,5431035811,5431035811,5431035811,5431035811,5431035811,5431035811,5372588915,5412380261,0,0,0,0,0,0,0,0,0,0, , ,0,0,0, , , , , , , , , , , , , , , , , , , , , , , , , 
48,부동산신탁,11452,하나자산신탁,B,SM018,유가증권 보유현황(기타포괄손익-공정가치측정증권),A3,특수채,0,0,0,0,0,0,4497020350,4497020350,4497020350,4497020350,4497020350,4497020350,4497020350,4465401147,4460363467,0,0,0,0,0,0,0,0,0,0, , ,0,0,0, , , , , , , , , , , , , , , , , , , , , , , , , 
49,부동산신탁,11452,하나자산신탁,B,SM018,유가증권 보유현황(기타포괄손익-공정가치측정증권),A4,회사채,8000000000,0,0,0,0,0,0,0,0,0,0,0,0,0,0,0,0,0,0,0,0,0,0,0,0, , ,0,0,0, , , , , , , , , , , , , , , , , , , , , , , , , 
50,부동산신탁,11452,하나자산신탁,B,SM018,유가증권 보유현황(기타포괄손익-공정가치측정증권),A5,집합투자증권,0,1520695000,1613930000,1489093385,1528256029,1485620354,1513484048,1518390679,1557870594,1586822124,1562511587,1545424234,1557573861,1543631441,1537161462,1338770885,1327296506,1330767675,11927408472,11881777871,11824714945,11832662374,11948102737,11495519168,11447902048,11491363250,11505819165,10679810997,10679132575,0,0,0,0,0,0,0,0,0,0,0,0,0,0,0,0,0,0,0,0,0,0,0,0,0,0
51,부동산신탁,11452,하나자산신탁,B,SM018,유가증권 보유현황(기타포괄손익-공정가치측정증권),A6,기업어음증권,,0,0,0,0,0,0,0,0,0,0,0,0,0,0,0,0,0,0,0,0,0,0,0,0, , ,0,0,0, , , , , , , , , , , , , , , , , , , , , , , , , 
52,부동산신탁,11452,하나자산신탁,B,SM018,유가증권 보유현황(기타포괄손익-공정가치측정증권),A7,외화증권,1116078320,0,0,0,0,0,0,0,0,0,0,0,0,0,0,0,0,0,0,0,0,0,0,0,0,0,0,0,0,0,0,0,0,0,0,0,0,0,0,0,0,0,0,0,0,0,0,0,0,0,0,0,0,0,0
53,부동산신탁,11452,하나자산신탁,B,SM018,유가증권 보유현황(기타포괄손익-공정가치측정증권),A8,기타,7405300000,5636600000,5386600000,5386600000,5386600000,5636600000,5891600000,5641600000,5331664008,5324934045,4698537722,4458300000,4508300000,4393820000,4193820000,4430462385,4946491615,4969460000,5219460000,3206300000,2970000000,3220000000,3625020000,3625020000,4041375000,4126975000,4187000000,5585500000,5380525000,0,0,0,0,0,0,0,0,0,0,0,0,0,0,0,0,0,0,0,0,0,0,0,0,0,0
54,부동산신탁,11643,코람코자산신탁,B,SM018,유가증권 보유현황(기타포괄손익-공정가치측정증권),A,기타포괄손익-공정가치측정증권,2809200000,7193529700,8631529700,9101083370,9393348370,10371093370,10378118370,14395118730,16352278730,26537862573,36512137573,36784310453,37275755453,43715417108,44270337108,45665587108,45312432108,45760882108,46881622109,56292407108,59297732108,67348822108,76410422108,78008997521,75566100515,74955555607,78461731092,79953176077,0,0,0,0,0,0,0,0,0,0,0,0,0,0,0,0,0,0,0,0,0,0,0,0,0,0,0
55,부동산신탁,11643,코람코자산신탁,B,SM018,유가증권 보유현황(기타포괄손익-공정가치측정증권),A1,주식,0,7193529700,8631529700,9101083370,9393348370,10371093370,10378118370,14395118730,16319278730,26537862573,36512137573,36784310453,37275755453,43715417108,44270337108,45665587108,43789217108,44230317108,45360317108,54761317108,54761317108,62761317108,66736317108,64218505015,61827896738,62199569238,64455692738,65953082152,0,0,0,0,0,0,0,0,0,0,0,0,0, ,0,0,0,0,0,0,0,0,0,0,0,0,0
56,부동산신탁,11643,코람코자산신탁,B,SM018,유가증권 보유현황(기타포괄손익-공정가치측정증권),A2,국채·지방채,0,0,0,0,0,0,0,0,33000000,0,0,0,0,0,0,0,0,0,0,0,0,0,0,0,0,0,0,0,0,0,0,0,0,0,0,0,0,0,0,0,0, ,0,0,0,0,0,0,0,0,0,0,0,0,0
57,부동산신탁,11643,코람코자산신탁,B,SM018,유가증권 보유현황(기타포괄손익-공정가치측정증권),A3,특수채,0,0,0,0,0,0,0,0,0,0,0,0,0,0,0,0,0,0,0,0,0,0,0,0,0,0,0,0,0,0,0,0,0,0,0,0,0,0,0,0,0, ,0,0,0,0,0,0,0,0,0,0,0,0,0
58,부동산신탁,11643,코람코자산신탁,B,SM018,유가증권 보유현황(기타포괄손익-공정가치측정증권),A4,회사채,0,0,0,0,0,0,0,0,0,0,0,0,0,0,0,0,0,0,0,0,0,0,0,0,0,0,0,0,0,0,0,0,0,0,0,0,0,0,0,0,0, ,0,0,0,0,0,0,0,0,0,0,0,0,0
59,부동산신탁,11643,코람코자산신탁,B,SM018,유가증권 보유현황(기타포괄손익-공정가치측정증권),A5,집합투자증권,0,0,0,0,0,0,0,0,0,0,0,0,0,0,0,0,1523215000,1530565000,1521305001,1531090000,4536415000,4587505000,9674105000,13790492506,13738203777,12755986369,14006038354,14000093925,0,0,0,0,0,0,0,0,0,0,0,0,0,0,0,0,0,0,0,0,0,0,0,0,0,0,0
60,부동산신탁,11643,코람코자산신탁,B,SM018,유가증권 보유현황(기타포괄손익-공정가치측정증권),A6,기업어음증권,,0,0,0,0,0,0,0,0,0,0,0,0,0,0,0,0,0,0,0,0,0,0,0,0,0,0,0,0,0,0,0,0,0,0,0,0,0,0,0,0, ,0,0,0,0,0,0,0,0,0,0,0,0,0
61,부동산신탁,11643,코람코자산신탁,B,SM018,유가증권 보유현황(기타포괄손익-공정가치측정증권),A7,외화증권,0,0,0,0,0,0,0,0,0,0,0,0,0,0,0,0,0,0,0,0,0,0,0,0,0,0,0,0,0,0,0,0,0,0,0,0,0,0,0,0,0,0,0,0,0,0,0,0,0,0,0,0,0,0,0
62,부동산신탁,11643,코람코자산신탁,B,SM018,유가증권 보유현황(기타포괄손익-공정가치측정증권),A8,기타,2809200000,0,0,0,0,0,0,0,0,0,0,0,0,0,0,0,0,0,0,0,0,0,0,0,0,0,0,0,0,0,0,0,0,0,0,0,0,0,0,0,0,0,0,0,0,0,0,0,0,0,0,0,0,0,0
63,부동산신탁,11877,신한자산신탁주식회사,B,SM018,유가증권 보유현황(기타포괄손익-공정가치측정증권),A,기타포괄손익-공정가치측정증권,1350000000,1250000000,1850000000,1850000000,1850000000,1850000000,3030000000,3180000000,3305000000,3404000000,3305000000,4205000000,4460000000,5145400000,5150400000,7101400000,6746400000,6896400000,6896400000,7043900000,7668900000,10218800000,8248800000,7966300000,9966290000,10966290000,10386290000,15151031080,99990000,99990000,0,0,0,0,0,0,0,0,0,0,0,0,0,0,0,0,0,0,0,0,0,0,0,0,0
64,부동산신탁,11877,신한자산신탁주식회사,B,SM018,유가증권 보유현황(기타포괄손익-공정가치측정증권),A1,주식,1350000000,1250000000,1850000000,1850000000,1850000000,1850000000,3030000000,3180000000,3305000000,3404000000,3305000000,4205000000,4460000000,5145400000,5150400000,7101400000,6746400000,6896400000,6896400000,7043900000,7668900000,10218800000,8248800000,7966300000,9966290000,10966290000,10386290000,15151031080,99990000,99990000,0,0,0,0,0,0,0,0,0,0,0,0,0,0,0,0,0,0,0, ,0,0,0,0,0
65,부동산신탁,11877,신한자산신탁주식회사,B,SM018,유가증권 보유현황(기타포괄손익-공정가치측정증권),A2,국채·지방채,0,0,0,0,0,0,0,0, , , , , , , , ,0, , ,0, , , , , , , ,0, , , , , , , , , , , , , , , , , , , , , , , , , , , 
66,부동산신탁,11877,신한자산신탁주식회사,B,SM018,유가증권 보유현황(기타포괄손익-공정가치측정증권),A3,특수채,0,0,0,0,0,0,0,0, , , , , , , , ,0, , ,0, , , , , , , ,0, , , , , , , , , , , , , , , , , , , , , , , , , , , 
67,부동산신탁,11877,신한자산신탁주식회사,B,SM018,유가증권 보유현황(기타포괄손익-공정가치측정증권),A4,회사채,0,0,0,0,0,0,0,0, , , , , , , , ,0, , ,0, , , , , , , ,0, , , , , , , , , , , , , , , , , , , , , , , , , , , 
68,부동산신탁,11877,신한자산신탁주식회사,B,SM018,유가증권 보유현황(기타포괄손익-공정가치측정증권),A5,집합투자증권,0,0,0,0,0,0,0,0,0,0,0,0,0,0,0,0,0,0,0,0,0,0,0,0,0,0,0,0,0,0,0,0,0,0,0,0,0,0,0,0,0,0,0,0,0,0,0,0,0,0,0,0,0,0,0
69,부동산신탁,11877,신한자산신탁주식회사,B,SM018,유가증권 보유현황(기타포괄손익-공정가치측정증권),A6,기업어음증권,,0,0,0,0,0,0,0, , , , , , , , ,0, , ,0, , , , , , , ,0, , , , , , , , , , , , , , , , , , , , , , , , , , , 
70,부동산신탁,11877,신한자산신탁주식회사,B,SM018,유가증권 보유현황(기타포괄손익-공정가치측정증권),A7,외화증권,0,0,0,0,0,0,0,0,0,0,0,0,0,0,0,0,0,0,0,0,0,0,0,0,0,0,0,0,0,0,0,0,0,0,0,0,0,0,0,0,0,0,0,0,0,0,0,0,0,0,0,0,0,0,0
71,부동산신탁,11877,신한자산신탁주식회사,B,SM018,유가증권 보유현황(기타포괄손익-공정가치측정증권),A8,기타,0,0,0,0,0,0,0,0,0,0,0,0,0,0,0,0,0,0,0,0,0,0,0,0,0,0,0,0,0,0,0,0,0,0,0,0,0,0,0,0,0,0,0,0,0,0,0,0,0,0,0,0,0,0,0
72,부동산신탁,11892,우리자산신탁,B,SM018,유가증권 보유현황(기타포괄손익-공정가치측정증권),A,기타포괄손익-공정가치측정증권,800000000,1649525000,1159525000,1159525000,1909525000,1909525000,1909525000,1359525000,1368085000,1118085000,1113085000,1113085000,1613085000,1613085000,1863085000,3373085000,3373085000,3373095000,3373095000,4564535000,4659035000,4659035000,4709035000,4564510200,6114510200,8606610200,8518330200,7302610200,0,0,0,0,0,0,0,0,0,0,0,0,0,0,0,0,0,0,0,0,0,0,0,0,0,0,0
73,부동산신탁,11892,우리자산신탁,B,SM018,유가증권 보유현황(기타포괄손익-공정가치측정증권),A1,주식,0,94525000,94525000,94525000,594525000,594525000,594525000,594525000,603085000,603085000,603085000,603085000,1103085000,1103085000,1103085000,2103085000,2103085000,2103095000,2103085000,2094525000,2189025000,2189025000,2239025000,2094500000,3644500000,3144500000,3144500000,1594500000,0,0,0,0,0,0,0,0,0,0,0,0,0,0,0,0,0,0,0,0,0,0,0,0,0,0,0
74,부동산신탁,11892,우리자산신탁,B,SM018,유가증권 보유현황(기타포괄손익-공정가치측정증권),A2,국채·지방채,0,0,0,0,0,0,0,0,0,0,0,0,0,0,0,0,0,0,0,0,0,0,0,0,0,0,0,0,0,0,0,0,0,0,0,0,0,0,0,0,0,0,0,0,0,0,0,0,0,0,0,0,0,0,0
75,부동산신탁,11892,우리자산신탁,B,SM018,유가증권 보유현황(기타포괄손익-공정가치측정증권),A3,특수채,0,0,0,0,0,0,0,0,0,0,0,0,0,0,0,0,0,0,0,1450000000,0,0,0,0,0,0,0,0,0,0,0,0,0,0,0,0,0,0,0,0,0,0,0,0,0,0,0,0,0,0,0,0,0,0,0
76,부동산신탁,11892,우리자산신탁,B,SM018,유가증권 보유현황(기타포괄손익-공정가치측정증권),A4,회사채,0,0,0,0,0,0,0,0,0,0,0,0,0,0,0,0,0,0,0,0,0,0,0,0,0,0,0,0,0,0,0,0,0,0,0,0,0,0,0,0,0,0,0,0,0,0,0,0,0,0,0,0,0,0,0
77,부동산신탁,11892,우리자산신탁,B,SM018,유가증권 보유현황(기타포괄손익-공정가치측정증권),A5,집합투자증권,0,0,0,0,0,0,0,0,0,0,0,0,0,0,0,0,0,0,0,0,0,0,0,0,0,0,0,0,0,0,0,0,0,0,0,0,0,0,0,0,0,0,0,0,0,0,0,0,0,0,0,0,0,0,0
78,부동산신탁,11892,우리자산신탁,B,SM018,유가증권 보유현황(기타포괄손익-공정가치측정증권),A6,기업어음증권,,0,0,0,0,0,0,0,0,0,0,0,0,0,0,0,0,0,0,0,0,0,0,0,0,0,0,0,0,0,0,0,0,0,0,0,0,0,0,0,0,0,0,0,0,0,0,0,0,0,0,0,0,0,0
79,부동산신탁,11892,우리자산신탁,B,SM018,유가증권 보유현황(기타포괄손익-공정가치측정증권),A7,외화증권,0,0,0,0,0,0,0,0,0,0,0,0,0,0,0,0,0,0,0,0,0,0,0,0,0,0,0,0,0,0,0,0,0,0,0,0,0,0,0,0,0,0,0,0,0,0,0,0,0,0,0,0,0,0,0
80,부동산신탁,11892,우리자산신탁,B,SM018,유가증권 보유현황(기타포괄손익-공정가치측정증권),A8,기타,800000000,1555000000,1065000000,1065000000,1315000000,1315000000,1315000000,765000000,765000000,515000000,510000000,510000000,510000000,510000000,760000000,1270000000,1270000000,1270000000,1270010000,1020010000,2470010000,2470010000,2470010000,2470010200,2470010200,5462110200,5373830200,5708110200,0,0,0,0,0,0,0,0,0,0,0,0,0,0,0,0,0,0,0,0,0,0,0,0,0,0,0
81,부동산신탁,12279,무궁화신탁,B,SM018,유가증권 보유현황(기타포괄손익-공정가치측정증권),A,기타포괄손익-공정가치측정증권,,0,50000000,50000000,50000000,300000000,300000000,800000000,800000000,1050000000,1050000000,1050000000,1050000000,1300000000,1570000000,1570000000,1570000000,1570000000,1570000000,1320000000,1370000000,1370000000,1120000000,870000000,1374991600,1474991600,1686489076,1686489076,1686489076,1934012438,0,0,300000000,312500000,312500000,327500000,290000000,332500000,0,0,0,0,0,0,0,0,0,0,0,0,0,0,0,0,0
82,부동산신탁,12279,무궁화신탁,B,SM018,유가증권 보유현황(기타포괄손익-공정가치측정증권),A1,주식,,0,0,0,0,0,0,0,0,0,0,0,0,0,0,0,0,0,0,0,0,0,0,0,499991600,499991600,499989076,499989076,499989076,1934012438,0,0,300000000,312500000,312500000,327500000,290000000,332500000, , , , , , , , , , , , , , , , , 
83,부동산신탁,12279,무궁화신탁,B,SM018,유가증권 보유현황(기타포괄손익-공정가치측정증권),A2,국채·지방채,,0,0,0,0,0,0,0,0,0,0,0,0,0,0,0,0,0,0,0,0,0,0,0,0,0,0,0,0,0,0,0,0, , , , , , , , , , , , , , , , , , , , , , 
84,부동산신탁,12279,무궁화신탁,B,SM018,유가증권 보유현황(기타포괄손익-공정가치측정증권),A3,특수채,,0,0,0,0,0,0,0,0,0,0,0,0,0,0,0,0,0,0,0,0,0,0,0,0,0,0,0,0,0,0,0,0, , , , , , , , , , , , , , , , , , , , , , 
85,부동산신탁,12279,무궁화신탁,B,SM018,유가증권 보유현황(기타포괄손익-공정가치측정증권),A4,회사채,,0,0,0,0,0,0,0,0,0,0,0,0,0,0,0,0,0,0,0,0,0,0,0,0,0,0,0,0,0,0,0,0, , , , , , , , , , , , , , , , , , , , , , 
86,부동산신탁,12279,무궁화신탁,B,SM018,유가증권 보유현황(기타포괄손익-공정가치측정증권),A5,집합투자증권,,0,0,0,0,0,0,0,0,0,0,0,0,0,0,0,0,0,0,0,0,0,0,0,0,100000000,0,0,0,0,0,0,0,0,0,0,0,0,0,0,0,0,0,0,0,0,0,0,0,0,0,0,0,0,0
87,부동산신탁,12279,무궁화신탁,B,SM018,유가증권 보유현황(기타포괄손익-공정가치측정증권),A6,기업어음증권,,0,0,0,0,0,0,0,0,0,0,0,0,0,0,0,0,0,0,0,0,0,0,0,0,0,0,0,0,0,0,0,0, , , , , , , , , , , , , , , , , , , , , , 
88,부동산신탁,12279,무궁화신탁,B,SM018,유가증권 보유현황(기타포괄손익-공정가치측정증권),A7,외화증권,,0,0,0,0,0,0,0,0,0,0,0,0,0,0,0,0,0,0,0,0,0,0,0,0,0,0,0,0,0,0,0,0,0,0,0,0,0,0,0,0,0,0,0,0,0,0,0,0,0,0,0,0,0,0
89,부동산신탁,12279,무궁화신탁,B,SM018,유가증권 보유현황(기타포괄손익-공정가치측정증권),A8,기타,,0,50000000,50000000,50000000,300000000,300000000,800000000,800000000,1050000000,1050000000,1050000000,1050000000,1300000000,1570000000,1570000000,1570000000,1570000000,1570000000,1320000000,1370000000,1370000000,1120000000,870000000,875000000,875000000,1186500000,1186500000,1186500000,0,0,0,0,0,0,0,0,0,0,0,0,0,0,0,0,0,0,0,0,0,0,0,0,0,0
90,부동산신탁,12306,코리아신탁,B,SM018,유가증권 보유현황(기타포괄손익-공정가치측정증권),A,기타포괄손익-공정가치측정증권,,622000000,622000000,622000000,622000000,622000000,622000000,72000000,72000000,322000000,322000000,322000000,322000000,322000000,322000000,300000000,300000000,300000000,900000000,850000000,850000000,850000000,2050000000,2070000000,2070000000,2170000000,2870000000,1320000000,1320000000,0,0,0,0,0,0,0,0,0,0,0,0,0,0,0,0,0,0,0,0,0,0,0,0,0,0
91,부동산신탁,12306,코리아신탁,B,SM018,유가증권 보유현황(기타포괄손익-공정가치측정증권),A1,주식,,0,0,0,0,0,0,50000000,50000000,300000000,300000000,300000000,300000000,300000000,300000000,300000000,300000000,300000000,900000000,850000000,850000000,850000000,0,0,0,0,0,0,0,0,0,0, ,0,0,0,0,0,0,0,0,0,0,0,0,0,0,0,0,0,0,0,0,0,0
92,부동산신탁,12306,코리아신탁,B,SM018,유가증권 보유현황(기타포괄손익-공정가치측정증권),A2,국채·지방채,,22000000,22000000,22000000,22000000,22000000,22000000,22000000,22000000,22000000,22000000,22000000,22000000,22000000,22000000,0,0,0,0,0,0,0,0,0,0,0,0,0,0,0,0,0, ,0,0,0,0,0,0,0,0,0,0,0,0,0,0,0,0,0,0,0,0,0,0
93,부동산신탁,12306,코리아신탁,B,SM018,유가증권 보유현황(기타포괄손익-공정가치측정증권),A3,특수채,,0,0,0,0,0,0,0,0,0,0,0,0,0,0,0,0,0,0,0,0,0,0,0,0,0,0,0,0,0,0,0, ,0,0,0,0,0,0,0,0,0,0,0,0,0,0,0,0,0,0,0,0,0,0
94,부동산신탁,12306,코리아신탁,B,SM018,유가증권 보유현황(기타포괄손익-공정가치측정증권),A4,회사채,,0,0,0,0,0,0,0,0,0,0,0,0,0,0,0,0,0,0,0,0,0,0,0,0,0,0,0,0,0,0,0, ,0,0,0,0,0,0,0,0,0,0,0,0,0,0,0,0,0,0,0,0,0,0
95,부동산신탁,12306,코리아신탁,B,SM018,유가증권 보유현황(기타포괄손익-공정가치측정증권),A5,집합투자증권,,0,0,0,0,0,0,0,0,0,0,0,0,0,0,0,0,0,0,0,0,0,0,0,0,100000000,100000000,100000000,100000000,0,0,0,0,0,0,0,0,0,0,0,0,0,0,0,0,0,0,0,0,0,0,0,0,0,0
96,부동산신탁,12306,코리아신탁,B,SM018,유가증권 보유현황(기타포괄손익-공정가치측정증권),A6,기업어음증권,,0,0,0,0,0,0,0,0,0,0,0,0,0,0,0,0,0,0,0,0,0,0,0,0,0,0,0,0,0,0,0, ,0,0,0,0,0,0,0,0,0,0,0,0,0,0,0,0,0,0,0,0,0,0
97,부동산신탁,12306,코리아신탁,B,SM018,유가증권 보유현황(기타포괄손익-공정가치측정증권),A7,외화증권,,0,0,0,0,0,0,0,0,0,0,0,0,0,0,0,0,0,0,0,0,0,0,0,0,0,0,0,0,0,0,0,0,0,0,0,0,0,0,0,0,0,0,0,0,0,0,0,0,0,0,0,0,0,0
98,부동산신탁,12306,코리아신탁,B,SM018,유가증권 보유현황(기타포괄손익-공정가치측정증권),A8,기타,,600000000,600000000,600000000,600000000,600000000,600000000,0,0,0,0,0,0,0,0,0,0,0,0,0,0,0,2050000000,2070000000,2070000000,2070000000,2770000000,1220000000,1220000000,0,0,0,0,0,0,0,0,0,0,0,0,0,0,0,0,0,0,0,0,0,0,0,0,0,0
99,부동산신탁,16953,대신자산신탁,B,SM018,유가증권 보유현황(기타포괄손익-공정가치측정증권),A,기타포괄손익-공정가치측정증권,,,,,,,,,,,,,,,,,,,,,,,,,,,,,,,,,,,0,0,0,0,0,0,0,0,0,0,0,0,0,0,0,0,0,0,0,0,0
100,부동산신탁,16953,대신자산신탁,B,SM018,유가증권 보유현황(기타포괄손익-공정가치측정증권),A1,주식,,,,,,,,,,,,,,,,,,,,,,,,,,,,,,,,,,,0,0, ,0,0,0,0,0,0,0,0,0,0,0,0,0,0,0,0,0,0
101,부동산신탁,16953,대신자산신탁,B,SM018,유가증권 보유현황(기타포괄손익-공정가치측정증권),A2,국채·지방채,,,,,,,,,,,,,,,,,,,,,,,,,,,,,,,,,,,0,0, ,0,0,0,0,0,0,0,0,0,0,0,0,0,0,0,0,0,0
102,부동산신탁,16953,대신자산신탁,B,SM018,유가증권 보유현황(기타포괄손익-공정가치측정증권),A3,특수채,,,,,,,,,,,,,,,,,,,,,,,,,,,,,,,,,,,0,0, ,0,0,0,0,0,0,0,0,0,0,0,0,0,0,0,0,0,0
103,부동산신탁,16953,대신자산신탁,B,SM018,유가증권 보유현황(기타포괄손익-공정가치측정증권),A4,회사채,,,,,,,,,,,,,,,,,,,,,,,,,,,,,,,,,,,0,0, ,0,0,0,0,0,0,0,0,0,0,0,0,0,0,0,0,0,0
104,부동산신탁,16953,대신자산신탁,B,SM018,유가증권 보유현황(기타포괄손익-공정가치측정증권),A5,집합투자증권,,,,,,,,,,,,,,,,,,,,,,,,,,,,,,,,,,,0,0,0,0,0,0,0,0,0,0,0,0,0,0,0,0,0,0,0,0,0
105,부동산신탁,16953,대신자산신탁,B,SM018,유가증권 보유현황(기타포괄손익-공정가치측정증권),A6,기업어음증권,,,,,,,,,,,,,,,,,,,,,,,,,,,,,,,,,,,0,0, ,0,0,0,0,0,0,0,0,0,0,0,0,0,0,0,0,0,0
106,부동산신탁,16953,대신자산신탁,B,SM018,유가증권 보유현황(기타포괄손익-공정가치측정증권),A7,외화증권,,,,,,,,,,,,,,,,,,,,,,,,,,,,,,,,,,,0,0,0,0,0,0,0,0,0,0,0,0,0,0,0,0,0,0,0,0,0
107,부동산신탁,16953,대신자산신탁,B,SM018,유가증권 보유현황(기타포괄손익-공정가치측정증권),A8,기타,,,,,,,,,,,,,,,,,,,,,,,,,,,,,,,,,,,0,0,0,0,0,0,0,0,0,0,0,0,0,0,0,0,0,0,0,0,0
108,부동산신탁,17106,한국투자부동산신탁,B,SM018,유가증권 보유현황(기타포괄손익-공정가치측정증권),A,기타포괄손익-공정가치측정증권,,,,,,,,,,,,,,,,,,,,,,,,,,,,,,,,,,,,0,0,0,0,0,0,0,0,0,0,0,0,0,0,0,0,0,0,0,0
109,부동산신탁,17106,한국투자부동산신탁,B,SM018,유가증권 보유현황(기타포괄손익-공정가치측정증권),A1,주식,,,,,,,,,,,,,,,,,,,,,,,,,,,,,,,,,,,, , , , , , , , , , , , , , , , , , , , 
110,부동산신탁,17106,한국투자부동산신탁,B,SM018,유가증권 보유현황(기타포괄손익-공정가치측정증권),A2,국채·지방채,,,,,,,,,,,,,,,,,,,,,,,,,,,,,,,,,,,, , , , , , , , , , , , , , , , , , , , 
111,부동산신탁,17106,한국투자부동산신탁,B,SM018,유가증권 보유현황(기타포괄손익-공정가치측정증권),A3,특수채,,,,,,,,,,,,,,,,,,,,,,,,,,,,,,,,,,,, , , , , , , , , , , , , , , , , , , , 
112,부동산신탁,17106,한국투자부동산신탁,B,SM018,유가증권 보유현황(기타포괄손익-공정가치측정증권),A4,회사채,,,,,,,,,,,,,,,,,,,,,,,,,,,,,,,,,,,, , , , , , , , , , , , , , , , , , , , 
113,부동산신탁,17106,한국투자부동산신탁,B,SM018,유가증권 보유현황(기타포괄손익-공정가치측정증권),A5,집합투자증권,,,,,,,,,,,,,,,,,,,,,,,,,,,,,,,,,,,,0,0,0,0,0,0,0,0,0,0,0,0,0,0,0,0,0,0,0,0
114,부동산신탁,17106,한국투자부동산신탁,B,SM018,유가증권 보유현황(기타포괄손익-공정가치측정증권),A6,기업어음증권,,,,,,,,,,,,,,,,,,,,,,,,,,,,,,,,,,,, , , , , , , , , , , , , , , , , , , , 
115,부동산신탁,17106,한국투자부동산신탁,B,SM018,유가증권 보유현황(기타포괄손익-공정가치측정증권),A7,외화증권,,,,,,,,,,,,,,,,,,,,,,,,,,,,,,,,,,,,0,0,0,0,0,0,0,0,0,0,0,0,0,0,0,0,0,0,0,0
116,부동산신탁,17106,한국투자부동산신탁,B,SM018,유가증권 보유현황(기타포괄손익-공정가치측정증권),A8,기타,,,,,,,,,,,,,,,,,,,,,,,,,,,,,,,,,,,,0,0,0,0,0,0,0,0,0,0,0,0,0,0,0,0,0,0,0,0
117,부동산신탁,17107,신영부동산신탁,B,SM018,유가증권 보유현황(기타포괄손익-공정가치측정증권),A,기타포괄손익-공정가치측정증권,,,,,,,,,,,,,,,,,,,,,,,,,,,,,,,,,,,,0,0,0,0,0,0,0,0,0,0,0,0,0,0,0,0,0,0,0,0
118,부동산신탁,17107,신영부동산신탁,B,SM018,유가증권 보유현황(기타포괄손익-공정가치측정증권),A1,주식,,,,,,,,,,,,,,,,,,,,,,,,,,,,,,,,,,,,0,0,0,0,0,0,0,0,0,0,0,0,0,0,0,0,0, ,0,0
119,부동산신탁,17107,신영부동산신탁,B,SM018,유가증권 보유현황(기타포괄손익-공정가치측정증권),A2,국채·지방채,,,,,,,,,,,,,,,,,,,,,,,,,,,,,,,,,,,,0,0,0,0,0,0,0,0,0,0,0,0,0,0,0,0,0, ,0,0
120,부동산신탁,17107,신영부동산신탁,B,SM018,유가증권 보유현황(기타포괄손익-공정가치측정증권),A3,특수채,,,,,,,,,,,,,,,,,,,,,,,,,,,,,,,,,,,,0,0,0,0,0,0,0,0,0,0,0,0,0,0,0,0,0, ,0,0
121,부동산신탁,17107,신영부동산신탁,B,SM018,유가증권 보유현황(기타포괄손익-공정가치측정증권),A4,회사채,,,,,,,,,,,,,,,,,,,,,,,,,,,,,,,,,,,,0,0,0,0,0,0,0,0,0,0,0,0,0,0,0,0,0, ,0,0
122,부동산신탁,17107,신영부동산신탁,B,SM018,유가증권 보유현황(기타포괄손익-공정가치측정증권),A5,집합투자증권,,,,,,,,,,,,,,,,,,,,,,,,,,,,,,,,,,,,0,0,0,0,0,0,0,0,0,0,0,0,0,0,0,0,0,0,0,0
123,부동산신탁,17107,신영부동산신탁,B,SM018,유가증권 보유현황(기타포괄손익-공정가치측정증권),A6,기업어음증권,,,,,,,,,,,,,,,,,,,,,,,,,,,,,,,,,,,,0,0,0,0,0,0,0,0,0,0,0,0,0,0,0,0,0, ,0,0
124,부동산신탁,17107,신영부동산신탁,B,SM018,유가증권 보유현황(기타포괄손익-공정가치측정증권),A7,외화증권,,,,,,,,,,,,,,,,,,,,,,,,,,,,,,,,,,,,0,0,0,0,0,0,0,0,0,0,0,0,0,0,0,0,0,0,0,0
125,부동산신탁,17107,신영부동산신탁,B,SM018,유가증권 보유현황(기타포괄손익-공정가치측정증권),A8,기타,,,,,,,,,,,,,,,,,,,,,,,,,,,,,,,,,,,,0,0,0,0,0,0,0,0,0,0,0,0,0,0,0,0,0,0,0,0
