,금융구분,금융회사코드,금융회사명,통계분류,통계표코드,통계표명,코드,구분,200903,201106,201109,201112,201203,201206,201209,201212,201303,201306,201309,201312,201403,201406,201409,201412,201503,201506,201509,201512,201603,201606,201609,201612,201703,201706,201709,201712,201803,201806,201809,201812,201903,201906,201909,201912,202003,202006,202009,202012,202103,202106,202109,202112,202203,202206,202209,202212,202303,202306,202309,202312,202403,202406,202409,202412,202503,202506
0,부동산신탁,10902,한국토지신탁,B,SM029,자산현황(유가증권),A,유가증권 계,34495377840,37213723236,37472209763,31004753486,30610887140,62207034672,64279750096,64919813380,58808984738,59995571315,63401637444,63223909142,67453463879,46006132389,46981101122,110358006261,140372412316,113521082621,143711210205,184754671245,178993430168,178323936105,252428539063,209748987004,207322628845,207366535977,182146266418,166420191574,151921843536,153547045589,139740200258,130765402575,155799161073,223131858703,155644975258,155587481275,159762532028,155388367524,184469131859,211225117527,278170092291,342333333007,505216841111,463568656983,496031107447,504368423417,536905000785,616692896311,517746767011,524600909208,545956224219,543103432496,593686186316,605914315186,644967952935,601001555777,598121175334,583578099632
1,부동산신탁,10902,한국토지신탁,B,SM029,자산현황(유가증권),A1,당기손익-공정가치측정증권,0,0,0,0,0,0,0,0,0,0,0,0,0,0,1003572540,76162856432,105691669292,64077932443,63910326706,45963028259,38224272274,53124725999,38180634457,8950005835,12865356672,15894169930,0,0,15518229602,25547385449,15514756333,16185036988,27047009591,76904592448,16694916988,17562082230,14501838983,17902924522,46750361164,58435212563,87009065234,145000158892,191371129084,196228341525,200990791989,209955633144,210866922840,225797580857,185019818693,185173960890,198429184527,190336392804,190846176624,194443055494,197591284617,186702484576,186822104133,189825053431
2,부동산신탁,10902,한국토지신탁,B,SM029,자산현황(유가증권),A2,기타포괄손익-공정가치측정증권,34495377840,37213723236,37085553294,28634683486,28441736549,24808644617,25941489422,26870624390,20397521381,21194858215,24664739616,24177873752,24265925536,24355916936,24689505529,9934320576,10446661771,9239931025,9297513346,9074060533,9112159991,8984273254,12067414245,13108950263,12385208931,12385530066,12369225589,14218046118,0,0,0,0,0,0,0,0,0,0,0,0,0,0,0,0,0,0,0,0,0,0,0,0,0,0,0,0,0,0
3,부동산신탁,10902,한국토지신탁,B,SM029,자산현황(유가증권),A3,상각후원가측정증권,0,0,0,0,0,0,0,0,0,0,0,0,0,0,0,0,0,0,0,0,0,0,0,0,0,0,0,0,0,0,0,0,0,13909238358,0,5000000000,0,0,0,0,19810904112,55095334260,44653315074,0,0,28214367136,38109654808,78214367136,20046000000,20046000000,20046000000,20046000000,20046000000,22617250000,22617250000,22617250000,27617250000,7571250000
4,부동산신탁,10902,한국토지신탁,B,SM029,자산현황(유가증권),A4,관계회사투자지분,0,0,386656469,2370070000,2169150591,37398390055,38338260674,38049188990,38411463357,38800713100,38736897828,39046035390,43187538343,21650215453,21288023053,24260829253,24234081253,40203219153,70503370153,129717582453,131656997903,116214936852,202180490361,187690030906,182072063242,179086835981,169777040829,152202145456,136403613934,127999660140,124225443925,114580365587,128752151482,132318027897,138950058270,133025399045,145260693045,137485443002,137718770695,152789904964,171350122945,142237839855,269192396953,267340315458,295040315458,266198423137,287928423137,312680948318,312680948318,319380948318,327481039692,332721039692,382794009692,388854009692,424759418318,391681821201,383681821201,386181796201
5,부동산신탁,10902,한국토지신탁,B,SM029,자산현황(유가증권),A5,파생결합증권,0,0,0,0,0,0,0,0,0,0,0,0,0,0,0,0,0,0,0,0,0,0,0,0,0,0,0,0,0,0,0,0,0,0,0,0,0,0,0,0,0,0,0,0,0,0,0,0,0,0,0,0,0,0,0,0,0,0
6,부동산신탁,10902,한국토지신탁,B,SM029,자산현황(유가증권),A6,대손충당금(-), , , , , , , , , , , , , , , , , , , , , , , , , , , , ,0,0,0,0,0,0,0,0,0,0,0,0,0,0,0,0,0,0,0,0,0,0,0,0,0,0,0,0,0,0
7,부동산신탁,10903,KB부동산신탁(주),B,SM029,자산현황(유가증권),A,유가증권 계,4172114065,23026578828,23277929268,22882733624,24218100504,25271353216,26800738246,26977104097,28916728233,30158833769,29959356093,31383121959,31881046451,31967658747,32407293002,36899712701,40243282593,19267113388,17399375388,17800941716,19883790437,20158114700,22929831097,22518948542,22374813841,22524648021,23366498879,23386672835,23532137441,24547879224,31036669160,30525603770,30545818105,32150490321,31732944073,34607170518,35155641635,38422766630,39590222476,39324613156,40880509041,41175083735,41454498703,37284875752,38217376797,41971549857,44773967460,43596959215,45482562935,44786993850,44745147395,44982129738,44414255085,44590546298,45651988409,40532354455,40969720224,34120428371
8,부동산신탁,10903,KB부동산신탁(주),B,SM029,자산현황(유가증권),A1,당기손익-공정가치측정증권,399990000,0,0,0,0,0,0,0,0,0,0,0,0,0,0,0,0,0,0,0,0,0,0,0,0,0,0,0,23532137441,24547879224,31036669160,30525603770,30545818105,32150490321,31732944073,34607170518,35155641635,38422766630,39590222476,39324613156,40880509041,41175083735,41454498703,37284875752,38217376797,41971549857,44773967460,43596959215,45482562935,44786993850,44745147395,44982129738,44414255085,44590546298,45651988409,40532354455,40969720224,34120428371
9,부동산신탁,10903,KB부동산신탁(주),B,SM029,자산현황(유가증권),A2,기타포괄손익-공정가치측정증권,3772124065,23019078828,23270429268,22875233624,24210600504,25263853216,26793238246,26969604097,28909228233,30151333769,29951856093,31383121959,31881046451,31967658747,32407293002,36899712701,40243282593,19267113388,17399375388,17800941716,19883790437,20158114700,22929831097,22518948542,22374813841,22524648021,23366498879,23386672835,0,0,0,0,0,0,0,0,0,0,0,0,0,0,0,0,0,0,0,0,0,0,0,0,0,0,0,0,0,0
10,부동산신탁,10903,KB부동산신탁(주),B,SM029,자산현황(유가증권),A3,상각후원가측정증권,0,0,0,0,0,0,0,0,0,0,0,0,0,0,0,0,0,0,0,0,0,0,0,0,0,0,0,0,0,0,0,0,0,0,0,0,0,0,0,0,0,0,0,0,0,0,0,0,0,0,0,0,0,0,0,0,0,0
11,부동산신탁,10903,KB부동산신탁(주),B,SM029,자산현황(유가증권),A4,관계회사투자지분,0,7500000,7500000,7500000,7500000,7500000,7500000,7500000,7500000,7500000,7500000,0,0,0,0,0,0,0,0,0,0,0,0,0,0,0,0,0,0,0,0,0,0,0,0,0,0,0,0,0,0,0,0,0,0,0,0,0,0,0,0,0,0,0,0,0,0,0
12,부동산신탁,10903,KB부동산신탁(주),B,SM029,자산현황(유가증권),A5,파생결합증권,0,0,0,0,0,0,0,0,0,0,0,0,0,0,0,0,0,0,0,0,0,0,0,0,0,0,0,0,0,0,0,0,0,0,0,0,0,0,0,0,0,0,0,0,0,0,0,0,0,0,0,0,0,0,0,0,0,0
13,부동산신탁,10903,KB부동산신탁(주),B,SM029,자산현황(유가증권),A6,대손충당금(-), , , , , , , , , , , , , , , , , , , , , , , , , , , , ,0,0,0,0,0,0,0,0,0,0,0,0,0,0,0,0,0,0,0,0,0,0,0,0,0,0,0,0,0,0
14,부동산신탁,10904,대한토지신탁,B,SM029,자산현황(유가증권),A,유가증권 계,26320723900,22771630597,22789448031,22807265468,22954108475,21164242127,21421784875,21402919112,21410128011,20110128011,20110128011,21105128011,21105128011,20605128011,20505128011,20255128011,20255128011,20155128011,20202104414,1792328607,4749791887,24354255761,25816292679,31075529906,33849679184,34226817168,47730128314,48045498924,49137232756,43117651971,45828258963,46216349364,49816287193,53297639008,50074262107,52530729949,50112241976,41795043192,42602878118,44186659931,44453840263,50694539362,51502181129,64825937113,65770890190,72473394626,72344596868,71288206898,73082880796,73399798462,80971294645,82324586802,90144010692,93140874478,98398846844,96329162747,100071306393,106815607897
15,부동산신탁,10904,대한토지신탁,B,SM029,자산현황(유가증권),A1,당기손익-공정가치측정증권,0,0,0,0,0,0,0,0,0,0,0,0,0,0,0,0,0,0,0,0,0,0,0,0,0,0,0,0,18664287887,18660478639,22900122122,25569054618,29181370094,32739939890,34399453832,36817341653,38798954889,41795043192,42602878118,44186659931,44453840263,50694539362,51502181129,64825937113,65770890190,68473394626,68344596868,71288206898,73082880796,73399798462,80971294645,82324586802,90144010692,93140874478,98398846844,91240426496,95193319613,102238375286
16,부동산신탁,10904,대한토지신탁,B,SM029,자산현황(유가증권),A2,기타포괄손익-공정가치측정증권,150000000,4361502586,150000000,150000000,650000000,650000000,900000000,900000000,900000000,1000000000,1000000000,1995000000,1995000000,1995000000,1995000000,1745000000,1745000000,1745000000,1791976403,1792328607,4749791887,4751504429,5952096879,11211109005,13995114984,14362797476,17139673297,17468717022,0,0,0,0,0,0,0,0,0,0,0,0,0,0,0,0,0,0,0,0,0,0,0,0,0,0,0,0,0,0
17,부동산신탁,10904,대한토지신탁,B,SM029,자산현황(유가증권),A3,상각후원가측정증권,7438381855,0,4229320020,4247137457,3893980464,2104114116,2111656864,2092791101,2100000000,700000000,700000000,700000000,700000000,200000000,100000000,100000000,100000000,0,0,0,0,0,0,0,0,0,0,0,0,0,0,0,0,0,0,0,0,0,0,0,0,0,0,0,0,4000000000,4000000000,0,0,0,0,0,0,0,0,0,0,0
18,부동산신탁,10904,대한토지신탁,B,SM029,자산현황(유가증권),A4,관계회사투자지분,18732342045,18410128011,18410128011,18410128011,18410128011,18410128011,18410128011,18410128011,18410128011,18410128011,18410128011,18410128011,18410128011,18410128011,18410128011,18410128011,18410128011,18410128011,18410128011,0,0,19602751332,19864195800,19864420901,19854564200,19864019692,30590455017,30576781902,30472944869,24457173332,22928136841,20647294746,20634917099,20557699118,15674808275,15713388296,11313287087,0,0,0,0,0,0,0,0,0,0,0,0,0,0,0,0,0,0,5088736251,4877986780,4577232611
19,부동산신탁,10904,대한토지신탁,B,SM029,자산현황(유가증권),A5,파생결합증권,0,0,0,0,0,0,0,0,0,0,0,0,0,0,0,0,0,0,0,0,0,0,0,0,0,0,0,0,0,0,0,0,0,0,0,0,0,0,0,0,0,0,0,0,0,0,0,0,0,0,0,0,0,0,0,0,0,0
20,부동산신탁,10904,대한토지신탁,B,SM029,자산현황(유가증권),A6,대손충당금(-), , , , , , , , , , , , , , , , , , , , , , , , , , , , ,0,0,0,0,0,0,0,0,0,0,0,0,0,0,0,0,0,0,0,0,0,0,0,0,0,0,0,0,0,0
21,부동산신탁,10905,교보자산신탁,B,SM029,자산현황(유가증권),A,유가증권 계,20321463517,18117741870,15214739954,15595763945,15642461713,15757013947,15863370733,11164179526,11228121364,12042063204,12106005043,11669946882,11737741812,10305536747,10618331680,12177470613,12254523194,12326862158,11746250994,9307004331,10335761544,10391618757,10697375969,9498445071,9525264988,14497752002,22139932530,24010676072,22669695718,24705525744,25151125128,25631499515,26078028066,33624556617,33921085168,33474438709,34022049389,39329359547,55225052048,78107607294,68386245303,83482429683,260518348291,260146039660,239870472175,209662549820,203261650808,181678829124,168602515855,170810137258,232527616363,97551077060,186352106598,121899292609,87724872895,377806975601,323872774889,120805651490
22,부동산신탁,10905,교보자산신탁,B,SM029,자산현황(유가증권),A1,당기손익-공정가치측정증권,0,0,0,0,0,0,0,0,0,0,0,0,0,0,0,0,0,0,0,0,0,0,0,0,0,0,0,0,0,0,0,0,0,0,0,13996964500,14496964500,14756664500,29067568525,49079084571,39304341189,54347144178,231329681395,226181313066,205837897341,175562126746,169093379494,147442709549,134296935023,136435192064,198083306807,63037403142,151767807892,89965221480,87724872895,377806975601,323872774889,120805651490
23,부동산신탁,10905,교보자산신탁,B,SM029,자산현황(유가증권),A2,기타포괄손익-공정가치측정증권,11482598436,4142715224,4164685128,4899434234,4878465608,4425351447,4464041837,700000000,700000000,950000000,950000000,450000000,450000000,450000000,695000000,2186344000,2191344000,2191344000,2540344000,2040000000,3015000000,3015100000,3265100000,6015110000,6015100000,5965100000,5765100000,5590100000,0,0,0,0,0,0,0,80000000,80000000,80000000,80000000,80000000,80000000,80000000,80000000,80000000,80000000,80000000,80000000,80000000,80000000,80000000,80000000,80000000,80000000,0,0,0,0,0
24,부동산신탁,10905,교보자산신탁,B,SM029,자산현황(유가증권),A3,상각후원가측정증권,8838865081,13975026646,11050054826,10696329711,10763996105,11331662500,11399328896,10464179526,10528121364,11092063204,11156005043,11219946882,11287741812,9855536747,9923331680,9991126613,10063179194,10135518158,9205906994,7267004331,7320761544,7376518757,7432275969,3483335071,3510164988,8532652002,16374832530,18420576072,17085231218,19120161244,19165760628,19211360015,19257888566,19304417117,19350945668,19397474209,19445084889,24492695047,26077483523,28948522723,29001904114,29055285505,29108666896,33884726594,33952574834,34020423074,34088271314,34156119575,34225580832,34294945194,34364309556,34433673918,34504298706,31934071129,0,0,0,0
25,부동산신탁,10905,교보자산신탁,B,SM029,자산현황(유가증권),A4,관계회사투자지분,0,0,0,0,0,0,0,0,0,0,0,0,0,0,0,0,0,0,0,0,0,0,0,0,0,0,0,0,5584464500,5585364500,5985364500,6420139500,6820139500,14320139500,14570139500,0,0,0,0,0,0,0,0,0,0,0,0,0,0,0,0,0,0,0,0,0,0,0
26,부동산신탁,10905,교보자산신탁,B,SM029,자산현황(유가증권),A5,파생결합증권,0,0,0,0,0,0,0,0,0,0,0,0,0,0,0,0,0,0,0,0,0,0,0,0,0,0,0,0,0,0,0,0,0,0,0,0,0,0,0,0,0,0,0,0,0,0,0,0,0,0,0,0,0,0,0,0,0,0
27,부동산신탁,10905,교보자산신탁,B,SM029,자산현황(유가증권),A6,대손충당금(-), , , , , , , , , , , , , , , , , , , , , , , , , , , , ,0,0,0,0,0,0,0,0,0,0,0,0,0,0,0,0,0,0,0,0,0,0,0,0,0,0,0,0,0,0
28,부동산신탁,10906,한국자산신탁,B,SM029,자산현황(유가증권),A,유가증권 계,3367779237,80315418788,87893116092,76043422517,78844238874,77200268124,74993968272,81837930733,80952579470,79896870362,96605700243,101148365535,81122168161,113868035357,105547271407,121532587889,139206582655,117646334584,145078336309,102789527569,122971088537,129948291352,174259385679,158942875822,144500802699,130002140820,107181471922,87438922669,88124166126,106246736300,104862047238,90376641730,168715035890,114878718085,96505792525,100203030603,132685656633,200959497014,279035855646,366808987103,484034942264,484942848269,559680793924,473318586506,535662277616,576474674917,629269215900,625566359470,638899385339,595529329942,549568209243,498336234601,512639437859,505696173908,498795304273,492106505062,543965921145,562014798027
29,부동산신탁,10906,한국자산신탁,B,SM029,자산현황(유가증권),A1,당기손익-공정가치측정증권,0,0,0,0,0,0,0,0,0,0,0,0,0,0,0,0,0,0,0,182100000,127500000,1892174515,238410000,0,194550000,1185300000,1059287250,962135040,24997444006,24626996026,25638026325,25352292239,81003939587,53631195965,35240270405,30416472996,54236789694,76998334930,69767159155,81794546213,142764613663,150522142883,155872876541,168250831934,189335356970,193385121434,184988668046,185500016734,181760614916,187682399228,235852686232,238319593338,227824931072,226264203023,235013121852,229833099893,224239953595,227496041957
30,부동산신탁,10906,한국자산신탁,B,SM029,자산현황(유가증권),A2,기타포괄손익-공정가치측정증권,0,80315418788,87893116092,76043422517,78344238874,33696968124,34493968272,41337930733,40952579470,39896870362,56605700243,60648365535,40622168161,70868035357,63524671407,81532587889,89197582655,67140150755,95072469557,50229959464,70466444931,75681832413,101047052800,85669318695,81334330579,56144918700,33450262552,23804865509,454800000,1068000000,612400000,703200000,474000000,575600000,593600000,716400000,706800000,744400000,818000000,664000000,595200000,627200000,605600000,642800000,0,200000000,200000000,200000000,200000000,200000000,200000000,200000000,200000000,200000000,200000000,200000000,200000000,200000000
31,부동산신탁,10906,한국자산신탁,B,SM029,자산현황(유가증권),A3,상각후원가측정증권,3367779237,0,0,0,0,0,0,0,0,0,0,0,0,0,0,0,10009000000,10006183829,10005866752,10005545985,10005221486,10002362304,10002000759,10001635007,0,0,0,0,0,14891731539,12962358932,0,22934933303,0,0,2996852969,9973346161,56448044482,142417545579,178358179274,234452352728,227998318250,247584699283,98717094418,140747086444,177366899429,238608945692,184197383440,186579514366,136183264457,31885741129,0,24806766988,24770032176,0,0,57349983993,70444086122
32,부동산신탁,10906,한국자산신탁,B,SM029,자산현황(유가증권),A4,관계회사투자지분,0,0,0,0,500000000,40500000000,40500000000,40500000000,40000000000,40000000000,40000000000,40500000000,40500000000,40000000000,40000000000,40000000000,40000000000,40500000000,40000000000,42371922120,42371922120,42371922120,62971922120,63271922120,62971922120,72671922120,72671922120,62671922120,62671922120,65671922120,65671922120,64321149491,64320510947,60671922120,60671922120,66075702120,67775702120,66775702120,66075702120,106075702120,106375702120,106075702120,155776962120,205776962120,205776962120,205776962120,205776962120,255776962120,260412662120,261411402120,261411402120,259816641263,259816641263,254476800729,263582182421,262073405169,262180762394,263909891991
33,부동산신탁,10906,한국자산신탁,B,SM029,자산현황(유가증권),A5,파생결합증권,0,0,0,0,0,3003300000,0,0,0,0,0,0,0,3000000000,2022600000,0,0,0,0,0,0,0,0,0,0,0,0,0,0,0,0,0,0,0,0,0,0,0,0,0,0,0,0,0,0,0,0,0,10000000000,10099930000,20221360000,0,0,0,0,0,0,0
34,부동산신탁,10906,한국자산신탁,B,SM029,자산현황(유가증권),A6,대손충당금(-), , , , , , , , , , , , , , , , , , , , , , , , , , , , ,0,11913385,22660139,0,18347947,0,0,2397482,6981342,6984518,42551208,83440504,152926247,280514984,159344020,69101966,197127918,254308066,305359958,108002824,53406063,47665863,2980238,0,8901464,14862020,0,0,4778837,35222043
35,부동산신탁,11452,하나자산신탁,B,SM029,자산현황(유가증권),A,유가증권 계,33289171760,21014639865,20857874865,22472347430,25477789233,25190773698,29494645041,30724736619,30455684542,30479298109,29825968049,29568271574,29630019801,29411531282,52389248589,45776978556,47227169340,46282305354,43138341203,41127109656,34677014160,62173155603,62880957179,57206293004,17541624772,17687700463,17752014155,18323849273,18039738348,19149996107,20367726582,20866442210,23659972202,27012220746,27747746837,31023170336,33675334647,38998098195,45290665385,52080247915,53707630121,54542551054,64277127701,71764272106,73020615629,84169479942,86255702504,90151265220,89741280448,108775200052,126792956535,148179563261,145827152334,132137544369,102917609564,103186401332,103742491827,114860101776
36,부동산신탁,11452,하나자산신탁,B,SM029,자산현황(유가증권),A1,당기손익-공정가치측정증권,850823074,0,0,0,0,0,0,0,0,0,0,0,0,0,23149433620,26371655507,27317291440,26345987900,12355382952,12402942006,6246209436,45068145505,45255486718,40033406112,0,0,0,0,0,17130318880,18530284364,18951435851,21836619810,25044144787,25767952574,28702705703,31434021420,36679494484,42985160166,44961897519,46748749979,47567256516,57273584690,64768243371,66179195800,75269361968,77292028319,81158673600,80885329047,89921530728,92979155097,99403090418,102354412289,103891837967,97671887990,97102516731,97945966214,109052847378
37,부동산신탁,11452,하나자산신탁,B,SM029,자산현황(유가증권),A2,기타포괄손익-공정가치측정증권,24026128320,7157295000,7000530000,8836257651,11841699454,11554683919,15858555262,17088646840,16819594763,16843208330,16189878270,15932181795,15993930022,15775441503,15603725190,5769233270,6273788121,6300227675,17146868472,15088077871,14794714945,15052662374,15573122737,15120539168,15489277048,15618338250,15692819165,16265310997,16059657575,0,0,0,0,0,0,0,0,0,0,0,0,0,0,0,0,0,0,0,0,0,0,0,0,0,0,0,0,0
38,부동산신탁,11452,하나자산신탁,B,SM029,자산현황(유가증권),A3,상각후원가측정증권,389889881,0,0,0,0,0,0,0,0,0,0,0,0,0,0,0,0,0,0,0,0,0,0,0,0,0,0,0,0,0,0,0,0,0,0,0,0,0,0,0,0,0,0,0,0,0,0,0,0,10000000000,25000000000,40000000000,35000000000,20000000000,0,0,0,0
39,부동산신탁,11452,하나자산신탁,B,SM029,자산현황(유가증권),A4,관계회사투자지분,8022330485,13857344865,13857344865,13636089779,13636089779,13636089779,13636089779,13636089779,13636089779,13636089779,13636089779,13636089779,13636089779,13636089779,13636089779,13636089779,13636089779,13636089779,13636089779,13636089779,13636089779,2052347724,2052347724,2052347724,2052347724,2069362213,2059194990,2058538276,1980080773,2019677227,1837442218,1915006359,1823352392,1968075959,1979794263,2320464633,2241313227,2318603711,2305505219,7118350396,6958880142,6975294538,7003543011,6996028735,6841419829,8900117974,8963674185,8992591620,8855951401,8853669324,8813801438,8776472843,8472740045,8245706402,5245721574,6083884601,5796525613,5807254398
40,부동산신탁,11452,하나자산신탁,B,SM029,자산현황(유가증권),A5,파생결합증권,0,0,0,0,0,0,0,0,0,0,0,0,0,0,0,0,0,0,0,0,0,0,0,0,0,0,0,0,0,0,0,0,0,0,0,0,0,0,0,0,0,0,0,0,0,0,0,0,0,0,0,0,0,0,0,0,0,0
41,부동산신탁,11452,하나자산신탁,B,SM029,자산현황(유가증권),A6,대손충당금(-), , , , , , , , , , , , , , , , , , , , , , , , , , , , ,0,0,0,0,0,0,0,0,0,0,0,0,0,0,0,0,0,0,0,0,0,0,0,0,0,0,0,0,0,0
42,부동산신탁,11643,코람코자산신탁,B,SM029,자산현황(유가증권),A,유가증권 계,3756081814,18183405347,19244587893,19717355734,19425591508,20403527854,20410748948,24427948103,26352278730,36537862573,46512137573,46784310453,47275755453,53715417108,54270337108,55665587108,55312432108,55760882108,56881622109,66292407108,69297732108,77348822108,86410422108,88008997521,85566100515,84955555607,88461731092,89953176077,90581406051,93815163623,82070725748,83921183294,82952900481,85038098131,87401600120,98615421128,98424713709,131553191857,131895017406,143784421382,141219853843,234525459153,230529740695,241653025119,157028671644,190161222669,188283153808,182938632003,183136653225,188355152065,190352913941,219844338694,246967075845,248714528936,254814600173,250119790825,262721859542,278258615516
43,부동산신탁,11643,코람코자산신탁,B,SM029,자산현황(유가증권),A1,당기손익-공정가치측정증권,0,0,0,0,0,0,0,0,0,0,0,0,0,0,0,0,0,0,0,0,0,0,0,0,0,0,0,0,80581406051,83815163623,72070725748,73921183294,72952900481,75038098131,77401600120,88615421128,88424713709,121553191857,121895017406,133784421382,131219853843,222525459153,216658957151,225107689982,140474113200,170853832208,168059262937,165296761785,165649358919,170937216044,173385831955,203314823274,230435844180,232676854241,238827365367,236161235425,248730558221,264299940550
44,부동산신탁,11643,코람코자산신탁,B,SM029,자산현황(유가증권),A2,기타포괄손익-공정가치측정증권,2809200000,7193529700,8631529700,9101083370,9393348370,10371093370,10378118370,14395118730,16352278730,26537862573,36512137573,36784310453,37275755453,43715417108,44270337108,45665587108,45312432108,45760882108,46881622109,56292407108,59297732108,67348822108,76410422108,78008997521,75566100515,74955555607,78461731092,79953176077,0,0,0,0,0,0,0,0,0,0,0,0,0,0,0,0,0,0,0,0,0,0,0,0,0,0,0,0,0,0
45,부동산신탁,11643,코람코자산신탁,B,SM029,자산현황(유가증권),A3,상각후원가측정증권,946881814,989875647,613058193,616272364,32243138,32434484,32630578,32829373,0,0,0,0,0,0,0,0,0,0,0,0,0,0,0,0,0,0,0,0,0,0,0,0,0,0,0,0,0,0,0,0,0,0,0,0,0,0,0,0,0,0,0,0,0,0,0,0,0,0
46,부동산신탁,11643,코람코자산신탁,B,SM029,자산현황(유가증권),A4,관계회사투자지분,0,10000000000,10000000000,10000000000,10000000000,10000000000,10000000000,10000000000,10000000000,10000000000,10000000000,10000000000,10000000000,10000000000,10000000000,10000000000,10000000000,10000000000,10000000000,10000000000,10000000000,10000000000,10000000000,10000000000,10000000000,10000000000,10000000000,10000000000,10000000000,10000000000,10000000000,10000000000,10000000000,10000000000,10000000000,10000000000,10000000000,10000000000,10000000000,10000000000,10000000000,12000000000,13870783544,16545335137,16554558444,19307390461,20223890871,17641870218,17487294306,17417936021,16967081986,16529515420,16531231665,16037674695,15987234806,13958555400,13991301321,13958674966
47,부동산신탁,11643,코람코자산신탁,B,SM029,자산현황(유가증권),A5,파생결합증권,0,0,0,0,0,0,0,0,0,0,0,0,0,0,0,0,0,0,0,0,0,0,0,0,0,0,0,0,0,0,0,0,0,0,0,0,0,0,0,0,0,0,0,0,0,0,0,0,0,0,0,0,0,0,0,0,0,0
48,부동산신탁,11643,코람코자산신탁,B,SM029,자산현황(유가증권),A6,대손충당금(-), , , , , , , , , , , , , , , , , , , , , , , , , , , , ,0,0,0,0,0,0,0,0,0,0,0,0,0,0,0,0,0,0,0,0,0,0,0,0,0,0,0,0,0,0
49,부동산신탁,11877,신한자산신탁주식회사,B,SM029,자산현황(유가증권),A,유가증권 계,1350000000,1250000000,1850000000,1850000000,1850000000,1850000000,3030000000,3180000000,3305000000,3404000000,3305000000,4205000000,4460000000,5145400000,5150400000,7101400000,6746400000,6896400000,6896400000,7401392600,7964682830,10742023400,8409850050,7966300000,9986290000,14009561645,14415615680,64010896879,44812210803,34982005871,49581468005,52175938819,53477228090,67775269337,83493930009,101360925715,16110597615,17117576615,19622396115,16770991848,47148623362,47525241030,49344494923,86500656241,217914199243,156182829423,22510568540,22884927290,22781488434,23771965657,32727845761,23418554485,23604278812,23585910460,21967908245,20814992191,19136024104,15421538183
50,부동산신탁,11877,신한자산신탁주식회사,B,SM029,자산현황(유가증권),A1,당기손익-공정가치측정증권,0,0,0,0,0,0,0,0,0,0,0,0,0,0,0,0,0,0,0,357492600,295782830,523223400,161050050,0,20000000,3043271645,4029325680,48859865799,44712220803,34882015871,49581468005,52175938819,53477228090,67775269337,83493930009,101360925715,16110597615,17117576615,19622396115,16770991848,47148623362,47525241030,49344494923,86500656241,217914199243,156182829423,22510568540,22884927290,22781488434,23771965657,32727845761,23418554485,23604278812,23585910460,21967908245,20814992191,19136024104,15421538183
51,부동산신탁,11877,신한자산신탁주식회사,B,SM029,자산현황(유가증권),A2,기타포괄손익-공정가치측정증권,1350000000,1250000000,1850000000,1850000000,1850000000,1850000000,3030000000,3180000000,3305000000,3404000000,3305000000,4205000000,4460000000,5145400000,5150400000,7101400000,6746400000,6896400000,6896400000,7043900000,7668900000,10218800000,8248800000,7966300000,9966290000,10966290000,10386290000,15151031080,99990000,99990000,0,0,0,0,0,0,0,0,0,0,0,0,0,0,0,0,0,0,0,0,0,0,0,0,0,0,0,0
52,부동산신탁,11877,신한자산신탁주식회사,B,SM029,자산현황(유가증권),A3,상각후원가측정증권,0,0,0,0,0,0,0,0,0,0,0,0,0,0,0,0,0,0,0,0,0,0,0,0,0,0,0,0,0,0,0,0,0,0,0,0,0,0,0,0,0,0,0,0,0,0,0,0,0,0,0,0,0,0,0,0,0,0
53,부동산신탁,11877,신한자산신탁주식회사,B,SM029,자산현황(유가증권),A4,관계회사투자지분,0,0,0,0,0,0,0,0,0,0,0,0,0,0,0,0,0,0,0,0,0,0,0,0,0,0,0,0,0,0,0,0,0,0,0,0,0,0,0,0,0,0,0,0,0,0,0,0,0,0,0,0,0,0,0,0,0,0
54,부동산신탁,11877,신한자산신탁주식회사,B,SM029,자산현황(유가증권),A5,파생결합증권,0,0,0,0,0,0,0,0,0,0,0,0,0,0,0,0,0,0,0,0,0,0,0,0,0,0,0,0,0,0,0,0,0,0,0,0,0,0,0,0,0,0,0,0,0,0,0,0,0,0,0,0,0,0,0,0,0,0
55,부동산신탁,11877,신한자산신탁주식회사,B,SM029,자산현황(유가증권),A6,대손충당금(-), , , , , , , , , , , , , , , , , , , , , , , , , , , , ,0,0,0,0,0,0,0,0,0,0,0,0,0,0,0,0,0,0,0,0,0,0,0,0,0,0,0,0,0,0
56,부동산신탁,11892,우리자산신탁,B,SM029,자산현황(유가증권),A,유가증권 계,800000000,1649525000,1159525000,1159525000,1909525000,1909525000,1909525000,1359525000,1368085000,1118085000,1113085000,1113085000,1613085000,1613085000,1863085000,3373085000,3373085000,3373095000,3373095000,4564535000,4659035000,4659035000,4709035000,6114510200,6114510200,8606610200,8518330200,9602610200,30670766017,27356139059,12271171260,6934888718,20272985217,15364539322,8692335172,654500200,1154500200,1154500200,1154500200,1404500200,1404500200,1404500200,1404500200,1654500200,4654500200,5364500200,6889500200,7322378598,7433597736,9042287733,9329045373,9297832555,9028694305,8857986430,8593454313,7955785916,7318881597,6844738370
57,부동산신탁,11892,우리자산신탁,B,SM029,자산현황(유가증권),A1,당기손익-공정가치측정증권,0,0,0,0,0,0,0,0,0,0,0,0,0,0,0,0,0,0,0,0,0,0,0,0,0,0,0,0,28370766017,25056139059,9971171260,4634888718,17972985217,13064539322,8692335172,654500200,1154500200,1154500200,1154500200,1404500200,1404500200,1404500200,1404500200,1654500200,4654500200,5364500200,6889500200,7322378598,7433597736,9042287733,9329045373,9297832555,9028694305,8857986430,8593454313,7955785916,7318881597,6844738370
58,부동산신탁,11892,우리자산신탁,B,SM029,자산현황(유가증권),A2,기타포괄손익-공정가치측정증권,800000000,1649525000,1159525000,1159525000,1909525000,1909525000,1909525000,1359525000,1368085000,1118085000,1113085000,1113085000,1613085000,1613085000,1863085000,3373085000,3373085000,3373095000,3373095000,4564535000,4659035000,4659035000,4709035000,4564510200,6114510200,8606610200,8518330200,7302610200,0,0,0,0,0,0,0,0,0,0,0,0,0,0,0,0,0,0,0,0,0,0,0,0,0,0,0,0,0,0
59,부동산신탁,11892,우리자산신탁,B,SM029,자산현황(유가증권),A3,상각후원가측정증권,0,0,0,0,0,0,0,0,0,0,0,0,0,0,0,0,0,0,0,0,0,0,0,0,0,0,0,0,0,0,0,0,0,0,0,0,0,0,0,0,0,0,0,0,0,0,0,0,0,0,0,0,0,0,0,0,0,0
60,부동산신탁,11892,우리자산신탁,B,SM029,자산현황(유가증권),A4,관계회사투자지분,0,0,0,0,0,0,0,0,0,0,0,0,0,0,0,0,0,0,0,0,0,0,0,1550000000,0,0,0,2300000000,2300000000,2300000000,2300000000,2300000000,2300000000,2300000000,0,0,0,0,0,0,0,0,0,0,0,0,0,0,0,0,0,0,0,0,0,0,0,0
61,부동산신탁,11892,우리자산신탁,B,SM029,자산현황(유가증권),A5,파생결합증권,0,0,0,0,0,0,0,0,0,0,0,0,0,0,0,0,0,0,0,0,0,0,0,0,0,0,0,0,0,0,0,0,0,0,0,0,0,0,0,0,0,0,0,0,0,0,0,0,0,0,0,0,0,0,0,0,0,0
62,부동산신탁,11892,우리자산신탁,B,SM029,자산현황(유가증권),A6,대손충당금(-), , , , , , , , , , , , , , , , , , , , , , , , , , , , ,0,0,0,0,0,0,0,0,0,0,0,0,0,0,0,0,0,0,0,0,0,0,0,0,0,0,0,0,0,0
63,부동산신탁,12279,무궁화신탁,B,SM029,자산현황(유가증권),A,유가증권 계,,0,50000000,50000000,50000000,300000000,300000000,800000000,800000000,1050000000,1050000000,1050000000,1050000000,1300000000,1570000000,1570000000,1570000000,1570000000,1570000000,1320000000,1370000000,1370000000,1120000000,870000000,3974991600,3942620970,17088013145,26654783786,26986014403,16557426735,25418312867,32633486597,46988140518,47637326050,53931786895,54643398166,94806095019,101457037770,100485929176,103669088610,112381591837,95311449938,122279489441,134941801958,134673202236,148077321356,158986944674,150715221947,149909468089,153296097975,151619392660,132743700062,123501379746,116125455294,104075861812,61095447453,60209211282,34724660227
64,부동산신탁,12279,무궁화신탁,B,SM029,자산현황(유가증권),A1,당기손익-공정가치측정증권,,0,0,0,0,0,0,0,0,0,0,0,0,0,0,0,0,0,0,0,0,0,0,0,0,0,0,0,0,0,10409473393,10781807926,3196012438,3481286070,7761880000,8156670000,12632079946,13432577291,11078189492,9181864000,10194951000,11007855000,21952792176,26529490506,27570574518,31392360334,37366550606,35178172507,36990321144,34591628104,33004287609,33373023834,33520034586,31853901509,32439952856,28256807458,27408365266,26658934128
65,부동산신탁,12279,무궁화신탁,B,SM029,자산현황(유가증권),A2,기타포괄손익-공정가치측정증권,,0,50000000,50000000,50000000,300000000,300000000,800000000,800000000,1050000000,1050000000,1050000000,1050000000,1300000000,1570000000,1570000000,1570000000,1570000000,1570000000,1320000000,1370000000,1370000000,1120000000,870000000,1374991600,1474991600,1686489076,1686489076,1686489076,1934012438,0,0,300000000,312500000,312500000,327500000,290000000,332500000,0,0,0,0,0,0,0,0,0,0,0,0,0,0,0,0,0,0,0,0
66,부동산신탁,12279,무궁화신탁,B,SM029,자산현황(유가증권),A3,상각후원가측정증권,,0,0,0,0,0,0,0,0,0,0,0,0,0,0,0,0,0,0,0,0,0,0,0,0,0,0,0,0,0,0,0,0,0,0,0,0,0,0,0,0,0,0,0,0,0,0,0,0,0,0,0,0,0,0,0,0,0
67,부동산신탁,12279,무궁화신탁,B,SM029,자산현황(유가증권),A4,관계회사투자지분,,0,0,0,0,0,0,0,0,0,0,0,0,0,0,0,0,0,0,0,0,0,0,0,2600000000,2467629370,15401524069,24968294710,25299525327,14623414297,15008839474,21851678671,43492128080,43843539980,45857406895,46159228166,81884015073,87691960479,89407739684,94487224610,102186640837,84303594938,100326697265,108412311452,107102627718,116684961022,121620394068,115537049440,112919146945,118704469871,118615105051,99370676228,89981345160,84271553785,71635908956,32838639995,32800846016,8065726099
68,부동산신탁,12279,무궁화신탁,B,SM029,자산현황(유가증권),A5,파생결합증권,,0,0,0,0,0,0,0,0,0,0,0,0,0,0,0,0,0,0,0,0,0,0,0,0,0,0,0,0,0,0,0,0,0,0,0,0,0,0,0,0,0,0,0,0,0,0,0,0,0,0,0,0,0,0,0,0,0
69,부동산신탁,12279,무궁화신탁,B,SM029,자산현황(유가증권),A6,대손충당금(-),, , , , , , , , , , , , , , , , , , , , , , , , , , , ,0,0,0,0,0,0,0,0,0,0,0,0,0,0,0,0,0,0,0,0,0,0,0,0,0,0,0,0,0,0
70,부동산신탁,12306,코리아신탁,B,SM029,자산현황(유가증권),A,유가증권 계,,622000000,622000000,622000000,622000000,622000000,622000000,72000000,72000000,322000000,322000000,322000000,322000000,322000000,322000000,300000000,300000000,300000000,900000000,850000000,850000000,850000000,2050000000,2070000000,2070000000,2170000000,2870000000,1320000000,1320000000,1320000000,1070000000,1080000000,1080000000,12810212356,12856913325,12976555554,13003105055,14028865564,19330228228,23099899875,26107289661,27108369363,25115734933,27219235539,33816614285,35523957067,46311723076,32458415984,67509583851,33766758528,32913378385,32235186420,32072259439,34901117389,32966110695,35707285817,34362296816,38838346921
71,부동산신탁,12306,코리아신탁,B,SM029,자산현황(유가증권),A1,당기손익-공정가치측정증권,,0,0,0,0,0,0,0,0,0,0,0,0,0,0,0,0,0,0,0,0,0,0,0,0,0,0,0,0,1320000000,1070000000,1080000000,1080000000,12810212356,12856913325,12976555554,13003105055,14028865564,19330228228,23099899875,26107289661,27108369363,22224788904,25229947867,30830586887,31549685011,32344113486,22458415984,57509583851,23766758528,22913378385,22235186420,22072259439,24901117389,22966110695,25707285817,24362296816,28838346921
72,부동산신탁,12306,코리아신탁,B,SM029,자산현황(유가증권),A2,기타포괄손익-공정가치측정증권,,622000000,622000000,622000000,622000000,622000000,622000000,72000000,72000000,322000000,322000000,322000000,322000000,322000000,322000000,300000000,300000000,300000000,900000000,850000000,850000000,850000000,2050000000,2070000000,2070000000,2170000000,2870000000,1320000000,1320000000,0,0,0,0,0,0,0,0,0,0,0,0,0,0,0,0,0,0,0,0,0,0,0,0,0,0,0,0,0
73,부동산신탁,12306,코리아신탁,B,SM029,자산현황(유가증권),A3,상각후원가측정증권,,0,0,0,0,0,0,0,0,0,0,0,0,0,0,0,0,0,0,0,0,0,0,0,0,0,0,0,0,0,0,0,0,0,0,0,0,0,0,0,0,0,2890946029,1989287672,2986027398,3974272056,3967609590,0,0,0,0,0,0,0,0,0,0,0
74,부동산신탁,12306,코리아신탁,B,SM029,자산현황(유가증권),A4,관계회사투자지분,,0,0,0,0,0,0,0,0,0,0,0,0,0,0,0,0,0,0,0,0,0,0,0,0,0,0,0,0,0,0,0,0,0,0,0,0,0,0,0,0,0,0,0,0,0,10000000000,10000000000,10000000000,10000000000,10000000000,10000000000,10000000000,10000000000,10000000000,10000000000,10000000000,10000000000
75,부동산신탁,12306,코리아신탁,B,SM029,자산현황(유가증권),A5,파생결합증권,,0,0,0,0,0,0,0,0,0,0,0,0,0,0,0,0,0,0,0,0,0,0,0,0,0,0,0,0,0,0,0,0,0,0,0,0,0,0,0,0,0,0,0,0,0,0,0,0,0,0,0,0,0,0,0,0,0
76,부동산신탁,12306,코리아신탁,B,SM029,자산현황(유가증권),A6,대손충당금(-),, , , , , , , , , , , , , , , , , , , , , , , , , , , ,0,0,0,0,0,0,0,0,0,0,0,0,0,0,0,0,0,0,0,0,0,0,0,0,0,0,0,0,0,0
77,부동산신탁,16953,대신자산신탁,B,SM029,자산현황(유가증권),A,유가증권 계,,,,,,,,,,,,,,,,,,,,,,,,,,,,,,,,,,,62982534962,62736242085,63104289439,43213581168,58889402950,61520799235,56540616605,48431016805,32858120928,47948455902,70693050239,56016424780,67206703259,71426308631,67813136084,48566418605,34436510846,33008055845,33073507837,37082365661,37635292716,30787054770,25072628041,28210139207
78,부동산신탁,16953,대신자산신탁,B,SM029,자산현황(유가증권),A1,당기손익-공정가치측정증권,,,,,,,,,,,,,,,,,,,,,,,,,,,,,,,,,,,62982534962,62736242085,63104289439,43213581168,58889402950,59520799235,54540616605,46431016805,30858120928,45648455902,68393050239,53126424780,63167703259,67387308631,63774136084,44527418605,30397510846,29613755845,29679207837,30688065661,36240992716,29392754770,23768328041,26905839207
79,부동산신탁,16953,대신자산신탁,B,SM029,자산현황(유가증권),A2,기타포괄손익-공정가치측정증권,,,,,,,,,,,,,,,,,,,,,,,,,,,,,,,,,,,0,0,0,0,0,0,0,0,0,0,0,0,0,0,0,0,0,0,0,0,0,0,0,0
80,부동산신탁,16953,대신자산신탁,B,SM029,자산현황(유가증권),A3,상각후원가측정증권,,,,,,,,,,,,,,,,,,,,,,,,,,,,,,,,,,,0,0,0,0,0,0,0,0,0,0,0,0,0,0,0,0,0,0,0,0,0,0,0,0
81,부동산신탁,16953,대신자산신탁,B,SM029,자산현황(유가증권),A4,관계회사투자지분,,,,,,,,,,,,,,,,,,,,,,,,,,,,,,,,,,,0,0,0,0,0,2000000000,2000000000,2000000000,2000000000,2300000000,2300000000,2890000000,4039000000,4039000000,4039000000,4039000000,4039000000,3394300000,3394300000,6394300000,1394300000,1394300000,1304300000,1304300000
82,부동산신탁,16953,대신자산신탁,B,SM029,자산현황(유가증권),A5,파생결합증권,,,,,,,,,,,,,,,,,,,,,,,,,,,,,,,,,,,0,0,0,0,0,0,0,0,0,0,0,0,0,0,0,0,0,0,0,0,0,0,0,0
83,부동산신탁,16953,대신자산신탁,B,SM029,자산현황(유가증권),A6,대손충당금(-),,,,,,,,,,,,,,,,,,,,,,,,,,,,,,,,,,,0,0,0,0,0,0,0,0,0,0,0,0,0,0,0,0,0,0,0,0,0,0,0,0
84,부동산신탁,17106,한국투자부동산신탁,B,SM029,자산현황(유가증권),A,유가증권 계,,,,,,,,,,,,,,,,,,,,,,,,,,,,,,,,,,,,9923300,20025100,20035400,20041600,801083400,1860630000,23153553499,10285197229,12041896475,18866589972,24175131814,25776036723,29068984946,28075040280,32556267562,43341382491,49065527838,52290736389,33372651007,35527954214,33919911731,34012306290,34985646364
85,부동산신탁,17106,한국투자부동산신탁,B,SM029,자산현황(유가증권),A1,당기손익-공정가치측정증권,,,,,,,,,,,,,,,,,,,,,,,,,,,,,,,,,,,,9923300,20025100,20035400,20041600,801083400,1860630000,23153553499,10285197229,12041896475,18866589972,24175131814,25776036723,29018958951,26581029358,28027303478,38736575403,44630440027,47793198325,28110457754,25129754639,23759451861,23648947653,24287974216
86,부동산신탁,17106,한국투자부동산신탁,B,SM029,자산현황(유가증권),A2,기타포괄손익-공정가치측정증권,,,,,,,,,,,,,,,,,,,,,,,,,,,,,,,,,,,,0,0,0,0,0,0,0,0,0,0,0,0,0,0,0,0,0,0,0,0,0,0,0
87,부동산신탁,17106,한국투자부동산신탁,B,SM029,자산현황(유가증권),A3,상각후원가측정증권,,,,,,,,,,,,,,,,,,,,,,,,,,,,,,,,,,,,0,0,0,0,0,0,0,0,0,0,0,0,0,0,0,0,0,0,0,0,0,0,0
88,부동산신탁,17106,한국투자부동산신탁,B,SM029,자산현황(유가증권),A4,관계회사투자지분,,,,,,,,,,,,,,,,,,,,,,,,,,,,,,,,,,,,0,0,0,0,0,0,0,0,0,0,0,0,50025995,1494010922,4528964084,4604807088,4435087811,4497538064,5262193253,10398199575,10160459870,10363358637,10697672148
89,부동산신탁,17106,한국투자부동산신탁,B,SM029,자산현황(유가증권),A5,파생결합증권,,,,,,,,,,,,,,,,,,,,,,,,,,,,,,,,,,,,0,0,0,0,0,0,0,0,0,0,0,0,0,0,0,0,0,0,0,0,0,0,0
90,부동산신탁,17106,한국투자부동산신탁,B,SM029,자산현황(유가증권),A6,대손충당금(-),,,,,,,,,,,,,,,,,,,,,,,,,,,,,,,,,,,,0,0,0,0,0,0,0,0,0,0,0,0,0,0,0,0,0,0,0,0,0,0,0
91,부동산신탁,17107,신영부동산신탁,B,SM029,자산현황(유가증권),A,유가증권 계,,,,,,,,,,,,,,,,,,,,,,,,,,,,,,,,,,,,0,15009180328,0,5261880000,250000000,4274081910,9256855186,14241300782,1179641451,818150824,4615473182,5538419547,5736659996,5688483380,5688483380,6438483380,6438483380,6081909002,6361909002,8694610053,8711426086,7257506398,7274728335
92,부동산신탁,17107,신영부동산신탁,B,SM029,자산현황(유가증권),A1,당기손익-공정가치측정증권,,,,,,,,,,,,,,,,,,,,,,,,,,,,,,,,,,,,0,0,0,5261880000,250000000,250000000,1242608611,6200840508,1179641451,0,0,0,0,0,0,0,0,0,0,2012701051,2029517084,0,0
93,부동산신탁,17107,신영부동산신탁,B,SM029,자산현황(유가증권),A2,기타포괄손익-공정가치측정증권,,,,,,,,,,,,,,,,,,,,,,,,,,,,,,,,,,,,0,0,0,0,0,0,0,0,0,0,0,0,0,0,0,0,0,0,0,0,0,0,0
94,부동산신탁,17107,신영부동산신탁,B,SM029,자산현황(유가증권),A3,상각후원가측정증권,,,,,,,,,,,,,,,,,,,,,,,,,,,,,,,,,,,,0,0,0,0,0,4026800000,0,0,0,839475000,4636175000,5576372880,5826367880,5826367880,5826367880,6576367880,6576367880,6126367880,6406367880,6726367880,6726367880,7316367880,7378867880
95,부동산신탁,17107,신영부동산신탁,B,SM029,자산현황(유가증권),A4,관계회사투자지분,,,,,,,,,,,,,,,,,,,,,,,,,,,,,,,,,,,,0,0,0,0,0,0,0,0,0,0,0,0,0,0,0,0,0,0,0,0,0,0,0
96,부동산신탁,17107,신영부동산신탁,B,SM029,자산현황(유가증권),A5,파생결합증권,,,,,,,,,,,,,,,,,,,,,,,,,,,,,,,,,,,,0,15009180328,0,0,0,0,8014246575,8040460274,0,0,0,0,0,0,0,0,0,0,0,0,0,0,0
97,부동산신탁,17107,신영부동산신탁,B,SM029,자산현황(유가증권),A6,대손충당금(-),,,,,,,,,,,,,,,,,,,,,,,,,,,,,,,,,,,,0,0,0,0,0,2718090,0,0,0,21324176,20701818,37953333,89707884,137884500,137884500,137884500,137884500,44458878,44458878,44458878,44458878,58861482,104139545
