,금융구분,금융회사코드,금융회사명,통계분류,통계표코드,통계표명,코드,구분,200903,201106,201109,201112,201203,201206,201209,201212,201303,201306,201309,201312,201403,201406,201409,201412,201503,201506,201509,201512,201603,201606,201609,201612,201703,201706,201709,201712,201803,201806,201809,201812,201903,201906,201909,201912,202003,202006,202009,202012,202103,202106,202109,202112,202203,202206,202209,202212,202303,202306,202309,202312,202403,202406
0,부동산신탁,10902,한국토지신탁,B,SM030,자산현황(대출채권),A,대출채권 계,600947620819,416261645157,338737036854,348472391528,385645148517,391797396257,475969078239,435838782041,490571279945,373300329930,393470788233,377004336982,358994473056,349832596396,383870275799,329982054909,285632658164,340754537623,338355028175,385991117076,398303655116,401342676257,419217556513,635853774414,662362307145,660506795258,793212537704,851429726954,759082022292,824752293096,969187480511,876847853514,882298817592,973910820828,967967920526,994191391740,925890258551,895840172136,858517139765,694626511193,643037242876,595740527044,580498568345,533412275846,611023546260,645923266074,618663405358,502090167961,649809452154,775187758081,793975696507,812723454114,789151348937,734496818245
1,부동산신탁,10902,한국토지신탁,B,SM030,자산현황(대출채권),A1,(현재가치할인차금 등), ,229365717,211939929,244267792,188092948,166524582,175792295,175934312,140134700,138421649,132731173,122650100,125266340,129958810,126792085,136331996,132981727,166542155,152188511,236462959,201004818,254399968,141530252,137377613,184133287,95809630,105342098,81340923,95080004,93011277,88487725,112947280,96542296,87696532,123833671,116183756,167592497,197802062,206192305,267774268,251301958,277949829,254133305,301265624,482310941,507616025,510861734,337152445,232393943,347779450,392991372,172460673,223217961,179591597
2,부동산신탁,10902,한국토지신탁,B,SM030,자산현황(대출채권),A2,대여금,2928543157,4742005360,1931748611,1894327595,1738730906,1469277004,1541412694,1337665382,1205025677,1010774112,956325482,605716908,647917600,657126772,573134339,822776563,811200807,762097524,686783313,793518139,697388434,961258729,865129024,858999319,762869614,718314909,803310204,817905499,922500794,917496089,912491384,1120920056,1326415352,1251910648,1097405944,1002901240,1298396536,1388412572,1533970364,2183828156,2083685948,2269893740,2633868204,2628238497,2772608790,2766979083,2761349376,2818719669,2911125000,3055500000,2899875000,2593125000,2646749994,2531249988
3,부동산신탁,10902,한국토지신탁,B,SM030,자산현황(대출채권),A3,대지급금,0,0,0,0,0,0,0,0,0,0,0,0,0,0,0,0,0,0,0,0,0,0,0,0,0,0,0,0,0,0,0,0,0,0,0,0,0,0,0,0,0,0,0,0,0,0,0,0,0,0,0,0,0,0
4,부동산신탁,10902,한국토지신탁,B,SM030,자산현황(대출채권),A4,신탁계정대,863606297192,598248319863,524231358792,494804115019,522887187846,483784059515,567645351635,531665693771,583051299296,476704418206,519656729271,475865356718,465338650310,439534235484,485080682985,373689561852,326126299282,382370128151,343284833430,365665774447,336247473471,362417510025,404060276760,579614961826,572567141371,576540389896,758119896740,867459130321,763345884052,793871835026,975497892463,898662301227,905168188832,939604177636,995572434065,1025748229057,953175101975,895082736708,827053675822,740507844398,627946376748,515697073400,587068525329,544305581149,515991476934,580371354488,523500735231,551369800102,669670030640,715380552243,794832944346,820255549531,762084305095,786906963632
5,부동산신탁,10902,한국토지신탁,B,SM030,자산현황(대출채권),A5,기타 대출채권,0,3166958930,3038932120,3002143080,2935693252,2935693252,2935693252,2935693252,2935693252,1430269045,1050262879,1051772459,1051772459,26051772459,11020851570,58127095205,63491418903,65085864246,99392390032,74029799859,106046758770,83104252465,59136301237,76017008089,107852533845,98911350281,50706770418,1050262879,11042783428,47320478650,11001112195,1050262879,1050262879,61668224526,7204612861,17160804642,22132558067,57293816974,91326489579,32024681357,91710790953,156640216981,63775068362,51792930826,158374570834,137419030828,167328028556,30835673839,64094246993,149951325546,103286320830,105840514118,142100646507,62059368695
6,부동산신탁,10902,한국토지신탁,B,SM030,자산현황(대출채권),A6,대손충당금(-),265587219530,189895638996,190465002669,151228194166,141916463487,96391633514,96153379342,100100270364,96620738280,105845131433,128192529399,100518509103,108043867313,116410538319,112804393095,102657378711,104796260828,107463552298,105008978600,54261512410,44486960741,44885944994,44702620256,20499817207,18636104398,15567450198,16312097560,17816230822,16134065978,17264505392,18135527806,23872683368,25149507175,28525795450,35782698673,49604359443,50548205530,57726992056,61190803695,79822068450,78452308815,78588707248,72724760245,65013209002,65632799357,74126482300,74415846071,82596873204,86633556536,92851840258,106650452297,115793273862,117457134698,116821172473
7,부동산신탁,10903,KB부동산신탁(주),B,SM030,자산현황(대출채권),A,대출채권 계,187143100031,223221882659,224043758076,212460281906,215863103219,186127863859,163895369494,155339186953,159218645845,131956293413,114979531216,125857516096,148611543860,141393883527,101250332338,48849437121,44513085161,44244784840,33933587656,28260092238,13374080877,14445630193,7765006132,9104738225,16742469771,25383944019,41650843983,36763210212,64891644502,77818830711,124237139705,91015841174,61139777180,72014895223,93899645172,76609745765,116042028839,83774118688,97917351507,80164528103,89074279761,98154760207,96259111478,98083498188,108854382192,135207232673,158257450669,213071934103,259347834757,339711666958,468504594554,526874243636,595896840733,608798293736
8,부동산신탁,10903,KB부동산신탁(주),B,SM030,자산현황(대출채권),A1,(현재가치할인차금 등), , , , , , , , , , , , , , , , , , , , , ,0,0,0,0,0,0,0,0,0,0,0,0,0,0,0,0,0,0,0,0,0,0,0, , , , , , , , , , 
9,부동산신탁,10903,KB부동산신탁(주),B,SM030,자산현황(대출채권),A2,대여금,1214000020,0,0,0,0,0,0,0,0,0,0,0,0,0,0,0,0,0,0,0,0,0,0,0,0,0,0,0,0,0,0,0,0,0,0,0,0,0,0,0,0,0,0,0,0,0,0,0,0,0,0,0,0,0
10,부동산신탁,10903,KB부동산신탁(주),B,SM030,자산현황(대출채권),A3,대지급금,0,0,0,0,0,0,0,0,0,0,0,0,0,0,0,0,0,0,0,0,0,0,0,0,0,0,0,0,0,0,0,0,0,0,0,0,0,0,0,0,0,0,0,0,0,0,0,0,0,0,0,0,0,0
11,부동산신탁,10903,KB부동산신탁(주),B,SM030,자산현황(대출채권),A4,신탁계정대,224443288459,277877409046,274612985040,264211459933,267554517023,239917926336,215576154072,206137530247,211882679920,189389333261,146032993636,165709091338,190493801580,188624514731,146943209670,92677897583,87571747545,87360605117,35119723523,29186290535,13687450371,14747999010,7910556131,9350649881,17263267352,26118914703,43003747430,37973348532,67235562345,92894266190,140632504570,109357426641,76480764173,87203825315,110698443208,92866464732,134538593922,102308852686,105344326272,90597200021,100218901084,110169206517,108116317181,118657116713,130288826627,158075755186,181397455901,242304347817,290103991863,372536175556,505072008020,685916686586,786615057992,885152818379
12,부동산신탁,10903,KB부동산신탁(주),B,SM030,자산현황(대출채권),A5,기타 대출채권,0,0,0,0,0,0,0,0,0,0,0,0,0,0,0,0,0,0,0,0,0,0,0,0,0,0,0,0,0,0,0,0,0,0,0,0,0,0,0,0,0,0,0,0,0,0,0,0,0,0,0,0,0,0
13,부동산신탁,10903,KB부동산신탁(주),B,SM030,자산현황(대출채권),A6,대손충당금(-),38514188448,54655526387,50569226964,51751178027,51691413804,53790062477,51680784578,50798343294,52664034075,57433039848,31053462420,39851575242,41882257720,47230631204,45692877332,43828460462,43058662384,43115820277,1186135867,926198297,313369494,302368817,145549999,245911656,520797581,734970684,1352903447,1210138320,2343917843,15075435479,16395364865,18341585467,15340986993,15188930092,16798798036,16256718967,18496565083,18534733998,7426974765,10432671918,11144621323,12014446310,11857205703,20573618525,21434444435,22868522513,23140005232,29232413714,30756157106,32824508598,36567413466,159042442950,190718217259,276354524643
14,부동산신탁,10904,대한토지신탁,B,SM030,자산현황(대출채권),A,대출채권 계,216298580081,184633503920,182786139781,126108230561,108731273651,106152720834,82297111608,83850797698,69093681698,68699432672,63535320054,75382572898,73800771261,88841287456,85589456779,74918719449,99200448241,116623451844,161048594480,77781160786,84797221110,130420411110,125790744079,129223586447,219709951737,278151940205,325910400922,393735169569,464187064444,527973825406,547506838454,585349747062,610578084662,638404464262,694954331666,647348802484,542120960209,565361414980,522220831793,508296254790,503083493327,387911373793,415766886364,341928751665,340574782502,308528450547,349997584857,391012307835,429383645203,472425701568,558621983708,637951370830,710965215058,745322180379
15,부동산신탁,10904,대한토지신탁,B,SM030,자산현황(대출채권),A1,(현재가치할인차금 등), ,0,0,0, , , ,0,0,0,0,0,0,0,0,0,0,0,0,0,0,0,0,0,0,0,0,0,0,0,0,0,0,0,0,0,0,0,0,0,0,0,0,0,0,0,0,0,0,0,0,0,0,0
16,부동산신탁,10904,대한토지신탁,B,SM030,자산현황(대출채권),A2,대여금,14557841321,29701135238,29601135238,29126322238,29066322238,28986322238,28766322238,17046322238,16896322238,16815735238,16775150238,16699023438,16635050938,16565050938,16545050938,16485050938,1216000000,1176000000,1126000000,1046000000,1026000000,986000000,986000000,986000000,986000000,986000000,986000000,946000000,575000000,450000000,450000000,390000000,270000000,120000000,80000000,80000000,80000000,80000000,80000000,80000000,0,0,0,0,0,0,0,0,0,0,0,0,0,0
17,부동산신탁,10904,대한토지신탁,B,SM030,자산현황(대출채권),A3,대지급금,0,0,0,0,0,0,0,0,0,0,0,0,0,0,0,0,0,0,0,0,0,0,0,0,0,0,0,0,0,0,0,0,0,0,0,0,0,0,0,0,0,0,0,0,0,0,0,0,0,0,0,0,0,0
18,부동산신탁,10904,대한토지신탁,B,SM030,자산현황(대출채권),A4,신탁계정대,261862364244,233986171777,213488288102,201182671402,185384743582,184077411202,162756431940,162481200166,149690323447,150024693447,144249320847,159843407264,158767120847,174503415897,170297353497,160922155047,187150853047,205460064277,249600176377,165792619065,172182844295,138285944952,133441769052,139641769052,233827620269,294608820709,344499947309,410408105659,500637411351,566105192995,607877300755,653781031513,679842978743,708368978743,795833211363,734783211363,630992166415,661841209025,620703909025,611344866415,603547506415,483037506415,511887006415,431502115261,427029500900,390902071008,428731869533,473901180049,521691180049,566409204462,660176204462,752329965117,832274129246,866871196071
19,부동산신탁,10904,대한토지신탁,B,SM030,자산현황(대출채권),A5,기타 대출채권,0,0,0,0,0,0,0,0,0,0,0,0,0,0,0,0,0,0,0,0,0,0,0,0,0,0,0,0,0,0,0,0,0,0,0,0,0,0,0,0,0,0,0,0,0,0,0,4000000000,4000000000,4000000000,4000000000,4000000000,4000000000,4000000000
20,부동산신탁,10904,대한토지신탁,B,SM030,자산현황(대출채권),A6,대손충당금(-),60121625484,79053803095,60303283559,104200763079,105719792169,106911012606,109225642570,95676724706,97492963987,98140996013,97489151031,101159857804,101601400524,102227179379,101252947656,102488486536,89166404806,90012612433,89677581897,89057458279,88411623185,8851533842,8637024973,11404182605,15103668532,17442880504,19575546387,17618936090,37025346907,38581367589,60820462301,68821284451,69534894081,70084514481,100958879697,87514408879,88951206206,96559794045,98563077232,103128611625,100464013088,95126132622,96120120051,89573363596,86454718398,82373620461,78734284676,86888872214,96307534846,97983502894,105554220754,118378594287,125308914188,125549015692
21,부동산신탁,10905,교보자산신탁,B,SM030,자산현황(대출채권),A,대출채권 계,451232500,321000000,312000000,312000000,312000000,353000000,243000000,66000000,0,30000000,30000000,60000000,60000000,60000000,60000000,189077256,60000000,60000000,60000000,80000000,60000000,60000000,60000000,60000000,60000000,60000000,60000000,57000000,57000000,57000000,57000000,54000000,54000000,54000000,54000000,30000000,30000000,30000000,30000000,1013530646,20261453646,6865246361,5967158308,23232823021,41581775630,69080767561,89843139171,144387378690,144509767995,166440742404,184395387875,338188203092,303683103681,327134112078
22,부동산신탁,10905,교보자산신탁,B,SM030,자산현황(대출채권),A1,(현재가치할인차금 등), ,0,0, , ,0, , , , , , , , , , , , , , , , , , , , , ,0, , , , , , , , , , , , , , , , , , , , , , , , , , 
23,부동산신탁,10905,교보자산신탁,B,SM030,자산현황(대출채권),A2,대여금,453500000,321000000,312000000,312000000,312000000,353000000,243000000,66000000,0,30000000,30000000,60000000,60000000,60000000,60000000,60000000,60000000,60000000,60000000,80000000,60000000,60000000,60000000,60000000,60000000,60000000,60000000,57000000,57000000,57000000,57000000,54000000,54000000,54000000,54000000,30000000,30000000,30000000,30000000,30000000,0,0,0,0,0,0,0,0,300000000,493000000,632000000,672000000,595983282,618483282
24,부동산신탁,10905,교보자산신탁,B,SM030,자산현황(대출채권),A3,대지급금,0,0,0,0,0,0,0,0,0,0,0,0,0,0,0,0,0,0,0,0,0,0,0,0,0,0,0,0,0,0,0,0,0,0,0,0,0,0,0,0,0,0,0,0,0,0,0,0,0,0,0,0,0,0
25,부동산신탁,10905,교보자산신탁,B,SM030,자산현황(대출채권),A4,신탁계정대,0,0,0, , ,0, , , , , , , , , ,184396080, , , , , , , , , , , , , , , , , , , , , , , ,1003602700,20674952700,7005353430,6088937049,23426263851,42021438044,69739933608,96449272803,157986284361,169261783366,202371100302,245699076764,440419601078,458770503017,557417921745
26,부동산신탁,10905,교보자산신탁,B,SM030,자산현황(대출채권),A5,기타 대출채권,0,0,0,0,0,0,0,0,0,0,0,0,0,0,0,0,0,0,0,0,0,0,0,0,0,0,0,0,0,0,0,0,0,0,0,0,0,0,0,0,0,0,0,0,0,0,0,0,0,0,0,0,0,0
27,부동산신탁,10905,교보자산신탁,B,SM030,자산현황(대출채권),A6,대손충당금(-),2267500,0,0,0,0,0,0,0,0,0,0,0,0,0,0,55318824,0,0,0,0,0,0,0,0,0,0,0,0,0,0,0,0,0,0,0,0,0,0,0,20072054,413499054,140107069,121778741,193440830,439662414,659166047,6606133632,13598905671,25052015371,36423357898,61935688889,102903397986,155683382618,230902292949
28,부동산신탁,10906,한국자산신탁,B,SM030,자산현황(대출채권),A,대출채권 계,28535808609,35381024500,24849391276,35443913661,38810648659,46651690386,54540992142,65591020381,101557225904,98729192446,65772228426,63291117149,63671924969,85312365179,100465107075,112662514261,93483607629,130635895212,139315877977,152846318231,179322889869,194740760929,272580163989,328917149907,355302492692,441532069068,477237229596,573560182812,569209744831,617259393101,720982509167,833429856916,883905084823,988819432951,989722599750,947836512779,836536294279,724288867435,479675014191,426090075608,345747541693,316598334816,336522496272,274610387794,214853404144,183402864921,218000250525,188409107796,236111787104,326380597264,418382370216,431227403737,509477241802,556869771377
29,부동산신탁,10906,한국자산신탁,B,SM030,자산현황(대출채권),A1,(현재가치할인차금 등), ,0, , , ,0, ,0,0,0,0,0,0,0,0,0,0,0,0,0,0,0,0,0,0, ,0,0,0,0,0,0,0,0,0,0,0,0, ,0,0,0,0,0,0,0,0,0,0,0,0,0,0,0
30,부동산신탁,10906,한국자산신탁,B,SM030,자산현황(대출채권),A2,대여금,2106349600,2673551930,2507349840,2554857155,2718497410,2785527365,2741163430,2780746295,2709028685,2524746365,2447844945,2437562625,2339232775,2169808465,1931384155,1766959845,1603054135,1564599755,1463862065,1329795835,1205491525,1078209015,1024444705,970044875,930647115,857341785,854274765,723826625,630686515,627401725,836731935,773447145,760638905,1026880145,1385026325,1533172505,1547071995,1475772065,1431754045,1324304045,1323854045,1152615000,1052615000,950000000,830000000,890000000,1166000000,1166000000,1436000000,1889000000,1968300000,1968300000,2078300000,1962300000
31,부동산신탁,10906,한국자산신탁,B,SM030,자산현황(대출채권),A3,대지급금,0,0,0,0,0,0,0,0,0,0,0,0,0,0,0,0,0,0,0,605078114,459782827,316042071,282335010,186819791,171108456,245787496,237289496,267743256,447043256,418854900,477517820,465551168,463721208,463721208,463721208,463721208,463721208,463721208,472079805,444046457,444046457,290774947,970796011,80293507,74793507,74793507,74793507,42752657,206242873,568085873,15222172303,15139611200,14982734976,15511156046
32,부동산신탁,10906,한국자산신탁,B,SM030,자산현황(대출채권),A4,신탁계정대,32270702347,32856909259,22414516478,32961531548,36166005093,43940016865,51878766700,62891113259,98930898783,96287147645,63407085045,61012478728,61493874569,83303739089,99221768279,111600736791,92585735869,129779338182,138570446222,151553311569,178137562499,194465803914,273718793637,336137645893,364235881643,450339287758,492599154990,591963369567,599754967797,650121592930,765862592930,881309162544,940860010689,1063767949648,1069869245885,1036242691424,922485062112,813471608760,559515061882,447579531250,357888749782,326299563702,345358240083,261464923820,199626085007,188687043107,192943470779,223963277454,276767898122,369021119563,441458504976,468807518145,552036891302,604885369960
33,부동산신탁,10906,한국자산신탁,B,SM030,자산현황(대출채권),A5,기타 대출채권,0,0,0,0,0,0,0,0,0,0,0,0,0,0,0,0,0,0,0,0,0,0,0,0,0,0,0,0,0,0,0,0,0,0,0,0,0,0,0,49232752635,49777818148,48569108950,49005190116,49405108483,49493257007,29863651800,59177030259,0,0,0,19469473320,0,0,0
34,부동산신탁,10906,한국자산신탁,B,SM030,자산현황(대출채권),A6,대손충당금(-),5841243338,149436689,72475042,72475042,73853844,73853844,78937988,80839173,82701564,82701564,82701564,158924204,161182375,161182375,688045359,705182375,705182375,708042725,718430310,641867287,479946982,1119294071,2445409363,8377360652,10035144522,9910347971,16453489655,19394756636,31622952737,33908456454,46194333518,49118303941,58179285979,76439118050,81995393668,90403072358,87959561036,91122234598,81743881541,72490558779,63686926739,59713727783,59864344938,37289938016,35170731377,36112623493,35361044020,36762922315,42298353891,45097608172,59736080383,54688025608,59620684476,65489054629
35,부동산신탁,11452,하나자산신탁,B,SM030,자산현황(대출채권),A,대출채권 계,1223850000,1335250237,1415250237,2106250237,3679260000,7474530000,9834000000,13209953524,16843022424,29613806103,9737943989,2871000000,4430997000,10866097000,6390100000,6365100000,6105100000,10846153733,22242398954,21494877569,36624356389,46107376389,52023278389,81404436499,103998320787,172460935792,123340172702,173351228164,132478476897,107366728124,98402387888,115427372524,130054342444,69210972761,82675104289,96384643179,84547897313,95900409220,83989887826,89927977017,98289640218,64574633647,51989708664,75131342935,79462985358,94080049210,109362217895,159884394787,174959302793,175192778594,243803439712,236229956338,293385970896,367180337648
36,부동산신탁,11452,하나자산신탁,B,SM030,자산현황(대출채권),A1,(현재가치할인차금 등), ,0,0,0,0,0,0,0,0,0,0,0,0,0,0,0,0,0,0,0,0,0,0,0,0, , ,0,0,0, , , , , , , , , , , , , , , , , , , , , , , , 
37,부동산신탁,11452,하나자산신탁,B,SM030,자산현황(대출채권),A2,대여금,1230000000,1335250237,1415250237,1536250237,1522000000,1756000000,1704500000,1851000000,1806000000,1698000000,1755000000,1811000000,3370997000,1780997000,1805000000,1780000000,1520000000,1420000000,1180000000,840000000,770000000,850000000,850000000,900000000,700000000,750000000,650000000,620000000,670000000,620000000,620000000,670000000,620000000,530000000,880000000,1730000000,2238000000,2738000000,3530000000,4169000000,5090300000,5732300000,5842000000,6257000000,6500000000,6260000000,6270000000,5960000000,5824000000,5514000000,5364000000,5418500000,5072500000,4862500000
38,부동산신탁,11452,하나자산신탁,B,SM030,자산현황(대출채권),A3,대지급금,0,0,0,0,0,0,0,0,0,0,0,0,0,0,0,0,0,0,0,0,0,0,0,0,0,0,0,0,0,0,0,0,0,0,0,0,0,0,0,0,0,0,0,0,0,0,0,0,0,0,0,0,0,0
39,부동산신탁,11452,하나자산신탁,B,SM030,자산현황(대출채권),A4,신탁계정대,0,0,0,570000000,2157260000,5718530000,8129500000,11358953524,15037022424,27915806103,7982943989,1060000000,1060000000,9085100000,4585100000,4585100000,4585100000,9426153733,21062398954,20654877569,35854356389,45257376389,51173278389,80504436499,103298320787,122284093531,122690172702,172731228164,132490079991,107177920000,101750000000,120250000000,134840000000,79460000000,95319369595,105866020923,93504573644,104398340383,91675360379,95225998698,102672764704,64749825777,52044101734,73805053168,77900233484,92776385705,108579451251,165354585106,183264632913,184276975168,255305991801,251109375044,312218496482,388480291751
40,부동산신탁,11452,하나자산신탁,B,SM030,자산현황(대출채권),A5,기타 대출채권,0,0,0,0,0,0,0,0,0,0,0,0,0,0,0,0,0,0,0,0,0,0,0,0,0,49426842261,0,0,0,0,0,0,0,0,0,0,0,0,0,0,0,0,0,0,0,0,0,0,0,0,0,0,0,0
41,부동산신탁,11452,하나자산신탁,B,SM030,자산현황(대출채권),A6,대손충당금(-),6150000,0,0,0,0,0,0,0,0,0,0,0,0,0,0,0,0,0,0,0,0,0,0,0,0,0,0,0,681603094,431191876,3967612112,5492627476,5405657556,10779027239,13524265306,11211377744,11194676331,11235931163,11215472553,9467021681,9473424486,5907492130,5896393070,4930710233,4937248126,4956336495,5487233356,11430190319,14129330120,14598196574,16866552089,20297918706,23905025586,26162454103
42,부동산신탁,11643,코람코자산신탁,B,SM030,자산현황(대출채권),A,대출채권 계,1049426500,8961162902,3707840815,11711625574,18463688490,32140145282,43405266479,22914516392,27540219260,44588854094,54713742494,81940108181,74123226723,81084860590,41184002235,57926544479,70116962833,78135327911,121695850132,85291942534,101075132640,109048598640,133551244875,167430399375,184596728300,218208015300,253950058467,264401979870,232535956393,286060542496,326106403048,368460711947,399231424823,401383155274,455940167854,368196470162,411308092675,368231305604,346992210813,303514236438,291716782197,236155098910,282775078694,251102471286,227953070977,216936038062,199959674908,204856404341,203768803645,205689920023,208331214265,217296070932,210427037403,196903349758
43,부동산신탁,11643,코람코자산신탁,B,SM030,자산현황(대출채권),A1,(현재가치할인차금 등), ,0,0,0,0,0,0,0,0,0,0,0,0,0,0,0,0,0,0,0,0,0,0,0,0,0,0,0,0,0,0,0,0,0,0,0,0,0,0,0,0, ,0,0,0,0,0,0,0,0,0,0,0,0
44,부동산신탁,11643,코람코자산신탁,B,SM030,자산현황(대출채권),A2,대여금,1054700000,1722578000,1939940815,2310836850,2344861850,2312861850,2270361850,2428661850,2534661850,7614661850,2658161850,2753161850,2699161850,2849911850,2473411850,2530161850,2520911850,2447161851,2427911850,2168161850,2161411850,2268161850,2368911850,2413499850,2319299850,2348275850,2872070517,3313890518,3350890519,3406390520,3433890521,2974525339,4371840407,5130322176,5745662745,6343983830,6871057383,7191926236,4028075152,4861758023,6272429767,11621674838,12374323081,14633218015,14529755773,20241106174,22014309415,31046429416,31886661897,32351985308,32804797131,33749019676,34257824038,34339436502
45,부동산신탁,11643,코람코자산신탁,B,SM030,자산현황(대출채권),A3,대지급금,0,0,0,0,0,0,0,0,0,0,0,0,0,0,0,0,0,0,0,0,0,0,0,0,0,0,0,0,0,0,0,0,0,0,0,0,0,0,0,0,0,0,0,0,0,0,0,0,0,0,0,0,0,0
46,부동산신탁,11643,코람코자산신탁,B,SM030,자산현황(대출채권),A4,신탁계정대,0,7238584902,1767900000,9400788724,16118826640,29827283432,41134904629,20485854542,25005557410,36974192244,52055580644,79880858181,72117976723,78978110590,39404502235,56090294479,68289962833,76382077910,119961850132,87383398850,104210846200,112107246200,137719061974,173529061974,192370564000,227672664000,266100414000,276316809295,240965982477,299988361016,348252125491,418943416686,450912137372,463778305560,527874655784,464529561423,509697264384,464419301376,453265454417,419638560554,427045508487,386568859590,448839703436,424565333957,410759068391,404059475967,385249127934,382320729648,381795727056,383609346218,385701941764,393812510522,386613779500,373842858956
47,부동산신탁,11643,코람코자산신탁,B,SM030,자산현황(대출채권),A5,기타 대출채권,0,0,0,0,0,0,0,0,0,0,0,0,0,0,0,0,0,0,0,0,0,0,0,0,0,0,0,0,0,0,0,0,0,0,0,0,0,0,0,0,0,0,0,0,0,0,0,0,0,0,0,0,0,0
48,부동산신탁,11643,코람코자산신탁,B,SM030,자산현황(대출채권),A6,대손충당금(-),5273500,0,0,0,0,0,0,0,0,0,0,693911850,693911850,743161850,693911850,693911850,693911850,693911850,693911850,4259618166,5297125410,5326809410,6536728949,8512162449,10093135550,11812924550,15022426050,15228719943,11780916603,17334209040,25579612964,53457230078,56052552956,67525472462,77680150675,102677075091,105260229092,103379922008,110301318756,120986082139,141601156057,162035435518,178438947823,188096080686,197335753187,207364544079,207303762441,208510754723,209913585308,210271411503,210175524630,210265459266,210444566135,211278945700
49,부동산신탁,11877,신한자산신탁주식회사,B,SM030,자산현황(대출채권),A,대출채권 계,312644920,1789135657,2371282293,2406829559,2147496423,4220836289,7042312362,11369084490,6711610476,9228657168,10173863958,10950617927,16406152879,17309040624,18090606912,18623553252,20018455803,20887431895,22386216483,18858114916,19558862689,19434252066,18180060605,4221237518,3835048037,6456292669,6358632317,7568444288,20853027376,21959458690,17731723181,29284765711,32201465397,19380057445,21589667572,26940943612,28341200167,21146401200,11520960403,11955239421,11977702847,10773191164,6758151589,9748755268,3544117083,8923144736,12253798187,47816172731,59300862120,85040549147,129946535801,191031493090,256442930353,282593558921
50,부동산신탁,11877,신한자산신탁주식회사,B,SM030,자산현황(대출채권),A1,(현재가치할인차금 등), ,32702808,35924766,44485071,54087207,56534219,28541559,29982354,18953524,26679405,27567320,27330273,27419736,-21287631,13130515,10130208,357402,3009288,-495754,0,0,0,0,0,0,0,0,9611102,11187357,8933802,6017825,2127050,-528998,0,0,0,0,0,0,0,0,0,0,0,0,0,0,0,0, ,0,0,0,0
51,부동산신탁,11877,신한자산신탁주식회사,B,SM030,자산현황(대출채권),A2,대여금,314216000,1328944192,1643173234,1655612929,1654279793,1861832781,1892594441,2021153646,2036408476,1973682595,1980418680,2137655727,2039895264,1990027369,1867224485,1870224792,1889960598,1762808712,1616954754,1524092500,1436004500,1396004500,1465267500,1665267500,1666530500,1666530500,1671236500,1721236500,1671236500,1771236500,1606236500,1642054500,2032054500,2102054500,2142054500,1940288500,1920288500,1420288500,1434845500,1434845500,1384845500,1607917600,1570474600,1520474600,1573773600,1677588600,1777588600,1877588600,1918313100,2118313100,2118313100,2362495100,2547495100,2692495100
52,부동산신탁,11877,신한자산신탁주식회사,B,SM030,자산현황(대출채권),A3,대지급금,0,0,0,0,0,0,0,0,0,0,0,0,0,0,0,0,0,0,0,0,0,0,0,0,0,0,0,0,0,0,0,0,0,0,0,0,0,0,0,0,0,0,0,0,0,0,0,0,0,0,0,0,0,0
53,부동산신탁,11877,신한자산신탁주식회사,B,SM030,자산현황(대출채권),A4,신탁계정대,0,469182100,740025050,751216630,751216630,3140394772,6139397142,11554910520,5933585380,10064604382,10958919364,12453839845,19134623342,21173593052,22637003373,20581238268,21909190261,27406501705,29414071416,26111848344,26972116747,26852063006,27259590941,11344460718,8378747312,7950598831,7846703831,13998952574,27327226986,28350526986,27823738206,39848878306,42323541856,33102241756,32675547456,38866716305,40266159305,32950568673,23064135693,23461512983,23533915924,22106332141,18128498041,17996032281,11749340781,17400048453,20267239073,57470171590,68620320809,94162112081,142327095387,209529412346,311070252698,428528513279
54,부동산신탁,11877,신한자산신탁주식회사,B,SM030,자산현황(대출채권),A5,기타 대출채권,0,0,0,0,0,0,0,0,0,0,0,0,0,0,0,0,0,0,0,0,0,0,0,0,0,3250000000,3250000000,0,0,0,0,0,0,0,0,0,0,0,0,0,0,0,0,0,0,0,0,0,0,0,0,0,0,0
55,부동산신탁,11877,신한자산신탁주식회사,B,SM030,자산현황(대출채권),A6,대손충당금(-),1571080,8990635,11915991,0,258000000,781391264,989679221,2206979676,1258383380,2809629809,2765474086,3640877645,4768365727,5854579797,6413620946,3827909808,3780695056,8281878522,8644809687,8777825928,8849258558,8813815440,10544797836,8788490700,6210229775,6410836662,6409308014,8142133684,8134248753,8153370994,11692233700,12204040045,12154659957,15824238811,13227934384,13866061193,13845247638,13224455973,12978020790,12941119062,12941058577,12941058577,12940821052,9767751613,9778997298,10154492317,9791029486,11531587459,11237771789,11239876034,14498872686,20860414356,57174817445,148627449458
56,부동산신탁,11892,우리자산신탁,B,SM030,자산현황(대출채권),A,대출채권 계,1746949982,1793000000,1893000000,1910000000,1900000000,3340000000,1402000000,1127986349,944114451,899743022,872671593,911600164,721796938,634457306,653385877,4182314448,5467543542,3992671590,3952814447,6435285710,2967428567,1498571424,4572714281,4204499995,10588571423,15930042851,19731114279,26643985707,21259140849,15294086920,24433690851,35397472994,32386680137,30682487279,42511479422,57704371565,58656526077,55345888577,58940533214,22287117142,14288601070,25018684998,40428611494,44316681422,22751627068,24660001924,28546099780,30749792637,38031412108,46872150406,70791191416,81848492848,91390762900,120871248625
57,부동산신탁,11892,우리자산신탁,B,SM030,자산현황(대출채권),A1,(현재가치할인차금 등), ,0,0,0,0,0,0,0,0,0,0,0,0,0,0,0,0,0,0,0,0,0,0,0,0,0,0,0,0,0,0,0,0,0,0,0,0,0,0,0,0,0,0,0,0,0,0,0,0,0,0,0,0,0
58,부동산신탁,11892,우리자산신탁,B,SM030,자산현황(대출채권),A2,대여금,1959999982,2093000000,2193000000,2210000000,2250000000,3890000000,1952000000,1987000000,1803128102,1758756673,1731685244,1770613815,1580810589,1184457306,1203385877,4732314448,6017543542,4542671590,4502814447,4504957304,1037100161,1068243018,4142385875,474171589,2948243017,6869714445,6870785873,7713985707,4823257135,2309328563,1518257137,2485399994,2572542851,1639685708,1669828565,1709971422,719071434,716571434,666214285,685142856,644071427,750999998,854928569,1071657140,1054871425,947328567,985185709,1163042851,1440899993,1450604244,1555402713,1652201182,1683999651,1624726691
59,부동산신탁,11892,우리자산신탁,B,SM030,자산현황(대출채권),A3,대지급금,0,0,0,0,0,0,0,0,0,0,0,0,0,0,0,0,0,0,0,0,0,0,0,0,0,0,0,0,0,0,0,0,0,0,0,0,0,0,0,0,0,0,0,0,0,0,0,0,0,0,0,0,0,0
60,부동산신탁,11892,우리자산신탁,B,SM030,자산현황(대출채권),A4,신탁계정대,0,0,0,0,0,0,0,0,0,0,0,0,0,0,0,0,0,0,0,2500000000,2500000000,1000000000,1000000000,3750000000,7660000000,9080000000,12880000000,18930000000,17060000000,13349500000,24129500000,34090000000,31220000000,30580000000,43000000000,61161000000,63799000000,59985000000,64949000000,28680000000,20725000000,31456000000,46834659160,50549659160,26755682000,29124682000,33023682000,35085682000,42328398700,51549793162,78274293334,103563177442,117357965881,167883986881
61,부동산신탁,11892,우리자산신탁,B,SM030,자산현황(대출채권),A5,기타 대출채권,0,0,0,0,0,0,0,0,0,0,0,0,0,0,0,0,0,0,0,0,0,0,0,0,0,0,0,0,0,0,0,0,0,0,0,0,0,0,0,0,0,0,0,0,0,0,0,0,0,0,0,0,0,0
62,부동산신탁,11892,우리자산신탁,B,SM030,자산현황(대출채권),A6,대손충당금(-),213050000,300000000,300000000,300000000,350000000,550000000,550000000,859013651,859013651,859013651,859013651,859013651,859013651,550000000,550000000,550000000,550000000,550000000,550000000,569671594,569671594,569671594,569671594,19671594,19671594,19671594,19671594,0,624116286,364741643,1214066286,1177927000,1405862714,1537198429,2158349143,5166599857,5861545357,5355682857,6674681071,7078025714,7080470357,7188315000,7260976235,7304634878,5058926357,5412008643,5462767929,5498932214,5737886585,6128247000,9038504631,23366885776,27651202632,48637464947
63,부동산신탁,12279,무궁화신탁,B,SM030,자산현황(대출채권),A,대출채권 계,,0,0,0,0,398000000,392000000,626850000,504000000,6476702375,7815425792,1096947592,515396000,184777250,33437250,463925293,2690800697,7102878577,8599686432,11530264504,7571070214,1986701579,2445550771,2991355190,3250179270,9058224325,14670370693,15443446172,14537846860,25638422432,24993667176,42692305317,53630564093,48797383439,33264173397,28681575248,37415343756,47921487040,100921604629,61420777982,74054826563,114004062248,121800259497,164269635672,150420717355,149109175732,170619614547,179025425831,193753747628,205871134375,218978682805,232035681573,230324867943,229313322484
64,부동산신탁,12279,무궁화신탁,B,SM030,자산현황(대출채권),A1,(현재가치할인차금 등),,0,0,0,0,0,0,0,0,0,0,0,0,0,0,0,0,0,0,0,0,0,0,0,0,0,0,0,0,0,0,0,0, , , , , , , , , , , , , , , , , , , , , 
65,부동산신탁,12279,무궁화신탁,B,SM030,자산현황(대출채권),A2,대여금,,0,0,0,0,0,0,630000000,630000000,630000000,630000000,630000000,630000000,630000000,0,0,51533070,818540,318540,0,0,0,0,500000000,0,1938800000,1938800000,2038800000,108800000,127500000,148400000,162700000,936200000,863375949,713105980,709105980,694105980,679105980,559912173,544912173,548680457,505039564,490039564,398039564,383039564,304025382,239525382,224525382,209525382,6891033028,6876033028,7861033028,7946033028,9260226248
66,부동산신탁,12279,무궁화신탁,B,SM030,자산현황(대출채권),A3,대지급금,,0,0,0,0,400000000,400000000,0,0,0,0,0,0,0,0,0,0,0,0,0,0,0,0,0,0,0,0,0,0,0,0,0,3723410,1414780742,1427980742,150180838,167400838,188988048,309602038,537050527,615657582,0,0,0,0,0,0,0,0,0,0,0,0,0
67,부동산신탁,12279,무궁화신탁,B,SM030,자산현황(대출채권),A4,신탁계정대,,0,0,0,0,0,0,0,0,5978879974,7460638563,671930116,16280000,38967500,47767500,487983870,2707983870,7264423500,8831431150,12261287898,8358101432,2221311370,2876810215,2939793129,3855602090,8015489311,13944985825,14308636201,14544207587,25854096416,25376950903,43275677288,53786306284,47916808119,35969853773,31188588736,40359557708,49746805364,104146640089,65753322237,78813327909,122443240669,132697686681,177002911567,157860681990,161305543865,184037214312,192158924624,207037545881,218252461689,231472556486,246498239377,245249018562,248648985772
68,부동산신탁,12279,무궁화신탁,B,SM030,자산현황(대출채권),A5,기타 대출채권,,0,0,0,0,0,0,0,0,0,0,0,0,0,0,0,0,0,0,0,0,0,0,0,0,0,0,0,0,0,0,0,0,0,0,0,0,0,0,0,0,0,0,0,0,0,0,0,0,0,0,0,0,0
69,부동산신탁,12279,무궁화신탁,B,SM030,자산현황(대출채권),A6,대손충당금(-),,0,0,0,0,2000000,8000000,3150000,126000000,132177599,275212771,204982524,130884000,484190250,14330250,24058577,68716243,162363463,232063258,731023394,787031218,234609791,431259444,448437939,605422820,896064986,1213415132,903990029,115160727,343173984,531683727,746071971,1095665601,1397581371,4846767098,3366300306,3805720770,2693412352,4094549671,5414506955,5922839385,8944217985,11387466748,13131315459,7823004199,12500393515,13657125147,13358024175,13493323635,19272360342,19369906709,22323590832,22870183647,28595889536
70,부동산신탁,12306,코리아신탁,B,SM030,자산현황(대출채권),A,대출채권 계,,160683716,159065852,150185336,141214895,141939862,142674875,114790651,117083334,105833336,93333338,140659166,53333340,28333342,19583344,40833346,103333348,100000000,1650000000,3829043061,6137740173,1631061643,5005409816,4713123209,3889129259,10205568275,16172564227,21675435799,27842788592,31740148815,28795421696,24302601074,27657079189,49195145254,67205768727,39205942389,36526630507,44160612994,29159524032,36800950047,40786644235,50955281243,37565227377,28683714989,29549430918,29203322065,40583333283,43260800240,60867683038,57174671489,86748026503,100148708004,126587033043,141494902989
71,부동산신탁,12306,코리아신탁,B,SM030,자산현황(대출채권),A1,(현재가치할인차금 등),,0,10934148,9814664,8785105,8060138,7325125,-5029349,0,0,0,0,0,0,0,0,0,0,0,0,0,0,0,0,0,0,0,0,0,0,0,0, ,0,0,0,0,0,0,0,0,0,0,0,0,0,0,0,0,0,0,0,0,0
72,부동산신탁,12306,코리아신탁,B,SM030,자산현황(대출채권),A2,대여금,,160683716,159065852,150185336,141214895,141939862,142674875,114790651,117083334,105833336,93333338,82500006,53333340,28333342,19583344,40833346,103333348,100000000,100000000,120000000,150000000,140000000,140000000,140000000,180000000,170000000,170000000,220000000,220000000,218888888,217222220,145555552,163888884,162222216,205555548,203888880,157222212,145555544,143888876,172222208,170555540,80000000,198333332,236666664,371805552,369555552,367305552,415055552,412805552,688555552,1133944439,1292499991,1635916669,2017111099
73,부동산신탁,12306,코리아신탁,B,SM030,자산현황(대출채권),A3,대지급금,,0,0,0,0,0,0,0,0,0,0,0,0,0,0,0,0,0,0,0,0,0,0,0,0,0,0,0,0,0,0,0,0,0,0,0,0,0,0,0,0,0,0,0,0,0,0,0,0,0,0,0,0,0
74,부동산신탁,12306,코리아신탁,B,SM030,자산현황(대출채권),A4,신탁계정대,,0,0,0,0,0,0,0,0,0,0,58159160,58159160,58159160,27525137,27525137,27525137,27525137,1577525137,4015743482,6397810755,1518586780,4892934953,4573123209,3709129259,10335568275,16602564227,22451719978,28083415592,32914923927,29865700476,25112974522,28267474305,50408429038,69487175179,40675204509,38247324295,46475153450,31822831156,39616623839,43865789695,53733604243,40190137045,28970975325,29543157366,29042876513,40623427731,43287063688,61533535486,58291364937,91365112064,120381650013,150171613374,167374441890
75,부동산신탁,12306,코리아신탁,B,SM030,자산현황(대출채권),A5,기타 대출채권,,0,0,0,0,0,0,0,0,0,0,0,0,0,0,0,0,0,0,0,0,0,0,0,0,0,0,0,0,0,0,0,0,0,0,0,0,0,0,0,0,0,0,0,0,0,0,0,0,0,0,0,0,0
76,부동산신탁,12306,코리아신탁,B,SM030,자산현황(대출채권),A6,대손충당금(-),,0,0,0,0,0,0,0,0,0,0,0,58159160,58159160,27525137,27525137,27525137,27525137,27525137,306700421,410070582,27525137,27525137,0,0,300000000,600000000,996284179,460627000,1393664000,1287501000,955929000,774284000,1375506000,2486962000,1673151000,1877916000,2460096000,2807196000,2987896000,3249701000,2858323000,2823243000,523927000,365532000,209110000,407400000,441319000,1078658000,1805249000,5751030000,21525442000,25220497000,27896650000
77,부동산신탁,16953,대신자산신탁,B,SM030,자산현황(대출채권),A,대출채권 계,,,,,,,,,,,,,,,,,,,,,,,,,,,,,,,,,,,0,0,0,0,0,0,0,0,0,5188133209,5138170489,5048905052,45378581118,51380498434,51645104498,90506192203,114781213227,154605480784,197511164822,215405368349
78,부동산신탁,16953,대신자산신탁,B,SM030,자산현황(대출채권),A1,(현재가치할인차금 등),,,,,,,,,,,,,,,,,,,,,,,,,,,,,,,,,,,0,0, ,0,0,0,0,0,0,0,0,0,0,0,0,0,0,0,0,0
79,부동산신탁,16953,대신자산신탁,B,SM030,자산현황(대출채권),A2,대여금,,,,,,,,,,,,,,,,,,,,,,,,,,,,,,,,,,,0,0,0,0,0,0,0,0,0,44972046,88568096,44846435,89887517,179596667,180003653,179488559,223228277,247044307,202411028,271597647
80,부동산신탁,16953,대신자산신탁,B,SM030,자산현황(대출채권),A3,대지급금,,,,,,,,,,,,,,,,,,,,,,,,,,,,,,,,,,,0,0,0,0,0,0,0,0,0,143161163,49602393,4058617,0,0,0,40000000,4950000,33255690,33255690,33255690
81,부동산신탁,16953,대신자산신탁,B,SM030,자산현황(대출채권),A4,신탁계정대,,,,,,,,,,,,,,,,,,,,,,,,,,,,,,,,,,,0,0, ,0,0,0,0,0,0,0,0,0,0,1495279700,16062635678,60288859326,82060972854,112363554369,167063011142,169381353453
82,부동산신탁,16953,대신자산신탁,B,SM030,자산현황(대출채권),A5,기타 대출채권,,,,,,,,,,,,,,,,,,,,,,,,,,,,,,,,,,,0,0,0,0,0,0,0,0,0,5000000000,5000000000,5000000000,45288693601,49762367123,37760000000,37760000000,37760000000,47995484899,37593312940,54981982475
83,부동산신탁,16953,대신자산신탁,B,SM030,자산현황(대출채권),A6,대손충당금(-),,,,,,,,,,,,,,,,,,,,,,,,,,,,,,,,,,,0,0,0,0,0,0,0,0,0,0,0,0,0,56745056,2357534833,7762155682,5267937904,6033858481,7380825978,9262820916
84,부동산신탁,17106,한국투자부동산신탁,B,SM030,자산현황(대출채권),A,대출채권 계,,,,,,,,,,,,,,,,,,,,,,,,,,,,,,,,,,,,40000000,240555570,270555600,286666750,261666790,323611280,256944610,209722410,184722450,5048701536,10467518645,28491736964,56220415995,82312613746,124646426693,151462099440,235291594199,280238473730,360440184390
85,부동산신탁,17106,한국투자부동산신탁,B,SM030,자산현황(대출채권),A1,(현재가치할인차금 등),,,,,,,,,,,,,,,,,,,,,,,,,,,,,,,,,,,, , , , , , , , , , , , , , , , , , , 
86,부동산신탁,17106,한국투자부동산신탁,B,SM030,자산현황(대출채권),A2,대여금,,,,,,,,,,,,,,,,,,,,,,,,,,,,,,,,,,,,40000000,240555570,270555600,286666750,261666790,323611280,256944610,209722410,184722450,257341536,328770145,437143164,777988395,1102250216,1470678804,1838551794,1871424824,2006275422,2064815350
87,부동산신탁,17106,한국투자부동산신탁,B,SM030,자산현황(대출채권),A3,대지급금,,,,,,,,,,,,,,,,,,,,,,,,,,,,,,,,,,,,0,0,0,0,0,0,0,0,0,0,0,0,0,0,0,0,0,0,0
88,부동산신탁,17106,한국투자부동산신탁,B,SM030,자산현황(대출채권),A4,신탁계정대,,,,,,,,,,,,,,,,,,,,,,,,,,,,,,,,,,,, , , , , , , , , ,4800000000,10405000000,28844000000,56091000000,82571000000,128412800000,154591640000,236973000000,285589000000,376965000000
89,부동산신탁,17106,한국투자부동산신탁,B,SM030,자산현황(대출채권),A5,기타 대출채권,,,,,,,,,,,,,,,,,,,,,,,,,,,,,,,,,,,,0,0,0,0,0,0,0,0,0,0,0,0,0,0,0,0,0,0,0
90,부동산신탁,17106,한국투자부동산신탁,B,SM030,자산현황(대출채권),A6,대손충당금(-),,,,,,,,,,,,,,,,,,,,,,,,,,,,,,,,,,,,0,0,0,0,0,0,0,0,0,8640000,266251500,789406200,648572400,1360636470,5237052111,4968092354,3552830625,7356801692,18589630960
91,부동산신탁,17107,신영부동산신탁,B,SM030,자산현황(대출채권),A,대출채권 계,,,,,,,,,,,,,,,,,,,,,,,,,,,,,,,,,,,,0,7798596000,21988740208,18976620854,22958135287,58443063289,33937807906,60821717796,91933780729,101185375144,108022409320,117145451014,102294994580,128242323398,123608191378,126626616785,127308572419,128990329810,122325745675
92,부동산신탁,17107,신영부동산신탁,B,SM030,자산현황(대출채권),A1,(현재가치할인차금 등),,,,,,,,,,,,,,,,,,,,,,,,,,,,,,,,,,,,0,0,0,0,0,0,0,0,0,0,0,0,0,0,0,0,0, ,0
93,부동산신탁,17107,신영부동산신탁,B,SM030,자산현황(대출채권),A2,대여금,,,,,,,,,,,,,,,,,,,,,,,,,,,,,,,,,,,,0,0,0,0,0,0,0,0,0,0,0,70000000,140000000,190000000,220000000,219583000,218332000,214915000,210664000
94,부동산신탁,17107,신영부동산신탁,B,SM030,자산현황(대출채권),A3,대지급금,,,,,,,,,,,,,,,,,,,,,,,,,,,,,,,,,,,,0,0,0,0,0,0,0,0,0,0,0,0,0,0,0,0,0,0,0
95,부동산신탁,17107,신영부동산신탁,B,SM030,자산현황(대출채권),A4,신탁계정대,,,,,,,,,,,,,,,,,,,,,,,,,,,,,,,,,,,,0,0,0,0,0,0,0,0,0,0,0,0,344395910,1088771398,8841041161,11631666840,13121029055,19002249374,38021516945
96,부동산신탁,17107,신영부동산신탁,B,SM030,자산현황(대출채권),A5,기타 대출채권,,,,,,,,,,,,,,,,,,,,,,,,,,,,,,,,,,,,0,7800000000,21992698894,18980037261,22962268495,58453584934,33943917811,60832667675,91950331790,101203591792,108056652474,117112563984,101856098639,127090651928,115125135104,115517983841,115297599326,113237915763,87864988497
97,부동산신탁,17107,신영부동산신탁,B,SM030,자산현황(대출채권),A6,대손충당금(-),,,,,,,,,,,,,,,,,,,,,,,,,,,,,,,,,,,,0,1404000,3958686,3416407,4133208,10521645,6109905,10949879,16551061,18216648,34243154,37112970,45499969,127099928,577984887,742616896,1328387962,3464750327,3771423767
