,금융구분,금융회사코드,금융회사명,통계분류,통계표코드,통계표명,코드,구분,200903,201106,201109,201112,201203,201206,201209,201212,201303,201306,201309,201312,201403,201406,201409,201412,201503,201506,201509,201512,201603,201606,201609,201612,201703,201706,201709,201712,201803,201806,201809,201812,201903,201906,201909,201912,202003,202006,202009,202012,202103,202106,202109,202112,202203,202206,202209,202212,202303,202306,202309,202312,202403,202406,202409,202412,202503,202506,202509,202512,202603
0,부동산신탁,10902,한국토지신탁,B,SM032,부채현황(차입부채),A,차입부채 계,491202779079,239871800837,221610643364,191364129429,161019710376,211449104033,248886762999,187042546864,203428684972,146008422003,121047275740,121082866347,71102640808,41109989410,33754353717,32312650397,32333616233,19946906804,19963532242,94980297591,124758138130,104780195385,204403651708,279665704668,343942790393,344041532937,354141448788,379372321441,379343929211,379446024440,449313269918,449437337066,399555912744,499304890663,399439653780,429541201976,473987683292,474091393092,475696181267,445801826799,445907391456,446014402350,445904553368,457840152584,562867416749,466546957532,467150123812,468628441626,364493470321,558813655497,566737447351,615320625997,637293360073,642769976065,614682743608,627550526285,599443409933,596810567991,634211578785,677193290203,731996099282
1,부동산신탁,10902,한국토지신탁,B,SM032,부채현황(차입부채),A1,(현재가치할인차금 등), , , ,0,0,0,0,0,0,0,0,0,0,0,0,0,0,0,0,0,0,0,0,0,0,0,0,0,0,0,0,0,0,0,0,0,0,0,0,0,0,0,0,0,0,0,0,0,0,0,0,0,0,0,0,0,0,0,0,0,0
2,부동산신탁,10902,한국토지신탁,B,SM032,부채현황(차입부채),A2,차입금,183962611130,130435953730,112081883110,101749306950,101338715420,111961896510,149301159550,87355639450,123657377098,66370471780,41346268490,41317539450,11284229930,11246323090,3870091640,2407533340,2407533340,0,0,75000000000,55000000000,55000000000,55000000000,130210012778,45000000000,45000000000,55000000000,80129524054,80000000000,80000000000,90000000000,90000000000,90000000000,90000000000,90000000000,120000000000,115000000000,115000000000,116500000000,86500000000,86500000000,86500000000,86500000000,98329991390,103609314750,107165004100,107651870842,109012995807,125171935777,219740220716,227471536791,275858399639,298197975826,303491417085,325535560832,338250906236,339998543311,377582084473,384962371358,427795694497,538183429343
3,부동산신탁,10902,한국토지신탁,B,SM032,부채현황(차입부채),A3,매도증권,0,0,0,0,0,0,0,0,0,0,0,0,0,0,0,0,0,0,0,0,0,0,0,0,0,0,0,0,0,0,0,0,0,0,0,0,0,0,0,0,0,0,0,0,0,0,0,0,0,0,0,0,0,0,0,0,0,0,0,0,0
4,부동산신탁,10902,한국토지신탁,B,SM032,부채현황(차입부채),A4,사채,0,109435847107,109528760254,89614822479,59680994956,99487207523,99585603449,99686907414,79771307874,79637950223,79701007250,79765326897,59818410878,29863666320,29884262077,29905117057,29926082893,19946906804,19963532242,19980297591,69758138130,49780195385,149403651708,149455691890,298942790393,299041532937,299141448788,299242797387,299343929211,299446024440,359313269918,359437337066,309555912744,409304890663,309439653780,309541201976,358987683292,359091393092,359196181267,359301826799,359407391456,359514402350,359404553368,359510161194,459258101999,359381953432,359498252970,359615445819,239321534544,339073434781,339265910560,339462226358,339095384247,339278558980,289147182776,289299620049,259444866622,219228483518,249249207427,249397595706,193812669939
5,부동산신탁,10902,한국토지신탁,B,SM032,부채현황(차입부채),A41,(사채발행차금), ,564152893,471239746,385177521,319005044,512792477,414396551,313092586,228692126,362049777,298992750,234673103,181589122,136333680,115737923,94882943,73917107,53093196,36467758,19702409,241861870,219804615,596348292,544308110,1057209607,958467063,858551212,757202613,656070789,553975560,686730082,562662934,444087256,695109337,560346220,458798024,1012316708,908606908,803818733,698173201,592608544,485597650,595446632,489838806,741898001,618046568,501747030,384554181,678465456,926565219,734089440,537773642,904615753,721441020,852817224,700379951,555133378,771516482,750792573,602404294,2165646061
6,부동산신탁,10902,한국토지신탁,B,SM032,부채현황(차입부채),A5,발행어음(종금계정),0, , ,0,0,0,0,0,0,0,0,0,0,0,0,0,0,0,0,0,0,0,0,0,0,0,0,0,0,0,0,0,0,0,0,0,0,0,0,0,0,0,0,0,0,0,0,0,0,0,0,0,0,0,0,0,0,0,0,0,0
7,부동산신탁,10902,한국토지신탁,B,SM032,부채현황(차입부채),A6,기타,310000000000,0,0,0,0,0,0,0,0,0,0,0,0,0,0,0,0,0,0,0,0,0,0,0,0,0,0,0,0,0,0,0,0,0,0,0,0,0,0,0,0,0,0,0,0,0,0,0,0,0,0,0,0,0,0,0,0,0,0,0,0
8,부동산신탁,10903,KB부동산신탁(주),B,SM032,부채현황(차입부채),A,차입부채 계,93405965930,116289328201,111521899561,93663218700,89254562633,58125412307,26031153340,16031153340,18177153340,1031153340,1031153340,1031153340,8459153340,2865153340,1031153340,1031153340,1031153340,0,0,0,0,0,0,0,0,0,0,0,0,0,0,0,0,0,0,0,0,0,0,0,0,0,0,0,0,0,0,0,0,55000000000,225000000000,429963000741,524967772118,637026869014,471892675552,548468448207,514424688065,550165703996,569481259336,548172375851,558727086555
9,부동산신탁,10903,KB부동산신탁(주),B,SM032,부채현황(차입부채),A1,(현재가치할인차금 등), , , , , , , , , , , , , , , , , , , , , ,0,0,0,0,0,0,0,0,0,0,0,0,0,0,0,0,0,0,0,0,0,0,0, , ,0,0,0,0,0,0,0,0,0,0,0,0,0,0,0
10,부동산신탁,10903,KB부동산신탁(주),B,SM032,부채현황(차입부채),A2,차입금,93405965930,116289328201,111521899561,93663218700,89254562633,58125412307,26031153340,16031153340,18177153340,1031153340,1031153340,1031153340,8459153340,2865153340,1031153340,1031153340,1031153340,0,0,0,0,0,0,0,0,0,0,0,0,0,0,0,0,0,0,0,0,0,0,0,0,0,0,0,0,0,0,0,0,55000000000,225000000000,410000000000,505000000000,617054215437,426965056697,443827949019,409734606608,445425294455,464689190252,463330948268,397101309136
11,부동산신탁,10903,KB부동산신탁(주),B,SM032,부채현황(차입부채),A3,매도증권,0,0,0,0,0,0,0,0,0,0,0,0,0,0,0,0,0,0,0,0,0,0,0,0,0,0,0,0,0,0,0,0,0,0,0,0,0,0,0,0,0,0,0,0,0,0,0,0,0,0,0,0,0,0,0,0,0,0,0,0,0
12,부동산신탁,10903,KB부동산신탁(주),B,SM032,부채현황(차입부채),A4,사채,0,0,0,0,0,0, , ,0,0,0,0,0,0, ,0,0,0,0, ,0,0,0,0,0,0,0,0,0,0,0,0,0,0,0,0,0,0,0,0,0,0,0,0,0,0,0,0,0,0,0,19963000741,19967772118,19972653577,44927618855,104640499188,104690081457,104740409541,104792069084,84841427583,161625777419
13,부동산신탁,10903,KB부동산신탁(주),B,SM032,부채현황(차입부채),A41,(사채발행차금), , , , , , , , , , , , , , , , , , , , , ,0,0,0,0,0,0,0,0,0,0,0,0,0,0,0,0,0,0,0,0,0,0,0, , , , , , , ,-36999259,-32227882,-27346423,-72381145,-359500812,-309918543,-259590459,-207930916,-158572417,-374222581
14,부동산신탁,10903,KB부동산신탁(주),B,SM032,부채현황(차입부채),A5,발행어음(종금계정),0, , , , , , , , , , , , , , , , , , , , ,0,0,0,0,0,0,0,0,0,0,0,0,0,0,0,0,0,0,0,0,0,0,0, , , , , , ,0,0, , , , , , , ,0, 
15,부동산신탁,10903,KB부동산신탁(주),B,SM032,부채현황(차입부채),A6,기타,0,0,0,0,0,0,0,0,0,0,0,0,0,0,0,0,0,0,0,0,0,0,0,0,0,0,0,0,0,0,0,0,0,0,0,0,0,0,0,0,0,0,0,0,0,0,0,0,0,0,0,0,0,0,0,0,0,0,0,0,0
16,부동산신탁,10904,대한토지신탁,B,SM032,부채현황(차입부채),A,차입부채 계,109293626021,160039529720,145039424000,93039307300,60039179480,59039040500,34403890240,24865000000,13865000000,16865000000,6000000000,6000000000,6000000000,31000000000,31000000000,31000000000,31000000000,31000000000,36000000000,29000000000,29000000000,29000000000,28000000000,27000000000,64000000000,123600000000,168100000000,207500000000,290978466085,334374184164,358397801363,391996418562,435994522344,473892882835,476187967011,447968007764,377145510991,393523014218,272483333334,231973246756,246568971657,157164834241,128844167839,123856834773,109869226340,109881755590,129894422524,107900000000,178950000000,236391666667,264333333334,337675000001,431516666668,473053333335,537145000002,537445435040,542007185296,552977305666,615551950926,674755934979,657997181654
17,부동산신탁,10904,대한토지신탁,B,SM032,부채현황(차입부채),A1,(현재가치할인차금 등), ,0,0,0,0,0,0,0,0,0,0,0,0,0,0,0,0,0,0,0,0,0,0,0,0,0,0,0,0,0,0,0,0,0,0,0,0,0,0,0,0,0,0,0,0,0,0,0,0,0,0,0,0,0,0,0,0,0,0,0,0
18,부동산신탁,10904,대한토지신탁,B,SM032,부채현황(차입부채),A2,차입금,103099394940,160039529720,145039424000,93039307300,60039179480,59039040500,34403890240,24865000000,13865000000,16865000000,6000000000,6000000000,6000000000,31000000000,31000000000,31000000000,31000000000,31000000000,36000000000,29000000000,29000000000,29000000000,28000000000,27000000000,64000000000,123600000000,118100000000,107500000000,91100000000,104500000000,128500000000,112075000000,106050000000,143925000000,136200000000,117975000000,77150000000,113525000000,102483333334,102066666668,106650000002,107233333336,78900000000,73900000000,59900000000,59900000000,79900000000,107900000000,178950000000,179391666667,177833333334,337675000001,431516666668,360553333335,347645000002,356031017940,370919038122,371452534181,407608799429,434378795022,430885450253
19,부동산신탁,10904,대한토지신탁,B,SM032,부채현황(차입부채),A3,매도증권,0,0,0,0,0,0,0,0,0,0,0,0,0,0,0,0,0,0,0,0,0,0,0,0,0,0,0,0,0,0,0,0,0,0,0,0,0,0,0,0,0,0,0,0,0,0,0,0,0,0,0,0,0,0,0,0,0,0,0,0,0
20,부동산신탁,10904,대한토지신탁,B,SM032,부채현황(차입부채),A4,사채,494231081,0,0,0, , , ,0,0,0,0,0,0,0,0,0,0,0,0,0,0,0,0,0,0,0,0,0,49878466085,59874184164,59897801363,59921418562,59944522344,59967882835,19987967011,9993007764,9995510991,9998014218,0,49906580088,49918971655,49931500905,49944167839,49956834773,49969226340,49981755590,49994422524,0,0,0,0,0,0,0,0,0,0,0,0,99808362696,99831066165
21,부동산신탁,10904,대한토지신탁,B,SM032,부채현황(차입부채),A41,(사채발행차금), ,0,0,0, , , ,0,0,0,0,0,0,0,0,0,0,0,0,0,0,0,0,0,0,0,0,0,-121533915,-146653915,-102198637,-102198637,-55477656,-32117165,-12032989,-6992236,-4489009,-1985782,0,-93419912,-81028345,-68499095,-55832161,-43165227,-30773660,-18244410,-5577476,0,0,0,0,0,0,0,0,0,0,0,0,0,0
22,부동산신탁,10904,대한토지신탁,B,SM032,부채현황(차입부채),A5,발행어음(종금계정),0,0,0,0, , , ,0,0,0,0,0,0,0,0,0,0,0,0,0,0,0,0,0,0,0,50000000000,100000000000,150000000000,170000000000,170000000000,220000000000,270000000000,270000000000,320000000000,320000000000,290000000000,270000000000,170000000000,80000000000,90000000000,0,0,0,0,0,0,0,0,57000000000,86500000000,0,0,112500000000,189500000000,181414417100,175500000000,186500000000,214500000000,145000000000,130000000000
23,부동산신탁,10904,대한토지신탁,B,SM032,부채현황(차입부채),A6,기타,5700000000,0,0,0,0,0,0,0,0,0,0,0,0,0,0,0,0,0,0,0,0,0,0,0,0,0,0,0,0,0,0,0,0,0,0,0,0,0,0,0,0,0,0,0,0,0,0,0,0,0,0,0,0,0,0,0,-4411852826,-4975228515,-6556848503,-4431222739,-2719334764
24,부동산신탁,10905,교보자산신탁,B,SM032,부채현황(차입부채),A,차입부채 계,0,0,0,0,0,0,0,0,0,0,0,0,0,0,0,0,0,0,0,0,0,0,0,0,0,0,0,0,0,0,0,0,0,0,0,0,0,0,0,0,0,0,0,0,0,0,0,0,0,28000000000,28000000000,36000000000,111925210217,136319190328,203037637875,306441052237,254244889087,192044068237,406405388378,440853041862,391214159009
25,부동산신탁,10905,교보자산신탁,B,SM032,부채현황(차입부채),A1,(현재가치할인차금 등), ,0,0, ,0,0, , , , , , , , , , , , , , , , , , , , , , , , , , , , , , , , , , , , , , , , ,0,0,0,0,0,0,0,0,0,0,0,0,0,0,0
26,부동산신탁,10905,교보자산신탁,B,SM032,부채현황(차입부채),A2,차입금,0,0,0,0,0,0,0,0,0,0,0,0,0,0,0,0,0,0,0,0,0,0,0,0,0,0,0,0,0,0,0,0,0,0,0,0,0,0,0,0,0,0,0,0,0,0,0,0,0,28000000000,28000000000,36000000000,41000000000,37500000001,54393966319,157500000003,105000000000,45000000000,80000000000,142000000000,142000000000
27,부동산신탁,10905,교보자산신탁,B,SM032,부채현황(차입부채),A3,매도증권,0,0,0,0,0,0,0,0,0,0,0,0,0,0,0,0,0,0,0,0,0,0,0,0,0,0,0,0,0,0,0,0,0,0,0,0,0,0,0,0,0,0,0,0,0,0,0,0,0,0,0,0,0,0,0,0,0,0,0,0,0
28,부동산신탁,10905,교보자산신탁,B,SM032,부채현황(차입부채),A4,사채,0,0,0, ,0,0, , , , , , , , , , , , , , , , , , , , , ,0,0,0,0,0,0,0,0,0,0,0,0,0,0,0,0,0,0,0,0,0,0,0,0,0,70925210217,98819190327,148643671556,148941052234,149244889087,147044068237,326405388378,298853041862,249214159009
29,부동산신탁,10905,교보자산신탁,B,SM032,부채현황(차입부채),A41,(사채발행차금), ,0,0, ,0,0, , , , , , , , , , , , , , , , , , , , , , , , , , , , , , , , , , , , , , , , , , , , , , , , , , , , , , , 
30,부동산신탁,10905,교보자산신탁,B,SM032,부채현황(차입부채),A5,발행어음(종금계정),0,0,0, ,0,0, , , , , , , , , , , , , , , , , , , , , , , , , , , , , , , , , , , , , , , , , , , , , , , , , , , , , , , 
31,부동산신탁,10905,교보자산신탁,B,SM032,부채현황(차입부채),A6,기타,0,0,0,0,0,0,0,0,0,0,0,0,0,0,0,0,0,0,0,0,0,0,0,0,0,0,0,0,0,0,0,0,0,0,0,0,0,0,0,0,0,0,0,0,0,0,0,0,0,0,0,0,0,0,0,0,0,0,0,0,0
32,부동산신탁,10906,한국자산신탁,B,SM032,부채현황(차입부채),A,차입부채 계,17000000000,29400000000,18715966589,21100000000,18123800000,23100000000,18100000000,36708438939,62872224923,74400000000,64100000000,43485000000,23346789000,43842789000,44040369950,47856029918,36591869970,41169107000,57306556665,30791107000,30791107000,39305311365,50980814000,38107814000,35585803000,99185803000,129040769660,134544652827,187302543696,209444332077,263353251919,330974927953,489717226939,577740650626,502199890208,486650385494,451095305777,435536286956,354968266470,319810457559,314863886211,255916982654,175952213381,140971004159,140985681604,99940687879,99947754082,99955064416,99962374338,99969700608,99977201947,99984878034,169992563909,248518338413,278805836713,358063297268,488301937275,487709623033,363622033590,363982904983,364343055255
33,부동산신탁,10906,한국자산신탁,B,SM032,부채현황(차입부채),A1,(현재가치할인차금 등), , , , , , , ,0,0,0,0,0,0,0,0,0,0,0,0,0,0,0,0,0,0, ,0,0,0,0,0,0,0,0,0,0,0,0, ,0,0,0,0,0,0,0,0,0,0,0,0,0,0,1204159485,946030813,1718455132,1221377382,1872772221,1020377304,720471588,422252266
34,부동산신탁,10906,한국자산신탁,B,SM032,부채현황(차입부채),A2,차입금,17000000000,29400000000,18715966589,21100000000,18123800000,23100000000,18100000000,36708438939,62872224923,74400000000,64100000000,43485000000,23346789000,43842789000,44040369950,47856029918,36591869970,41169107000,57306556665,30791107000,30791107000,39305311365,50980814000,38107814000,35585803000,99185803000,69187803000,74671803000,117423001000,139541001000,193425928320,201183044612,220105327597,193376625175,177756269391,162129647996,126497315389,110859050215,100215520904,90000001000,85000001000,80000001000,80000001000,80000001000,80000001000,80000001000,80000001000,80000001000,80000001000,80000001000,80000001000,80000001000,150000000000,148795840515,179053969187,258281544868,288778622618,288127227779,163979622696,164279528412,164577747734
35,부동산신탁,10906,한국자산신탁,B,SM032,부채현황(차입부채),A3,매도증권,0,0,0,0,0,0,0,0,0,0,0,0,0,0,0,0,0,0,0,0,0,0,0,0,0,0,0,0,0,0,0,0,0,0,0,0,0,0,0,0,0,0,0,0,0,0,0,0,0,0,0,0,0,0,0,0,0,0,0,0,0
36,부동산신탁,10906,한국자산신탁,B,SM032,부채현황(차입부채),A4,사채,0, , , , ,0, ,0,0,0,0,0,0,0,0,0,0,0,0,0,0,0,0,0,0, ,59852966660,59872849827,69879542696,69903331077,69927323599,129791883341,269611899342,384364025451,324443620817,324520737498,324597990388,324677236741,254752745566,229810456559,229863885211,175916981654,95952212381,60971003159,60985680604,19940686879,19947753082,19955063416,19962373338,19969699608,19977200947,19984877034,19992563909,99722497898,99751867526,99781752400,199523314657,199582395254,199642410894,199703376571,199765307521
37,부동산신탁,10906,한국자산신탁,B,SM032,부채현황(차입부채),A41,(사채발행차금), , , , , ,0, ,0,0,0,0,0,0,0,0,0,0,0,0,0,0,0,0,0,0, ,-147033340,-127150173,-120457304,-96668923,-72676401,-208116659,-388100658,-635974549,-556379183,-479262502,-402009612,-322763259,-247254434,-189543441,-136114789,-83018346,-47787619,-28996841,-14319396,-59313121,-52246918,-44936584,-37626662,-30300392,-22799053,-15122966,-7436091,-277502102,-248132474,-218247600,-476685343,-417604746,-357589106,-296623429,-234692479
38,부동산신탁,10906,한국자산신탁,B,SM032,부채현황(차입부채),A5,발행어음(종금계정),0, , , , ,0, ,0,0,0,0,0,0,0,0,0,0,0,0,0,0,0,0,0,0, ,0,0,0,0,0,0,0,0,0,0,0,0, ,0,0,0,0,0,0,0,0,0,0,0,0,0,0,0,0,0,0,0,0,0,0
39,부동산신탁,10906,한국자산신탁,B,SM032,부채현황(차입부채),A6,기타,0,0,0,0,0,0,0,0,0,0,0,0,0,0,0,0,0,0,0,0,0,0,0,0,0,0,0,0,0,0,0,0,0,0,0,0,0,0,0,0,0,0,0,0,0,0,0,0,0,0,0,0,0,0,0,0,0,0,0,0,0
40,부동산신탁,11452,하나자산신탁,B,SM032,부채현황(차입부채),A,차입부채 계,12500000000,0,0,0,0,0,0,0,0,0,0,0,0,0,0,0,0,0,0,0,0,0,0,0,0,69768639081,69788923469,69809207858,69829051282,69853372848,69873791850,69894210851,69914185962,69934956545,69956026960,69977097375,69997938763,0,0,0,0,0,0,0,0,0,0,0,0,0,0,0,11427416479,12169863651,63110724546,131505166634,150114740661,199993178455,204017063878,261776615632,470109948966
41,부동산신탁,11452,하나자산신탁,B,SM032,부채현황(차입부채),A1,(현재가치할인차금 등), ,0,0,0,0,0,0,0,0,0,0,0,0,0,0,0,0,0,0,0,0,0,0,0,0, , ,0,0,0, , , , , , , , , , , , , , , , ,0,0,0,0,0,0,0,0,0,0,0,0,0,0,0
42,부동산신탁,11452,하나자산신탁,B,SM032,부채현황(차입부채),A2,차입금,12500000000,0,0,0,0,0,0,0,0,0,0,0,0,0,0,0,0,0,0,0,0,0,0,0,0,0,0,0,0,0,0,0,0,0,0,0,0,0,0,0,0,0,0,0,0,0,0,0,0,0,0,0,0,12169863651,63110724546,131505166634,150114740661,199993178455,204017063878,261776615632,470109948966
43,부동산신탁,11452,하나자산신탁,B,SM032,부채현황(차입부채),A3,매도증권,0,0,0,0,0,0,0,0,0,0,0,0,0,0,0,0,0,0,0,0,0,0,0,0,0,0,0,0,0,0,0,0,0,0,0,0,0,0,0,0,0,0,0,0,0,0,0,0,0,0,0,0,0,0,0,0,0,0,0,0,0
44,부동산신탁,11452,하나자산신탁,B,SM032,부채현황(차입부채),A4,사채,0,0,0,0,0,0,0,0,0,0,0,0,0,0,0,0,0,0,0,0,0,0,0,0,0,69768639081,69788923469,69809207858,69829051282,69853372848,69873791850,69894210851,69914185962,69934956545,69956026960,69977097375,69997938763,0,0,0,0,0,0,0,0,0,0,0,0,0,0,0,11427416479,0,0,0,0,0,0,0,0
45,부동산신탁,11452,하나자산신탁,B,SM032,부채현황(차입부채),A41,(사채발행차금), ,0,0,0,0,0,0,0,0,0,0,0,0,0,0,0,0,0,0,0,0,0,0,0,0,231360919,211076531,190792142,170948718,-146627152,-126208150,-105789149,-85814038,-65043455,-43973040,-22902625,-2061237,0,0,0,0,0,0,0,0,0,0,0,0,0,0,0,0,0,0,0,0,0,0,0,0
46,부동산신탁,11452,하나자산신탁,B,SM032,부채현황(차입부채),A5,발행어음(종금계정),0,0,0,0,0,0,0,0,0,0,0,0,0,0,0,0,0,0,0,0,0,0,0,0,0, , ,0,0,0, , , , , , , , , , , , , , , , , , , , , , , , , , , , , , , 
47,부동산신탁,11452,하나자산신탁,B,SM032,부채현황(차입부채),A6,기타,0,0,0,0,0,0,0,0,0,0,0,0,0,0,0,0,0,0,0,0,0,0,0,0,0,0,0,0,0,0,0,0,0,0,0,0,0,0,0,0,0,0,0,0,0,0,0,0,0,0,0,0,0,0,0,0,0,0,0,0,0
48,부동산신탁,11643,코람코자산신탁,B,SM032,부채현황(차입부채),A,차입부채 계,0,0,0,0,40000000000,35000000000,35000000000,50000000000,35000000000,35000000000,35000000000,46348774010,42781850478,47570750000,25000000000,25000000000,25000000000,25000000000,63306000000,45000000000,52500000000,45000000000,60000000000,67000000000,79022000000,110000000000,118000000000,117000000000,83700000000,152931091467,157942094799,235250265005,293928535644,246475925301,310280235690,252825389807,331616697817,344133883745,324925018486,254967577335,179981806035,166743189276,213662821625,207429479900,124938575268,94952562459,72969838200,72985748597,73495166935,83499299664,83500000000,93000000000,122500000000,128250000000,128000000000,126250000000,99000000000,89750000000,113439503000,105080272388,104574910689
49,부동산신탁,11643,코람코자산신탁,B,SM032,부채현황(차입부채),A1,(현재가치할인차금 등), ,0,0,0,0,0,0,0,0,0,0,0,0,0,0,0,0,0,0,0,0,0,0,0,0,0,0,0,0,0,0,0,0,0,0,0,0,0,0,0,0, ,0,0,0,0,0,0,0,0,0,0,0,0,0,0,0,0,0,0,0
50,부동산신탁,11643,코람코자산신탁,B,SM032,부채현황(차입부채),A2,차입금,0,0,0,0,40000000000,35000000000,35000000000,50000000000,35000000000,35000000000,35000000000,46348774010,42781850478,47570750000,25000000000,25000000000,25000000000,25000000000,63306000000,45000000000,52500000000,45000000000,60000000000,67000000000,79022000000,110000000000,118000000000,117000000000,83700000000,118000000000,123000000000,150500000000,159250000000,111750000000,125500000000,68000000000,71750000000,84250000000,83000000000,88000000000,83000000000,84750000000,81750000000,75500000000,23000000000,23000000000,23000000000,23000000000,23500000000,33500000000,83500000000,93000000000,102500000000,98250000000,98000000000,96250000000,94500000000,89750000000,83532823000,75167084960,74658441409
51,부동산신탁,11643,코람코자산신탁,B,SM032,부채현황(차입부채),A3,매도증권,0,0,0,0,0,0,0,0,0,0,0,0,0,0,0,0,0,0,0,0,0,0,0,0,0,0,0,0,0,0,0,0,0,0,0,0,0,0,0,0,0,0,0,0,0,0,0,0,0,0,0,0,0,0,0,0,0,0,0,0,0
52,부동산신탁,11643,코람코자산신탁,B,SM032,부채현황(차입부채),A4,사채,0,0,0,0,0,0,0,0,0,0,0,0,0,0,0,0,0,0,0,0,0,0,0,0,0,0,0,0,0,34931091467,34942094799,84750265005,134678535644,134725925301,134780235690,134825389807,134866697817,114883883745,136925018486,86967577335,36981806035,21993189276,71912821625,71929479900,71938575268,71952562459,49969838200,49985748597,49995166935,49999299664,0,0,0,0,0,0,0,0,29906680000,29913187428,29916469280
53,부동산신탁,11643,코람코자산신탁,B,SM032,부채현황(차입부채),A41,(사채발행차금), ,0,0,0,0,0,0,0,0,0,0,0,0,0,0,0,0,0,0,0,0,0,0,0,0,0,0,0,0,68908533,57905201,249734995,321464356,274074699,219764310,174610193,133302183,116116255,74981514,32422665,18193965,6810724,87178375,70520100,61424732,47437541,30161800,14251403,4833065,700336,0,0,0,0,0,0,0,0,93320000,86812572,83530720
54,부동산신탁,11643,코람코자산신탁,B,SM032,부채현황(차입부채),A5,발행어음(종금계정),0,0,0,0,0,0,0,0,0,0,0,0,0,0,0,0,0,0,0,0,0,0,0,0,0,0,0,0,0,0,0,0,0,0,0,0,0,0,0,0,0, ,0,0,0,0,0,0,0,0,0,0,0,0,0,0,0,0,0,0,0
55,부동산신탁,11643,코람코자산신탁,B,SM032,부채현황(차입부채),A6,기타,0,0,0,0,0,0,0,0,0,0,0,0,0,0,0,0,0,0,0,0,0,0,0,0,0,0,0,0,0,0,0,0,0,0,50000000000,50000000000,125000000000,145000000000,105000000000,80000000000,60000000000,60000000000,60000000000,60000000000,30000000000,0,0,0,0,0,0,0,20000000000,30000000000,30000000000,30000000000,4500000000,0,0,0,0
56,부동산신탁,11877,신한자산신탁주식회사,B,SM032,부채현황(차입부채),A,차입부채 계,0,0,0,0,0,0,0,0,0,0,0,0,2000000000,3000000000,3000000000,3000000000,0,0,0,0,0,0,0,0,0,0,0,0,0,0,0,0,0,0,0,0,0,0,0,0,0,0,0,0,0,0,0,0,0,0,0,0,100000000000,150000000000,281090068498,278575136989,276033356166,334395811238,381530444163,444928120127,608088083991
57,부동산신탁,11877,신한자산신탁주식회사,B,SM032,부채현황(차입부채),A1,(현재가치할인차금 등), ,0,0,0,0,0,0,0, , ,0, , , , , ,0, , ,0, , , , , , , ,0, , , , , , , , , , , , , , , , , , ,0,0,0,0,0,0,0,0,-3909931502,0,0,0,0,0,0
58,부동산신탁,11877,신한자산신탁주식회사,B,SM032,부채현황(차입부채),A2,차입금,0,0,0,0,0,0,0,0,0,0,0,0,2000000000,3000000000,3000000000,3000000000,0,0,0,0,0,0,0,0,0,0,0,0,0,0,0,0,0,0,0,0,0,0,0,0,0,0,0,0,0,0,0,0,0,0,0,0,100000000000,150000000000,281090068498,281250000000,277500000000,338750000000,235000000000,231250000000,254500000000
59,부동산신탁,11877,신한자산신탁주식회사,B,SM032,부채현황(차입부채),A3,매도증권,0,0,0,0,0,0,0,0,0,0,0,0,0,0,0,0,0,0,0,0,0,0,0,0,0,0,0,0,0,0,0,0,0,0,0,0,0,0,0,0,0,0,0,0,0,0,0,0,0,0,0,0,0,0,0,0,0,0,0,0,0
60,부동산신탁,11877,신한자산신탁주식회사,B,SM032,부채현황(차입부채),A4,사채,0,0,0,0,0,0,0,0, , ,0, , , , , ,0, , ,0, , , , , , , ,0,0,0,0,0,0,0,0,0,0,0,0,0,0,0,0,0,0,0,0,0,0,0,0,0,0,0,0,0,0,0,149410509637,215315555466,354009902894
61,부동산신탁,11877,신한자산신탁주식회사,B,SM032,부채현황(차입부채),A41,(사채발행차금), ,0,0,0,0,0,0,0, , ,0, , , , , ,0, , ,0, , , , , , , ,0, , , , , , , , , , , , , , , , , , , , , , , , , , , , , , ,0, , 
62,부동산신탁,11877,신한자산신탁주식회사,B,SM032,부채현황(차입부채),A5,발행어음(종금계정),0,0,0,0,0,0,0,0, , ,0, , , , , ,0, , ,0, , , , , , , ,0, , , , , , , , , , , , , , , , , , , , , , , , , , , , , , , ,0, 
63,부동산신탁,11877,신한자산신탁주식회사,B,SM032,부채현황(차입부채),A6,기타,0,0,0,0,0,0,0,0,0,0,0,0,0,0,0,0,0,0,0,0,0,0,0,0,0,0,0,0,0,0,0,0,0,0,0,0,0,0,0,0,0,0,0,0,0,0,0,0,0,0,0,0,0,0,0,-2674863011,-1466643834,-4354188762,-2880065474,-1637435339,-421818903
64,부동산신탁,11892,우리자산신탁,B,SM032,부채현황(차입부채),A,차입부채 계,0,0,0,0,0,0,0,0,0,0,0,0,0,0,0,0,0,0,0,0,0,0,0,0,0,0,0,0,0,0,0,0,0,0,0,0,0,0,0,0,0,0,0,0,0,0,0,0,0,0,0,0,0,0,0,0,0,0,0,0,0
65,부동산신탁,11892,우리자산신탁,B,SM032,부채현황(차입부채),A1,(현재가치할인차금 등), ,0,0,0,0,0,0,0,0,0,0,0,0,0,0,0,0,0,0,0,0,0,0,0,0,0,0,0,0,0,0,0,0,0,0,0,0,0,0,0,0,0,0,0,0,0,0,0,0,0,0,0,0,0,0,0,0,0,0,0,0
66,부동산신탁,11892,우리자산신탁,B,SM032,부채현황(차입부채),A2,차입금,0,0,0,0,0,0,0,0,0,0,0,0,0,0,0,0,0,0,0,0,0,0,0,0,0,0,0,0,0,0,0,0,0,0,0,0,0,0,0,0,0,0,0,0,0,0,0,0,0,0,0,0,0,0,0,0,0,0,0,0,0
67,부동산신탁,11892,우리자산신탁,B,SM032,부채현황(차입부채),A3,매도증권,0,0,0,0,0,0,0,0,0,0,0,0,0,0,0,0,0,0,0,0,0,0,0,0,0,0,0,0,0,0,0,0,0,0,0,0,0,0,0,0,0,0,0,0,0,0,0,0,0,0,0,0,0,0,0,0,0,0,0,0,0
68,부동산신탁,11892,우리자산신탁,B,SM032,부채현황(차입부채),A4,사채,0,0,0,0,0,0,0,0,0,0,0,0,0,0,0,0,0,0,0,0,0,0,0,0,0,0,0,0,0,0,0,0,0,0,0,0,0,0,0,0,0,0,0,0,0,0,0,0,0,0,0,0,0,0,0,0,0,0,0,0,0
69,부동산신탁,11892,우리자산신탁,B,SM032,부채현황(차입부채),A41,(사채발행차금), ,0,0,0,0,0,0,0,0,0,0,0,0,0,0,0,0,0,0,0,0,0,0,0,0,0,0,0,0,0,0,0,0,0,0,0,0,0,0,0,0,0,0,0,0,0,0,0,0,0,0,0,0,0,0,0,0,0,0,0,0
70,부동산신탁,11892,우리자산신탁,B,SM032,부채현황(차입부채),A5,발행어음(종금계정),0,0,0,0,0,0,0,0,0,0,0,0,0,0,0,0,0,0,0,0,0,0,0,0,0,0,0,0,0,0,0,0,0,0,0,0,0,0,0,0,0,0,0,0,0,0,0,0,0,0,0,0,0,0,0,0,0,0,0,0,0
71,부동산신탁,11892,우리자산신탁,B,SM032,부채현황(차입부채),A6,기타,0,0,0,0,0,0,0,0,0,0,0,0,0,0,0,0,0,0,0,0,0,0,0,0,0,0,0,0,0,0,0,0,0,0,0,0,0,0,0,0,0,0,0,0,0,0,0,0,0,0,0,0,0,0,0,0,0,0,0,0,0
72,부동산신탁,12279,무궁화신탁,B,SM032,부채현황(차입부채),A,차입부채 계,,0,0,0,0,0,0,0,0,500000000,500000000,500000000,0,0,0,0,0,0,0,0,0,0,0,0,0,2999857535,12000000000,14000000000,20730000000,27160000000,36499000000,35057000000,35000000000,35083333334,41881333335,40381333336,85750240276,85275218372,104663083924,104129956760,117476050298,104233292295,100806607210,103469421814,96379631764,112312126972,111914480316,82173297132,118633762124,132198012725,126286843678,138477079675,165554902698,126786017178,154014372601,149332433366,137379100558,128789022445,117639943931,115367228345,114134551284
73,부동산신탁,12279,무궁화신탁,B,SM032,부채현황(차입부채),A1,(현재가치할인차금 등),,0,0,0,0,0,0,0,0,0,0,0,0,0,0,0,0,0,0,0,0,0,0,0,0,0,0,0,0,0,0,0,0, , , , , , , , , , , , , ,0,0,0,0,0,0,0,0,0,0,0,0,0,0,0
74,부동산신탁,12279,무궁화신탁,B,SM032,부채현황(차입부채),A2,차입금,,0,0,0,0,0,0,0,0,500000000,500000000,500000000,0,0,0,0,0,0,0,0,0,0,0,0,0,2999857535,12000000000,14000000000,20730000000,27160000000,36499000000,35057000000,35000000000,35083333334,41881333335,40381333336,55631333337,55131333338,74583333339,75121868340,87302101675,73722510010,68905843345,81989176680,74122510015,88197293055,98333453578,69996964843,118633762124,132198012725,126286843678,138477079675,165554902698,126786017178,154014372601,149332433366,137379100558,128789022445,117639943931,115367228345,114134551284
75,부동산신탁,12279,무궁화신탁,B,SM032,부채현황(차입부채),A3,매도증권,,0,0,0,0,0,0,0,0,0,0,0,0,0,0,0,0,0,0,0,0,0,0,0,0,0,0,0,0,0,0,0,0,0,0,0,0,0,0,0,0,0,0,0,0,0,0,0,0,0,0,0,0,0,0,0,0,0,0,0,0
76,부동산신탁,12279,무궁화신탁,B,SM032,부채현황(차입부채),A4,사채,,0,0,0,0,0,0,0,0,0,0,0,0,0,0,0,0,0,0,0,0,0,0,0,0,0,0,0,0,0,0,0,0,0,0,0,30118906939,30143885034,30079750585,29008088420,30173948623,30510782285,31900763865,21480245134,22257121749,24114833917,13581026738,12176332289,0,0,0,0,0,0,0,0,0,0,0,0,0
77,부동산신탁,12279,무궁화신탁,B,SM032,부채현황(차입부채),A41,(사채발행차금),,0,0,0,0,0,0,0,0,0,0,0,0,0,0,0,0,0,0,0,0,0,0,0,0,0,0,0,0,0,0,0,0, , , ,-8361343061,-7870989966,-7357124415,-6611911580,-6412926377,-6001717715,-5778361135,-3711629866,-3472378251,-3359291083,-1663723262,-1288730211, , , , , , ,0, , , , , , 
78,부동산신탁,12279,무궁화신탁,B,SM032,부채현황(차입부채),A5,발행어음(종금계정),,0,0,0,0,0,0,0,0,0,0,0,0,0,0,0,0,0,0,0,0,0,0,0,0,0,0,0,0,0,0,0,0, , , , , , , , , , , , , , , , , , , , , ,0, , , , , , 
79,부동산신탁,12279,무궁화신탁,B,SM032,부채현황(차입부채),A6,기타,,0,0,0,0,0,0,0,0,0,0,0,0,0,0,0,0,0,0,0,0,0,0,0,0,0,0,0,0,0,0,0,0,0,0,0,0,0,0,0,0,0,0,0,0,0,0,0,0,0,0,0,0,0,0,0,0,0,0,0,0
80,부동산신탁,12306,코리아신탁,B,SM032,부채현황(차입부채),A,차입부채 계,,0,0,0,0,0,0,0,0,0,0,0,0,0,0,0,0,0,0,0,0,0,0,0,0,0,0,0,0,0,2000000000,0,0,6377222490,4677222490,1277222490,1277222490,0,0,0,0,0,0,1500000000,1500000000,1500000000,1500000000,1500000000,1500000000,2250000000,3000000000,24500000000,18003952464,41000000000,45750000002,54200000004,99950000006,107039673732,97949231054,121558193381,113565411564
81,부동산신탁,12306,코리아신탁,B,SM032,부채현황(차입부채),A1,(현재가치할인차금 등),,0,0,0,0,0,0,0,0,0,0,0,0,0,0,0,0,0,0,0,0,0,0,0,0,0,0,0,0,0,0,0, ,0,0,0,0,0,0,0,0,0,0,0,0,0,0,0,0,0,0,0,0,0,0,0,0,0,0,0,0
82,부동산신탁,12306,코리아신탁,B,SM032,부채현황(차입부채),A2,차입금,,0,0,0,0,0,0,0,0,0,0,0,0,0,0,0,0,0,0,0,0,0,0,0,0,0,0,0,0,0,2000000000,0,0,6377222490,4677222490,1277222490,1277222490,0,0,0,0,0,0,1500000000,1500000000,1500000000,1500000000,1500000000,1500000000,2250000000,3000000000,24500000000,18003952464,41000000000,45750000002,54200000004,61950000006,69099996955,70000000000,93600000000,88601600000
83,부동산신탁,12306,코리아신탁,B,SM032,부채현황(차입부채),A3,매도증권,,0,0,0,0,0,0,0,0,0,0,0,0,0,0,0,0,0,0,0,0,0,0,0,0,0,0,0,0,0,0,0,0,0,0,0,0,0,0,0,0,0,0,0,0,0,0,0,0,0,0,0,0,0,0,0,0,0,0,0,0
84,부동산신탁,12306,코리아신탁,B,SM032,부채현황(차입부채),A4,사채,,0,0,0,0,0,0,0,0,0,0,0,0,0,0,0,0,0,0,0,0,0,0,0,0,0,0,0,0,0,0,0,0,0,0,0,0,0,0,0,0,0,0,0,0,0,0,0,0,0,0,0,0,0,0,0,38000000000,37939676777,27949231054,27958193381,24963811564
85,부동산신탁,12306,코리아신탁,B,SM032,부채현황(차입부채),A41,(사채발행차금),,0,0,0,0,0,0,0,0,0,0,0,0,0,0,0,0,0,0,0,0,0,0,0,0,0,0,0,0,0,0,0, ,0,0,0,0,0,0,0,0,0,0,0,0,0,0,0,0,0,0,0,0,0,0,0, ,-60323223,-50768946,-41806619,-36188436
86,부동산신탁,12306,코리아신탁,B,SM032,부채현황(차입부채),A5,발행어음(종금계정),,0,0,0,0,0,0,0,0,0,0,0,0,0,0,0,0,0,0,0,0,0,0,0,0,0,0,0,0,0,0,0, ,0,0,0,0,0,0,0,0,0,0,0,0,0,0,0,0,0,0,0,0,0,0,0, , , , , 
87,부동산신탁,12306,코리아신탁,B,SM032,부채현황(차입부채),A6,기타,,0,0,0,0,0,0,0,0,0,0,0,0,0,0,0,0,0,0,0,0,0,0,0,0,0,0,0,0,0,0,0,0,0,0,0,0,0,0,0,0,0,0,0,0,0,0,0,0,0,0,0,0,0,0,0,0,0,0,0,0
88,부동산신탁,16953,대신자산신탁,B,SM032,부채현황(차입부채),A,차입부채 계,,,,,,,,,,,,,,,,,,,,,,,,,,,,,,,,,,,0,0,0,0,0,0,0,0,0,0,0,0,0,0,0,0,0,62000000000,93000000000,99000000000,116000000000,195000000000,184632959704,124141399592,130650623188,119658081387,155288039347
89,부동산신탁,16953,대신자산신탁,B,SM032,부채현황(차입부채),A1,(현재가치할인차금 등),,,,,,,,,,,,,,,,,,,,,,,,,,,,,,,,,,,0,0, ,0,0,0,0,0,0,0,0,0,0,0,0,0,0,0,0,0,0,0,0,0,0,0,0
90,부동산신탁,16953,대신자산신탁,B,SM032,부채현황(차입부채),A2,차입금,,,,,,,,,,,,,,,,,,,,,,,,,,,,,,,,,,,0,0,0,0,0,0,0,0,0,0,0,0,0,0,0,0,0,62000000000,93000000000,99000000000,116000000000,195000000000,119700000000,59200000000,65700000000,54700000000,21500000000
91,부동산신탁,16953,대신자산신탁,B,SM032,부채현황(차입부채),A3,매도증권,,,,,,,,,,,,,,,,,,,,,,,,,,,,,,,,,,,0,0,0,0,0,0,0,0,0,0,0,0,0,0,0,0,0,0,0,0,0,0,0,0,0,0,0
92,부동산신탁,16953,대신자산신탁,B,SM032,부채현황(차입부채),A4,사채,,,,,,,,,,,,,,,,,,,,,,,,,,,,,,,,,,,0,0,0,0,0,0,0,0,0,0,0,0,0,0,0,0,0,0,0,0,0,0,64932959704,64941399592,64950623188,64958081387,133788039347
93,부동산신탁,16953,대신자산신탁,B,SM032,부채현황(차입부채),A41,(사채발행차금),,,,,,,,,,,,,,,,,,,,,,,,,,,,,,,,,,,0,0, ,0,0,0,0,0,0,0,0,0,0,0,0,0,0,0,0,0,0,0,67040296,-58600408,-49376812,-41918613,-211960653
94,부동산신탁,16953,대신자산신탁,B,SM032,부채현황(차입부채),A5,발행어음(종금계정),,,,,,,,,,,,,,,,,,,,,,,,,,,,,,,,,,,0,0, ,0,0,0,0,0,0,0,0,0,0,0,0,0,0,0,0,0,0,0,0,0,0,0,0
95,부동산신탁,16953,대신자산신탁,B,SM032,부채현황(차입부채),A6,기타,,,,,,,,,,,,,,,,,,,,,,,,,,,,,,,,,,,0,0,0,0,0,0,0,0,0,0,0,0,0,0,0,0,0,0,0,0,0,0,0,0,0,0,0
96,부동산신탁,17106,한국투자부동산신탁,B,SM032,부채현황(차입부채),A,차입부채 계,,,,,,,,,,,,,,,,,,,,,,,,,,,,,,,,,,,,0,0,0,0,0,0,0,0,0,0,0,0,0,0,0,0,90000000000,130000000000,210000000000,270000000000,370000000000,370000000000,420000000000,540000000000,570000000000,590000000000
97,부동산신탁,17106,한국투자부동산신탁,B,SM032,부채현황(차입부채),A1,(현재가치할인차금 등),,,,,,,,,,,,,,,,,,,,,,,,,,,,,,,,,,,, , , , , , , , , , , ,0,0,0,0,0,0,0,0,0,0,0,0,0,0,0
98,부동산신탁,17106,한국투자부동산신탁,B,SM032,부채현황(차입부채),A2,차입금,,,,,,,,,,,,,,,,,,,,,,,,,,,,,,,,,,,,0,0,0,0,0,0,0,0,0,0,0,0,0,0,0,0,90000000000,130000000000,210000000000,270000000000,370000000000,370000000000,420000000000,540000000000,570000000000,590000000000
99,부동산신탁,17106,한국투자부동산신탁,B,SM032,부채현황(차입부채),A3,매도증권,,,,,,,,,,,,,,,,,,,,,,,,,,,,,,,,,,,,0,0,0,0,0,0,0,0,0,0,0,0,0,0,0,0,0,0,0,0,0,0,0,0,0,0
100,부동산신탁,17106,한국투자부동산신탁,B,SM032,부채현황(차입부채),A4,사채,,,,,,,,,,,,,,,,,,,,,,,,,,,,,,,,,,,,0,0,0,0,0,0,0,0,0,0,0,0,0,0,0,0,0,0,0,0,0,0,0,0,0,0
101,부동산신탁,17106,한국투자부동산신탁,B,SM032,부채현황(차입부채),A41,(사채발행차금),,,,,,,,,,,,,,,,,,,,,,,,,,,,,,,,,,,, , , , , , , , , , , , , , , , , , , , , , , , , , 
102,부동산신탁,17106,한국투자부동산신탁,B,SM032,부채현황(차입부채),A5,발행어음(종금계정),,,,,,,,,,,,,,,,,,,,,,,,,,,,,,,,,,,, , , , , , , , , , , , , , , , , , , , , , , , , , 
103,부동산신탁,17106,한국투자부동산신탁,B,SM032,부채현황(차입부채),A6,기타,,,,,,,,,,,,,,,,,,,,,,,,,,,,,,,,,,,,0,0,0,0,0,0,0,0,0,0,0,0,0,0,0,0,0,0,0,0,0,0,0,0,0,0
104,부동산신탁,17107,신영부동산신탁,B,SM032,부채현황(차입부채),A,차입부채 계,,,,,,,,,,,,,,,,,,,,,,,,,,,,,,,,,,,,0,0,0,0,0,0,0,0,0,0,0,0,0,0,0,0,0,0,0,0,0,0,5000000000,5000000000,5000000000,5000000000
105,부동산신탁,17107,신영부동산신탁,B,SM032,부채현황(차입부채),A1,(현재가치할인차금 등),,,,,,,,,,,,,,,,,,,,,,,,,,,,,,,,,,,,0,0,0,0,0,0,0,0,0,0,0,0,0,0,0,0,0,0,0,0,0,0,0,0,0,0
106,부동산신탁,17107,신영부동산신탁,B,SM032,부채현황(차입부채),A2,차입금,,,,,,,,,,,,,,,,,,,,,,,,,,,,,,,,,,,,0,0,0,0,0,0,0,0,0,0,0,0,0,0,0,0,0,0,0,0,0,0,5000000000,5000000000,5000000000,5000000000
107,부동산신탁,17107,신영부동산신탁,B,SM032,부채현황(차입부채),A3,매도증권,,,,,,,,,,,,,,,,,,,,,,,,,,,,,,,,,,,,0,0,0,0,0,0,0,0,0,0,0,0,0,0,0,0,0,0,0,0,0,0,0,0,0,0
108,부동산신탁,17107,신영부동산신탁,B,SM032,부채현황(차입부채),A4,사채,,,,,,,,,,,,,,,,,,,,,,,,,,,,,,,,,,,,0,0,0,0,0,0,0,0,0,0,0,0,0,0,0,0,0,0,0,0,0,0,0,0,0,0
109,부동산신탁,17107,신영부동산신탁,B,SM032,부채현황(차입부채),A41,(사채발행차금),,,,,,,,,,,,,,,,,,,,,,,,,,,,,,,,,,,,0,0,0,0,0,0,0,0,0,0,0,0,0,0,0,0,0, ,0,0,0,0,0,0,0,0
110,부동산신탁,17107,신영부동산신탁,B,SM032,부채현황(차입부채),A5,발행어음(종금계정),,,,,,,,,,,,,,,,,,,,,,,,,,,,,,,,,,,,0,0,0,0,0,0,0,0,0,0,0,0,0,0,0,0,0, ,0,0,0,0,0,0,0,0
111,부동산신탁,17107,신영부동산신탁,B,SM032,부채현황(차입부채),A6,기타,,,,,,,,,,,,,,,,,,,,,,,,,,,,,,,,,,,,0,0,0,0,0,0,0,0,0,0,0,0,0,0,0,0,0,0,0,0,0,0,0,0,0,0
