,금융구분,금융회사코드,금융회사명,통계분류,통계표코드,통계표명,코드,구분,200903,201106,201109,201112,201203,201206,201209,201212,201303,201306,201309,201312,201403,201406,201409,201412,201503,201506,201509,201512,201603,201606,201609,201612,201703,201706,201709,201712,201803,201806,201809,201812,201903,201906,201909,201912,202003,202006,202009,202012,202103,202106,202109,202112,202203,202206,202209,202212,202303,202306,202309,202312,202403,202406,202409,202412,202503
0,부동산신탁,10902,한국토지신탁,B,SM020,유가증권 보유현황(관계회사 투자지분),A,관계회사투자지분,0.0,0.0,386656469.0,2370070000.0,2169150591.0,37398390055.0,38338260674.0,38049188990.0,38411463357.0,38800713100.0,38736897828.0,39046035390.0,43187538343.0,21650215453.0,21288023053.0,24260829253.0,24234081253.0,40203219153.0,70503370153.0,129717582453.0,131656997903.0,116214936852.0,202180490361.0,187690030906.0,182072063242.0,179086835981.0,169777040829.0,152202145456.0,136403613934.0,127999660140.0,124225443925.0,114580365587.0,128752151482.0,132318027897.0,138950058270.0,133025399045.0,145260693045.0,137485443002.0,137718770695.0,152789904964.0,171350122945.0,142237839855.0,269192396953.0,267340315458.0,295040315458.0,266198423137.0,287928423137.0,312680948318.0,312680948318.0,319380948318.0,327481039692.0,332721039692.0,382794009692.0,388854009692.0,424759418318.0,391681821201.0,383681821201.0
1,부동산신탁,10902,한국토지신탁,B,SM020,유가증권 보유현황(관계회사 투자지분),A1,연결대상회사 투자지분,0.0,0.0,0.0,2035220000.0,1834300591.0,37063540055.0,38003410674.0,37714338990.0,38076613357.0,38465863100.0,38402047828.0,38711185390.0,39616890490.0,18079567600.0,18052225200.0,18025031400.0,17998283400.0,31517421300.0,65053370153.0,124267582453.0,126206997903.0,110764936852.0,135148490361.0,120658030906.0,118040063242.0,115054835981.0,105745040829.0,88170145456.0,72371613934.0,63967660140.0,60193443925.0,49066012587.0,53237798482.0,54044851897.0,49003353270.0,41993399045.0,41993399045.0,34218149002.0,34201476695.0,33772610964.0,52332828945.0,42654105191.0,169910396953.0,81864315458.0,109564315458.0,80722423137.0,100452423137.0,116131948318.0,116131948318.0,118131948318.0,121696539692.0,119696539692.0,169769509692.0,169769509692.0,165674918318.0,139514918318.0,139514918318.0
2,부동산신탁,10902,한국토지신탁,B,SM020,유가증권 보유현황(관계회사 투자지분),A2,비연결대상회사 투자지분,0.0,0.0,386656469.0,334850000.0,334850000.0,334850000.0,334850000.0,334850000.0,334850000.0,334850000.0,334850000.0,334850000.0,3570647853.0,3570647853.0,3235797853.0,6235797853.0,6235797853.0,8685797853.0,5450000000.0,5450000000.0,5450000000.0,5450000000.0,67032000000.0,67032000000.0,64032000000.0,64032000000.0,64032000000.0,64032000000.0,64032000000.0,64032000000.0,64032000000.0,65514353000.0,75514353000.0,78273176000.0,89946705000.0,91032000000.0,103267294000.0,103267294000.0,103517294000.0,119017294000.0,119017294000.0,99583734664.0,99282000000.0,185476000000.0,185476000000.0,185476000000.0,187476000000.0,196549000000.0,196549000000.0,201249000000.0,205784500000.0,213024500000.0,213024500000.0,219084500000.0,259084500000.0,252166902883.0,244166902883.0
3,부동산신탁,10903,KB부동산신탁(주),B,SM020,유가증권 보유현황(관계회사 투자지분),A,관계회사투자지분,0.0,7500000.0,7500000.0,7500000.0,7500000.0,7500000.0,7500000.0,7500000.0,7500000.0,7500000.0,7500000.0,0.0,0.0,0.0,0.0,0.0,0.0,0.0,0.0,0.0,0.0,0.0,0.0,0.0,0.0,0.0,0.0,0.0,0.0,0.0,0.0,0.0,0.0,0.0,0.0,0.0,0.0,0.0,0.0,0.0,0.0,0.0,0.0,0.0,0.0,0.0,0.0,0.0,0.0,0.0,0.0,0.0,0.0,0.0,0.0,0.0,0.0
4,부동산신탁,10903,KB부동산신탁(주),B,SM020,유가증권 보유현황(관계회사 투자지분),A1,연결대상회사 투자지분,0.0,0.0,0.0,0.0,0.0,0.0,0.0,0.0,0.0,0.0,0.0,0.0,0.0,0.0,0.0,0.0,0.0,0.0,0.0,0.0,0.0,0.0,0.0,0.0,0.0,0.0,0.0,0.0,0.0,0.0,0.0,0.0,0.0,0.0,0.0,0.0,0.0,0.0,0.0,0.0,0.0,0.0,0.0,0.0,0.0,0.0,0.0,0.0,0.0,0.0,0.0,0.0,0.0,0.0,0.0,0.0,0.0
5,부동산신탁,10903,KB부동산신탁(주),B,SM020,유가증권 보유현황(관계회사 투자지분),A2,비연결대상회사 투자지분,0.0,7500000.0,7500000.0,7500000.0,7500000.0,7500000.0,7500000.0,7500000.0,7500000.0,7500000.0,7500000.0,0.0,0.0,0.0,0.0,0.0,0.0,0.0,0.0,0.0,0.0,0.0,0.0,0.0,0.0,0.0,0.0,0.0,0.0,0.0,0.0,0.0,0.0,0.0,0.0,0.0,0.0,0.0,0.0,0.0,0.0,0.0,0.0,0.0,0.0,0.0,0.0,0.0,0.0,0.0,0.0,0.0,0.0,0.0,0.0,0.0,0.0
6,부동산신탁,10904,대한토지신탁,B,SM020,유가증권 보유현황(관계회사 투자지분),A,관계회사투자지분,18732342045.0,18410128011.0,18410128011.0,18410128011.0,18410128011.0,18410128011.0,18410128011.0,18410128011.0,18410128011.0,18410128011.0,18410128011.0,18410128011.0,18410128011.0,18410128011.0,18410128011.0,18410128011.0,18410128011.0,18410128011.0,18410128011.0,0.0,0.0,19602751332.0,19864195800.0,19864420901.0,19854564200.0,19864019692.0,30590455017.0,30576781902.0,30472944869.0,24457173332.0,22928136841.0,20647294746.0,20634917099.0,20557699118.0,15674808275.0,15713388296.0,11313287087.0,0.0,0.0,0.0,0.0,0.0,0.0,0.0,0.0,0.0,0.0,0.0,0.0,0.0,0.0,0.0,0.0,0.0,0.0,5088736251.0,4877986780.0
7,부동산신탁,10904,대한토지신탁,B,SM020,유가증권 보유현황(관계회사 투자지분),A1,연결대상회사 투자지분,18732342045.0,18410128011.0,18410128011.0,18410128011.0,18410128011.0,18410128011.0,18410128011.0,18410128011.0,18410128011.0,18410128011.0,18410128011.0,18410128011.0,18410128011.0,18410128011.0,18410128011.0,18410128011.0,18410128011.0,18410128011.0,18410128011.0,0.0,0.0,0.0,0.0,0.0,0.0,0.0,0.0,0.0,0.0,0.0,0.0,0.0,0.0,0.0,0.0,0.0,0.0,0.0,0.0,0.0,0.0,0.0,0.0,0.0,0.0,0.0,0.0,0.0,0.0,0.0,0.0,0.0,0.0,0.0,0.0,0.0,0.0
8,부동산신탁,10904,대한토지신탁,B,SM020,유가증권 보유현황(관계회사 투자지분),A2,비연결대상회사 투자지분,0.0,0.0,0.0,0.0,0.0,0.0,0.0,0.0,0.0,0.0,0.0,0.0,0.0,0.0,0.0,0.0,0.0,0.0,0.0,0.0,0.0,19602751332.0,19864195800.0,19864420901.0,19854564200.0,19864019692.0,30590455017.0,30576781902.0,30472944869.0,24457173332.0,22928136841.0,20647294746.0,20634917099.0,20557699118.0,15674808275.0,15713388296.0,11313287087.0,0.0,0.0,0.0,0.0,0.0,0.0,0.0,0.0,0.0,0.0,0.0,0.0,0.0,0.0,0.0,0.0,0.0,0.0,5088736251.0,4877986780.0
9,부동산신탁,10905,교보자산신탁,B,SM020,유가증권 보유현황(관계회사 투자지분),A,관계회사투자지분,0.0,0.0,0.0,0.0,0.0,0.0,0.0,0.0,0.0,0.0,0.0,0.0,0.0,0.0,0.0,0.0,0.0,0.0,0.0,0.0,0.0,0.0,0.0,0.0,0.0,0.0,0.0,0.0,5584464500.0,5585364500.0,5985364500.0,6420139500.0,6820139500.0,14320139500.0,14570139500.0,0.0,0.0,0.0,0.0,0.0,0.0,0.0,0.0,0.0,0.0,0.0,0.0,0.0,0.0,0.0,0.0,0.0,0.0,0.0,0.0,0.0,0.0
10,부동산신탁,10905,교보자산신탁,B,SM020,유가증권 보유현황(관계회사 투자지분),A1,연결대상회사 투자지분,0.0,0.0,0.0,0.0,0.0,0.0,0.0,0.0,0.0,0.0,0.0,0.0,0.0,0.0,0.0,0.0,0.0,0.0,0.0,0.0,0.0,0.0,0.0,0.0,0.0,0.0,0.0,0.0,0.0,0.0,0.0,0.0,0.0,0.0,0.0,0.0,0.0,0.0,0.0,0.0,0.0,0.0,0.0,0.0,0.0,0.0,0.0,0.0,0.0,0.0,0.0,0.0,0.0,0.0,0.0,0.0,0.0
11,부동산신탁,10905,교보자산신탁,B,SM020,유가증권 보유현황(관계회사 투자지분),A2,비연결대상회사 투자지분,0.0,0.0,0.0,0.0,0.0,0.0,0.0,0.0,0.0,0.0,0.0,0.0,0.0,0.0,0.0,0.0,0.0,0.0,0.0,0.0,0.0,0.0,0.0,0.0,0.0,0.0,0.0,0.0,5584464500.0,5585364500.0,5985364500.0,6420139500.0,6820139500.0,14320139500.0,14570139500.0,0.0,0.0,0.0,0.0,0.0,0.0,0.0,0.0,0.0,0.0,0.0,0.0,0.0,0.0,0.0,0.0,0.0,0.0,0.0,0.0,0.0,0.0
12,부동산신탁,10906,한국자산신탁,B,SM020,유가증권 보유현황(관계회사 투자지분),A,관계회사투자지분,0.0,0.0,0.0,0.0,500000000.0,40500000000.0,40500000000.0,40500000000.0,40000000000.0,40000000000.0,40000000000.0,40500000000.0,40500000000.0,40000000000.0,40000000000.0,40000000000.0,40000000000.0,40500000000.0,40000000000.0,42371922120.0,42371922120.0,42371922120.0,62971922120.0,63271922120.0,62971922120.0,72671922120.0,72671922120.0,62671922120.0,62671922120.0,65671922120.0,65671922120.0,64321149491.0,64320510947.0,60671922120.0,60671922120.0,66075702120.0,67775702120.0,66775702120.0,66075702120.0,106075702120.0,106375702120.0,106075702120.0,155776962120.0,205776962120.0,205776962120.0,205776962120.0,205776962120.0,255776962120.0,260412662120.0,261411402120.0,261411402120.0,259816641263.0,259816641263.0,254476800729.0,263582182421.0,262073405169.0,262180762394.0
13,부동산신탁,10906,한국자산신탁,B,SM020,유가증권 보유현황(관계회사 투자지분),A1,연결대상회사 투자지분,0.0,0.0,0.0,0.0,500000000.0,40500000000.0,40500000000.0,40500000000.0,40000000000.0,40000000000.0,40000000000.0,40500000000.0,40500000000.0,40000000000.0,40000000000.0,40000000000.0,40000000000.0,40500000000.0,40000000000.0,42371922120.0,42371922120.0,42371922120.0,62971922120.0,63271922120.0,62971922120.0,72671922120.0,72671922120.0,62671922120.0,62671922120.0,65671922120.0,65671922120.0,60671922120.0,60671922120.0,60671922120.0,60671922120.0,60671922120.0,62371922120.0,61371922120.0,60671922120.0,100671922120.0,100971922120.0,100671922120.0,150371922120.0,200371922120.0,200371922120.0,200371922120.0,200371922120.0,250371922120.0,255007622120.0,256007622120.0,256007622120.0,254412861263.0,254412861263.0,254412861263.0,253518242955.0,253519108319.0,253294346554.0
14,부동산신탁,10906,한국자산신탁,B,SM020,유가증권 보유현황(관계회사 투자지분),A2,비연결대상회사 투자지분,0.0,0.0,0.0,0.0,0.0,0.0,0.0,0.0,0.0,0.0,0.0,0.0,0.0,0.0,0.0,0.0,0.0,0.0,0.0,0.0,0.0,0.0,0.0,0.0,0.0,0.0,0.0,0.0,0.0,0.0,0.0,3649227371.0,3648588827.0,0.0,0.0,5403780000.0,5403780000.0,5403780000.0,5403780000.0,5403780000.0,5403780000.0,5403780000.0,5405040000.0,5405040000.0,5405040000.0,5405040000.0,5405040000.0,5405040000.0,5405040000.0,5403780000.0,5403780000.0,5403780000.0,5403780000.0,63939466.0,10063939466.0,8554296850.0,8886415840.0
15,부동산신탁,11452,하나자산신탁,B,SM020,유가증권 보유현황(관계회사 투자지분),A,관계회사투자지분,8022330485.0,13857344865.0,13857344865.0,13636089779.0,13636089779.0,13636089779.0,13636089779.0,13636089779.0,13636089779.0,13636089779.0,13636089779.0,13636089779.0,13636089779.0,13636089779.0,13636089779.0,13636089779.0,13636089779.0,13636089779.0,13636089779.0,13636089779.0,13636089779.0,2052347724.0,2052347724.0,2052347724.0,2052347724.0,2069362213.0,2059194990.0,2058538276.0,1980080773.0,2019677227.0,1837442218.0,1915006359.0,1823352392.0,1968075959.0,1979794263.0,2320464633.0,2241313227.0,2318603711.0,2305505219.0,7118350396.0,6958880142.0,6975294538.0,7003543011.0,6996028735.0,6841419829.0,8900117974.0,8963674185.0,8992591620.0,8855951401.0,8853669324.0,8813801438.0,8776472843.0,8472740045.0,8245706402.0,5245721574.0,6083884601.0,5796525613.0
16,부동산신탁,11452,하나자산신탁,B,SM020,유가증권 보유현황(관계회사 투자지분),A1,연결대상회사 투자지분,1805921771.0,11583742055.0,11583742055.0,11583742055.0,11583742055.0,11583742055.0,11583742055.0,11583742055.0,11583742055.0,11583742055.0,11583742055.0,11583742055.0,11583742055.0,11583742055.0,11583742055.0,11583742055.0,11583742055.0,11583742055.0,11583742055.0,11583742055.0,11583742055.0,2052347724.0,0.0,0.0,0.0,0.0,0.0,0.0,0.0,0.0,0.0,0.0,0.0,0.0,0.0,0.0,0.0,0.0,0.0,0.0,0.0,0.0,0.0,0.0,0.0,0.0,0.0,0.0,0.0,0.0,0.0,0.0,0.0,0.0,0.0,0.0,0.0
17,부동산신탁,11452,하나자산신탁,B,SM020,유가증권 보유현황(관계회사 투자지분),A2,비연결대상회사 투자지분,6216408714.0,2273602810.0,2273602810.0,2052347724.0,2052347724.0,2052347724.0,2052347724.0,2052347724.0,2052347724.0,2052347724.0,2052347724.0,2052347724.0,2052347724.0,2052347724.0,2052347724.0,2052347724.0,2052347724.0,2052347724.0,2052347724.0,2052347724.0,2052347724.0,0.0,2052347724.0,2052347724.0,2052347724.0,2069362213.0,2059194990.0,2058538276.0,1980080773.0,2019677227.0,1837442218.0,1915006359.0,1823352392.0,1968075959.0,1979794263.0,2320464633.0,2241313227.0,2318603711.0,2305505219.0,7118350396.0,6958880142.0,6975294538.0,7003543011.0,6996028735.0,6841419829.0,8900117974.0,8963674185.0,8992591620.0,8855951401.0,8853669324.0,8813801438.0,8776472843.0,8472740045.0,8245706402.0,5245721574.0,6083884601.0,5796525613.0
18,부동산신탁,11643,코람코자산신탁,B,SM020,유가증권 보유현황(관계회사 투자지분),A,관계회사투자지분,0.0,10000000000.0,10000000000.0,10000000000.0,10000000000.0,10000000000.0,10000000000.0,10000000000.0,10000000000.0,10000000000.0,10000000000.0,10000000000.0,10000000000.0,10000000000.0,10000000000.0,10000000000.0,10000000000.0,10000000000.0,10000000000.0,10000000000.0,10000000000.0,10000000000.0,10000000000.0,10000000000.0,10000000000.0,10000000000.0,10000000000.0,10000000000.0,10000000000.0,10000000000.0,10000000000.0,10000000000.0,10000000000.0,10000000000.0,10000000000.0,10000000000.0,10000000000.0,10000000000.0,10000000000.0,10000000000.0,10000000000.0,12000000000.0,13870783544.0,16545335137.0,16554558444.0,19307390461.0,20223890871.0,17641870218.0,17487294306.0,17417936021.0,16967081986.0,16529515420.0,16531231665.0,16037674695.0,15987234806.0,13958555400.0,13991301321.0
19,부동산신탁,11643,코람코자산신탁,B,SM020,유가증권 보유현황(관계회사 투자지분),A1,연결대상회사 투자지분,0.0,10000000000.0,10000000000.0,10000000000.0,10000000000.0,10000000000.0,10000000000.0,10000000000.0,10000000000.0,10000000000.0,10000000000.0,10000000000.0,10000000000.0,10000000000.0,10000000000.0,10000000000.0,10000000000.0,10000000000.0,10000000000.0,10000000000.0,10000000000.0,10000000000.0,10000000000.0,10000000000.0,10000000000.0,10000000000.0,10000000000.0,10000000000.0,10000000000.0,10000000000.0,10000000000.0,10000000000.0,10000000000.0,10000000000.0,10000000000.0,10000000000.0,10000000000.0,10000000000.0,10000000000.0,10000000000.0,10000000000.0,12000000000.0,12000000000.0,12000000000.0,12000000000.0,13000000000.0,13000000000.0,12600000000.0,12600000000.0,12600000000.0,12134990159.0,12134990159.0,12134990159.0,11742658561.0,11742658561.0,11017386102.0,11017386102.0
20,부동산신탁,11643,코람코자산신탁,B,SM020,유가증권 보유현황(관계회사 투자지분),A2,비연결대상회사 투자지분,0.0,0.0,0.0,0.0,0.0,0.0,0.0,0.0,0.0,0.0,0.0,0.0,0.0,0.0,0.0,0.0,0.0,0.0,0.0,0.0,0.0,0.0,0.0,0.0,0.0,0.0,0.0,0.0,0.0,0.0,0.0,0.0,0.0,0.0,0.0,0.0,0.0,0.0,0.0,0.0,0.0,0.0,1870783544.0,4545335137.0,4554558444.0,6307390461.0,7223890871.0,5041870218.0,4887294306.0,4817936021.0,4832091827.0,4394525261.0,4396241506.0,4295016134.0,4244576245.0,2941169298.0,2973915219.0
21,부동산신탁,11877,신한자산신탁주식회사,B,SM020,유가증권 보유현황(관계회사 투자지분),A,관계회사투자지분,0.0,0.0,0.0,0.0,0.0,0.0,0.0,0.0,0.0,0.0,0.0,0.0,0.0,0.0,0.0,0.0,0.0,0.0,0.0,0.0,0.0,0.0,0.0,0.0,0.0,0.0,0.0,0.0,0.0,0.0,0.0,0.0,0.0,0.0,0.0,0.0,0.0,0.0,0.0,0.0,0.0,0.0,0.0,0.0,0.0,0.0,0.0,0.0,0.0,0.0,0.0,0.0,0.0,0.0,0.0,0.0,0.0
22,부동산신탁,11877,신한자산신탁주식회사,B,SM020,유가증권 보유현황(관계회사 투자지분),A1,연결대상회사 투자지분,0.0,0.0,0.0,0.0,0.0,0.0,0.0,0.0,0.0,0.0,0.0,0.0,0.0,0.0,0.0,0.0,0.0,0.0,0.0,0.0,0.0,0.0,0.0,0.0,0.0,0.0,0.0,0.0,0.0,0.0,0.0,0.0,0.0,0.0,0.0,0.0,0.0,0.0,0.0,0.0,0.0,0.0,0.0,0.0,0.0,0.0,0.0,0.0,0.0,0.0,0.0,0.0,0.0,0.0,0.0,0.0,0.0
23,부동산신탁,11877,신한자산신탁주식회사,B,SM020,유가증권 보유현황(관계회사 투자지분),A2,비연결대상회사 투자지분,0.0,0.0,0.0,0.0,0.0,0.0,0.0,0.0,0.0,0.0,0.0,0.0,0.0,0.0,0.0,0.0,0.0,0.0,0.0,0.0,0.0,0.0,0.0,0.0,0.0,0.0,0.0,0.0,0.0,0.0,0.0,0.0,0.0,0.0,0.0,0.0,0.0,0.0,0.0,0.0,0.0,0.0,0.0,0.0,0.0,0.0,0.0,0.0,0.0,0.0,0.0,0.0,0.0,0.0,0.0,0.0,0.0
24,부동산신탁,11892,우리자산신탁,B,SM020,유가증권 보유현황(관계회사 투자지분),A,관계회사투자지분,0.0,0.0,0.0,0.0,0.0,0.0,0.0,0.0,0.0,0.0,0.0,0.0,0.0,0.0,0.0,0.0,0.0,0.0,0.0,0.0,0.0,0.0,0.0,1550000000.0,0.0,0.0,0.0,2300000000.0,2300000000.0,2300000000.0,2300000000.0,2300000000.0,2300000000.0,2300000000.0,0.0,0.0,0.0,0.0,0.0,0.0,0.0,0.0,0.0,0.0,0.0,0.0,0.0,0.0,0.0,0.0,0.0,0.0,0.0,0.0,0.0,0.0,0.0
25,부동산신탁,11892,우리자산신탁,B,SM020,유가증권 보유현황(관계회사 투자지분),A1,연결대상회사 투자지분,0.0,0.0,0.0,0.0,0.0,0.0,0.0,0.0,0.0,0.0,0.0,0.0,0.0,0.0,0.0,0.0,0.0,0.0,0.0,0.0,0.0,0.0,0.0,0.0,0.0,0.0,0.0,2300000000.0,2300000000.0,2300000000.0,2300000000.0,2300000000.0,2300000000.0,2300000000.0,0.0,0.0,0.0,0.0,0.0,0.0,0.0,0.0,0.0,0.0,0.0,0.0,0.0,0.0,0.0,0.0,0.0,0.0,0.0,0.0,0.0,0.0,0.0
26,부동산신탁,11892,우리자산신탁,B,SM020,유가증권 보유현황(관계회사 투자지분),A2,비연결대상회사 투자지분,0.0,0.0,0.0,0.0,0.0,0.0,0.0,0.0,0.0,0.0,0.0,0.0,0.0,0.0,0.0,0.0,0.0,0.0,0.0,0.0,0.0,0.0,0.0,1550000000.0,0.0,0.0,0.0,0.0,0.0,0.0,0.0,0.0,0.0,0.0,0.0,0.0,0.0,0.0,0.0,0.0,0.0,0.0,0.0,0.0,0.0,0.0,0.0,0.0,0.0,0.0,0.0,0.0,0.0,0.0,0.0,0.0,0.0
27,부동산신탁,12279,무궁화신탁,B,SM020,유가증권 보유현황(관계회사 투자지분),A,관계회사투자지분,,0.0,0.0,0.0,0.0,0.0,0.0,0.0,0.0,0.0,0.0,0.0,0.0,0.0,0.0,0.0,0.0,0.0,0.0,0.0,0.0,0.0,0.0,0.0,2600000000.0,2467629370.0,15401524069.0,24968294710.0,25299525327.0,14623414297.0,15008839474.0,21851678671.0,43492128080.0,43843539980.0,45857406895.0,46159228166.0,81884015073.0,87691960479.0,89407739684.0,94487224610.0,102186640837.0,84303594938.0,100326697265.0,108412311452.0,107102627718.0,116684961022.0,121620394068.0,115537049440.0,112919146945.0,118704469871.0,118615105051.0,99370676228.0,89981345160.0,84271553785.0,71635908956.0,32838639995.0,32800846016.0
28,부동산신탁,12279,무궁화신탁,B,SM020,유가증권 보유현황(관계회사 투자지분),A1,연결대상회사 투자지분,,0.0,0.0,0.0,0.0,0.0,0.0,0.0,0.0,0.0,0.0,0.0,0.0,0.0,0.0,0.0,0.0,0.0,0.0,0.0,0.0,0.0,0.0,0.0,0.0,0.0,0.0,0.0,0.0,0.0,0.0,0.0,0.0,0.0,0.0,0.0,69256576052.0,72696576052.0,72696576052.0,73496576052.0,75896576052.0,58582432039.0,59782432039.0,59782432039.0,59782432039.0,59782432039.0,59782432039.0,55623432039.0,55623432039.0,55623432039.0,55623432039.0,52277448701.0,52277448701.0,53277458699.0,53277458699.0,32613943207.0,32613943207.0
29,부동산신탁,12279,무궁화신탁,B,SM020,유가증권 보유현황(관계회사 투자지분),A2,비연결대상회사 투자지분,,0.0,0.0,0.0,0.0,0.0,0.0,0.0,0.0,0.0,0.0,0.0,0.0,0.0,0.0,0.0,0.0,0.0,0.0,0.0,0.0,0.0,0.0,0.0,2600000000.0,2467629370.0,15401524069.0,24968294710.0,25299525327.0,14623414297.0,15008839474.0,21851678671.0,43492128080.0,43843539980.0,45857406895.0,46159228166.0,12627439021.0,14995384427.0,16711163632.0,20990648558.0,26290064785.0,25721162899.0,40544265226.0,48629879413.0,47320195679.0,56902528983.0,61837962029.0,59913617401.0,57295714906.0,63081037832.0,62991673012.0,47093227527.0,37703896459.0,30994095086.0,18358450257.0,224696788.0,186902809.0
30,부동산신탁,12306,코리아신탁,B,SM020,유가증권 보유현황(관계회사 투자지분),A,관계회사투자지분,,0.0,0.0,0.0,0.0,0.0,0.0,0.0,0.0,0.0,0.0,0.0,0.0,0.0,0.0,0.0,0.0,0.0,0.0,0.0,0.0,0.0,0.0,0.0,0.0,0.0,0.0,0.0,0.0,0.0,0.0,0.0,0.0,0.0,0.0,0.0,0.0,0.0,0.0,0.0,0.0,0.0,0.0,0.0,0.0,0.0,10000000000.0,10000000000.0,10000000000.0,10000000000.0,10000000000.0,10000000000.0,10000000000.0,10000000000.0,10000000000.0,10000000000.0,10000000000.0
31,부동산신탁,12306,코리아신탁,B,SM020,유가증권 보유현황(관계회사 투자지분),A1,연결대상회사 투자지분,,0.0,0.0,0.0,0.0,0.0,0.0,0.0,0.0,0.0,0.0,0.0,0.0,0.0,0.0,0.0,0.0,0.0,0.0,0.0,0.0,0.0,0.0,0.0,0.0,0.0,0.0,0.0,0.0,0.0,0.0,0.0,0.0,0.0,0.0,0.0,0.0,0.0,0.0,0.0,0.0,0.0,0.0,0.0,0.0,0.0,10000000000.0,10000000000.0,10000000000.0,10000000000.0,10000000000.0,10000000000.0,10000000000.0,10000000000.0,10000000000.0,10000000000.0,10000000000.0
32,부동산신탁,12306,코리아신탁,B,SM020,유가증권 보유현황(관계회사 투자지분),A2,비연결대상회사 투자지분,,0.0,0.0,0.0,0.0,0.0,0.0,0.0,0.0,0.0,0.0,0.0,0.0,0.0,0.0,0.0,0.0,0.0,0.0,0.0,0.0,0.0,0.0,0.0,0.0,0.0,0.0,0.0,0.0,0.0,0.0,0.0,0.0,0.0,0.0,0.0,0.0,0.0,0.0,0.0,0.0,0.0,0.0,0.0,0.0,0.0,0.0,0.0,0.0,0.0,0.0,0.0,0.0,0.0,0.0,0.0,0.0
33,부동산신탁,16953,대신자산신탁,B,SM020,유가증권 보유현황(관계회사 투자지분),A,관계회사투자지분,,,,,,,,,,,,,,,,,,,,,,,,,,,,,,,,,,,0.0,0.0,0.0,0.0,0.0,2000000000.0,2000000000.0,2000000000.0,2000000000.0,2300000000.0,2300000000.0,2890000000.0,4039000000.0,4039000000.0,4039000000.0,4039000000.0,4039000000.0,3394300000.0,3394300000.0,6394300000.0,1394300000.0,1394300000.0,1304300000.0
34,부동산신탁,16953,대신자산신탁,B,SM020,유가증권 보유현황(관계회사 투자지분),A1,연결대상회사 투자지분,,,,,,,,,,,,,,,,,,,,,,,,,,,,,,,,,,,0.0,0.0,0.0,0.0,0.0,0.0,0.0,0.0,0.0,0.0,0.0,0.0,0.0,0.0,0.0,0.0,0.0,0.0,0.0,0.0,0.0,0.0,0.0
35,부동산신탁,16953,대신자산신탁,B,SM020,유가증권 보유현황(관계회사 투자지분),A2,비연결대상회사 투자지분,,,,,,,,,,,,,,,,,,,,,,,,,,,,,,,,,,,0.0,0.0,0.0,0.0,0.0,2000000000.0,2000000000.0,2000000000.0,2000000000.0,2300000000.0,2300000000.0,2890000000.0,4039000000.0,4039000000.0,4039000000.0,4039000000.0,4039000000.0,3394300000.0,3394300000.0,6394300000.0,1394300000.0,1394300000.0,1304300000.0
36,부동산신탁,17106,한국투자부동산신탁,B,SM020,유가증권 보유현황(관계회사 투자지분),A,관계회사투자지분,,,,,,,,,,,,,,,,,,,,,,,,,,,,,,,,,,,,0.0,0.0,0.0,0.0,0.0,0.0,0.0,0.0,0.0,0.0,0.0,0.0,50025995.0,1494010922.0,4528964084.0,4604807088.0,4435087811.0,4497538064.0,5262193253.0,10398199575.0,10160459870.0,10363358637.0
37,부동산신탁,17106,한국투자부동산신탁,B,SM020,유가증권 보유현황(관계회사 투자지분),A1,연결대상회사 투자지분,,,,,,,,,,,,,,,,,,,,,,,,,,,,,,,,,,,,0.0,0.0,0.0,0.0,0.0,0.0,0.0,0.0,0.0,0.0,0.0,0.0,0.0,0.0,0.0,0.0,0.0,0.0,0.0,0.0,0.0,0.0
38,부동산신탁,17106,한국투자부동산신탁,B,SM020,유가증권 보유현황(관계회사 투자지분),A2,비연결대상회사 투자지분,,,,,,,,,,,,,,,,,,,,,,,,,,,,,,,,,,,,0.0,0.0,0.0,0.0,0.0,0.0,0.0,0.0,0.0,0.0,0.0,0.0,50025995.0,1494010922.0,4528964084.0,4604807088.0,4435087811.0,4497538064.0,5262193253.0,10398199575.0,10160459870.0,10363358637.0
39,부동산신탁,17107,신영부동산신탁,B,SM020,유가증권 보유현황(관계회사 투자지분),A,관계회사투자지분,,,,,,,,,,,,,,,,,,,,,,,,,,,,,,,,,,,,0.0,0.0,0.0,0.0,0.0,0.0,0.0,0.0,0.0,0.0,0.0,0.0,0.0,0.0,0.0,0.0,0.0,0.0,0.0,0.0,0.0,0.0
40,부동산신탁,17107,신영부동산신탁,B,SM020,유가증권 보유현황(관계회사 투자지분),A1,연결대상회사 투자지분,,,,,,,,,,,,,,,,,,,,,,,,,,,,,,,,,,,,0.0,0.0,0.0,0.0,0.0,0.0,0.0,0.0,0.0,0.0,0.0,0.0,0.0,0.0,0.0,0.0,0.0,0.0,0.0,0.0,0.0,0.0
41,부동산신탁,17107,신영부동산신탁,B,SM020,유가증권 보유현황(관계회사 투자지분),A2,비연결대상회사 투자지분,,,,,,,,,,,,,,,,,,,,,,,,,,,,,,,,,,,,0.0,0.0,0.0,0.0,0.0,0.0,0.0,0.0,0.0,0.0,0.0,0.0,0.0,0.0,0.0,0.0,0.0,0.0,0.0,0.0,0.0,0.0
