,년월,금융회사코드,금융회사명,코드,구분,합계,퇴직보험,퇴직연금,변액보험,금융구분,통계분류,통계표코드,통계표명
0,200506,0010619,DB생명보험주식회사,A,합계,0,0,0,0,국내생보사,D,SH127,환급금 현황(특별계정(22.12월 이전))
1,200506,0010619,DB생명보험주식회사,A1,해지환급금,0,0,0,0,국내생보사,D,SH127,환급금 현황(특별계정(22.12월 이전))
2,200506,0010619,DB생명보험주식회사,A2,효력상실환급금,0,0,0,0,국내생보사,D,SH127,환급금 현황(특별계정(22.12월 이전))
3,200506,0010619,DB생명보험주식회사,A3,생존급여금 등,0,0,0,0,국내생보사,D,SH127,환급금 현황(특별계정(22.12월 이전))
4,200509,0010619,DB생명보험주식회사,A,합계,0,0,0,0,국내생보사,D,SH127,환급금 현황(특별계정(22.12월 이전))
5,200509,0010619,DB생명보험주식회사,A1,해지환급금,0,0,0,0,국내생보사,D,SH127,환급금 현황(특별계정(22.12월 이전))
6,200509,0010619,DB생명보험주식회사,A2,효력상실환급금,0,0,0,0,국내생보사,D,SH127,환급금 현황(특별계정(22.12월 이전))
7,200509,0010619,DB생명보험주식회사,A3,생존급여금 등,0,0,0,0,국내생보사,D,SH127,환급금 현황(특별계정(22.12월 이전))
8,200512,0010619,DB생명보험주식회사,A,합계,0,0,0,73000,국내생보사,D,SH127,환급금 현황(특별계정(22.12월 이전))
9,200512,0010619,DB생명보험주식회사,A1,해지환급금,0,0,0,0,국내생보사,D,SH127,환급금 현황(특별계정(22.12월 이전))
10,200512,0010619,DB생명보험주식회사,A2,효력상실환급금,0,0,0,0,국내생보사,D,SH127,환급금 현황(특별계정(22.12월 이전))
11,200512,0010619,DB생명보험주식회사,A3,생존급여금 등,0,0,0,73000,국내생보사,D,SH127,환급금 현황(특별계정(22.12월 이전))
12,200603,0010619,DB생명보험주식회사,A,합계,0,0,0,143000,국내생보사,D,SH127,환급금 현황(특별계정(22.12월 이전))
13,200603,0010619,DB생명보험주식회사,A1,해지환급금,0,0,0,0,국내생보사,D,SH127,환급금 현황(특별계정(22.12월 이전))
14,200603,0010619,DB생명보험주식회사,A2,효력상실환급금,0,0,0,0,국내생보사,D,SH127,환급금 현황(특별계정(22.12월 이전))
15,200603,0010619,DB생명보험주식회사,A3,생존급여금 등,0,0,0,143000,국내생보사,D,SH127,환급금 현황(특별계정(22.12월 이전))
16,200606,0010619,DB생명보험주식회사,A,합계,2034740000,2028995000,0,5745000,국내생보사,D,SH127,환급금 현황(특별계정(22.12월 이전))
17,200606,0010619,DB생명보험주식회사,A1,해지환급금,2028995000,2028995000,0,0,국내생보사,D,SH127,환급금 현황(특별계정(22.12월 이전))
18,200606,0010619,DB생명보험주식회사,A2,효력상실환급금,0,0,0,0,국내생보사,D,SH127,환급금 현황(특별계정(22.12월 이전))
19,200606,0010619,DB생명보험주식회사,A3,생존급여금 등,5745000,0,0,5745000,국내생보사,D,SH127,환급금 현황(특별계정(22.12월 이전))
20,200609,0010619,DB생명보험주식회사,A,합계,4257569000,4164204000,0,93364000,국내생보사,D,SH127,환급금 현황(특별계정(22.12월 이전))
21,200609,0010619,DB생명보험주식회사,A1,해지환급금,4164204000,4164204000,0,0,국내생보사,D,SH127,환급금 현황(특별계정(22.12월 이전))
22,200609,0010619,DB생명보험주식회사,A2,효력상실환급금,0,0,0,0,국내생보사,D,SH127,환급금 현황(특별계정(22.12월 이전))
23,200609,0010619,DB생명보험주식회사,A3,생존급여금 등,93364000,0,0,93364000,국내생보사,D,SH127,환급금 현황(특별계정(22.12월 이전))
24,200612,0010619,DB생명보험주식회사,A,합계,11418858000,11230219000,0,188639000,국내생보사,D,SH127,환급금 현황(특별계정(22.12월 이전))
25,200612,0010619,DB생명보험주식회사,A1,해지환급금,11230219000,11230219000,0,0,국내생보사,D,SH127,환급금 현황(특별계정(22.12월 이전))
26,200612,0010619,DB생명보험주식회사,A2,효력상실환급금,0,0,0,0,국내생보사,D,SH127,환급금 현황(특별계정(22.12월 이전))
27,200612,0010619,DB생명보험주식회사,A3,생존급여금 등,188639000,0,0,188639000,국내생보사,D,SH127,환급금 현황(특별계정(22.12월 이전))
28,200506,0010616,KB라이프생명보험,A,합계,0,0,0,235741000,국내생보사,D,SH127,환급금 현황(특별계정(22.12월 이전))
29,200506,0010616,KB라이프생명보험,A1,해지환급금,0,0,0,189493000,국내생보사,D,SH127,환급금 현황(특별계정(22.12월 이전))
30,200506,0010616,KB라이프생명보험,A2,효력상실환급금,0,0,0,35057000,국내생보사,D,SH127,환급금 현황(특별계정(22.12월 이전))
31,200506,0010616,KB라이프생명보험,A3,생존급여금 등,0,0,0,11190000,국내생보사,D,SH127,환급금 현황(특별계정(22.12월 이전))
32,200509,0010616,KB라이프생명보험,A,합계,0,0,0,694655000,국내생보사,D,SH127,환급금 현황(특별계정(22.12월 이전))
33,200509,0010616,KB라이프생명보험,A1,해지환급금,0,0,0,461637000,국내생보사,D,SH127,환급금 현황(특별계정(22.12월 이전))
34,200509,0010616,KB라이프생명보험,A2,효력상실환급금,0,0,0,219745000,국내생보사,D,SH127,환급금 현황(특별계정(22.12월 이전))
35,200509,0010616,KB라이프생명보험,A3,생존급여금 등,0,0,0,13274000,국내생보사,D,SH127,환급금 현황(특별계정(22.12월 이전))
36,200512,0010616,KB라이프생명보험,A,합계,0,0,0,947480000,국내생보사,D,SH127,환급금 현황(특별계정(22.12월 이전))
37,200512,0010616,KB라이프생명보험,A1,해지환급금,0,0,0,653323000,국내생보사,D,SH127,환급금 현황(특별계정(22.12월 이전))
38,200512,0010616,KB라이프생명보험,A2,효력상실환급금,0,0,0,275593000,국내생보사,D,SH127,환급금 현황(특별계정(22.12월 이전))
39,200512,0010616,KB라이프생명보험,A3,생존급여금 등,0,0,0,18564000,국내생보사,D,SH127,환급금 현황(특별계정(22.12월 이전))
40,200603,0010616,KB라이프생명보험,A,합계,0,0,0,1320572000,국내생보사,D,SH127,환급금 현황(특별계정(22.12월 이전))
41,200603,0010616,KB라이프생명보험,A1,해지환급금,0,0,0,980203000,국내생보사,D,SH127,환급금 현황(특별계정(22.12월 이전))
42,200603,0010616,KB라이프생명보험,A2,효력상실환급금,0,0,0,317365000,국내생보사,D,SH127,환급금 현황(특별계정(22.12월 이전))
43,200603,0010616,KB라이프생명보험,A3,생존급여금 등,0,0,0,23004000,국내생보사,D,SH127,환급금 현황(특별계정(22.12월 이전))
44,200606,0010616,KB라이프생명보험,A,합계,479574000,0,0,479574000,국내생보사,D,SH127,환급금 현황(특별계정(22.12월 이전))
45,200606,0010616,KB라이프생명보험,A1,해지환급금,379523000,0,0,379523000,국내생보사,D,SH127,환급금 현황(특별계정(22.12월 이전))
46,200606,0010616,KB라이프생명보험,A2,효력상실환급금,93561000,0,0,93561000,국내생보사,D,SH127,환급금 현황(특별계정(22.12월 이전))
47,200606,0010616,KB라이프생명보험,A3,생존급여금 등,6490000,0,0,6490000,국내생보사,D,SH127,환급금 현황(특별계정(22.12월 이전))
48,200609,0010616,KB라이프생명보험,A,합계,1146110000,0,0,1146110000,국내생보사,D,SH127,환급금 현황(특별계정(22.12월 이전))
49,200609,0010616,KB라이프생명보험,A1,해지환급금,900032000,0,0,900032000,국내생보사,D,SH127,환급금 현황(특별계정(22.12월 이전))
50,200609,0010616,KB라이프생명보험,A2,효력상실환급금,232070000,0,0,232070000,국내생보사,D,SH127,환급금 현황(특별계정(22.12월 이전))
51,200609,0010616,KB라이프생명보험,A3,생존급여금 등,14008000,0,0,14008000,국내생보사,D,SH127,환급금 현황(특별계정(22.12월 이전))
52,200612,0010616,KB라이프생명보험,A,합계,2936201000,0,0,2936201000,국내생보사,D,SH127,환급금 현황(특별계정(22.12월 이전))
53,200612,0010616,KB라이프생명보험,A1,해지환급금,1457619000,0,0,1457619000,국내생보사,D,SH127,환급금 현황(특별계정(22.12월 이전))
54,200612,0010616,KB라이프생명보험,A2,효력상실환급금,1225595000,0,0,1225595000,국내생보사,D,SH127,환급금 현황(특별계정(22.12월 이전))
55,200612,0010616,KB라이프생명보험,A3,생존급여금 등,252986000,0,0,252986000,국내생보사,D,SH127,환급금 현황(특별계정(22.12월 이전))
56,200506,0010597,교보생명보험주식회사,A,합계,0,0,0,28916955000,국내생보사,D,SH127,환급금 현황(특별계정(22.12월 이전))
57,200506,0010597,교보생명보험주식회사,A1,해지환급금,0,0,0,13317691000,국내생보사,D,SH127,환급금 현황(특별계정(22.12월 이전))
58,200506,0010597,교보생명보험주식회사,A2,효력상실환급금,0,0,0,10095212000,국내생보사,D,SH127,환급금 현황(특별계정(22.12월 이전))
59,200506,0010597,교보생명보험주식회사,A3,생존급여금 등,0,0,0,5504052000,국내생보사,D,SH127,환급금 현황(특별계정(22.12월 이전))
60,200509,0010597,교보생명보험주식회사,A,합계,0,0,0,49204013000,국내생보사,D,SH127,환급금 현황(특별계정(22.12월 이전))
61,200509,0010597,교보생명보험주식회사,A1,해지환급금,0,0,0,27265865000,국내생보사,D,SH127,환급금 현황(특별계정(22.12월 이전))
62,200509,0010597,교보생명보험주식회사,A2,효력상실환급금,0,0,0,12017171000,국내생보사,D,SH127,환급금 현황(특별계정(22.12월 이전))
63,200509,0010597,교보생명보험주식회사,A3,생존급여금 등,0,0,0,9920977000,국내생보사,D,SH127,환급금 현황(특별계정(22.12월 이전))
64,200512,0010597,교보생명보험주식회사,A,합계,0,0,0,72285793000,국내생보사,D,SH127,환급금 현황(특별계정(22.12월 이전))
65,200512,0010597,교보생명보험주식회사,A1,해지환급금,0,0,0,43101747000,국내생보사,D,SH127,환급금 현황(특별계정(22.12월 이전))
66,200512,0010597,교보생명보험주식회사,A2,효력상실환급금,0,0,0,13973133000,국내생보사,D,SH127,환급금 현황(특별계정(22.12월 이전))
67,200512,0010597,교보생명보험주식회사,A3,생존급여금 등,0,0,0,15210913000,국내생보사,D,SH127,환급금 현황(특별계정(22.12월 이전))
68,200603,0010597,교보생명보험주식회사,A,합계,0,0,0,123387751000,국내생보사,D,SH127,환급금 현황(특별계정(22.12월 이전))
69,200603,0010597,교보생명보험주식회사,A1,해지환급금,0,0,0,69266186000,국내생보사,D,SH127,환급금 현황(특별계정(22.12월 이전))
70,200603,0010597,교보생명보험주식회사,A2,효력상실환급금,0,0,0,16681875000,국내생보사,D,SH127,환급금 현황(특별계정(22.12월 이전))
71,200603,0010597,교보생명보험주식회사,A3,생존급여금 등,0,0,0,37439690000,국내생보사,D,SH127,환급금 현황(특별계정(22.12월 이전))
72,200606,0010597,교보생명보험주식회사,A,합계,245692625000,176585455000,1259000,69105911000,국내생보사,D,SH127,환급금 현황(특별계정(22.12월 이전))
73,200606,0010597,교보생명보험주식회사,A1,해지환급금,205777221000,176585455000,0,29191766000,국내생보사,D,SH127,환급금 현황(특별계정(22.12월 이전))
74,200606,0010597,교보생명보험주식회사,A2,효력상실환급금,4213022000,0,0,4213022000,국내생보사,D,SH127,환급금 현황(특별계정(22.12월 이전))
75,200606,0010597,교보생명보험주식회사,A3,생존급여금 등,35702382000,0,1259000,35701123000,국내생보사,D,SH127,환급금 현황(특별계정(22.12월 이전))
76,200609,0010597,교보생명보험주식회사,A,합계,531861300000,369320511000,2156000,162538633000,국내생보사,D,SH127,환급금 현황(특별계정(22.12월 이전))
77,200609,0010597,교보생명보험주식회사,A1,해지환급금,437148196000,369320511000,897000,67826788000,국내생보사,D,SH127,환급금 현황(특별계정(22.12월 이전))
78,200609,0010597,교보생명보험주식회사,A2,효력상실환급금,9623388000,0,0,9623388000,국내생보사,D,SH127,환급금 현황(특별계정(22.12월 이전))
79,200609,0010597,교보생명보험주식회사,A3,생존급여금 등,85089716000,0,1259000,85088457000,국내생보사,D,SH127,환급금 현황(특별계정(22.12월 이전))
80,200612,0010597,교보생명보험주식회사,A,합계,763513951000,469577872000,29320000,293906759000,국내생보사,D,SH127,환급금 현황(특별계정(22.12월 이전))
81,200612,0010597,교보생명보험주식회사,A1,해지환급금,592207255000,469577872000,20054000,122609329000,국내생보사,D,SH127,환급금 현황(특별계정(22.12월 이전))
82,200612,0010597,교보생명보험주식회사,A2,효력상실환급금,15625883000,0,0,15625883000,국내생보사,D,SH127,환급금 현황(특별계정(22.12월 이전))
83,200612,0010597,교보생명보험주식회사,A3,생존급여금 등,155680813000,0,9266000,155671547000,국내생보사,D,SH127,환급금 현황(특별계정(22.12월 이전))
84,200506,0010608,미래에셋생명보험주식회사,A,합계,0,0,0,381000,국내생보사,D,SH127,환급금 현황(특별계정(22.12월 이전))
85,200506,0010608,미래에셋생명보험주식회사,A1,해지환급금,0,0,0,381000,국내생보사,D,SH127,환급금 현황(특별계정(22.12월 이전))
86,200506,0010608,미래에셋생명보험주식회사,A2,효력상실환급금,0,0,0,0,국내생보사,D,SH127,환급금 현황(특별계정(22.12월 이전))
87,200506,0010608,미래에셋생명보험주식회사,A3,생존급여금 등,0,0,0,0,국내생보사,D,SH127,환급금 현황(특별계정(22.12월 이전))
88,200509,0010608,미래에셋생명보험주식회사,A,합계,0,0,0,88361000,국내생보사,D,SH127,환급금 현황(특별계정(22.12월 이전))
89,200509,0010608,미래에셋생명보험주식회사,A1,해지환급금,0,0,0,88361000,국내생보사,D,SH127,환급금 현황(특별계정(22.12월 이전))
90,200509,0010608,미래에셋생명보험주식회사,A2,효력상실환급금,0,0,0,0,국내생보사,D,SH127,환급금 현황(특별계정(22.12월 이전))
91,200509,0010608,미래에셋생명보험주식회사,A3,생존급여금 등,0,0,0,0,국내생보사,D,SH127,환급금 현황(특별계정(22.12월 이전))
92,200512,0010608,미래에셋생명보험주식회사,A,합계,0,0,0,2006871000,국내생보사,D,SH127,환급금 현황(특별계정(22.12월 이전))
93,200512,0010608,미래에셋생명보험주식회사,A1,해지환급금,0,0,0,1259497000,국내생보사,D,SH127,환급금 현황(특별계정(22.12월 이전))
94,200512,0010608,미래에셋생명보험주식회사,A2,효력상실환급금,0,0,0,283000,국내생보사,D,SH127,환급금 현황(특별계정(22.12월 이전))
95,200512,0010608,미래에셋생명보험주식회사,A3,생존급여금 등,0,0,0,747089000,국내생보사,D,SH127,환급금 현황(특별계정(22.12월 이전))
96,200603,0010608,미래에셋생명보험주식회사,A,합계,0,0,0,6056226000,국내생보사,D,SH127,환급금 현황(특별계정(22.12월 이전))
97,200603,0010608,미래에셋생명보험주식회사,A1,해지환급금,0,0,0,3524102000,국내생보사,D,SH127,환급금 현황(특별계정(22.12월 이전))
98,200603,0010608,미래에셋생명보험주식회사,A2,효력상실환급금,0,0,0,8400000,국내생보사,D,SH127,환급금 현황(특별계정(22.12월 이전))
99,200603,0010608,미래에셋생명보험주식회사,A3,생존급여금 등,0,0,0,2523722000,국내생보사,D,SH127,환급금 현황(특별계정(22.12월 이전))
100,200606,0010608,미래에셋생명보험주식회사,A,합계,6827344000,2665291000,25467000,4136585000,국내생보사,D,SH127,환급금 현황(특별계정(22.12월 이전))
101,200606,0010608,미래에셋생명보험주식회사,A1,해지환급금,5050189000,2665291000,25467000,2359431000,국내생보사,D,SH127,환급금 현황(특별계정(22.12월 이전))
102,200606,0010608,미래에셋생명보험주식회사,A2,효력상실환급금,24159000,0,0,24159000,국내생보사,D,SH127,환급금 현황(특별계정(22.12월 이전))
103,200606,0010608,미래에셋생명보험주식회사,A3,생존급여금 등,1752995000,0,0,1752995000,국내생보사,D,SH127,환급금 현황(특별계정(22.12월 이전))
104,200609,0010608,미래에셋생명보험주식회사,A,합계,13964606000,4520513000,40099000,9403993000,국내생보사,D,SH127,환급금 현황(특별계정(22.12월 이전))
105,200609,0010608,미래에셋생명보험주식회사,A1,해지환급금,10314735000,4520513000,40099000,5754122000,국내생보사,D,SH127,환급금 현황(특별계정(22.12월 이전))
106,200609,0010608,미래에셋생명보험주식회사,A2,효력상실환급금,264462000,0,0,264462000,국내생보사,D,SH127,환급금 현황(특별계정(22.12월 이전))
107,200609,0010608,미래에셋생명보험주식회사,A3,생존급여금 등,3385408000,0,0,3385408000,국내생보사,D,SH127,환급금 현황(특별계정(22.12월 이전))
108,200612,0010608,미래에셋생명보험주식회사,A,합계,34521537000,13928558000,130785000,20462193000,국내생보사,D,SH127,환급금 현황(특별계정(22.12월 이전))
109,200612,0010608,미래에셋생명보험주식회사,A1,해지환급금,27939528000,13928558000,130785000,13880184000,국내생보사,D,SH127,환급금 현황(특별계정(22.12월 이전))
110,200612,0010608,미래에셋생명보험주식회사,A2,효력상실환급금,862864000,0,0,862864000,국내생보사,D,SH127,환급금 현황(특별계정(22.12월 이전))
111,200612,0010608,미래에셋생명보험주식회사,A3,생존급여금 등,5719144000,0,0,5719144000,국내생보사,D,SH127,환급금 현황(특별계정(22.12월 이전))
112,200506,0010595,삼성생명보험주식회사,A,합계,0,0,0,12297452000,국내생보사,D,SH127,환급금 현황(특별계정(22.12월 이전))
113,200506,0010595,삼성생명보험주식회사,A1,해지환급금,0,0,0,10430636000,국내생보사,D,SH127,환급금 현황(특별계정(22.12월 이전))
114,200506,0010595,삼성생명보험주식회사,A2,효력상실환급금,0,0,0,1328276000,국내생보사,D,SH127,환급금 현황(특별계정(22.12월 이전))
115,200506,0010595,삼성생명보험주식회사,A3,생존급여금 등,0,0,0,538541000,국내생보사,D,SH127,환급금 현황(특별계정(22.12월 이전))
116,200509,0010595,삼성생명보험주식회사,A,합계,0,0,0,37238071000,국내생보사,D,SH127,환급금 현황(특별계정(22.12월 이전))
117,200509,0010595,삼성생명보험주식회사,A1,해지환급금,0,0,0,29334990000,국내생보사,D,SH127,환급금 현황(특별계정(22.12월 이전))
118,200509,0010595,삼성생명보험주식회사,A2,효력상실환급금,0,0,0,3300671000,국내생보사,D,SH127,환급금 현황(특별계정(22.12월 이전))
119,200509,0010595,삼성생명보험주식회사,A3,생존급여금 등,0,0,0,4602410000,국내생보사,D,SH127,환급금 현황(특별계정(22.12월 이전))
120,200512,0010595,삼성생명보험주식회사,A,합계,0,0,0,81744267000,국내생보사,D,SH127,환급금 현황(특별계정(22.12월 이전))
121,200512,0010595,삼성생명보험주식회사,A1,해지환급금,0,0,0,55934883000,국내생보사,D,SH127,환급금 현황(특별계정(22.12월 이전))
122,200512,0010595,삼성생명보험주식회사,A2,효력상실환급금,0,0,0,6053393000,국내생보사,D,SH127,환급금 현황(특별계정(22.12월 이전))
123,200512,0010595,삼성생명보험주식회사,A3,생존급여금 등,0,0,0,19755991000,국내생보사,D,SH127,환급금 현황(특별계정(22.12월 이전))
124,200603,0010595,삼성생명보험주식회사,A,합계,0,0,0,152066011000,국내생보사,D,SH127,환급금 현황(특별계정(22.12월 이전))
125,200603,0010595,삼성생명보험주식회사,A1,해지환급금,0,0,0,91642495000,국내생보사,D,SH127,환급금 현황(특별계정(22.12월 이전))
126,200603,0010595,삼성생명보험주식회사,A2,효력상실환급금,0,0,0,10099239000,국내생보사,D,SH127,환급금 현황(특별계정(22.12월 이전))
127,200603,0010595,삼성생명보험주식회사,A3,생존급여금 등,0,0,0,50324277000,국내생보사,D,SH127,환급금 현황(특별계정(22.12월 이전))
128,200606,0010595,삼성생명보험주식회사,A,합계,330813951000,224771323000,39357000,106003271000,국내생보사,D,SH127,환급금 현황(특별계정(22.12월 이전))
129,200606,0010595,삼성생명보험주식회사,A1,해지환급금,283907565000,224771323000,39357000,59096885000,국내생보사,D,SH127,환급금 현황(특별계정(22.12월 이전))
130,200606,0010595,삼성생명보험주식회사,A2,효력상실환급금,6492104000,0,0,6492104000,국내생보사,D,SH127,환급금 현황(특별계정(22.12월 이전))
131,200606,0010595,삼성생명보험주식회사,A3,생존급여금 등,40414282000,0,0,40414282000,국내생보사,D,SH127,환급금 현황(특별계정(22.12월 이전))
132,200609,0010595,삼성생명보험주식회사,A,합계,579539376000,336514368000,276807000,242748201000,국내생보사,D,SH127,환급금 현황(특별계정(22.12월 이전))
133,200609,0010595,삼성생명보험주식회사,A1,해지환급금,474516511000,336514368000,276807000,137725336000,국내생보사,D,SH127,환급금 현황(특별계정(22.12월 이전))
134,200609,0010595,삼성생명보험주식회사,A2,효력상실환급금,18255730000,0,0,18255730000,국내생보사,D,SH127,환급금 현황(특별계정(22.12월 이전))
135,200609,0010595,삼성생명보험주식회사,A3,생존급여금 등,86767135000,0,0,86767135000,국내생보사,D,SH127,환급금 현황(특별계정(22.12월 이전))
136,200612,0010595,삼성생명보험주식회사,A,합계,981587975000,542842474000,386252000,438359249000,국내생보사,D,SH127,환급금 현황(특별계정(22.12월 이전))
137,200612,0010595,삼성생명보험주식회사,A1,해지환급금,801795419000,542842474000,386252000,258566693000,국내생보사,D,SH127,환급금 현황(특별계정(22.12월 이전))
138,200612,0010595,삼성생명보험주식회사,A2,효력상실환급금,31638377000,0,0,31638377000,국내생보사,D,SH127,환급금 현황(특별계정(22.12월 이전))
139,200612,0010595,삼성생명보험주식회사,A3,생존급여금 등,148154179000,0,0,148154179000,국내생보사,D,SH127,환급금 현황(특별계정(22.12월 이전))
140,200506,0010599,신한라이프생명보험주식회사,A,합계,0,0,0,39742000,국내생보사,D,SH127,환급금 현황(특별계정(22.12월 이전))
141,200506,0010599,신한라이프생명보험주식회사,A1,해지환급금,0,0,0,33597000,국내생보사,D,SH127,환급금 현황(특별계정(22.12월 이전))
142,200506,0010599,신한라이프생명보험주식회사,A2,효력상실환급금,0,0,0,6145000,국내생보사,D,SH127,환급금 현황(특별계정(22.12월 이전))
143,200506,0010599,신한라이프생명보험주식회사,A3,생존급여금 등,0,0,0,0,국내생보사,D,SH127,환급금 현황(특별계정(22.12월 이전))
144,200509,0010599,신한라이프생명보험주식회사,A,합계,0,0,0,289084000,국내생보사,D,SH127,환급금 현황(특별계정(22.12월 이전))
145,200509,0010599,신한라이프생명보험주식회사,A1,해지환급금,0,0,0,239502000,국내생보사,D,SH127,환급금 현황(특별계정(22.12월 이전))
146,200509,0010599,신한라이프생명보험주식회사,A2,효력상실환급금,0,0,0,38372000,국내생보사,D,SH127,환급금 현황(특별계정(22.12월 이전))
147,200509,0010599,신한라이프생명보험주식회사,A3,생존급여금 등,0,0,0,11210000,국내생보사,D,SH127,환급금 현황(특별계정(22.12월 이전))
148,200512,0010599,신한라이프생명보험주식회사,A,합계,0,0,0,2262332000,국내생보사,D,SH127,환급금 현황(특별계정(22.12월 이전))
149,200512,0010599,신한라이프생명보험주식회사,A1,해지환급금,0,0,0,2122284000,국내생보사,D,SH127,환급금 현황(특별계정(22.12월 이전))
150,200512,0010599,신한라이프생명보험주식회사,A2,효력상실환급금,0,0,0,94658000,국내생보사,D,SH127,환급금 현황(특별계정(22.12월 이전))
151,200512,0010599,신한라이프생명보험주식회사,A3,생존급여금 등,0,0,0,45390000,국내생보사,D,SH127,환급금 현황(특별계정(22.12월 이전))
152,200603,0010599,신한라이프생명보험주식회사,A,합계,0,0,0,5966995000,국내생보사,D,SH127,환급금 현황(특별계정(22.12월 이전))
153,200603,0010599,신한라이프생명보험주식회사,A1,해지환급금,0,0,0,5616182000,국내생보사,D,SH127,환급금 현황(특별계정(22.12월 이전))
154,200603,0010599,신한라이프생명보험주식회사,A2,효력상실환급금,0,0,0,144453000,국내생보사,D,SH127,환급금 현황(특별계정(22.12월 이전))
155,200603,0010599,신한라이프생명보험주식회사,A3,생존급여금 등,0,0,0,206360000,국내생보사,D,SH127,환급금 현황(특별계정(22.12월 이전))
156,200606,0010599,신한라이프생명보험주식회사,A,합계,4145658000,103014000,0,4042644000,국내생보사,D,SH127,환급금 현황(특별계정(22.12월 이전))
157,200606,0010599,신한라이프생명보험주식회사,A1,해지환급금,3524285000,103014000,0,3421271000,국내생보사,D,SH127,환급금 현황(특별계정(22.12월 이전))
158,200606,0010599,신한라이프생명보험주식회사,A2,효력상실환급금,153993000,0,0,153993000,국내생보사,D,SH127,환급금 현황(특별계정(22.12월 이전))
159,200606,0010599,신한라이프생명보험주식회사,A3,생존급여금 등,467380000,0,0,467380000,국내생보사,D,SH127,환급금 현황(특별계정(22.12월 이전))
160,200609,0010599,신한라이프생명보험주식회사,A,합계,10807879000,1944532000,0,8863347000,국내생보사,D,SH127,환급금 현황(특별계정(22.12월 이전))
161,200609,0010599,신한라이프생명보험주식회사,A1,해지환급금,7985206000,1944532000,0,6040674000,국내생보사,D,SH127,환급금 현황(특별계정(22.12월 이전))
162,200609,0010599,신한라이프생명보험주식회사,A2,효력상실환급금,527316000,0,0,527316000,국내생보사,D,SH127,환급금 현황(특별계정(22.12월 이전))
163,200609,0010599,신한라이프생명보험주식회사,A3,생존급여금 등,2295357000,0,0,2295357000,국내생보사,D,SH127,환급금 현황(특별계정(22.12월 이전))
164,200612,0010599,신한라이프생명보험주식회사,A,합계,20039865000,4515667000,0,15524198000,국내생보사,D,SH127,환급금 현황(특별계정(22.12월 이전))
165,200612,0010599,신한라이프생명보험주식회사,A1,해지환급금,15510851000,4515667000,0,10995184000,국내생보사,D,SH127,환급금 현황(특별계정(22.12월 이전))
166,200612,0010599,신한라이프생명보험주식회사,A2,효력상실환급금,1110829000,0,0,1110829000,국내생보사,D,SH127,환급금 현황(특별계정(22.12월 이전))
167,200612,0010599,신한라이프생명보험주식회사,A3,생존급여금 등,3418185000,0,0,3418185000,국내생보사,D,SH127,환급금 현황(특별계정(22.12월 이전))
168,200506,0010605,아이엠라이프생명보험 주식회사,A,합계,0,0,0,0,국내생보사,D,SH127,환급금 현황(특별계정(22.12월 이전))
169,200506,0010605,아이엠라이프생명보험 주식회사,A1,해지환급금,0,0,0,0,국내생보사,D,SH127,환급금 현황(특별계정(22.12월 이전))
170,200506,0010605,아이엠라이프생명보험 주식회사,A2,효력상실환급금,0,0,0,0,국내생보사,D,SH127,환급금 현황(특별계정(22.12월 이전))
171,200506,0010605,아이엠라이프생명보험 주식회사,A3,생존급여금 등,0,0,0,0,국내생보사,D,SH127,환급금 현황(특별계정(22.12월 이전))
172,200509,0010605,아이엠라이프생명보험 주식회사,A,합계,0,0,0,0,국내생보사,D,SH127,환급금 현황(특별계정(22.12월 이전))
173,200509,0010605,아이엠라이프생명보험 주식회사,A1,해지환급금,0,0,0,0,국내생보사,D,SH127,환급금 현황(특별계정(22.12월 이전))
174,200509,0010605,아이엠라이프생명보험 주식회사,A2,효력상실환급금,0,0,0,0,국내생보사,D,SH127,환급금 현황(특별계정(22.12월 이전))
175,200509,0010605,아이엠라이프생명보험 주식회사,A3,생존급여금 등,0,0,0,0,국내생보사,D,SH127,환급금 현황(특별계정(22.12월 이전))
176,200512,0010605,아이엠라이프생명보험 주식회사,A,합계,0,0,0,0,국내생보사,D,SH127,환급금 현황(특별계정(22.12월 이전))
177,200512,0010605,아이엠라이프생명보험 주식회사,A1,해지환급금,0,0,0,0,국내생보사,D,SH127,환급금 현황(특별계정(22.12월 이전))
178,200512,0010605,아이엠라이프생명보험 주식회사,A2,효력상실환급금,0,0,0,0,국내생보사,D,SH127,환급금 현황(특별계정(22.12월 이전))
179,200512,0010605,아이엠라이프생명보험 주식회사,A3,생존급여금 등,0,0,0,0,국내생보사,D,SH127,환급금 현황(특별계정(22.12월 이전))
180,200603,0010605,아이엠라이프생명보험 주식회사,A,합계,0,0,0,0,국내생보사,D,SH127,환급금 현황(특별계정(22.12월 이전))
181,200603,0010605,아이엠라이프생명보험 주식회사,A1,해지환급금,0,0,0,0,국내생보사,D,SH127,환급금 현황(특별계정(22.12월 이전))
182,200603,0010605,아이엠라이프생명보험 주식회사,A2,효력상실환급금,0,0,0,0,국내생보사,D,SH127,환급금 현황(특별계정(22.12월 이전))
183,200603,0010605,아이엠라이프생명보험 주식회사,A3,생존급여금 등,0,0,0,0,국내생보사,D,SH127,환급금 현황(특별계정(22.12월 이전))
184,200606,0010605,아이엠라이프생명보험 주식회사,A,합계,52099063000,52099063000,0,0,국내생보사,D,SH127,환급금 현황(특별계정(22.12월 이전))
185,200606,0010605,아이엠라이프생명보험 주식회사,A1,해지환급금,52099063000,52099063000,0,0,국내생보사,D,SH127,환급금 현황(특별계정(22.12월 이전))
186,200606,0010605,아이엠라이프생명보험 주식회사,A2,효력상실환급금,0,0,0,0,국내생보사,D,SH127,환급금 현황(특별계정(22.12월 이전))
187,200606,0010605,아이엠라이프생명보험 주식회사,A3,생존급여금 등,0,0,0,0,국내생보사,D,SH127,환급금 현황(특별계정(22.12월 이전))
188,200609,0010605,아이엠라이프생명보험 주식회사,A,합계,56416613000,56416613000,0,0,국내생보사,D,SH127,환급금 현황(특별계정(22.12월 이전))
189,200609,0010605,아이엠라이프생명보험 주식회사,A1,해지환급금,56416613000,56416613000,0,0,국내생보사,D,SH127,환급금 현황(특별계정(22.12월 이전))
190,200609,0010605,아이엠라이프생명보험 주식회사,A2,효력상실환급금,0,0,0,0,국내생보사,D,SH127,환급금 현황(특별계정(22.12월 이전))
191,200609,0010605,아이엠라이프생명보험 주식회사,A3,생존급여금 등,0,0,0,0,국내생보사,D,SH127,환급금 현황(특별계정(22.12월 이전))
192,200612,0010605,아이엠라이프생명보험 주식회사,A,합계,81256425000,81256425000,0,0,국내생보사,D,SH127,환급금 현황(특별계정(22.12월 이전))
193,200612,0010605,아이엠라이프생명보험 주식회사,A1,해지환급금,81256425000,81256425000,0,0,국내생보사,D,SH127,환급금 현황(특별계정(22.12월 이전))
194,200612,0010605,아이엠라이프생명보험 주식회사,A2,효력상실환급금,0,0,0,0,국내생보사,D,SH127,환급금 현황(특별계정(22.12월 이전))
195,200612,0010605,아이엠라이프생명보험 주식회사,A3,생존급여금 등,0,0,0,0,국내생보사,D,SH127,환급금 현황(특별계정(22.12월 이전))
196,200506,0010607,케이디비생명보험주식회사,A,합계,0,0,0,18448000,국내생보사,D,SH127,환급금 현황(특별계정(22.12월 이전))
197,200506,0010607,케이디비생명보험주식회사,A1,해지환급금,0,0,0,7179000,국내생보사,D,SH127,환급금 현황(특별계정(22.12월 이전))
198,200506,0010607,케이디비생명보험주식회사,A2,효력상실환급금,0,0,0,0,국내생보사,D,SH127,환급금 현황(특별계정(22.12월 이전))
199,200506,0010607,케이디비생명보험주식회사,A3,생존급여금 등,0,0,0,11268000,국내생보사,D,SH127,환급금 현황(특별계정(22.12월 이전))
200,200509,0010607,케이디비생명보험주식회사,A,합계,0,0,0,49735000,국내생보사,D,SH127,환급금 현황(특별계정(22.12월 이전))
201,200509,0010607,케이디비생명보험주식회사,A1,해지환급금,0,0,0,9001000,국내생보사,D,SH127,환급금 현황(특별계정(22.12월 이전))
202,200509,0010607,케이디비생명보험주식회사,A2,효력상실환급금,0,0,0,11893000,국내생보사,D,SH127,환급금 현황(특별계정(22.12월 이전))
203,200509,0010607,케이디비생명보험주식회사,A3,생존급여금 등,0,0,0,28840000,국내생보사,D,SH127,환급금 현황(특별계정(22.12월 이전))
204,200512,0010607,케이디비생명보험주식회사,A,합계,0,0,0,140700000,국내생보사,D,SH127,환급금 현황(특별계정(22.12월 이전))
205,200512,0010607,케이디비생명보험주식회사,A1,해지환급금,0,0,0,39467000,국내생보사,D,SH127,환급금 현황(특별계정(22.12월 이전))
206,200512,0010607,케이디비생명보험주식회사,A2,효력상실환급금,0,0,0,14870000,국내생보사,D,SH127,환급금 현황(특별계정(22.12월 이전))
207,200512,0010607,케이디비생명보험주식회사,A3,생존급여금 등,0,0,0,86363000,국내생보사,D,SH127,환급금 현황(특별계정(22.12월 이전))
208,200603,0010607,케이디비생명보험주식회사,A,합계,0,0,0,323884000,국내생보사,D,SH127,환급금 현황(특별계정(22.12월 이전))
209,200603,0010607,케이디비생명보험주식회사,A1,해지환급금,0,0,0,59461000,국내생보사,D,SH127,환급금 현황(특별계정(22.12월 이전))
210,200603,0010607,케이디비생명보험주식회사,A2,효력상실환급금,0,0,0,16710000,국내생보사,D,SH127,환급금 현황(특별계정(22.12월 이전))
211,200603,0010607,케이디비생명보험주식회사,A3,생존급여금 등,0,0,0,247713000,국내생보사,D,SH127,환급금 현황(특별계정(22.12월 이전))
212,200606,0010607,케이디비생명보험주식회사,A,합계,3789013000,3423596000,0,365417000,국내생보사,D,SH127,환급금 현황(특별계정(22.12월 이전))
213,200606,0010607,케이디비생명보험주식회사,A1,해지환급금,3568555000,3423596000,0,144959000,국내생보사,D,SH127,환급금 현황(특별계정(22.12월 이전))
214,200606,0010607,케이디비생명보험주식회사,A2,효력상실환급금,29567000,0,0,29567000,국내생보사,D,SH127,환급금 현황(특별계정(22.12월 이전))
215,200606,0010607,케이디비생명보험주식회사,A3,생존급여금 등,190891000,0,0,190891000,국내생보사,D,SH127,환급금 현황(특별계정(22.12월 이전))
216,200609,0010607,케이디비생명보험주식회사,A,합계,4783026000,3430533000,0,1352493000,국내생보사,D,SH127,환급금 현황(특별계정(22.12월 이전))
217,200609,0010607,케이디비생명보험주식회사,A1,해지환급금,3948898000,3430533000,0,518365000,국내생보사,D,SH127,환급금 현황(특별계정(22.12월 이전))
218,200609,0010607,케이디비생명보험주식회사,A2,효력상실환급금,103925000,0,0,103925000,국내생보사,D,SH127,환급금 현황(특별계정(22.12월 이전))
219,200609,0010607,케이디비생명보험주식회사,A3,생존급여금 등,730203000,0,0,730203000,국내생보사,D,SH127,환급금 현황(특별계정(22.12월 이전))
220,200612,0010607,케이디비생명보험주식회사,A,합계,19199054000,16475229000,0,2723825000,국내생보사,D,SH127,환급금 현황(특별계정(22.12월 이전))
221,200612,0010607,케이디비생명보험주식회사,A1,해지환급금,17695074000,16475229000,0,1219845000,국내생보사,D,SH127,환급금 현황(특별계정(22.12월 이전))
222,200612,0010607,케이디비생명보험주식회사,A2,효력상실환급금,244597000,0,0,244597000,국내생보사,D,SH127,환급금 현황(특별계정(22.12월 이전))
223,200612,0010607,케이디비생명보험주식회사,A3,생존급여금 등,1259383000,0,0,1259383000,국내생보사,D,SH127,환급금 현황(특별계정(22.12월 이전))
224,200506,0010618,하나생명보험주식회사,A,합계,0,0,0,562567000,국내생보사,D,SH127,환급금 현황(특별계정(22.12월 이전))
225,200506,0010618,하나생명보험주식회사,A1,해지환급금,0,0,0,68732000,국내생보사,D,SH127,환급금 현황(특별계정(22.12월 이전))
226,200506,0010618,하나생명보험주식회사,A2,효력상실환급금,0,0,0,0,국내생보사,D,SH127,환급금 현황(특별계정(22.12월 이전))
227,200506,0010618,하나생명보험주식회사,A3,생존급여금 등,0,0,0,493835000,국내생보사,D,SH127,환급금 현황(특별계정(22.12월 이전))
228,200509,0010618,하나생명보험주식회사,A,합계,0,0,0,642734000,국내생보사,D,SH127,환급금 현황(특별계정(22.12월 이전))
229,200509,0010618,하나생명보험주식회사,A1,해지환급금,0,0,0,124452000,국내생보사,D,SH127,환급금 현황(특별계정(22.12월 이전))
230,200509,0010618,하나생명보험주식회사,A2,효력상실환급금,0,0,0,0,국내생보사,D,SH127,환급금 현황(특별계정(22.12월 이전))
231,200509,0010618,하나생명보험주식회사,A3,생존급여금 등,0,0,0,518282000,국내생보사,D,SH127,환급금 현황(특별계정(22.12월 이전))
232,200512,0010618,하나생명보험주식회사,A,합계,0,0,0,946102000,국내생보사,D,SH127,환급금 현황(특별계정(22.12월 이전))
233,200512,0010618,하나생명보험주식회사,A1,해지환급금,0,0,0,300434000,국내생보사,D,SH127,환급금 현황(특별계정(22.12월 이전))
234,200512,0010618,하나생명보험주식회사,A2,효력상실환급금,0,0,0,0,국내생보사,D,SH127,환급금 현황(특별계정(22.12월 이전))
235,200512,0010618,하나생명보험주식회사,A3,생존급여금 등,0,0,0,645668000,국내생보사,D,SH127,환급금 현황(특별계정(22.12월 이전))
236,200603,0010618,하나생명보험주식회사,A,합계,0,0,0,2594270000,국내생보사,D,SH127,환급금 현황(특별계정(22.12월 이전))
237,200603,0010618,하나생명보험주식회사,A1,해지환급금,0,0,0,1440527000,국내생보사,D,SH127,환급금 현황(특별계정(22.12월 이전))
238,200603,0010618,하나생명보험주식회사,A2,효력상실환급금,0,0,0,29522000,국내생보사,D,SH127,환급금 현황(특별계정(22.12월 이전))
239,200603,0010618,하나생명보험주식회사,A3,생존급여금 등,0,0,0,1124221000,국내생보사,D,SH127,환급금 현황(특별계정(22.12월 이전))
240,200606,0010618,하나생명보험주식회사,A,합계,798209000,0,0,798209000,국내생보사,D,SH127,환급금 현황(특별계정(22.12월 이전))
241,200606,0010618,하나생명보험주식회사,A1,해지환급금,243534000,0,0,243534000,국내생보사,D,SH127,환급금 현황(특별계정(22.12월 이전))
242,200606,0010618,하나생명보험주식회사,A2,효력상실환급금,7437000,0,0,7437000,국내생보사,D,SH127,환급금 현황(특별계정(22.12월 이전))
243,200606,0010618,하나생명보험주식회사,A3,생존급여금 등,547239000,0,0,547239000,국내생보사,D,SH127,환급금 현황(특별계정(22.12월 이전))
244,200609,0010618,하나생명보험주식회사,A,합계,1948737000,0,0,1948737000,국내생보사,D,SH127,환급금 현황(특별계정(22.12월 이전))
245,200609,0010618,하나생명보험주식회사,A1,해지환급금,1067960000,0,0,1067960000,국내생보사,D,SH127,환급금 현황(특별계정(22.12월 이전))
246,200609,0010618,하나생명보험주식회사,A2,효력상실환급금,42910000,0,0,42910000,국내생보사,D,SH127,환급금 현황(특별계정(22.12월 이전))
247,200609,0010618,하나생명보험주식회사,A3,생존급여금 등,837867000,0,0,837867000,국내생보사,D,SH127,환급금 현황(특별계정(22.12월 이전))
248,200612,0010618,하나생명보험주식회사,A,합계,3824471000,0,0,3824471000,국내생보사,D,SH127,환급금 현황(특별계정(22.12월 이전))
249,200612,0010618,하나생명보험주식회사,A1,해지환급금,2219607000,0,0,2219607000,국내생보사,D,SH127,환급금 현황(특별계정(22.12월 이전))
250,200612,0010618,하나생명보험주식회사,A2,효력상실환급금,126462000,0,0,126462000,국내생보사,D,SH127,환급금 현황(특별계정(22.12월 이전))
251,200612,0010618,하나생명보험주식회사,A3,생존급여금 등,1478402000,0,0,1478402000,국내생보사,D,SH127,환급금 현황(특별계정(22.12월 이전))
252,200506,0010593,한화생명보험주식회사,A,합계,0,0,0,3288819000,국내생보사,D,SH127,환급금 현황(특별계정(22.12월 이전))
253,200506,0010593,한화생명보험주식회사,A1,해지환급금,0,0,0,2666316000,국내생보사,D,SH127,환급금 현황(특별계정(22.12월 이전))
254,200506,0010593,한화생명보험주식회사,A2,효력상실환급금,0,0,0,426872000,국내생보사,D,SH127,환급금 현황(특별계정(22.12월 이전))
255,200506,0010593,한화생명보험주식회사,A3,생존급여금 등,0,0,0,195631000,국내생보사,D,SH127,환급금 현황(특별계정(22.12월 이전))
256,200509,0010593,한화생명보험주식회사,A,합계,0,0,0,8498217000,국내생보사,D,SH127,환급금 현황(특별계정(22.12월 이전))
257,200509,0010593,한화생명보험주식회사,A1,해지환급금,0,0,0,6743284000,국내생보사,D,SH127,환급금 현황(특별계정(22.12월 이전))
258,200509,0010593,한화생명보험주식회사,A2,효력상실환급금,0,0,0,1295481000,국내생보사,D,SH127,환급금 현황(특별계정(22.12월 이전))
259,200509,0010593,한화생명보험주식회사,A3,생존급여금 등,0,0,0,459450000,국내생보사,D,SH127,환급금 현황(특별계정(22.12월 이전))
260,200512,0010593,한화생명보험주식회사,A,합계,0,0,0,17609272000,국내생보사,D,SH127,환급금 현황(특별계정(22.12월 이전))
261,200512,0010593,한화생명보험주식회사,A1,해지환급금,0,0,0,12824328000,국내생보사,D,SH127,환급금 현황(특별계정(22.12월 이전))
262,200512,0010593,한화생명보험주식회사,A2,효력상실환급금,0,0,0,2707318000,국내생보사,D,SH127,환급금 현황(특별계정(22.12월 이전))
263,200512,0010593,한화생명보험주식회사,A3,생존급여금 등,0,0,0,2077624000,국내생보사,D,SH127,환급금 현황(특별계정(22.12월 이전))
264,200603,0010593,한화생명보험주식회사,A,합계,0,0,0,40652880000,국내생보사,D,SH127,환급금 현황(특별계정(22.12월 이전))
265,200603,0010593,한화생명보험주식회사,A1,해지환급금,0,0,0,26212386000,국내생보사,D,SH127,환급금 현황(특별계정(22.12월 이전))
266,200603,0010593,한화생명보험주식회사,A2,효력상실환급금,0,0,0,5021224000,국내생보사,D,SH127,환급금 현황(특별계정(22.12월 이전))
267,200603,0010593,한화생명보험주식회사,A3,생존급여금 등,0,0,0,9419268000,국내생보사,D,SH127,환급금 현황(특별계정(22.12월 이전))
268,200606,0010593,한화생명보험주식회사,A,합계,114907778000,75698374000,5948000,39203456000,국내생보사,D,SH127,환급금 현황(특별계정(22.12월 이전))
269,200606,0010593,한화생명보험주식회사,A1,해지환급금,92357600000,75698374000,5948000,16653278000,국내생보사,D,SH127,환급금 현황(특별계정(22.12월 이전))
270,200606,0010593,한화생명보험주식회사,A2,효력상실환급금,3553000000,0,0,3553000000,국내생보사,D,SH127,환급금 현황(특별계정(22.12월 이전))
271,200606,0010593,한화생명보험주식회사,A3,생존급여금 등,18997176000,0,0,18997176000,국내생보사,D,SH127,환급금 현황(특별계정(22.12월 이전))
272,200609,0010593,한화생명보험주식회사,A,합계,273932403000,171147815000,5948000,102778639000,국내생보사,D,SH127,환급금 현황(특별계정(22.12월 이전))
273,200609,0010593,한화생명보험주식회사,A1,해지환급금,220031687000,171147815000,5948000,48877922000,국내생보사,D,SH127,환급금 현황(특별계정(22.12월 이전))
274,200609,0010593,한화생명보험주식회사,A2,효력상실환급금,9212075000,0,0,9212075000,국내생보사,D,SH127,환급금 현황(특별계정(22.12월 이전))
275,200609,0010593,한화생명보험주식회사,A3,생존급여금 등,44688638000,0,0,44688638000,국내생보사,D,SH127,환급금 현황(특별계정(22.12월 이전))
276,200612,0010593,한화생명보험주식회사,A,합계,383618158000,199493125000,5948000,184119084000,국내생보사,D,SH127,환급금 현황(특별계정(22.12월 이전))
277,200612,0010593,한화생명보험주식회사,A1,해지환급금,289943238000,199493125000,5948000,90444163000,국내생보사,D,SH127,환급금 현황(특별계정(22.12월 이전))
278,200612,0010593,한화생명보험주식회사,A2,효력상실환급금,16169777000,0,0,16169777000,국내생보사,D,SH127,환급금 현황(특별계정(22.12월 이전))
279,200612,0010593,한화생명보험주식회사,A3,생존급여금 등,77505141000,0,0,77505141000,국내생보사,D,SH127,환급금 현황(특별계정(22.12월 이전))
280,200506,0010596,흥국생명보험주식회사,A,합계,0,0,0,465958000,국내생보사,D,SH127,환급금 현황(특별계정(22.12월 이전))
281,200506,0010596,흥국생명보험주식회사,A1,해지환급금,0,0,0,0,국내생보사,D,SH127,환급금 현황(특별계정(22.12월 이전))
282,200506,0010596,흥국생명보험주식회사,A2,효력상실환급금,0,0,0,0,국내생보사,D,SH127,환급금 현황(특별계정(22.12월 이전))
283,200506,0010596,흥국생명보험주식회사,A3,생존급여금 등,0,0,0,465958000,국내생보사,D,SH127,환급금 현황(특별계정(22.12월 이전))
284,200509,0010596,흥국생명보험주식회사,A,합계,0,0,0,995108000,국내생보사,D,SH127,환급금 현황(특별계정(22.12월 이전))
285,200509,0010596,흥국생명보험주식회사,A1,해지환급금,0,0,0,558959000,국내생보사,D,SH127,환급금 현황(특별계정(22.12월 이전))
286,200509,0010596,흥국생명보험주식회사,A2,효력상실환급금,0,0,0,0,국내생보사,D,SH127,환급금 현황(특별계정(22.12월 이전))
287,200509,0010596,흥국생명보험주식회사,A3,생존급여금 등,0,0,0,436149000,국내생보사,D,SH127,환급금 현황(특별계정(22.12월 이전))
288,200512,0010596,흥국생명보험주식회사,A,합계,0,0,0,2752978000,국내생보사,D,SH127,환급금 현황(특별계정(22.12월 이전))
289,200512,0010596,흥국생명보험주식회사,A1,해지환급금,0,0,0,2287019000,국내생보사,D,SH127,환급금 현황(특별계정(22.12월 이전))
290,200512,0010596,흥국생명보험주식회사,A2,효력상실환급금,0,0,0,0,국내생보사,D,SH127,환급금 현황(특별계정(22.12월 이전))
291,200512,0010596,흥국생명보험주식회사,A3,생존급여금 등,0,0,0,465958000,국내생보사,D,SH127,환급금 현황(특별계정(22.12월 이전))
292,200603,0010596,흥국생명보험주식회사,A,합계,0,0,0,1648705000,국내생보사,D,SH127,환급금 현황(특별계정(22.12월 이전))
293,200603,0010596,흥국생명보험주식회사,A1,해지환급금,0,0,0,1182747000,국내생보사,D,SH127,환급금 현황(특별계정(22.12월 이전))
294,200603,0010596,흥국생명보험주식회사,A2,효력상실환급금,0,0,0,0,국내생보사,D,SH127,환급금 현황(특별계정(22.12월 이전))
295,200603,0010596,흥국생명보험주식회사,A3,생존급여금 등,0,0,0,465958000,국내생보사,D,SH127,환급금 현황(특별계정(22.12월 이전))
296,200606,0010596,흥국생명보험주식회사,A,합계,41837477000,40421423000,0,1416054000,국내생보사,D,SH127,환급금 현황(특별계정(22.12월 이전))
297,200606,0010596,흥국생명보험주식회사,A1,해지환급금,41351770000,39935716000,0,1416054000,국내생보사,D,SH127,환급금 현황(특별계정(22.12월 이전))
298,200606,0010596,흥국생명보험주식회사,A2,효력상실환급금,0,0,0,0,국내생보사,D,SH127,환급금 현황(특별계정(22.12월 이전))
299,200606,0010596,흥국생명보험주식회사,A3,생존급여금 등,485707000,485707000,0,0,국내생보사,D,SH127,환급금 현황(특별계정(22.12월 이전))
300,200609,0010596,흥국생명보험주식회사,A,합계,47418650000,43412612000,287526000,3718512000,국내생보사,D,SH127,환급금 현황(특별계정(22.12월 이전))
301,200609,0010596,흥국생명보험주식회사,A1,해지환급금,46932943000,42926905000,287526000,3718512000,국내생보사,D,SH127,환급금 현황(특별계정(22.12월 이전))
302,200609,0010596,흥국생명보험주식회사,A2,효력상실환급금,0,0,0,0,국내생보사,D,SH127,환급금 현황(특별계정(22.12월 이전))
303,200609,0010596,흥국생명보험주식회사,A3,생존급여금 등,485707000,485707000,0,0,국내생보사,D,SH127,환급금 현황(특별계정(22.12월 이전))
304,200612,0010596,흥국생명보험주식회사,A,합계,51611127000,43985797000,287526000,7337804000,국내생보사,D,SH127,환급금 현황(특별계정(22.12월 이전))
305,200612,0010596,흥국생명보험주식회사,A1,해지환급금,50986920000,43500090000,287526000,7199304000,국내생보사,D,SH127,환급금 현황(특별계정(22.12월 이전))
306,200612,0010596,흥국생명보험주식회사,A2,효력상실환급금,0,0,0,0,국내생보사,D,SH127,환급금 현황(특별계정(22.12월 이전))
307,200612,0010596,흥국생명보험주식회사,A3,생존급여금 등,624207000,485707000,0,138500000,국내생보사,D,SH127,환급금 현황(특별계정(22.12월 이전))
308,200506,0010622,동양생명보험주식회사,A,합계,0,0,0,64000,외국생보사,D,SH127,환급금 현황(특별계정(22.12월 이전))
309,200506,0010622,동양생명보험주식회사,A1,해지환급금,0,0,0,64000,외국생보사,D,SH127,환급금 현황(특별계정(22.12월 이전))
310,200506,0010622,동양생명보험주식회사,A2,효력상실환급금,0,0,0,0,외국생보사,D,SH127,환급금 현황(특별계정(22.12월 이전))
311,200506,0010622,동양생명보험주식회사,A3,생존급여금 등,0,0,0,0,외국생보사,D,SH127,환급금 현황(특별계정(22.12월 이전))
312,200509,0010622,동양생명보험주식회사,A,합계,0,0,0,11613000,외국생보사,D,SH127,환급금 현황(특별계정(22.12월 이전))
313,200509,0010622,동양생명보험주식회사,A1,해지환급금,0,0,0,11613000,외국생보사,D,SH127,환급금 현황(특별계정(22.12월 이전))
314,200509,0010622,동양생명보험주식회사,A2,효력상실환급금,0,0,0,0,외국생보사,D,SH127,환급금 현황(특별계정(22.12월 이전))
315,200509,0010622,동양생명보험주식회사,A3,생존급여금 등,0,0,0,0,외국생보사,D,SH127,환급금 현황(특별계정(22.12월 이전))
316,200512,0010622,동양생명보험주식회사,A,합계,0,0,0,173013000,외국생보사,D,SH127,환급금 현황(특별계정(22.12월 이전))
317,200512,0010622,동양생명보험주식회사,A1,해지환급금,0,0,0,152621000,외국생보사,D,SH127,환급금 현황(특별계정(22.12월 이전))
318,200512,0010622,동양생명보험주식회사,A2,효력상실환급금,0,0,0,5668000,외국생보사,D,SH127,환급금 현황(특별계정(22.12월 이전))
319,200512,0010622,동양생명보험주식회사,A3,생존급여금 등,0,0,0,14724000,외국생보사,D,SH127,환급금 현황(특별계정(22.12월 이전))
320,200603,0010622,동양생명보험주식회사,A,합계,0,0,0,738927000,외국생보사,D,SH127,환급금 현황(특별계정(22.12월 이전))
321,200603,0010622,동양생명보험주식회사,A1,해지환급금,0,0,0,627552000,외국생보사,D,SH127,환급금 현황(특별계정(22.12월 이전))
322,200603,0010622,동양생명보험주식회사,A2,효력상실환급금,0,0,0,44921000,외국생보사,D,SH127,환급금 현황(특별계정(22.12월 이전))
323,200603,0010622,동양생명보험주식회사,A3,생존급여금 등,0,0,0,66454000,외국생보사,D,SH127,환급금 현황(특별계정(22.12월 이전))
324,200606,0010622,동양생명보험주식회사,A,합계,1323551000,0,0,1323551000,외국생보사,D,SH127,환급금 현황(특별계정(22.12월 이전))
325,200606,0010622,동양생명보험주식회사,A1,해지환급금,1183734000,0,0,1183734000,외국생보사,D,SH127,환급금 현황(특별계정(22.12월 이전))
326,200606,0010622,동양생명보험주식회사,A2,효력상실환급금,87979000,0,0,87979000,외국생보사,D,SH127,환급금 현황(특별계정(22.12월 이전))
327,200606,0010622,동양생명보험주식회사,A3,생존급여금 등,51838000,0,0,51838000,외국생보사,D,SH127,환급금 현황(특별계정(22.12월 이전))
328,200609,0010622,동양생명보험주식회사,A,합계,3719275000,27159000,0,3692116000,외국생보사,D,SH127,환급금 현황(특별계정(22.12월 이전))
329,200609,0010622,동양생명보험주식회사,A1,해지환급금,2871380000,27159000,0,2844221000,외국생보사,D,SH127,환급금 현황(특별계정(22.12월 이전))
330,200609,0010622,동양생명보험주식회사,A2,효력상실환급금,436295000,0,0,436295000,외국생보사,D,SH127,환급금 현황(특별계정(22.12월 이전))
331,200609,0010622,동양생명보험주식회사,A3,생존급여금 등,411600000,0,0,411600000,외국생보사,D,SH127,환급금 현황(특별계정(22.12월 이전))
332,200612,0010622,동양생명보험주식회사,A,합계,10862978000,2107790000,0,8755188000,외국생보사,D,SH127,환급금 현황(특별계정(22.12월 이전))
333,200612,0010622,동양생명보험주식회사,A1,해지환급금,8338018000,2107790000,0,6230228000,외국생보사,D,SH127,환급금 현황(특별계정(22.12월 이전))
334,200612,0010622,동양생명보험주식회사,A2,효력상실환급금,883656000,0,0,883656000,외국생보사,D,SH127,환급금 현황(특별계정(22.12월 이전))
335,200612,0010622,동양생명보험주식회사,A3,생존급여금 등,1641304000,0,0,1641304000,외국생보사,D,SH127,환급금 현황(특별계정(22.12월 이전))
336,200506,0011434,라이나생명보험주식회사,A,합계,0,0,0,0,외국생보사,D,SH127,환급금 현황(특별계정(22.12월 이전))
337,200506,0011434,라이나생명보험주식회사,A1,해지환급금,0,0,0,0,외국생보사,D,SH127,환급금 현황(특별계정(22.12월 이전))
338,200506,0011434,라이나생명보험주식회사,A2,효력상실환급금,0,0,0,0,외국생보사,D,SH127,환급금 현황(특별계정(22.12월 이전))
339,200506,0011434,라이나생명보험주식회사,A3,생존급여금 등,0,0,0,0,외국생보사,D,SH127,환급금 현황(특별계정(22.12월 이전))
340,200509,0011434,라이나생명보험주식회사,A,합계,0,0,0,0,외국생보사,D,SH127,환급금 현황(특별계정(22.12월 이전))
341,200509,0011434,라이나생명보험주식회사,A1,해지환급금,0,0,0,0,외국생보사,D,SH127,환급금 현황(특별계정(22.12월 이전))
342,200509,0011434,라이나생명보험주식회사,A2,효력상실환급금,0,0,0,0,외국생보사,D,SH127,환급금 현황(특별계정(22.12월 이전))
343,200509,0011434,라이나생명보험주식회사,A3,생존급여금 등,0,0,0,0,외국생보사,D,SH127,환급금 현황(특별계정(22.12월 이전))
344,200512,0011434,라이나생명보험주식회사,A,합계,0,0,0,0,외국생보사,D,SH127,환급금 현황(특별계정(22.12월 이전))
345,200512,0011434,라이나생명보험주식회사,A1,해지환급금,0,0,0,0,외국생보사,D,SH127,환급금 현황(특별계정(22.12월 이전))
346,200512,0011434,라이나생명보험주식회사,A2,효력상실환급금,0,0,0,0,외국생보사,D,SH127,환급금 현황(특별계정(22.12월 이전))
347,200512,0011434,라이나생명보험주식회사,A3,생존급여금 등,0,0,0,0,외국생보사,D,SH127,환급금 현황(특별계정(22.12월 이전))
348,200603,0011434,라이나생명보험주식회사,A,합계,0,0,0,0,외국생보사,D,SH127,환급금 현황(특별계정(22.12월 이전))
349,200603,0011434,라이나생명보험주식회사,A1,해지환급금,0,0,0,0,외국생보사,D,SH127,환급금 현황(특별계정(22.12월 이전))
350,200603,0011434,라이나생명보험주식회사,A2,효력상실환급금,0,0,0,0,외국생보사,D,SH127,환급금 현황(특별계정(22.12월 이전))
351,200603,0011434,라이나생명보험주식회사,A3,생존급여금 등,0,0,0,0,외국생보사,D,SH127,환급금 현황(특별계정(22.12월 이전))
352,200606,0011434,라이나생명보험주식회사,A,합계,0,0,0,0,외국생보사,D,SH127,환급금 현황(특별계정(22.12월 이전))
353,200606,0011434,라이나생명보험주식회사,A1,해지환급금,0,0,0,0,외국생보사,D,SH127,환급금 현황(특별계정(22.12월 이전))
354,200606,0011434,라이나생명보험주식회사,A2,효력상실환급금,0,0,0,0,외국생보사,D,SH127,환급금 현황(특별계정(22.12월 이전))
355,200606,0011434,라이나생명보험주식회사,A3,생존급여금 등,0,0,0,0,외국생보사,D,SH127,환급금 현황(특별계정(22.12월 이전))
356,200609,0011434,라이나생명보험주식회사,A,합계,0,0,0,0,외국생보사,D,SH127,환급금 현황(특별계정(22.12월 이전))
357,200609,0011434,라이나생명보험주식회사,A1,해지환급금,0,0,0,0,외국생보사,D,SH127,환급금 현황(특별계정(22.12월 이전))
358,200609,0011434,라이나생명보험주식회사,A2,효력상실환급금,0,0,0,0,외국생보사,D,SH127,환급금 현황(특별계정(22.12월 이전))
359,200609,0011434,라이나생명보험주식회사,A3,생존급여금 등,0,0,0,0,외국생보사,D,SH127,환급금 현황(특별계정(22.12월 이전))
360,200612,0011434,라이나생명보험주식회사,A,합계,0,0,0,0,외국생보사,D,SH127,환급금 현황(특별계정(22.12월 이전))
361,200612,0011434,라이나생명보험주식회사,A1,해지환급금,0,0,0,0,외국생보사,D,SH127,환급금 현황(특별계정(22.12월 이전))
362,200612,0011434,라이나생명보험주식회사,A2,효력상실환급금,0,0,0,0,외국생보사,D,SH127,환급금 현황(특별계정(22.12월 이전))
363,200612,0011434,라이나생명보험주식회사,A3,생존급여금 등,0,0,0,0,외국생보사,D,SH127,환급금 현황(특별계정(22.12월 이전))
364,200506,0010620,메트라이프생명보험(주),A,합계,0,0,0,3958185000,외국생보사,D,SH127,환급금 현황(특별계정(22.12월 이전))
365,200506,0010620,메트라이프생명보험(주),A1,해지환급금,0,0,0,1415472000,외국생보사,D,SH127,환급금 현황(특별계정(22.12월 이전))
366,200506,0010620,메트라이프생명보험(주),A2,효력상실환급금,0,0,0,198974000,외국생보사,D,SH127,환급금 현황(특별계정(22.12월 이전))
367,200506,0010620,메트라이프생명보험(주),A3,생존급여금 등,0,0,0,2343738000,외국생보사,D,SH127,환급금 현황(특별계정(22.12월 이전))
368,200509,0010620,메트라이프생명보험(주),A,합계,0,0,0,13316161000,외국생보사,D,SH127,환급금 현황(특별계정(22.12월 이전))
369,200509,0010620,메트라이프생명보험(주),A1,해지환급금,0,0,0,6339415000,외국생보사,D,SH127,환급금 현황(특별계정(22.12월 이전))
370,200509,0010620,메트라이프생명보험(주),A2,효력상실환급금,0,0,0,783805000,외국생보사,D,SH127,환급금 현황(특별계정(22.12월 이전))
371,200509,0010620,메트라이프생명보험(주),A3,생존급여금 등,0,0,0,6192941000,외국생보사,D,SH127,환급금 현황(특별계정(22.12월 이전))
372,200512,0010620,메트라이프생명보험(주),A,합계,0,0,0,30199827000,외국생보사,D,SH127,환급금 현황(특별계정(22.12월 이전))
373,200512,0010620,메트라이프생명보험(주),A1,해지환급금,0,0,0,16626769000,외국생보사,D,SH127,환급금 현황(특별계정(22.12월 이전))
374,200512,0010620,메트라이프생명보험(주),A2,효력상실환급금,0,0,0,1455395000,외국생보사,D,SH127,환급금 현황(특별계정(22.12월 이전))
375,200512,0010620,메트라이프생명보험(주),A3,생존급여금 등,0,0,0,12117662000,외국생보사,D,SH127,환급금 현황(특별계정(22.12월 이전))
376,200603,0010620,메트라이프생명보험(주),A,합계,0,0,0,55828602000,외국생보사,D,SH127,환급금 현황(특별계정(22.12월 이전))
377,200603,0010620,메트라이프생명보험(주),A1,해지환급금,0,0,0,31841410000,외국생보사,D,SH127,환급금 현황(특별계정(22.12월 이전))
378,200603,0010620,메트라이프생명보험(주),A2,효력상실환급금,0,0,0,2556458000,외국생보사,D,SH127,환급금 현황(특별계정(22.12월 이전))
379,200603,0010620,메트라이프생명보험(주),A3,생존급여금 등,0,0,0,21430732000,외국생보사,D,SH127,환급금 현황(특별계정(22.12월 이전))
380,200606,0010620,메트라이프생명보험(주),A,합계,29797883000,0,0,29797883000,외국생보사,D,SH127,환급금 현황(특별계정(22.12월 이전))
381,200606,0010620,메트라이프생명보험(주),A1,해지환급금,18079354000,0,0,18079354000,외국생보사,D,SH127,환급금 현황(특별계정(22.12월 이전))
382,200606,0010620,메트라이프생명보험(주),A2,효력상실환급금,976880000,0,0,976880000,외국생보사,D,SH127,환급금 현황(특별계정(22.12월 이전))
383,200606,0010620,메트라이프생명보험(주),A3,생존급여금 등,10741649000,0,0,10741649000,외국생보사,D,SH127,환급금 현황(특별계정(22.12월 이전))
384,200609,0010620,메트라이프생명보험(주),A,합계,60344169000,0,0,60344169000,외국생보사,D,SH127,환급금 현황(특별계정(22.12월 이전))
385,200609,0010620,메트라이프생명보험(주),A1,해지환급금,37253888000,0,0,37253888000,외국생보사,D,SH127,환급금 현황(특별계정(22.12월 이전))
386,200609,0010620,메트라이프생명보험(주),A2,효력상실환급금,2048465000,0,0,2048465000,외국생보사,D,SH127,환급금 현황(특별계정(22.12월 이전))
387,200609,0010620,메트라이프생명보험(주),A3,생존급여금 등,21041816000,0,0,21041816000,외국생보사,D,SH127,환급금 현황(특별계정(22.12월 이전))
388,200612,0010620,메트라이프생명보험(주),A,합계,112204711000,426988000,0,111777722000,외국생보사,D,SH127,환급금 현황(특별계정(22.12월 이전))
389,200612,0010620,메트라이프생명보험(주),A1,해지환급금,70832958000,426988000,0,70405970000,외국생보사,D,SH127,환급금 현황(특별계정(22.12월 이전))
390,200612,0010620,메트라이프생명보험(주),A2,효력상실환급금,4810555000,0,0,4810555000,외국생보사,D,SH127,환급금 현황(특별계정(22.12월 이전))
391,200612,0010620,메트라이프생명보험(주),A3,생존급여금 등,36561196000,0,0,36561196000,외국생보사,D,SH127,환급금 현황(특별계정(22.12월 이전))
392,200506,0011226,비엔피파리바카디프생명보험주식회사,A,합계,0,0,0,6745531000,외국생보사,D,SH127,환급금 현황(특별계정(22.12월 이전))
393,200506,0011226,비엔피파리바카디프생명보험주식회사,A1,해지환급금,0,0,0,5863628000,외국생보사,D,SH127,환급금 현황(특별계정(22.12월 이전))
394,200506,0011226,비엔피파리바카디프생명보험주식회사,A2,효력상실환급금,0,0,0,162646000,외국생보사,D,SH127,환급금 현황(특별계정(22.12월 이전))
395,200506,0011226,비엔피파리바카디프생명보험주식회사,A3,생존급여금 등,0,0,0,719257000,외국생보사,D,SH127,환급금 현황(특별계정(22.12월 이전))
396,200509,0011226,비엔피파리바카디프생명보험주식회사,A,합계,0,0,0,25005860000,외국생보사,D,SH127,환급금 현황(특별계정(22.12월 이전))
397,200509,0011226,비엔피파리바카디프생명보험주식회사,A1,해지환급금,0,0,0,22941403000,외국생보사,D,SH127,환급금 현황(특별계정(22.12월 이전))
398,200509,0011226,비엔피파리바카디프생명보험주식회사,A2,효력상실환급금,0,0,0,519868000,외국생보사,D,SH127,환급금 현황(특별계정(22.12월 이전))
399,200509,0011226,비엔피파리바카디프생명보험주식회사,A3,생존급여금 등,0,0,0,1544589000,외국생보사,D,SH127,환급금 현황(특별계정(22.12월 이전))
400,200512,0011226,비엔피파리바카디프생명보험주식회사,A,합계,0,0,0,67564210000,외국생보사,D,SH127,환급금 현황(특별계정(22.12월 이전))
401,200512,0011226,비엔피파리바카디프생명보험주식회사,A1,해지환급금,0,0,0,62709660000,외국생보사,D,SH127,환급금 현황(특별계정(22.12월 이전))
402,200512,0011226,비엔피파리바카디프생명보험주식회사,A2,효력상실환급금,0,0,0,1102130000,외국생보사,D,SH127,환급금 현황(특별계정(22.12월 이전))
403,200512,0011226,비엔피파리바카디프생명보험주식회사,A3,생존급여금 등,0,0,0,3752420000,외국생보사,D,SH127,환급금 현황(특별계정(22.12월 이전))
404,200603,0011226,비엔피파리바카디프생명보험주식회사,A,합계,0,0,0,116041144000,외국생보사,D,SH127,환급금 현황(특별계정(22.12월 이전))
405,200603,0011226,비엔피파리바카디프생명보험주식회사,A1,해지환급금,0,0,0,106479511000,외국생보사,D,SH127,환급금 현황(특별계정(22.12월 이전))
406,200603,0011226,비엔피파리바카디프생명보험주식회사,A2,효력상실환급금,0,0,0,1973344000,외국생보사,D,SH127,환급금 현황(특별계정(22.12월 이전))
407,200603,0011226,비엔피파리바카디프생명보험주식회사,A3,생존급여금 등,0,0,0,7588289000,외국생보사,D,SH127,환급금 현황(특별계정(22.12월 이전))
408,200606,0011226,비엔피파리바카디프생명보험주식회사,A,합계,42162744000,0,0,42162744000,외국생보사,D,SH127,환급금 현황(특별계정(22.12월 이전))
409,200606,0011226,비엔피파리바카디프생명보험주식회사,A1,해지환급금,37447162000,0,0,37447162000,외국생보사,D,SH127,환급금 현황(특별계정(22.12월 이전))
410,200606,0011226,비엔피파리바카디프생명보험주식회사,A2,효력상실환급금,1164756000,0,0,1164756000,외국생보사,D,SH127,환급금 현황(특별계정(22.12월 이전))
411,200606,0011226,비엔피파리바카디프생명보험주식회사,A3,생존급여금 등,3550825000,0,0,3550825000,외국생보사,D,SH127,환급금 현황(특별계정(22.12월 이전))
412,200609,0011226,비엔피파리바카디프생명보험주식회사,A,합계,69299225000,0,0,69299225000,외국생보사,D,SH127,환급금 현황(특별계정(22.12월 이전))
413,200609,0011226,비엔피파리바카디프생명보험주식회사,A1,해지환급금,60219088000,0,0,60219088000,외국생보사,D,SH127,환급금 현황(특별계정(22.12월 이전))
414,200609,0011226,비엔피파리바카디프생명보험주식회사,A2,효력상실환급금,2644816000,0,0,2644816000,외국생보사,D,SH127,환급금 현황(특별계정(22.12월 이전))
415,200609,0011226,비엔피파리바카디프생명보험주식회사,A3,생존급여금 등,6435319000,0,0,6435319000,외국생보사,D,SH127,환급금 현황(특별계정(22.12월 이전))
416,200612,0011226,비엔피파리바카디프생명보험주식회사,A,합계,119028279000,0,0,119028279000,외국생보사,D,SH127,환급금 현황(특별계정(22.12월 이전))
417,200612,0011226,비엔피파리바카디프생명보험주식회사,A1,해지환급금,104414105000,0,0,104414105000,외국생보사,D,SH127,환급금 현황(특별계정(22.12월 이전))
418,200612,0011226,비엔피파리바카디프생명보험주식회사,A2,효력상실환급금,3994466000,0,0,3994466000,외국생보사,D,SH127,환급금 현황(특별계정(22.12월 이전))
419,200612,0011226,비엔피파리바카디프생명보험주식회사,A3,생존급여금 등,10619707000,0,0,10619707000,외국생보사,D,SH127,환급금 현황(특별계정(22.12월 이전))
420,200506,0010594,에이비엘생명보험주식회사,A,합계,0,0,0,2827421000,외국생보사,D,SH127,환급금 현황(특별계정(22.12월 이전))
421,200506,0010594,에이비엘생명보험주식회사,A1,해지환급금,0,0,0,879354000,외국생보사,D,SH127,환급금 현황(특별계정(22.12월 이전))
422,200506,0010594,에이비엘생명보험주식회사,A2,효력상실환급금,0,0,0,14211000,외국생보사,D,SH127,환급금 현황(특별계정(22.12월 이전))
423,200506,0010594,에이비엘생명보험주식회사,A3,생존급여금 등,0,0,0,1933856000,외국생보사,D,SH127,환급금 현황(특별계정(22.12월 이전))
424,200509,0010594,에이비엘생명보험주식회사,A,합계,0,0,0,5648527000,외국생보사,D,SH127,환급금 현황(특별계정(22.12월 이전))
425,200509,0010594,에이비엘생명보험주식회사,A1,해지환급금,0,0,0,1164245000,외국생보사,D,SH127,환급금 현황(특별계정(22.12월 이전))
426,200509,0010594,에이비엘생명보험주식회사,A2,효력상실환급금,0,0,0,61335000,외국생보사,D,SH127,환급금 현황(특별계정(22.12월 이전))
427,200509,0010594,에이비엘생명보험주식회사,A3,생존급여금 등,0,0,0,4422947000,외국생보사,D,SH127,환급금 현황(특별계정(22.12월 이전))
428,200512,0010594,에이비엘생명보험주식회사,A,합계,0,0,0,9907847000,외국생보사,D,SH127,환급금 현황(특별계정(22.12월 이전))
429,200512,0010594,에이비엘생명보험주식회사,A1,해지환급금,0,0,0,2980200000,외국생보사,D,SH127,환급금 현황(특별계정(22.12월 이전))
430,200512,0010594,에이비엘생명보험주식회사,A2,효력상실환급금,0,0,0,176031000,외국생보사,D,SH127,환급금 현황(특별계정(22.12월 이전))
431,200512,0010594,에이비엘생명보험주식회사,A3,생존급여금 등,0,0,0,6751616000,외국생보사,D,SH127,환급금 현황(특별계정(22.12월 이전))
432,200603,0010594,에이비엘생명보험주식회사,A,합계,0,0,0,18621489000,외국생보사,D,SH127,환급금 현황(특별계정(22.12월 이전))
433,200603,0010594,에이비엘생명보험주식회사,A1,해지환급금,0,0,0,6824238000,외국생보사,D,SH127,환급금 현황(특별계정(22.12월 이전))
434,200603,0010594,에이비엘생명보험주식회사,A2,효력상실환급금,0,0,0,541513000,외국생보사,D,SH127,환급금 현황(특별계정(22.12월 이전))
435,200603,0010594,에이비엘생명보험주식회사,A3,생존급여금 등,0,0,0,11255738000,외국생보사,D,SH127,환급금 현황(특별계정(22.12월 이전))
436,200606,0010594,에이비엘생명보험주식회사,A,합계,16016829000,64781000,0,15952048000,외국생보사,D,SH127,환급금 현황(특별계정(22.12월 이전))
437,200606,0010594,에이비엘생명보험주식회사,A1,해지환급금,6879077000,64781000,0,6814296000,외국생보사,D,SH127,환급금 현황(특별계정(22.12월 이전))
438,200606,0010594,에이비엘생명보험주식회사,A2,효력상실환급금,768484000,0,0,768484000,외국생보사,D,SH127,환급금 현황(특별계정(22.12월 이전))
439,200606,0010594,에이비엘생명보험주식회사,A3,생존급여금 등,8369268000,0,0,8369268000,외국생보사,D,SH127,환급금 현황(특별계정(22.12월 이전))
440,200609,0010594,에이비엘생명보험주식회사,A,합계,33723358000,1312808000,0,32410550000,외국생보사,D,SH127,환급금 현황(특별계정(22.12월 이전))
441,200609,0010594,에이비엘생명보험주식회사,A1,해지환급금,14532840000,1312808000,0,13220032000,외국생보사,D,SH127,환급금 현황(특별계정(22.12월 이전))
442,200609,0010594,에이비엘생명보험주식회사,A2,효력상실환급금,1907453000,0,0,1907453000,외국생보사,D,SH127,환급금 현황(특별계정(22.12월 이전))
443,200609,0010594,에이비엘생명보험주식회사,A3,생존급여금 등,17283065000,0,0,17283065000,외국생보사,D,SH127,환급금 현황(특별계정(22.12월 이전))
444,200612,0010594,에이비엘생명보험주식회사,A,합계,64453516000,3832448000,0,60621068000,외국생보사,D,SH127,환급금 현황(특별계정(22.12월 이전))
445,200612,0010594,에이비엘생명보험주식회사,A1,해지환급금,30361934000,3832448000,0,26529486000,외국생보사,D,SH127,환급금 현황(특별계정(22.12월 이전))
446,200612,0010594,에이비엘생명보험주식회사,A2,효력상실환급금,4079235000,0,0,4079235000,외국생보사,D,SH127,환급금 현황(특별계정(22.12월 이전))
447,200612,0010594,에이비엘생명보험주식회사,A3,생존급여금 등,30012347000,0,0,30012347000,외국생보사,D,SH127,환급금 현황(특별계정(22.12월 이전))
448,200506,0010615,에이아이에이생명보험 주식회사,A,합계,0,0,0,0,외국생보사,D,SH127,환급금 현황(특별계정(22.12월 이전))
449,200506,0010615,에이아이에이생명보험 주식회사,A1,해지환급금,0,0,0,0,외국생보사,D,SH127,환급금 현황(특별계정(22.12월 이전))
450,200506,0010615,에이아이에이생명보험 주식회사,A2,효력상실환급금,0,0,0,0,외국생보사,D,SH127,환급금 현황(특별계정(22.12월 이전))
451,200506,0010615,에이아이에이생명보험 주식회사,A3,생존급여금 등,0,0,0,0,외국생보사,D,SH127,환급금 현황(특별계정(22.12월 이전))
452,200509,0010615,에이아이에이생명보험 주식회사,A,합계,0,0,0,0,외국생보사,D,SH127,환급금 현황(특별계정(22.12월 이전))
453,200509,0010615,에이아이에이생명보험 주식회사,A1,해지환급금,0,0,0,0,외국생보사,D,SH127,환급금 현황(특별계정(22.12월 이전))
454,200509,0010615,에이아이에이생명보험 주식회사,A2,효력상실환급금,0,0,0,0,외국생보사,D,SH127,환급금 현황(특별계정(22.12월 이전))
455,200509,0010615,에이아이에이생명보험 주식회사,A3,생존급여금 등,0,0,0,0,외국생보사,D,SH127,환급금 현황(특별계정(22.12월 이전))
456,200512,0010615,에이아이에이생명보험 주식회사,A,합계,0,0,0,2415000,외국생보사,D,SH127,환급금 현황(특별계정(22.12월 이전))
457,200512,0010615,에이아이에이생명보험 주식회사,A1,해지환급금,0,0,0,0,외국생보사,D,SH127,환급금 현황(특별계정(22.12월 이전))
458,200512,0010615,에이아이에이생명보험 주식회사,A2,효력상실환급금,0,0,0,0,외국생보사,D,SH127,환급금 현황(특별계정(22.12월 이전))
459,200512,0010615,에이아이에이생명보험 주식회사,A3,생존급여금 등,0,0,0,2415000,외국생보사,D,SH127,환급금 현황(특별계정(22.12월 이전))
460,200603,0010615,에이아이에이생명보험 주식회사,A,합계,0,0,0,2615000,외국생보사,D,SH127,환급금 현황(특별계정(22.12월 이전))
461,200603,0010615,에이아이에이생명보험 주식회사,A1,해지환급금,0,0,0,0,외국생보사,D,SH127,환급금 현황(특별계정(22.12월 이전))
462,200603,0010615,에이아이에이생명보험 주식회사,A2,효력상실환급금,0,0,0,0,외국생보사,D,SH127,환급금 현황(특별계정(22.12월 이전))
463,200603,0010615,에이아이에이생명보험 주식회사,A3,생존급여금 등,0,0,0,2615000,외국생보사,D,SH127,환급금 현황(특별계정(22.12월 이전))
464,200606,0010615,에이아이에이생명보험 주식회사,A,합계,7428000,0,0,7428000,외국생보사,D,SH127,환급금 현황(특별계정(22.12월 이전))
465,200606,0010615,에이아이에이생명보험 주식회사,A1,해지환급금,132000,0,0,132000,외국생보사,D,SH127,환급금 현황(특별계정(22.12월 이전))
466,200606,0010615,에이아이에이생명보험 주식회사,A2,효력상실환급금,0,0,0,0,외국생보사,D,SH127,환급금 현황(특별계정(22.12월 이전))
467,200606,0010615,에이아이에이생명보험 주식회사,A3,생존급여금 등,7295000,0,0,7295000,외국생보사,D,SH127,환급금 현황(특별계정(22.12월 이전))
468,200609,0010615,에이아이에이생명보험 주식회사,A,합계,183672000,0,0,183672000,외국생보사,D,SH127,환급금 현황(특별계정(22.12월 이전))
469,200609,0010615,에이아이에이생명보험 주식회사,A1,해지환급금,132000,0,0,132000,외국생보사,D,SH127,환급금 현황(특별계정(22.12월 이전))
470,200609,0010615,에이아이에이생명보험 주식회사,A2,효력상실환급금,0,0,0,0,외국생보사,D,SH127,환급금 현황(특별계정(22.12월 이전))
471,200609,0010615,에이아이에이생명보험 주식회사,A3,생존급여금 등,183539000,0,0,183539000,외국생보사,D,SH127,환급금 현황(특별계정(22.12월 이전))
472,200612,0010615,에이아이에이생명보험 주식회사,A,합계,1061160000,0,0,1061160000,외국생보사,D,SH127,환급금 현황(특별계정(22.12월 이전))
473,200612,0010615,에이아이에이생명보험 주식회사,A1,해지환급금,132000,0,0,132000,외국생보사,D,SH127,환급금 현황(특별계정(22.12월 이전))
474,200612,0010615,에이아이에이생명보험 주식회사,A2,효력상실환급금,0,0,0,0,외국생보사,D,SH127,환급금 현황(특별계정(22.12월 이전))
475,200612,0010615,에이아이에이생명보험 주식회사,A3,생존급여금 등,1061027000,0,0,1061027000,외국생보사,D,SH127,환급금 현황(특별계정(22.12월 이전))
476,200506,0010625,처브라이프생명보험주식회사,A,합계,0,0,0,4146000,외국생보사,D,SH127,환급금 현황(특별계정(22.12월 이전))
477,200506,0010625,처브라이프생명보험주식회사,A1,해지환급금,0,0,0,0,외국생보사,D,SH127,환급금 현황(특별계정(22.12월 이전))
478,200506,0010625,처브라이프생명보험주식회사,A2,효력상실환급금,0,0,0,0,외국생보사,D,SH127,환급금 현황(특별계정(22.12월 이전))
479,200506,0010625,처브라이프생명보험주식회사,A3,생존급여금 등,0,0,0,4146000,외국생보사,D,SH127,환급금 현황(특별계정(22.12월 이전))
480,200509,0010625,처브라이프생명보험주식회사,A,합계,0,0,0,22749000,외국생보사,D,SH127,환급금 현황(특별계정(22.12월 이전))
481,200509,0010625,처브라이프생명보험주식회사,A1,해지환급금,0,0,0,18604000,외국생보사,D,SH127,환급금 현황(특별계정(22.12월 이전))
482,200509,0010625,처브라이프생명보험주식회사,A2,효력상실환급금,0,0,0,0,외국생보사,D,SH127,환급금 현황(특별계정(22.12월 이전))
483,200509,0010625,처브라이프생명보험주식회사,A3,생존급여금 등,0,0,0,4145000,외국생보사,D,SH127,환급금 현황(특별계정(22.12월 이전))
484,200512,0010625,처브라이프생명보험주식회사,A,합계,0,0,0,113133000,외국생보사,D,SH127,환급금 현황(특별계정(22.12월 이전))
485,200512,0010625,처브라이프생명보험주식회사,A1,해지환급금,0,0,0,18998000,외국생보사,D,SH127,환급금 현황(특별계정(22.12월 이전))
486,200512,0010625,처브라이프생명보험주식회사,A2,효력상실환급금,0,0,0,0,외국생보사,D,SH127,환급금 현황(특별계정(22.12월 이전))
487,200512,0010625,처브라이프생명보험주식회사,A3,생존급여금 등,0,0,0,94135000,외국생보사,D,SH127,환급금 현황(특별계정(22.12월 이전))
488,200603,0010625,처브라이프생명보험주식회사,A,합계,0,0,0,391006000,외국생보사,D,SH127,환급금 현황(특별계정(22.12월 이전))
489,200603,0010625,처브라이프생명보험주식회사,A1,해지환급금,0,0,0,179945000,외국생보사,D,SH127,환급금 현황(특별계정(22.12월 이전))
490,200603,0010625,처브라이프생명보험주식회사,A2,효력상실환급금,0,0,0,0,외국생보사,D,SH127,환급금 현황(특별계정(22.12월 이전))
491,200603,0010625,처브라이프생명보험주식회사,A3,생존급여금 등,0,0,0,211061000,외국생보사,D,SH127,환급금 현황(특별계정(22.12월 이전))
492,200606,0010625,처브라이프생명보험주식회사,A,합계,278956000,0,0,278956000,외국생보사,D,SH127,환급금 현황(특별계정(22.12월 이전))
493,200606,0010625,처브라이프생명보험주식회사,A1,해지환급금,75583000,0,0,75583000,외국생보사,D,SH127,환급금 현황(특별계정(22.12월 이전))
494,200606,0010625,처브라이프생명보험주식회사,A2,효력상실환급금,0,0,0,0,외국생보사,D,SH127,환급금 현황(특별계정(22.12월 이전))
495,200606,0010625,처브라이프생명보험주식회사,A3,생존급여금 등,203373000,0,0,203373000,외국생보사,D,SH127,환급금 현황(특별계정(22.12월 이전))
496,200609,0010625,처브라이프생명보험주식회사,A,합계,696373000,0,0,696373000,외국생보사,D,SH127,환급금 현황(특별계정(22.12월 이전))
497,200609,0010625,처브라이프생명보험주식회사,A1,해지환급금,239847000,0,0,239847000,외국생보사,D,SH127,환급금 현황(특별계정(22.12월 이전))
498,200609,0010625,처브라이프생명보험주식회사,A2,효력상실환급금,0,0,0,0,외국생보사,D,SH127,환급금 현황(특별계정(22.12월 이전))
499,200609,0010625,처브라이프생명보험주식회사,A3,생존급여금 등,456526000,0,0,456526000,외국생보사,D,SH127,환급금 현황(특별계정(22.12월 이전))
500,200612,0010625,처브라이프생명보험주식회사,A,합계,1392897000,0,0,1392897000,외국생보사,D,SH127,환급금 현황(특별계정(22.12월 이전))
501,200612,0010625,처브라이프생명보험주식회사,A1,해지환급금,512741000,0,0,512741000,외국생보사,D,SH127,환급금 현황(특별계정(22.12월 이전))
502,200612,0010625,처브라이프생명보험주식회사,A2,효력상실환급금,0,0,0,0,외국생보사,D,SH127,환급금 현황(특별계정(22.12월 이전))
503,200612,0010625,처브라이프생명보험주식회사,A3,생존급여금 등,880156000,0,0,880156000,외국생보사,D,SH127,환급금 현황(특별계정(22.12월 이전))
504,200506,0011320,푸본현대생명보험주식회사,A,합계,0,0,0,0,외국생보사,D,SH127,환급금 현황(특별계정(22.12월 이전))
505,200506,0011320,푸본현대생명보험주식회사,A1,해지환급금,0,0,0,0,외국생보사,D,SH127,환급금 현황(특별계정(22.12월 이전))
506,200506,0011320,푸본현대생명보험주식회사,A2,효력상실환급금,0,0,0,0,외국생보사,D,SH127,환급금 현황(특별계정(22.12월 이전))
507,200506,0011320,푸본현대생명보험주식회사,A3,생존급여금 등,0,0,0,0,외국생보사,D,SH127,환급금 현황(특별계정(22.12월 이전))
508,200509,0011320,푸본현대생명보험주식회사,A,합계,0,0,0,0,외국생보사,D,SH127,환급금 현황(특별계정(22.12월 이전))
509,200509,0011320,푸본현대생명보험주식회사,A1,해지환급금,0,0,0,0,외국생보사,D,SH127,환급금 현황(특별계정(22.12월 이전))
510,200509,0011320,푸본현대생명보험주식회사,A2,효력상실환급금,0,0,0,0,외국생보사,D,SH127,환급금 현황(특별계정(22.12월 이전))
511,200509,0011320,푸본현대생명보험주식회사,A3,생존급여금 등,0,0,0,0,외국생보사,D,SH127,환급금 현황(특별계정(22.12월 이전))
512,200512,0011320,푸본현대생명보험주식회사,A,합계,0,0,0,0,외국생보사,D,SH127,환급금 현황(특별계정(22.12월 이전))
513,200512,0011320,푸본현대생명보험주식회사,A1,해지환급금,0,0,0,0,외국생보사,D,SH127,환급금 현황(특별계정(22.12월 이전))
514,200512,0011320,푸본현대생명보험주식회사,A2,효력상실환급금,0,0,0,0,외국생보사,D,SH127,환급금 현황(특별계정(22.12월 이전))
515,200512,0011320,푸본현대생명보험주식회사,A3,생존급여금 등,0,0,0,0,외국생보사,D,SH127,환급금 현황(특별계정(22.12월 이전))
516,200603,0011320,푸본현대생명보험주식회사,A,합계,0,0,0,0,외국생보사,D,SH127,환급금 현황(특별계정(22.12월 이전))
517,200603,0011320,푸본현대생명보험주식회사,A1,해지환급금,0,0,0,0,외국생보사,D,SH127,환급금 현황(특별계정(22.12월 이전))
518,200603,0011320,푸본현대생명보험주식회사,A2,효력상실환급금,0,0,0,0,외국생보사,D,SH127,환급금 현황(특별계정(22.12월 이전))
519,200603,0011320,푸본현대생명보험주식회사,A3,생존급여금 등,0,0,0,0,외국생보사,D,SH127,환급금 현황(특별계정(22.12월 이전))
520,200606,0011320,푸본현대생명보험주식회사,A,합계,1191758000,1191758000,0,0,외국생보사,D,SH127,환급금 현황(특별계정(22.12월 이전))
521,200606,0011320,푸본현대생명보험주식회사,A1,해지환급금,1191758000,1191758000,0,0,외국생보사,D,SH127,환급금 현황(특별계정(22.12월 이전))
522,200606,0011320,푸본현대생명보험주식회사,A2,효력상실환급금,0,0,0,0,외국생보사,D,SH127,환급금 현황(특별계정(22.12월 이전))
523,200606,0011320,푸본현대생명보험주식회사,A3,생존급여금 등,0,0,0,0,외국생보사,D,SH127,환급금 현황(특별계정(22.12월 이전))
524,200609,0011320,푸본현대생명보험주식회사,A,합계,1522344000,1522344000,0,0,외국생보사,D,SH127,환급금 현황(특별계정(22.12월 이전))
525,200609,0011320,푸본현대생명보험주식회사,A1,해지환급금,1522344000,1522344000,0,0,외국생보사,D,SH127,환급금 현황(특별계정(22.12월 이전))
526,200609,0011320,푸본현대생명보험주식회사,A2,효력상실환급금,0,0,0,0,외국생보사,D,SH127,환급금 현황(특별계정(22.12월 이전))
527,200609,0011320,푸본현대생명보험주식회사,A3,생존급여금 등,0,0,0,0,외국생보사,D,SH127,환급금 현황(특별계정(22.12월 이전))
528,200612,0011320,푸본현대생명보험주식회사,A,합계,1522344000,1522344000,0,0,외국생보사,D,SH127,환급금 현황(특별계정(22.12월 이전))
529,200612,0011320,푸본현대생명보험주식회사,A1,해지환급금,1522344000,1522344000,0,0,외국생보사,D,SH127,환급금 현황(특별계정(22.12월 이전))
530,200612,0011320,푸본현대생명보험주식회사,A2,효력상실환급금,0,0,0,0,외국생보사,D,SH127,환급금 현황(특별계정(22.12월 이전))
531,200612,0011320,푸본현대생명보험주식회사,A3,생존급여금 등,0,0,0,0,외국생보사,D,SH127,환급금 현황(특별계정(22.12월 이전))
