,년월,금융회사코드,금융회사명,코드,구분,합계,보장성,저축성,금융구분,통계분류,통계표코드,통계표명
0,200506,0010619,DB생명보험주식회사,A,합계,30119783000,19257153000,10862630000,국내생보사,D,SH126,환급금 현황(일반계정(22.12월 이전))
1,200506,0010619,DB생명보험주식회사,A1,해지환급금,15706401000,6430355000,9276046000,국내생보사,D,SH126,환급금 현황(일반계정(22.12월 이전))
2,200506,0010619,DB생명보험주식회사,A2,효력상실환급금,2950929000,1904236000,1046693000,국내생보사,D,SH126,환급금 현황(일반계정(22.12월 이전))
3,200506,0010619,DB생명보험주식회사,A3,생존급여금 등,11462453000,10922562000,539891000,국내생보사,D,SH126,환급금 현황(일반계정(22.12월 이전))
4,200509,0010619,DB생명보험주식회사,A,합계,61725620000,40197147000,21528473000,국내생보사,D,SH126,환급금 현황(일반계정(22.12월 이전))
5,200509,0010619,DB생명보험주식회사,A1,해지환급금,30093343000,12805861000,17287482000,국내생보사,D,SH126,환급금 현황(일반계정(22.12월 이전))
6,200509,0010619,DB생명보험주식회사,A2,효력상실환급금,6411381000,3861992000,2549389000,국내생보사,D,SH126,환급금 현황(일반계정(22.12월 이전))
7,200509,0010619,DB생명보험주식회사,A3,생존급여금 등,25220896000,23529294000,1691602000,국내생보사,D,SH126,환급금 현황(일반계정(22.12월 이전))
8,200512,0010619,DB생명보험주식회사,A,합계,96488519000,63134933000,33353586000,국내생보사,D,SH126,환급금 현황(일반계정(22.12월 이전))
9,200512,0010619,DB생명보험주식회사,A1,해지환급금,45892696000,19525926000,26366770000,국내생보사,D,SH126,환급금 현황(일반계정(22.12월 이전))
10,200512,0010619,DB생명보험주식회사,A2,효력상실환급금,9993510000,5899633000,4093877000,국내생보사,D,SH126,환급금 현황(일반계정(22.12월 이전))
11,200512,0010619,DB생명보험주식회사,A3,생존급여금 등,40602313000,37709374000,2892939000,국내생보사,D,SH126,환급금 현황(일반계정(22.12월 이전))
12,200603,0010619,DB생명보험주식회사,A,합계,132573566000,88248850000,44324715000,국내생보사,D,SH126,환급금 현황(일반계정(22.12월 이전))
13,200603,0010619,DB생명보험주식회사,A1,해지환급금,61459030000,27034887000,34424142000,국내생보사,D,SH126,환급금 현황(일반계정(22.12월 이전))
14,200603,0010619,DB생명보험주식회사,A2,효력상실환급금,13835581000,7974262000,5861317000,국내생보사,D,SH126,환급금 현황(일반계정(22.12월 이전))
15,200603,0010619,DB생명보험주식회사,A3,생존급여금 등,57278952000,53239695000,4039251000,국내생보사,D,SH126,환급금 현황(일반계정(22.12월 이전))
16,200606,0010619,DB생명보험주식회사,A,합계,43879729000,29126099000,14753630000,국내생보사,D,SH126,환급금 현황(일반계정(22.12월 이전))
17,200606,0010619,DB생명보험주식회사,A1,해지환급금,17755419000,8196438000,9558981000,국내생보사,D,SH126,환급금 현황(일반계정(22.12월 이전))
18,200606,0010619,DB생명보험주식회사,A2,효력상실환급금,5616538000,2825708000,2790830000,국내생보사,D,SH126,환급금 현황(일반계정(22.12월 이전))
19,200606,0010619,DB생명보험주식회사,A3,생존급여금 등,20507772000,18103953000,2403819000,국내생보사,D,SH126,환급금 현황(일반계정(22.12월 이전))
20,200609,0010619,DB생명보험주식회사,A,합계,94112403000,59124514000,34987888000,국내생보사,D,SH126,환급금 현황(일반계정(22.12월 이전))
21,200609,0010619,DB생명보험주식회사,A1,해지환급금,41112349000,17289225000,23823122000,국내생보사,D,SH126,환급금 현황(일반계정(22.12월 이전))
22,200609,0010619,DB생명보험주식회사,A2,효력상실환급금,10646962000,5509447000,5137514000,국내생보사,D,SH126,환급금 현황(일반계정(22.12월 이전))
23,200609,0010619,DB생명보험주식회사,A3,생존급여금 등,42353089000,36325837000,6027248000,국내생보사,D,SH126,환급금 현황(일반계정(22.12월 이전))
24,200612,0010619,DB생명보험주식회사,A,합계,145215908000,88521526000,56694380000,국내생보사,D,SH126,환급금 현황(일반계정(22.12월 이전))
25,200612,0010619,DB생명보험주식회사,A1,해지환급금,63643056000,26354844000,37288209000,국내생보사,D,SH126,환급금 현황(일반계정(22.12월 이전))
26,200612,0010619,DB생명보험주식회사,A2,효력상실환급금,15823704000,8043103000,7780600000,국내생보사,D,SH126,환급금 현황(일반계정(22.12월 이전))
27,200612,0010619,DB생명보험주식회사,A3,생존급여금 등,65749146000,54123573000,11625567000,국내생보사,D,SH126,환급금 현황(일반계정(22.12월 이전))
28,200506,0010616,KB라이프생명보험,A,합계,22070807000,20107273000,1963534000,국내생보사,D,SH126,환급금 현황(일반계정(22.12월 이전))
29,200506,0010616,KB라이프생명보험,A1,해지환급금,8767773000,7415469000,1352303000,국내생보사,D,SH126,환급금 현황(일반계정(22.12월 이전))
30,200506,0010616,KB라이프생명보험,A2,효력상실환급금,5857948000,5455189000,402759000,국내생보사,D,SH126,환급금 현황(일반계정(22.12월 이전))
31,200506,0010616,KB라이프생명보험,A3,생존급여금 등,7445086000,7236614000,208472000,국내생보사,D,SH126,환급금 현황(일반계정(22.12월 이전))
32,200509,0010616,KB라이프생명보험,A,합계,48409310000,43147052000,5262257000,국내생보사,D,SH126,환급금 현황(일반계정(22.12월 이전))
33,200509,0010616,KB라이프생명보험,A1,해지환급금,20065424000,16289777000,3775646000,국내생보사,D,SH126,환급금 현황(일반계정(22.12월 이전))
34,200509,0010616,KB라이프생명보험,A2,효력상실환급금,12755225000,11665188000,1090037000,국내생보사,D,SH126,환급금 현황(일반계정(22.12월 이전))
35,200509,0010616,KB라이프생명보험,A3,생존급여금 등,15588661000,15192088000,396574000,국내생보사,D,SH126,환급금 현황(일반계정(22.12월 이전))
36,200512,0010616,KB라이프생명보험,A,합계,74518037000,64931722000,9586316000,국내생보사,D,SH126,환급금 현황(일반계정(22.12월 이전))
37,200512,0010616,KB라이프생명보험,A1,해지환급금,31527682000,24434084000,7093597000,국내생보사,D,SH126,환급금 현황(일반계정(22.12월 이전))
38,200512,0010616,KB라이프생명보험,A2,효력상실환급금,18921104000,17168901000,1752202000,국내생보사,D,SH126,환급금 현황(일반계정(22.12월 이전))
39,200512,0010616,KB라이프생명보험,A3,생존급여금 등,24069252000,23328736000,740515000,국내생보사,D,SH126,환급금 현황(일반계정(22.12월 이전))
40,200603,0010616,KB라이프생명보험,A,합계,103579423000,89484588000,14094835000,국내생보사,D,SH126,환급금 현황(일반계정(22.12월 이전))
41,200603,0010616,KB라이프생명보험,A1,해지환급금,42943716000,33129155000,9814561000,국내생보사,D,SH126,환급금 현황(일반계정(22.12월 이전))
42,200603,0010616,KB라이프생명보험,A2,효력상실환급금,26513962000,23355130000,3158832000,국내생보사,D,SH126,환급금 현황(일반계정(22.12월 이전))
43,200603,0010616,KB라이프생명보험,A3,생존급여금 등,34121744000,33000303000,1121441000,국내생보사,D,SH126,환급금 현황(일반계정(22.12월 이전))
44,200606,0010616,KB라이프생명보험,A,합계,37295847000,32002345000,5293502000,국내생보사,D,SH126,환급금 현황(일반계정(22.12월 이전))
45,200606,0010616,KB라이프생명보험,A1,해지환급금,14197606000,10916962000,3280645000,국내생보사,D,SH126,환급금 현황(일반계정(22.12월 이전))
46,200606,0010616,KB라이프생명보험,A2,효력상실환급금,13851443000,12226945000,1624499000,국내생보사,D,SH126,환급금 현황(일반계정(22.12월 이전))
47,200606,0010616,KB라이프생명보험,A3,생존급여금 등,9246798000,8858438000,388359000,국내생보사,D,SH126,환급금 현황(일반계정(22.12월 이전))
48,200609,0010616,KB라이프생명보험,A,합계,73681348000,63963190000,9718158000,국내생보사,D,SH126,환급금 현황(일반계정(22.12월 이전))
49,200609,0010616,KB라이프생명보험,A1,해지환급금,30202780000,24041928000,6160852000,국내생보사,D,SH126,환급금 현황(일반계정(22.12월 이전))
50,200609,0010616,KB라이프생명보험,A2,효력상실환급금,23239221000,20321865000,2917356000,국내생보사,D,SH126,환급금 현황(일반계정(22.12월 이전))
51,200609,0010616,KB라이프생명보험,A3,생존급여금 등,20239347000,19599397000,639950000,국내생보사,D,SH126,환급금 현황(일반계정(22.12월 이전))
52,200612,0010616,KB라이프생명보험,A,합계,110742671000,94848470000,15894201000,국내생보사,D,SH126,환급금 현황(일반계정(22.12월 이전))
53,200612,0010616,KB라이프생명보험,A1,해지환급금,46792274000,36056342000,10735932000,국내생보사,D,SH126,환급금 현황(일반계정(22.12월 이전))
54,200612,0010616,KB라이프생명보험,A2,효력상실환급금,32768807000,28502019000,4266788000,국내생보사,D,SH126,환급금 현황(일반계정(22.12월 이전))
55,200612,0010616,KB라이프생명보험,A3,생존급여금 등,31181589000,30290109000,891480000,국내생보사,D,SH126,환급금 현황(일반계정(22.12월 이전))
56,200506,0010597,교보생명보험주식회사,A,합계,820518872000,384337248000,436181624000,국내생보사,D,SH126,환급금 현황(일반계정(22.12월 이전))
57,200506,0010597,교보생명보험주식회사,A1,해지환급금,364269098000,112790131000,251478967000,국내생보사,D,SH126,환급금 현황(일반계정(22.12월 이전))
58,200506,0010597,교보생명보험주식회사,A2,효력상실환급금,122221280000,62233709000,59987571000,국내생보사,D,SH126,환급금 현황(일반계정(22.12월 이전))
59,200506,0010597,교보생명보험주식회사,A3,생존급여금 등,334028494000,209313408000,124715086000,국내생보사,D,SH126,환급금 현황(일반계정(22.12월 이전))
60,200509,0010597,교보생명보험주식회사,A,합계,1653382230000,787778954000,865603276000,국내생보사,D,SH126,환급금 현황(일반계정(22.12월 이전))
61,200509,0010597,교보생명보험주식회사,A1,해지환급금,758036874000,234087163000,523949711000,국내생보사,D,SH126,환급금 현황(일반계정(22.12월 이전))
62,200509,0010597,교보생명보험주식회사,A2,효력상실환급금,228215844000,119142195000,109073649000,국내생보사,D,SH126,환급금 현황(일반계정(22.12월 이전))
63,200509,0010597,교보생명보험주식회사,A3,생존급여금 등,667129512000,434549596000,232579916000,국내생보사,D,SH126,환급금 현황(일반계정(22.12월 이전))
64,200512,0010597,교보생명보험주식회사,A,합계,2642566051000,1195936377000,1446629674000,국내생보사,D,SH126,환급금 현황(일반계정(22.12월 이전))
65,200512,0010597,교보생명보험주식회사,A1,해지환급금,1167197037000,360241957000,806955080000,국내생보사,D,SH126,환급금 현황(일반계정(22.12월 이전))
66,200512,0010597,교보생명보험주식회사,A2,효력상실환급금,360980113000,175230441000,185749672000,국내생보사,D,SH126,환급금 현황(일반계정(22.12월 이전))
67,200512,0010597,교보생명보험주식회사,A3,생존급여금 등,1114388901000,660463979000,453924922000,국내생보사,D,SH126,환급금 현황(일반계정(22.12월 이전))
68,200603,0010597,교보생명보험주식회사,A,합계,3671742188000,1640548919000,2031193269000,국내생보사,D,SH126,환급금 현황(일반계정(22.12월 이전))
69,200603,0010597,교보생명보험주식회사,A1,해지환급금,1665294189000,510155094000,1155139095000,국내생보사,D,SH126,환급금 현황(일반계정(22.12월 이전))
70,200603,0010597,교보생명보험주식회사,A2,효력상실환급금,482203611000,243974474000,238229137000,국내생보사,D,SH126,환급금 현황(일반계정(22.12월 이전))
71,200603,0010597,교보생명보험주식회사,A3,생존급여금 등,1524244388000,886419351000,637825037000,국내생보사,D,SH126,환급금 현황(일반계정(22.12월 이전))
72,200606,0010597,교보생명보험주식회사,A,합계,921879617000,426385116000,495494501000,국내생보사,D,SH126,환급금 현황(일반계정(22.12월 이전))
73,200606,0010597,교보생명보험주식회사,A1,해지환급금,489134083000,148160516000,340973567000,국내생보사,D,SH126,환급금 현황(일반계정(22.12월 이전))
74,200606,0010597,교보생명보험주식회사,A2,효력상실환급금,108495165000,59314029000,49181136000,국내생보사,D,SH126,환급금 현황(일반계정(22.12월 이전))
75,200606,0010597,교보생명보험주식회사,A3,생존급여금 등,324250369000,218910571000,105339798000,국내생보사,D,SH126,환급금 현황(일반계정(22.12월 이전))
76,200609,0010597,교보생명보험주식회사,A,합계,1880375142000,898368069000,982007073000,국내생보사,D,SH126,환급금 현황(일반계정(22.12월 이전))
77,200609,0010597,교보생명보험주식회사,A1,해지환급금,1002684702000,323130367000,679554335000,국내생보사,D,SH126,환급금 현황(일반계정(22.12월 이전))
78,200609,0010597,교보생명보험주식회사,A2,효력상실환급금,225362596000,121712889000,103649707000,국내생보사,D,SH126,환급금 현황(일반계정(22.12월 이전))
79,200609,0010597,교보생명보험주식회사,A3,생존급여금 등,652327844000,453524813000,198803031000,국내생보사,D,SH126,환급금 현황(일반계정(22.12월 이전))
80,200612,0010597,교보생명보험주식회사,A,합계,2864306847000,1351964945000,1512341902000,국내생보사,D,SH126,환급금 현황(일반계정(22.12월 이전))
81,200612,0010597,교보생명보험주식회사,A1,해지환급금,1497979547000,488101253000,1009878294000,국내생보사,D,SH126,환급금 현황(일반계정(22.12월 이전))
82,200612,0010597,교보생명보험주식회사,A2,효력상실환급금,326446618000,182150260000,144296358000,국내생보사,D,SH126,환급금 현황(일반계정(22.12월 이전))
83,200612,0010597,교보생명보험주식회사,A3,생존급여금 등,1039880682000,681713432000,358167250000,국내생보사,D,SH126,환급금 현황(일반계정(22.12월 이전))
84,200506,0010608,미래에셋생명보험주식회사,A,합계,136300576000,54290057000,82010519000,국내생보사,D,SH126,환급금 현황(일반계정(22.12월 이전))
85,200506,0010608,미래에셋생명보험주식회사,A1,해지환급금,78318178000,19918714000,58399463000,국내생보사,D,SH126,환급금 현황(일반계정(22.12월 이전))
86,200506,0010608,미래에셋생명보험주식회사,A2,효력상실환급금,17759610000,8300720000,9458890000,국내생보사,D,SH126,환급금 현황(일반계정(22.12월 이전))
87,200506,0010608,미래에셋생명보험주식회사,A3,생존급여금 등,40222789000,26070624000,14152167000,국내생보사,D,SH126,환급금 현황(일반계정(22.12월 이전))
88,200509,0010608,미래에셋생명보험주식회사,A,합계,287617719000,113240132000,174377587000,국내생보사,D,SH126,환급금 현황(일반계정(22.12월 이전))
89,200509,0010608,미래에셋생명보험주식회사,A1,해지환급금,168458548000,42895156000,125563392000,국내생보사,D,SH126,환급금 현황(일반계정(22.12월 이전))
90,200509,0010608,미래에셋생명보험주식회사,A2,효력상실환급금,35410525000,16343234000,19067291000,국내생보사,D,SH126,환급금 현황(일반계정(22.12월 이전))
91,200509,0010608,미래에셋생명보험주식회사,A3,생존급여금 등,83748646000,54001742000,29746904000,국내생보사,D,SH126,환급금 현황(일반계정(22.12월 이전))
92,200512,0010608,미래에셋생명보험주식회사,A,합계,436721066000,172231517000,264489548000,국내생보사,D,SH126,환급금 현황(일반계정(22.12월 이전))
93,200512,0010608,미래에셋생명보험주식회사,A1,해지환급금,258183952000,65588550000,192595401000,국내생보사,D,SH126,환급금 현황(일반계정(22.12월 이전))
94,200512,0010608,미래에셋생명보험주식회사,A2,효력상실환급금,53780830000,24882892000,28897937000,국내생보사,D,SH126,환급금 현황(일반계정(22.12월 이전))
95,200512,0010608,미래에셋생명보험주식회사,A3,생존급여금 등,124756280000,81760069000,42996207000,국내생보사,D,SH126,환급금 현황(일반계정(22.12월 이전))
96,200603,0010608,미래에셋생명보험주식회사,A,합계,603397751000,239695495000,363702255000,국내생보사,D,SH126,환급금 현황(일반계정(22.12월 이전))
97,200603,0010608,미래에셋생명보험주식회사,A1,해지환급금,357296625000,91985971000,265310653000,국내생보사,D,SH126,환급금 현황(일반계정(22.12월 이전))
98,200603,0010608,미래에셋생명보험주식회사,A2,효력상실환급금,72672697000,33978249000,38694447000,국내생보사,D,SH126,환급금 현황(일반계정(22.12월 이전))
99,200603,0010608,미래에셋생명보험주식회사,A3,생존급여금 등,173428427000,113731270000,59697152000,국내생보사,D,SH126,환급금 현황(일반계정(22.12월 이전))
100,200606,0010608,미래에셋생명보험주식회사,A,합계,147715529000,62504765000,85210762000,국내생보사,D,SH126,환급금 현황(일반계정(22.12월 이전))
101,200606,0010608,미래에셋생명보험주식회사,A1,해지환급금,86208570000,24027068000,62181500000,국내생보사,D,SH126,환급금 현황(일반계정(22.12월 이전))
102,200606,0010608,미래에셋생명보험주식회사,A2,효력상실환급금,17749982000,9158697000,8591283000,국내생보사,D,SH126,환급금 현황(일반계정(22.12월 이전))
103,200606,0010608,미래에셋생명보험주식회사,A3,생존급여금 등,43756974000,29318995000,14437976000,국내생보사,D,SH126,환급금 현황(일반계정(22.12월 이전))
104,200609,0010608,미래에셋생명보험주식회사,A,합계,304559412000,128116233000,176443177000,국내생보사,D,SH126,환급금 현황(일반계정(22.12월 이전))
105,200609,0010608,미래에셋생명보험주식회사,A1,해지환급금,181052634000,51050189000,130002443000,국내생보사,D,SH126,환급금 현황(일반계정(22.12월 이전))
106,200609,0010608,미래에셋생명보험주식회사,A2,효력상실환급금,34968505000,17720169000,17248335000,국내생보사,D,SH126,환급금 현황(일반계정(22.12월 이전))
107,200609,0010608,미래에셋생명보험주식회사,A3,생존급여금 등,88538272000,59345869000,29192396000,국내생보사,D,SH126,환급금 현황(일반계정(22.12월 이전))
108,200612,0010608,미래에셋생명보험주식회사,A,합계,458042193000,194076880000,263965312000,국내생보사,D,SH126,환급금 현황(일반계정(22.12월 이전))
109,200612,0010608,미래에셋생명보험주식회사,A1,해지환급금,267800507000,74859284000,192941221000,국내생보사,D,SH126,환급금 현황(일반계정(22.12월 이전))
110,200612,0010608,미래에셋생명보험주식회사,A2,효력상실환급금,51433606000,25881537000,25552067000,국내생보사,D,SH126,환급금 현황(일반계정(22.12월 이전))
111,200612,0010608,미래에셋생명보험주식회사,A3,생존급여금 등,138808078000,93336053000,45472020000,국내생보사,D,SH126,환급금 현황(일반계정(22.12월 이전))
112,200506,0010595,삼성생명보험주식회사,A,합계,2146678655000,702839175000,1443839479000,국내생보사,D,SH126,환급금 현황(일반계정(22.12월 이전))
113,200506,0010595,삼성생명보험주식회사,A1,해지환급금,1321948073000,277424007000,1044524066000,국내생보사,D,SH126,환급금 현황(일반계정(22.12월 이전))
114,200506,0010595,삼성생명보험주식회사,A2,효력상실환급금,223777501000,104624352000,119153149000,국내생보사,D,SH126,환급금 현황(일반계정(22.12월 이전))
115,200506,0010595,삼성생명보험주식회사,A3,생존급여금 등,600953082000,320790819000,280162265000,국내생보사,D,SH126,환급금 현황(일반계정(22.12월 이전))
116,200509,0010595,삼성생명보험주식회사,A,합계,4362810457000,1435132430000,2927678027000,국내생보사,D,SH126,환급금 현황(일반계정(22.12월 이전))
117,200509,0010595,삼성생명보험주식회사,A1,해지환급금,2673443592000,568632418000,2104811174000,국내생보사,D,SH126,환급금 현황(일반계정(22.12월 이전))
118,200509,0010595,삼성생명보험주식회사,A2,효력상실환급금,441157317000,204049518000,237107799000,국내생보사,D,SH126,환급금 현황(일반계정(22.12월 이전))
119,200509,0010595,삼성생명보험주식회사,A3,생존급여금 등,1248209548000,662450494000,585759054000,국내생보사,D,SH126,환급금 현황(일반계정(22.12월 이전))
120,200512,0010595,삼성생명보험주식회사,A,합계,6883933350000,2157250111000,4726683239000,국내생보사,D,SH126,환급금 현황(일반계정(22.12월 이전))
121,200512,0010595,삼성생명보험주식회사,A1,해지환급금,4239318257000,846260916000,3393057341000,국내생보사,D,SH126,환급금 현황(일반계정(22.12월 이전))
122,200512,0010595,삼성생명보험주식회사,A2,효력상실환급금,662831463000,308377658000,354453805000,국내생보사,D,SH126,환급금 현황(일반계정(22.12월 이전))
123,200512,0010595,삼성생명보험주식회사,A3,생존급여금 등,1981783630000,1002611537000,979172093000,국내생보사,D,SH126,환급금 현황(일반계정(22.12월 이전))
124,200603,0010595,삼성생명보험주식회사,A,합계,9210649615000,2960112718000,6250536897000,국내생보사,D,SH126,환급금 현황(일반계정(22.12월 이전))
125,200603,0010595,삼성생명보험주식회사,A1,해지환급금,5700199794000,1174642630000,4525557164000,국내생보사,D,SH126,환급금 현황(일반계정(22.12월 이전))
126,200603,0010595,삼성생명보험주식회사,A2,효력상실환급금,883790200000,422032428000,461757772000,국내생보사,D,SH126,환급금 현황(일반계정(22.12월 이전))
127,200603,0010595,삼성생명보험주식회사,A3,생존급여금 등,2626659621000,1363437660000,1263221961000,국내생보사,D,SH126,환급금 현황(일반계정(22.12월 이전))
128,200606,0010595,삼성생명보험주식회사,A,합계,2084675096000,762575720000,1322099376000,국내생보사,D,SH126,환급금 현황(일반계정(22.12월 이전))
129,200606,0010595,삼성생명보험주식회사,A1,해지환급금,1166288278000,312616044000,853672234000,국내생보사,D,SH126,환급금 현황(일반계정(22.12월 이전))
130,200606,0010595,삼성생명보험주식회사,A2,효력상실환급금,181246777000,89868013000,91378764000,국내생보사,D,SH126,환급금 현황(일반계정(22.12월 이전))
131,200606,0010595,삼성생명보험주식회사,A3,생존급여금 등,737140041000,360091663000,377048378000,국내생보사,D,SH126,환급금 현황(일반계정(22.12월 이전))
132,200609,0010595,삼성생명보험주식회사,A,합계,4315822571000,1579717515000,2736105056000,국내생보사,D,SH126,환급금 현황(일반계정(22.12월 이전))
133,200609,0010595,삼성생명보험주식회사,A1,해지환급금,2356968195000,649486410000,1707481785000,국내생보사,D,SH126,환급금 현황(일반계정(22.12월 이전))
134,200609,0010595,삼성생명보험주식회사,A2,효력상실환급금,356331259000,182699996000,173631263000,국내생보사,D,SH126,환급금 현황(일반계정(22.12월 이전))
135,200609,0010595,삼성생명보험주식회사,A3,생존급여금 등,1602523117000,747531109000,854992008000,국내생보사,D,SH126,환급금 현황(일반계정(22.12월 이전))
136,200612,0010595,삼성생명보험주식회사,A,합계,6520276299000,2390684804000,4129591495000,국내생보사,D,SH126,환급금 현황(일반계정(22.12월 이전))
137,200612,0010595,삼성생명보험주식회사,A1,해지환급금,3518247309000,993079441000,2525167868000,국내생보사,D,SH126,환급금 현황(일반계정(22.12월 이전))
138,200612,0010595,삼성생명보험주식회사,A2,효력상실환급금,526051523000,276138288000,249913235000,국내생보사,D,SH126,환급금 현황(일반계정(22.12월 이전))
139,200612,0010595,삼성생명보험주식회사,A3,생존급여금 등,2475977467000,1121467075000,1354510392000,국내생보사,D,SH126,환급금 현황(일반계정(22.12월 이전))
140,200506,0010599,신한라이프생명보험주식회사,A,합계,101113305000,52657176000,48456129000,국내생보사,D,SH126,환급금 현황(일반계정(22.12월 이전))
141,200506,0010599,신한라이프생명보험주식회사,A1,해지환급금,50882808000,17844585000,33038223000,국내생보사,D,SH126,환급금 현황(일반계정(22.12월 이전))
142,200506,0010599,신한라이프생명보험주식회사,A2,효력상실환급금,14533383000,7291443000,7241940000,국내생보사,D,SH126,환급금 현황(일반계정(22.12월 이전))
143,200506,0010599,신한라이프생명보험주식회사,A3,생존급여금 등,35697114000,27521148000,8175966000,국내생보사,D,SH126,환급금 현황(일반계정(22.12월 이전))
144,200509,0010599,신한라이프생명보험주식회사,A,합계,211190237000,109568968000,101621269000,국내생보사,D,SH126,환급금 현황(일반계정(22.12월 이전))
145,200509,0010599,신한라이프생명보험주식회사,A1,해지환급금,108009323000,37048369000,70960954000,국내생보사,D,SH126,환급금 현황(일반계정(22.12월 이전))
146,200509,0010599,신한라이프생명보험주식회사,A2,효력상실환급금,28379025000,14427760000,13951265000,국내생보사,D,SH126,환급금 현황(일반계정(22.12월 이전))
147,200509,0010599,신한라이프생명보험주식회사,A3,생존급여금 등,74801889000,58092839000,16709050000,국내생보사,D,SH126,환급금 현황(일반계정(22.12월 이전))
148,200512,0010599,신한라이프생명보험주식회사,A,합계,337589382000,176637516000,160951866000,국내생보사,D,SH126,환급금 현황(일반계정(22.12월 이전))
149,200512,0010599,신한라이프생명보험주식회사,A1,해지환급금,171542592000,58043115000,113499477000,국내생보사,D,SH126,환급금 현황(일반계정(22.12월 이전))
150,200512,0010599,신한라이프생명보험주식회사,A2,효력상실환급금,42635549000,22034167000,20601382000,국내생보사,D,SH126,환급금 현황(일반계정(22.12월 이전))
151,200512,0010599,신한라이프생명보험주식회사,A3,생존급여금 등,123411241000,96560234000,26851007000,국내생보사,D,SH126,환급금 현황(일반계정(22.12월 이전))
152,200603,0010599,신한라이프생명보험주식회사,A,합계,490673231000,256386482000,234286749000,국내생보사,D,SH126,환급금 현황(일반계정(22.12월 이전))
153,200603,0010599,신한라이프생명보험주식회사,A1,해지환급금,252783810000,84857054000,167926756000,국내생보사,D,SH126,환급금 현황(일반계정(22.12월 이전))
154,200603,0010599,신한라이프생명보험주식회사,A2,효력상실환급금,58390098000,30104815000,28285283000,국내생보사,D,SH126,환급금 현황(일반계정(22.12월 이전))
155,200603,0010599,신한라이프생명보험주식회사,A3,생존급여금 등,179499323000,141424613000,38074710000,국내생보사,D,SH126,환급금 현황(일반계정(22.12월 이전))
156,200606,0010599,신한라이프생명보험주식회사,A,합계,139959791000,72765234000,67194557000,국내생보사,D,SH126,환급금 현황(일반계정(22.12월 이전))
157,200606,0010599,신한라이프생명보험주식회사,A1,해지환급금,76033214000,27047146000,48986068000,국내생보사,D,SH126,환급금 현황(일반계정(22.12월 이전))
158,200606,0010599,신한라이프생명보험주식회사,A2,효력상실환급금,15071716000,7415461000,7656255000,국내생보사,D,SH126,환급금 현황(일반계정(22.12월 이전))
159,200606,0010599,신한라이프생명보험주식회사,A3,생존급여금 등,48854861000,38302627000,10552234000,국내생보사,D,SH126,환급금 현황(일반계정(22.12월 이전))
160,200609,0010599,신한라이프생명보험주식회사,A,합계,294685073000,154763844000,139921229000,국내생보사,D,SH126,환급금 현황(일반계정(22.12월 이전))
161,200609,0010599,신한라이프생명보험주식회사,A1,해지환급금,158899241000,55975271000,102923970000,국내생보사,D,SH126,환급금 현황(일반계정(22.12월 이전))
162,200609,0010599,신한라이프생명보험주식회사,A2,효력상실환급금,30895982000,15465284000,15430698000,국내생보사,D,SH126,환급금 현황(일반계정(22.12월 이전))
163,200609,0010599,신한라이프생명보험주식회사,A3,생존급여금 등,104889850000,83323289000,21566561000,국내생보사,D,SH126,환급금 현황(일반계정(22.12월 이전))
164,200612,0010599,신한라이프생명보험주식회사,A,합계,440794345000,232066499000,208727846000,국내생보사,D,SH126,환급금 현황(일반계정(22.12월 이전))
165,200612,0010599,신한라이프생명보험주식회사,A1,해지환급금,236183357000,82911369000,153271988000,국내생보사,D,SH126,환급금 현황(일반계정(22.12월 이전))
166,200612,0010599,신한라이프생명보험주식회사,A2,효력상실환급금,45128441000,22669303000,22459138000,국내생보사,D,SH126,환급금 현황(일반계정(22.12월 이전))
167,200612,0010599,신한라이프생명보험주식회사,A3,생존급여금 등,159482547000,126485827000,32996720000,국내생보사,D,SH126,환급금 현황(일반계정(22.12월 이전))
168,200506,0010605,아이엠라이프생명보험 주식회사,A,합계,19897700000,9738050000,10159650000,국내생보사,D,SH126,환급금 현황(일반계정(22.12월 이전))
169,200506,0010605,아이엠라이프생명보험 주식회사,A1,해지환급금,10196560000,2705935000,7490625000,국내생보사,D,SH126,환급금 현황(일반계정(22.12월 이전))
170,200506,0010605,아이엠라이프생명보험 주식회사,A2,효력상실환급금,2319871000,1055841000,1264030000,국내생보사,D,SH126,환급금 현황(일반계정(22.12월 이전))
171,200506,0010605,아이엠라이프생명보험 주식회사,A3,생존급여금 등,7381269000,5976274000,1404995000,국내생보사,D,SH126,환급금 현황(일반계정(22.12월 이전))
172,200509,0010605,아이엠라이프생명보험 주식회사,A,합계,44916749000,22734996000,22181753000,국내생보사,D,SH126,환급금 현황(일반계정(22.12월 이전))
173,200509,0010605,아이엠라이프생명보험 주식회사,A1,해지환급금,22227839000,5591913000,16635926000,국내생보사,D,SH126,환급금 현황(일반계정(22.12월 이전))
174,200509,0010605,아이엠라이프생명보험 주식회사,A2,효력상실환급금,4669552000,2142787000,2526765000,국내생보사,D,SH126,환급금 현황(일반계정(22.12월 이전))
175,200509,0010605,아이엠라이프생명보험 주식회사,A3,생존급여금 등,18019358000,15000296000,3019062000,국내생보사,D,SH126,환급금 현황(일반계정(22.12월 이전))
176,200512,0010605,아이엠라이프생명보험 주식회사,A,합계,76756310000,34854746000,41901564000,국내생보사,D,SH126,환급금 현황(일반계정(22.12월 이전))
177,200512,0010605,아이엠라이프생명보험 주식회사,A1,해지환급금,41654414000,8535545000,33118869000,국내생보사,D,SH126,환급금 현황(일반계정(22.12월 이전))
178,200512,0010605,아이엠라이프생명보험 주식회사,A2,효력상실환급금,7059936000,3417094000,3642842000,국내생보사,D,SH126,환급금 현황(일반계정(22.12월 이전))
179,200512,0010605,아이엠라이프생명보험 주식회사,A3,생존급여금 등,28041960000,22902107000,5139853000,국내생보사,D,SH126,환급금 현황(일반계정(22.12월 이전))
180,200603,0010605,아이엠라이프생명보험 주식회사,A,합계,102679771000,48057205000,54622566000,국내생보사,D,SH126,환급금 현황(일반계정(22.12월 이전))
181,200603,0010605,아이엠라이프생명보험 주식회사,A1,해지환급금,54280246000,11948624000,42331622000,국내생보사,D,SH126,환급금 현황(일반계정(22.12월 이전))
182,200603,0010605,아이엠라이프생명보험 주식회사,A2,효력상실환급금,9511315000,4782526000,4728789000,국내생보사,D,SH126,환급금 현황(일반계정(22.12월 이전))
183,200603,0010605,아이엠라이프생명보험 주식회사,A3,생존급여금 등,38888210000,31326055000,7562155000,국내생보사,D,SH126,환급금 현황(일반계정(22.12월 이전))
184,200606,0010605,아이엠라이프생명보험 주식회사,A,합계,23695916000,13254333000,10441583000,국내생보사,D,SH126,환급금 현황(일반계정(22.12월 이전))
185,200606,0010605,아이엠라이프생명보험 주식회사,A1,해지환급금,10749150000,3646180000,7102970000,국내생보사,D,SH126,환급금 현황(일반계정(22.12월 이전))
186,200606,0010605,아이엠라이프생명보험 주식회사,A2,효력상실환급금,2651353000,1238411000,1412942000,국내생보사,D,SH126,환급금 현황(일반계정(22.12월 이전))
187,200606,0010605,아이엠라이프생명보험 주식회사,A3,생존급여금 등,10295413000,8369742000,1925671000,국내생보사,D,SH126,환급금 현황(일반계정(22.12월 이전))
188,200609,0010605,아이엠라이프생명보험 주식회사,A,합계,47353744000,26801243000,20552501000,국내생보사,D,SH126,환급금 현황(일반계정(22.12월 이전))
189,200609,0010605,아이엠라이프생명보험 주식회사,A1,해지환급금,21645575000,6977172000,14668403000,국내생보사,D,SH126,환급금 현황(일반계정(22.12월 이전))
190,200609,0010605,아이엠라이프생명보험 주식회사,A2,효력상실환급금,4780056000,2385833000,2394223000,국내생보사,D,SH126,환급금 현황(일반계정(22.12월 이전))
191,200609,0010605,아이엠라이프생명보험 주식회사,A3,생존급여금 등,20928113000,17438238000,3489875000,국내생보사,D,SH126,환급금 현황(일반계정(22.12월 이전))
192,200612,0010605,아이엠라이프생명보험 주식회사,A,합계,73444517000,40312627000,33131890000,국내생보사,D,SH126,환급금 현황(일반계정(22.12월 이전))
193,200612,0010605,아이엠라이프생명보험 주식회사,A1,해지환급금,34961190000,10478397000,24482793000,국내생보사,D,SH126,환급금 현황(일반계정(22.12월 이전))
194,200612,0010605,아이엠라이프생명보험 주식회사,A2,효력상실환급금,7006629000,3555132000,3451497000,국내생보사,D,SH126,환급금 현황(일반계정(22.12월 이전))
195,200612,0010605,아이엠라이프생명보험 주식회사,A3,생존급여금 등,31476698000,26279098000,5197600000,국내생보사,D,SH126,환급금 현황(일반계정(22.12월 이전))
196,200506,0010607,케이디비생명보험주식회사,A,합계,115554405000,47101106000,68453299000,국내생보사,D,SH126,환급금 현황(일반계정(22.12월 이전))
197,200506,0010607,케이디비생명보험주식회사,A1,해지환급금,61605316000,16414585000,45190730000,국내생보사,D,SH126,환급금 현황(일반계정(22.12월 이전))
198,200506,0010607,케이디비생명보험주식회사,A2,효력상실환급금,10459618000,5509441000,4950178000,국내생보사,D,SH126,환급금 현황(일반계정(22.12월 이전))
199,200506,0010607,케이디비생명보험주식회사,A3,생존급여금 등,43489472000,25177081000,18312392000,국내생보사,D,SH126,환급금 현황(일반계정(22.12월 이전))
200,200509,0010607,케이디비생명보험주식회사,A,합계,237191248000,98573539000,138617709000,국내생보사,D,SH126,환급금 현황(일반계정(22.12월 이전))
201,200509,0010607,케이디비생명보험주식회사,A1,해지환급금,122724335000,34332586000,88391748000,국내생보사,D,SH126,환급금 현황(일반계정(22.12월 이전))
202,200509,0010607,케이디비생명보험주식회사,A2,효력상실환급금,21182241000,11247935000,9934306000,국내생보사,D,SH126,환급금 현황(일반계정(22.12월 이전))
203,200509,0010607,케이디비생명보험주식회사,A3,생존급여금 등,93284673000,52993016000,40291655000,국내생보사,D,SH126,환급금 현황(일반계정(22.12월 이전))
204,200512,0010607,케이디비생명보험주식회사,A,합계,362535680000,150395059000,212140621000,국내생보사,D,SH126,환급금 현황(일반계정(22.12월 이전))
205,200512,0010607,케이디비생명보험주식회사,A1,해지환급금,190894478000,53731702000,137162776000,국내생보사,D,SH126,환급금 현황(일반계정(22.12월 이전))
206,200512,0010607,케이디비생명보험주식회사,A2,효력상실환급금,30530267000,16219156000,14311111000,국내생보사,D,SH126,환급금 현황(일반계정(22.12월 이전))
207,200512,0010607,케이디비생명보험주식회사,A3,생존급여금 등,141110935000,80444201000,60666734000,국내생보사,D,SH126,환급금 현황(일반계정(22.12월 이전))
208,200603,0010607,케이디비생명보험주식회사,A,합계,490514246000,204235243000,286279003000,국내생보사,D,SH126,환급금 현황(일반계정(22.12월 이전))
209,200603,0010607,케이디비생명보험주식회사,A1,해지환급금,257670347000,74776722000,182893625000,국내생보사,D,SH126,환급금 현황(일반계정(22.12월 이전))
210,200603,0010607,케이디비생명보험주식회사,A2,효력상실환급금,40194714000,21269506000,18925208000,국내생보사,D,SH126,환급금 현황(일반계정(22.12월 이전))
211,200603,0010607,케이디비생명보험주식회사,A3,생존급여금 등,192649185000,108189015000,84460170000,국내생보사,D,SH126,환급금 현황(일반계정(22.12월 이전))
212,200606,0010607,케이디비생명보험주식회사,A,합계,111795202000,51020230000,60774972000,국내생보사,D,SH126,환급금 현황(일반계정(22.12월 이전))
213,200606,0010607,케이디비생명보험주식회사,A1,해지환급금,58647534000,18952518000,39695016000,국내생보사,D,SH126,환급금 현황(일반계정(22.12월 이전))
214,200606,0010607,케이디비생명보험주식회사,A2,효력상실환급금,8789086000,4648478000,4140608000,국내생보사,D,SH126,환급금 현황(일반계정(22.12월 이전))
215,200606,0010607,케이디비생명보험주식회사,A3,생존급여금 등,44358582000,27419234000,16939348000,국내생보사,D,SH126,환급금 현황(일반계정(22.12월 이전))
216,200609,0010607,케이디비생명보험주식회사,A,합계,233477661000,107719179000,125758482000,국내생보사,D,SH126,환급금 현황(일반계정(22.12월 이전))
217,200609,0010607,케이디비생명보험주식회사,A1,해지환급금,119694936000,39465086000,80229850000,국내생보사,D,SH126,환급금 현황(일반계정(22.12월 이전))
218,200609,0010607,케이디비생명보험주식회사,A2,효력상실환급금,19046205000,10201665000,8844540000,국내생보사,D,SH126,환급금 현황(일반계정(22.12월 이전))
219,200609,0010607,케이디비생명보험주식회사,A3,생존급여금 등,94736520000,58052428000,36684092000,국내생보사,D,SH126,환급금 현황(일반계정(22.12월 이전))
220,200612,0010607,케이디비생명보험주식회사,A,합계,359432092000,165164174000,194267918000,국내생보사,D,SH126,환급금 현황(일반계정(22.12월 이전))
221,200612,0010607,케이디비생명보험주식회사,A1,해지환급금,183086102000,59937481000,123148621000,국내생보사,D,SH126,환급금 현황(일반계정(22.12월 이전))
222,200612,0010607,케이디비생명보험주식회사,A2,효력상실환급금,29183258000,15324733000,13858525000,국내생보사,D,SH126,환급금 현황(일반계정(22.12월 이전))
223,200612,0010607,케이디비생명보험주식회사,A3,생존급여금 등,147162732000,89901960000,57260772000,국내생보사,D,SH126,환급금 현황(일반계정(22.12월 이전))
224,200506,0010618,하나생명보험주식회사,A,합계,1471706000,195676000,1276030000,국내생보사,D,SH126,환급금 현황(일반계정(22.12월 이전))
225,200506,0010618,하나생명보험주식회사,A1,해지환급금,970518000,97591000,872927000,국내생보사,D,SH126,환급금 현황(일반계정(22.12월 이전))
226,200506,0010618,하나생명보험주식회사,A2,효력상실환급금,175295000,6502000,168793000,국내생보사,D,SH126,환급금 현황(일반계정(22.12월 이전))
227,200506,0010618,하나생명보험주식회사,A3,생존급여금 등,325893000,91583000,234310000,국내생보사,D,SH126,환급금 현황(일반계정(22.12월 이전))
228,200509,0010618,하나생명보험주식회사,A,합계,4355880000,391304000,3964576000,국내생보사,D,SH126,환급금 현황(일반계정(22.12월 이전))
229,200509,0010618,하나생명보험주식회사,A1,해지환급금,3385444000,146589000,3238855000,국내생보사,D,SH126,환급금 현황(일반계정(22.12월 이전))
230,200509,0010618,하나생명보험주식회사,A2,효력상실환급금,401815000,16867000,384948000,국내생보사,D,SH126,환급금 현황(일반계정(22.12월 이전))
231,200509,0010618,하나생명보험주식회사,A3,생존급여금 등,568620000,227848000,340772000,국내생보사,D,SH126,환급금 현황(일반계정(22.12월 이전))
232,200512,0010618,하나생명보험주식회사,A,합계,9361865000,753425000,8608440000,국내생보사,D,SH126,환급금 현황(일반계정(22.12월 이전))
233,200512,0010618,하나생명보험주식회사,A1,해지환급금,7446095000,172568000,7273526000,국내생보사,D,SH126,환급금 현황(일반계정(22.12월 이전))
234,200512,0010618,하나생명보험주식회사,A2,효력상실환급금,876798000,27652000,849146000,국내생보사,D,SH126,환급금 현황(일반계정(22.12월 이전))
235,200512,0010618,하나생명보험주식회사,A3,생존급여금 등,1038972000,553205000,485767000,국내생보사,D,SH126,환급금 현황(일반계정(22.12월 이전))
236,200603,0010618,하나생명보험주식회사,A,합계,16682312000,1044926000,15637386000,국내생보사,D,SH126,환급금 현황(일반계정(22.12월 이전))
237,200603,0010618,하나생명보험주식회사,A1,해지환급금,13132204000,239084000,12893119000,국내생보사,D,SH126,환급금 현황(일반계정(22.12월 이전))
238,200603,0010618,하나생명보험주식회사,A2,효력상실환급금,1165249000,43191000,1122058000,국내생보사,D,SH126,환급금 현황(일반계정(22.12월 이전))
239,200603,0010618,하나생명보험주식회사,A3,생존급여금 등,2384859000,762650000,1622209000,국내생보사,D,SH126,환급금 현황(일반계정(22.12월 이전))
240,200606,0010618,하나생명보험주식회사,A,합계,4665204000,408429000,4256775000,국내생보사,D,SH126,환급금 현황(일반계정(22.12월 이전))
241,200606,0010618,하나생명보험주식회사,A1,해지환급금,4042480000,40798000,4001682000,국내생보사,D,SH126,환급금 현황(일반계정(22.12월 이전))
242,200606,0010618,하나생명보험주식회사,A2,효력상실환급금,210971000,25389000,185583000,국내생보사,D,SH126,환급금 현황(일반계정(22.12월 이전))
243,200606,0010618,하나생명보험주식회사,A3,생존급여금 등,411753000,342243000,69510000,국내생보사,D,SH126,환급금 현황(일반계정(22.12월 이전))
244,200609,0010618,하나생명보험주식회사,A,합계,11607214000,1149742000,10457472000,국내생보사,D,SH126,환급금 현황(일반계정(22.12월 이전))
245,200609,0010618,하나생명보험주식회사,A1,해지환급금,10008397000,239698000,9768699000,국내생보사,D,SH126,환급금 현황(일반계정(22.12월 이전))
246,200609,0010618,하나생명보험주식회사,A2,효력상실환급금,506540000,48557000,457983000,국내생보사,D,SH126,환급금 현황(일반계정(22.12월 이전))
247,200609,0010618,하나생명보험주식회사,A3,생존급여금 등,1092277000,861487000,230790000,국내생보사,D,SH126,환급금 현황(일반계정(22.12월 이전))
248,200612,0010618,하나생명보험주식회사,A,합계,19613374000,2006657000,17606716000,국내생보사,D,SH126,환급금 현황(일반계정(22.12월 이전))
249,200612,0010618,하나생명보험주식회사,A1,해지환급금,16504842000,322064000,16182778000,국내생보사,D,SH126,환급금 현황(일반계정(22.12월 이전))
250,200612,0010618,하나생명보험주식회사,A2,효력상실환급금,927162000,80039000,847123000,국내생보사,D,SH126,환급금 현황(일반계정(22.12월 이전))
251,200612,0010618,하나생명보험주식회사,A3,생존급여금 등,2181369000,1604554000,576816000,국내생보사,D,SH126,환급금 현황(일반계정(22.12월 이전))
252,200506,0010593,한화생명보험주식회사,A,합계,923750317000,453022153000,470728164000,국내생보사,D,SH126,환급금 현황(일반계정(22.12월 이전))
253,200506,0010593,한화생명보험주식회사,A1,해지환급금,548490284000,197974322000,350515962000,국내생보사,D,SH126,환급금 현황(일반계정(22.12월 이전))
254,200506,0010593,한화생명보험주식회사,A2,효력상실환급금,134187961000,73095346000,61092615000,국내생보사,D,SH126,환급금 현황(일반계정(22.12월 이전))
255,200506,0010593,한화생명보험주식회사,A3,생존급여금 등,241072073000,181952487000,59119586000,국내생보사,D,SH126,환급금 현황(일반계정(22.12월 이전))
256,200509,0010593,한화생명보험주식회사,A,합계,1883434582000,944941965000,938492615000,국내생보사,D,SH126,환급금 현황(일반계정(22.12월 이전))
257,200509,0010593,한화생명보험주식회사,A1,해지환급금,1117320557000,415474289000,701846268000,국내생보사,D,SH126,환급금 현황(일반계정(22.12월 이전))
258,200509,0010593,한화생명보험주식회사,A2,효력상실환급금,277948366000,153198449000,124749916000,국내생보사,D,SH126,환급금 현황(일반계정(22.12월 이전))
259,200509,0010593,한화생명보험주식회사,A3,생존급여금 등,488165655000,376269221000,111896425000,국내생보사,D,SH126,환급금 현황(일반계정(22.12월 이전))
260,200512,0010593,한화생명보험주식회사,A,합계,2891122612000,1453824156000,1437298455000,국내생보사,D,SH126,환급금 현황(일반계정(22.12월 이전))
261,200512,0010593,한화생명보험주식회사,A1,해지환급금,1733209583000,653419452000,1079790130000,국내생보사,D,SH126,환급금 현황(일반계정(22.12월 이전))
262,200512,0010593,한화생명보험주식회사,A2,효력상실환급금,415033743000,230168698000,184865043000,국내생보사,D,SH126,환급금 현황(일반계정(22.12월 이전))
263,200512,0010593,한화생명보험주식회사,A3,생존급여금 등,742879284000,570236001000,172643276000,국내생보사,D,SH126,환급금 현황(일반계정(22.12월 이전))
264,200603,0010593,한화생명보험주식회사,A,합계,4060847290000,2025919109000,2034928180000,국내생보사,D,SH126,환급금 현황(일반계정(22.12월 이전))
265,200603,0010593,한화생명보험주식회사,A1,해지환급금,2469329295000,934235312000,1535093981000,국내생보사,D,SH126,환급금 현황(일반계정(22.12월 이전))
266,200603,0010593,한화생명보험주식회사,A2,효력상실환급금,565457728000,317817484000,247640243000,국내생보사,D,SH126,환급금 현황(일반계정(22.12월 이전))
267,200603,0010593,한화생명보험주식회사,A3,생존급여금 등,1026060264000,773866306000,252193951000,국내생보사,D,SH126,환급금 현황(일반계정(22.12월 이전))
268,200606,0010593,한화생명보험주식회사,A,합계,1013459979000,521217619000,492242358000,국내생보사,D,SH126,환급금 현황(일반계정(22.12월 이전))
269,200606,0010593,한화생명보험주식회사,A1,해지환급금,626658418000,243646497000,383011919000,국내생보사,D,SH126,환급금 현황(일반계정(22.12월 이전))
270,200606,0010593,한화생명보험주식회사,A2,효력상실환급금,123888865000,73271408000,50617455000,국내생보사,D,SH126,환급금 현황(일반계정(22.12월 이전))
271,200606,0010593,한화생명보험주식회사,A3,생존급여금 등,262912693000,204299708000,58612978000,국내생보사,D,SH126,환급금 현황(일반계정(22.12월 이전))
272,200609,0010593,한화생명보험주식회사,A,합계,2319251383000,1146795071000,1172456311000,국내생보사,D,SH126,환급금 현황(일반계정(22.12월 이전))
273,200609,0010593,한화생명보험주식회사,A1,해지환급금,1483137089000,530607556000,952529532000,국내생보사,D,SH126,환급금 현황(일반계정(22.12월 이전))
274,200609,0010593,한화생명보험주식회사,A2,효력상실환급금,248065388000,147227089000,100838297000,국내생보사,D,SH126,환급금 현황(일반계정(22.12월 이전))
275,200609,0010593,한화생명보험주식회사,A3,생존급여금 등,588048904000,468960421000,119088476000,국내생보사,D,SH126,환급금 현황(일반계정(22.12월 이전))
276,200612,0010593,한화생명보험주식회사,A,합계,3377501867000,1691616608000,1685885257000,국내생보사,D,SH126,환급금 현황(일반계정(22.12월 이전))
277,200612,0010593,한화생명보험주식회사,A1,해지환급금,2131350271000,770072148000,1361278122000,국내생보사,D,SH126,환급금 현황(일반계정(22.12월 이전))
278,200612,0010593,한화생명보험주식회사,A2,효력상실환급금,356960612000,212630364000,144330247000,국내생보사,D,SH126,환급금 현황(일반계정(22.12월 이전))
279,200612,0010593,한화생명보험주식회사,A3,생존급여금 등,889190981000,708914091000,180276883000,국내생보사,D,SH126,환급금 현황(일반계정(22.12월 이전))
280,200506,0010596,흥국생명보험주식회사,A,합계,153336509000,54088969000,99247540000,국내생보사,D,SH126,환급금 현황(일반계정(22.12월 이전))
281,200506,0010596,흥국생명보험주식회사,A1,해지환급금,89542242000,21097498000,68444743000,국내생보사,D,SH126,환급금 현황(일반계정(22.12월 이전))
282,200506,0010596,흥국생명보험주식회사,A2,효력상실환급금,21414708000,10805931000,10608776000,국내생보사,D,SH126,환급금 현황(일반계정(22.12월 이전))
283,200506,0010596,흥국생명보험주식회사,A3,생존급여금 등,42379559000,22185539000,20194020000,국내생보사,D,SH126,환급금 현황(일반계정(22.12월 이전))
284,200509,0010596,흥국생명보험주식회사,A,합계,323780309000,109453420000,214326888000,국내생보사,D,SH126,환급금 현황(일반계정(22.12월 이전))
285,200509,0010596,흥국생명보험주식회사,A1,해지환급금,193992252000,41469602000,152522649000,국내생보사,D,SH126,환급금 현황(일반계정(22.12월 이전))
286,200509,0010596,흥국생명보험주식회사,A2,효력상실환급금,34919054000,17793229000,17125824000,국내생보사,D,SH126,환급금 현황(일반계정(22.12월 이전))
287,200509,0010596,흥국생명보험주식회사,A3,생존급여금 등,94869000000,50190586000,44678408000,국내생보사,D,SH126,환급금 현황(일반계정(22.12월 이전))
288,200512,0010596,흥국생명보험주식회사,A,합계,508809968000,171134976000,337674992000,국내생보사,D,SH126,환급금 현황(일반계정(22.12월 이전))
289,200512,0010596,흥국생명보험주식회사,A1,해지환급금,306475220000,66180183000,240295037000,국내생보사,D,SH126,환급금 현황(일반계정(22.12월 이전))
290,200512,0010596,흥국생명보험주식회사,A2,효력상실환급금,49498615000,25225328000,24273287000,국내생보사,D,SH126,환급금 현황(일반계정(22.12월 이전))
291,200512,0010596,흥국생명보험주식회사,A3,생존급여금 등,152836134000,79729466000,73106668000,국내생보사,D,SH126,환급금 현황(일반계정(22.12월 이전))
292,200603,0010596,흥국생명보험주식회사,A,합계,707627165000,243328846000,464298319000,국내생보사,D,SH126,환급금 현황(일반계정(22.12월 이전))
293,200603,0010596,흥국생명보험주식회사,A1,해지환급금,415047851000,95481943000,319565908000,국내생보사,D,SH126,환급금 현황(일반계정(22.12월 이전))
294,200603,0010596,흥국생명보험주식회사,A2,효력상실환급금,67079154000,35058257000,32020897000,국내생보사,D,SH126,환급금 현황(일반계정(22.12월 이전))
295,200603,0010596,흥국생명보험주식회사,A3,생존급여금 등,225500160000,112788646000,112711514000,국내생보사,D,SH126,환급금 현황(일반계정(22.12월 이전))
296,200606,0010596,흥국생명보험주식회사,A,합계,169099061000,62769798000,106329263000,국내생보사,D,SH126,환급금 현황(일반계정(22.12월 이전))
297,200606,0010596,흥국생명보험주식회사,A1,해지환급금,98670752000,24560763000,74109989000,국내생보사,D,SH126,환급금 현황(일반계정(22.12월 이전))
298,200606,0010596,흥국생명보험주식회사,A2,효력상실환급금,14536815000,6947781000,7589034000,국내생보사,D,SH126,환급금 현황(일반계정(22.12월 이전))
299,200606,0010596,흥국생명보험주식회사,A3,생존급여금 등,55891495000,31261254000,24630241000,국내생보사,D,SH126,환급금 현황(일반계정(22.12월 이전))
300,200609,0010596,흥국생명보험주식회사,A,합계,366364950000,134940352000,231424598000,국내생보사,D,SH126,환급금 현황(일반계정(22.12월 이전))
301,200609,0010596,흥국생명보험주식회사,A1,해지환급금,209690662000,50870554000,158820108000,국내생보사,D,SH126,환급금 현황(일반계정(22.12월 이전))
302,200609,0010596,흥국생명보험주식회사,A2,효력상실환급금,29280177000,14264124000,15016054000,국내생보사,D,SH126,환급금 현황(일반계정(22.12월 이전))
303,200609,0010596,흥국생명보험주식회사,A3,생존급여금 등,127394110000,69805673000,57588436000,국내생보사,D,SH126,환급금 현황(일반계정(22.12월 이전))
304,200612,0010596,흥국생명보험주식회사,A,합계,567426576000,201824306000,365602270000,국내생보사,D,SH126,환급금 현황(일반계정(22.12월 이전))
305,200612,0010596,흥국생명보험주식회사,A1,해지환급금,333952437000,77029889000,256922548000,국내생보사,D,SH126,환급금 현황(일반계정(22.12월 이전))
306,200612,0010596,흥국생명보험주식회사,A2,효력상실환급금,44121572000,21748238000,22373334000,국내생보사,D,SH126,환급금 현황(일반계정(22.12월 이전))
307,200612,0010596,흥국생명보험주식회사,A3,생존급여금 등,189352565000,103046176000,86306388000,국내생보사,D,SH126,환급금 현황(일반계정(22.12월 이전))
308,200506,0010622,동양생명보험주식회사,A,합계,139230760000,56908614000,82322146000,외국생보사,D,SH126,환급금 현황(일반계정(22.12월 이전))
309,200506,0010622,동양생명보험주식회사,A1,해지환급금,77456532000,20149427000,57307105000,외국생보사,D,SH126,환급금 현황(일반계정(22.12월 이전))
310,200506,0010622,동양생명보험주식회사,A2,효력상실환급금,15696166000,8305093000,7391073000,외국생보사,D,SH126,환급금 현황(일반계정(22.12월 이전))
311,200506,0010622,동양생명보험주식회사,A3,생존급여금 등,46078062000,28454094000,17623968000,외국생보사,D,SH126,환급금 현황(일반계정(22.12월 이전))
312,200509,0010622,동양생명보험주식회사,A,합계,280795467000,116563495000,164231972000,외국생보사,D,SH126,환급금 현황(일반계정(22.12월 이전))
313,200509,0010622,동양생명보험주식회사,A1,해지환급금,157789656000,42834720000,114954936000,외국생보사,D,SH126,환급금 현황(일반계정(22.12월 이전))
314,200509,0010622,동양생명보험주식회사,A2,효력상실환급금,29721400000,16013630000,13707770000,외국생보사,D,SH126,환급금 현황(일반계정(22.12월 이전))
315,200509,0010622,동양생명보험주식회사,A3,생존급여금 등,93284411000,57715145000,35569266000,외국생보사,D,SH126,환급금 현황(일반계정(22.12월 이전))
316,200512,0010622,동양생명보험주식회사,A,합계,432862654000,177898803000,254963851000,외국생보사,D,SH126,환급금 현황(일반계정(22.12월 이전))
317,200512,0010622,동양생명보험주식회사,A1,해지환급금,243755661000,64821026000,178934635000,외국생보사,D,SH126,환급금 현황(일반계정(22.12월 이전))
318,200512,0010622,동양생명보험주식회사,A2,효력상실환급금,45606069000,24297589000,21308480000,외국생보사,D,SH126,환급금 현황(일반계정(22.12월 이전))
319,200512,0010622,동양생명보험주식회사,A3,생존급여금 등,143500924000,88780188000,54720736000,외국생보사,D,SH126,환급금 현황(일반계정(22.12월 이전))
320,200603,0010622,동양생명보험주식회사,A,합계,600548060000,247416436000,353131624000,외국생보사,D,SH126,환급금 현황(일반계정(22.12월 이전))
321,200603,0010622,동양생명보험주식회사,A1,해지환급금,338555510000,90207249000,248348261000,외국생보사,D,SH126,환급금 현황(일반계정(22.12월 이전))
322,200603,0010622,동양생명보험주식회사,A2,효력상실환급금,60491057000,32278281000,28212776000,외국생보사,D,SH126,환급금 현황(일반계정(22.12월 이전))
323,200603,0010622,동양생명보험주식회사,A3,생존급여금 등,201501493000,124930906000,76570587000,외국생보사,D,SH126,환급금 현황(일반계정(22.12월 이전))
324,200606,0010622,동양생명보험주식회사,A,합계,162504836000,62953428000,99551408000,외국생보사,D,SH126,환급금 현황(일반계정(22.12월 이전))
325,200606,0010622,동양생명보험주식회사,A1,해지환급금,86304817000,22593949000,63710868000,외국생보사,D,SH126,환급금 현황(일반계정(22.12월 이전))
326,200606,0010622,동양생명보험주식회사,A2,효력상실환급금,14002994000,7414647000,6588347000,외국생보사,D,SH126,환급금 현황(일반계정(22.12월 이전))
327,200606,0010622,동양생명보험주식회사,A3,생존급여금 등,62197025000,32944832000,29252193000,외국생보사,D,SH126,환급금 현황(일반계정(22.12월 이전))
328,200609,0010622,동양생명보험주식회사,A,합계,333193125000,133148429000,200044696000,외국생보사,D,SH126,환급금 현황(일반계정(22.12월 이전))
329,200609,0010622,동양생명보험주식회사,A1,해지환급금,187845811000,49073398000,138772413000,외국생보사,D,SH126,환급금 현황(일반계정(22.12월 이전))
330,200609,0010622,동양생명보험주식회사,A2,효력상실환급금,28914703000,15484477000,13430226000,외국생보사,D,SH126,환급금 현황(일반계정(22.12월 이전))
331,200609,0010622,동양생명보험주식회사,A3,생존급여금 등,116432611000,68590554000,47842057000,외국생보사,D,SH126,환급금 현황(일반계정(22.12월 이전))
332,200612,0010622,동양생명보험주식회사,A,합계,505113516000,199994394000,305119122000,외국생보사,D,SH126,환급금 현황(일반계정(22.12월 이전))
333,200612,0010622,동양생명보험주식회사,A1,해지환급금,291117851000,73319361000,217798490000,외국생보사,D,SH126,환급금 현황(일반계정(22.12월 이전))
334,200612,0010622,동양생명보험주식회사,A2,효력상실환급금,41820261000,22320926000,19499335000,외국생보사,D,SH126,환급금 현황(일반계정(22.12월 이전))
335,200612,0010622,동양생명보험주식회사,A3,생존급여금 등,172175404000,104354107000,67821297000,외국생보사,D,SH126,환급금 현황(일반계정(22.12월 이전))
336,200506,0011434,라이나생명보험주식회사,A,합계,22104165000,20881630000,1222535000,외국생보사,D,SH126,환급금 현황(일반계정(22.12월 이전))
337,200506,0011434,라이나생명보험주식회사,A1,해지환급금,2653504000,1778202000,875302000,외국생보사,D,SH126,환급금 현황(일반계정(22.12월 이전))
338,200506,0011434,라이나생명보험주식회사,A2,효력상실환급금,1128810000,925619000,203191000,외국생보사,D,SH126,환급금 현황(일반계정(22.12월 이전))
339,200506,0011434,라이나생명보험주식회사,A3,생존급여금 등,18321851000,18177809000,144042000,외국생보사,D,SH126,환급금 현황(일반계정(22.12월 이전))
340,200509,0011434,라이나생명보험주식회사,A,합계,48261398000,46078512000,2182886000,외국생보사,D,SH126,환급금 현황(일반계정(22.12월 이전))
341,200509,0011434,라이나생명보험주식회사,A1,해지환급금,5217259000,3667091000,1550166000,외국생보사,D,SH126,환급금 현황(일반계정(22.12월 이전))
342,200509,0011434,라이나생명보험주식회사,A2,효력상실환급금,2207536000,1856379000,351156000,외국생보사,D,SH126,환급금 현황(일반계정(22.12월 이전))
343,200509,0011434,라이나생명보험주식회사,A3,생존급여금 등,40836604000,40555040000,281563000,외국생보사,D,SH126,환급금 현황(일반계정(22.12월 이전))
344,200512,0011434,라이나생명보험주식회사,A,합계,76024561000,72807892000,3216668000,외국생보사,D,SH126,환급금 현황(일반계정(22.12월 이전))
345,200512,0011434,라이나생명보험주식회사,A1,해지환급금,7950144000,5778323000,2171819000,외국생보사,D,SH126,환급금 현황(일반계정(22.12월 이전))
346,200512,0011434,라이나생명보험주식회사,A2,효력상실환급금,3196504000,2659131000,537373000,외국생보사,D,SH126,환급금 현황(일반계정(22.12월 이전))
347,200512,0011434,라이나생명보험주식회사,A3,생존급여금 등,64877913000,64370437000,507476000,외국생보사,D,SH126,환급금 현황(일반계정(22.12월 이전))
348,200603,0011434,라이나생명보험주식회사,A,합계,109020037000,104910288000,4109749000,외국생보사,D,SH126,환급금 현황(일반계정(22.12월 이전))
349,200603,0011434,라이나생명보험주식회사,A1,해지환급금,11087967000,8299091000,2788876000,외국생보사,D,SH126,환급금 현황(일반계정(22.12월 이전))
350,200603,0011434,라이나생명보험주식회사,A2,효력상실환급금,4237675000,3613452000,624223000,외국생보사,D,SH126,환급금 현황(일반계정(22.12월 이전))
351,200603,0011434,라이나생명보험주식회사,A3,생존급여금 등,93694394000,92997744000,696650000,외국생보사,D,SH126,환급금 현황(일반계정(22.12월 이전))
352,200606,0011434,라이나생명보험주식회사,A,합계,35441738000,34456338000,985400000,외국생보사,D,SH126,환급금 현황(일반계정(22.12월 이전))
353,200606,0011434,라이나생명보험주식회사,A1,해지환급금,3142644000,2461192000,681452000,외국생보사,D,SH126,환급금 현황(일반계정(22.12월 이전))
354,200606,0011434,라이나생명보험주식회사,A2,효력상실환급금,948941000,792236000,156704000,외국생보사,D,SH126,환급금 현황(일반계정(22.12월 이전))
355,200606,0011434,라이나생명보험주식회사,A3,생존급여금 등,31350153000,31202909000,147244000,외국생보사,D,SH126,환급금 현황(일반계정(22.12월 이전))
356,200609,0011434,라이나생명보험주식회사,A,합계,72505181000,70690001000,1815180000,외국생보사,D,SH126,환급금 현황(일반계정(22.12월 이전))
357,200609,0011434,라이나생명보험주식회사,A1,해지환급금,6156750000,4889186000,1267564000,외국생보사,D,SH126,환급금 현황(일반계정(22.12월 이전))
358,200609,0011434,라이나생명보험주식회사,A2,효력상실환급금,1937913000,1706361000,231553000,외국생보사,D,SH126,환급금 현황(일반계정(22.12월 이전))
359,200609,0011434,라이나생명보험주식회사,A3,생존급여금 등,64410518000,64094454000,316065000,외국생보사,D,SH126,환급금 현황(일반계정(22.12월 이전))
360,200612,0011434,라이나생명보험주식회사,A,합계,109355086000,106619646000,2735439000,외국생보사,D,SH126,환급금 현황(일반계정(22.12월 이전))
361,200612,0011434,라이나생명보험주식회사,A1,해지환급금,9443068000,7491394000,1951674000,외국생보사,D,SH126,환급금 현황(일반계정(22.12월 이전))
362,200612,0011434,라이나생명보험주식회사,A2,효력상실환급금,2931396000,2600380000,331017000,외국생보사,D,SH126,환급금 현황(일반계정(22.12월 이전))
363,200612,0011434,라이나생명보험주식회사,A3,생존급여금 등,96980620000,96527872000,452749000,외국생보사,D,SH126,환급금 현황(일반계정(22.12월 이전))
364,200506,0010620,메트라이프생명보험(주),A,합계,34158936000,21920162000,12238774000,외국생보사,D,SH126,환급금 현황(일반계정(22.12월 이전))
365,200506,0010620,메트라이프생명보험(주),A1,해지환급금,16955098000,7436421000,9518677000,외국생보사,D,SH126,환급금 현황(일반계정(22.12월 이전))
366,200506,0010620,메트라이프생명보험(주),A2,효력상실환급금,5294462000,4017408000,1277054000,외국생보사,D,SH126,환급금 현황(일반계정(22.12월 이전))
367,200506,0010620,메트라이프생명보험(주),A3,생존급여금 등,11909376000,10466334000,1443043000,외국생보사,D,SH126,환급금 현황(일반계정(22.12월 이전))
368,200509,0010620,메트라이프생명보험(주),A,합계,75834367000,45835494000,29998873000,외국생보사,D,SH126,환급금 현황(일반계정(22.12월 이전))
369,200509,0010620,메트라이프생명보험(주),A1,해지환급금,40106319000,16136193000,23970126000,외국생보사,D,SH126,환급금 현황(일반계정(22.12월 이전))
370,200509,0010620,메트라이프생명보험(주),A2,효력상실환급금,11169133000,8141501000,3027632000,외국생보사,D,SH126,환급금 현황(일반계정(22.12월 이전))
371,200509,0010620,메트라이프생명보험(주),A3,생존급여금 등,24558915000,21557800000,3001115000,외국생보사,D,SH126,환급금 현황(일반계정(22.12월 이전))
372,200512,0010620,메트라이프생명보험(주),A,합계,119871915000,74300570000,45571343000,외국생보사,D,SH126,환급금 현황(일반계정(22.12월 이전))
373,200512,0010620,메트라이프생명보험(주),A1,해지환급금,63524141000,26898804000,36625335000,외국생보사,D,SH126,환급금 현황(일반계정(22.12월 이전))
374,200512,0010620,메트라이프생명보험(주),A2,효력상실환급금,17011285000,12536407000,4474877000,외국생보사,D,SH126,환급금 현황(일반계정(22.12월 이전))
375,200512,0010620,메트라이프생명보험(주),A3,생존급여금 등,39336486000,34865352000,4471127000,외국생보사,D,SH126,환급금 현황(일반계정(22.12월 이전))
376,200603,0010620,메트라이프생명보험(주),A,합계,168838857000,105510152000,63328703000,외국생보사,D,SH126,환급금 현황(일반계정(22.12월 이전))
377,200603,0010620,메트라이프생명보험(주),A1,해지환급금,90818559000,39195216000,51623343000,외국생보사,D,SH126,환급금 현황(일반계정(22.12월 이전))
378,200603,0010620,메트라이프생명보험(주),A2,효력상실환급금,23370191000,17564669000,5805521000,외국생보사,D,SH126,환급금 현황(일반계정(22.12월 이전))
379,200603,0010620,메트라이프생명보험(주),A3,생존급여금 등,54650104000,48750261000,5899835000,외국생보사,D,SH126,환급금 현황(일반계정(22.12월 이전))
380,200606,0010620,메트라이프생명보험(주),A,합계,46709542000,29991301000,16718239000,외국생보사,D,SH126,환급금 현황(일반계정(22.12월 이전))
381,200606,0010620,메트라이프생명보험(주),A1,해지환급금,25434241000,11439326000,13994914000,외국생보사,D,SH126,환급금 현황(일반계정(22.12월 이전))
382,200606,0010620,메트라이프생명보험(주),A2,효력상실환급금,5774388000,4482346000,1292041000,외국생보사,D,SH126,환급금 현황(일반계정(22.12월 이전))
383,200606,0010620,메트라이프생명보험(주),A3,생존급여금 등,15500909000,14069625000,1431281000,외국생보사,D,SH126,환급금 현황(일반계정(22.12월 이전))
384,200609,0010620,메트라이프생명보험(주),A,합계,97703937000,64446037000,33257900000,외국생보사,D,SH126,환급금 현황(일반계정(22.12월 이전))
385,200609,0010620,메트라이프생명보험(주),A1,해지환급금,52314511000,24364743000,27949768000,외국생보사,D,SH126,환급금 현황(일반계정(22.12월 이전))
386,200609,0010620,메트라이프생명보험(주),A2,효력상실환급금,12354313000,9741961000,2612352000,외국생보사,D,SH126,환급금 현황(일반계정(22.12월 이전))
387,200609,0010620,메트라이프생명보험(주),A3,생존급여금 등,33035113000,30339333000,2695780000,외국생보사,D,SH126,환급금 현황(일반계정(22.12월 이전))
388,200612,0010620,메트라이프생명보험(주),A,합계,149966147000,97777818000,52188327000,외국생보사,D,SH126,환급금 현황(일반계정(22.12월 이전))
389,200612,0010620,메트라이프생명보험(주),A1,해지환급금,81134873000,37327863000,43807009000,외국생보사,D,SH126,환급금 현황(일반계정(22.12월 이전))
390,200612,0010620,메트라이프생명보험(주),A2,효력상실환급금,19221380000,14974166000,4247213000,외국생보사,D,SH126,환급금 현황(일반계정(22.12월 이전))
391,200612,0010620,메트라이프생명보험(주),A3,생존급여금 등,49609890000,45475784000,4134101000,외국생보사,D,SH126,환급금 현황(일반계정(22.12월 이전))
392,200506,0011226,비엔피파리바카디프생명보험주식회사,A,합계,1339877000,492708000,847169000,외국생보사,D,SH126,환급금 현황(일반계정(22.12월 이전))
393,200506,0011226,비엔피파리바카디프생명보험주식회사,A1,해지환급금,806092000,8446000,797646000,외국생보사,D,SH126,환급금 현황(일반계정(22.12월 이전))
394,200506,0011226,비엔피파리바카디프생명보험주식회사,A2,효력상실환급금,89000,89000,0,외국생보사,D,SH126,환급금 현황(일반계정(22.12월 이전))
395,200506,0011226,비엔피파리바카디프생명보험주식회사,A3,생존급여금 등,533696000,484173000,49523000,외국생보사,D,SH126,환급금 현황(일반계정(22.12월 이전))
396,200509,0011226,비엔피파리바카디프생명보험주식회사,A,합계,2816260000,936575000,1879685000,외국생보사,D,SH126,환급금 현황(일반계정(22.12월 이전))
397,200509,0011226,비엔피파리바카디프생명보험주식회사,A1,해지환급금,1817390000,23226000,1794164000,외국생보사,D,SH126,환급금 현황(일반계정(22.12월 이전))
398,200509,0011226,비엔피파리바카디프생명보험주식회사,A2,효력상실환급금,145000,145000,0,외국생보사,D,SH126,환급금 현황(일반계정(22.12월 이전))
399,200509,0011226,비엔피파리바카디프생명보험주식회사,A3,생존급여금 등,998725000,913204000,85521000,외국생보사,D,SH126,환급금 현황(일반계정(22.12월 이전))
400,200512,0011226,비엔피파리바카디프생명보험주식회사,A,합계,3920408000,1281895000,2638513000,외국생보사,D,SH126,환급금 현황(일반계정(22.12월 이전))
401,200512,0011226,비엔피파리바카디프생명보험주식회사,A1,해지환급금,2592415000,48272000,2544143000,외국생보사,D,SH126,환급금 현황(일반계정(22.12월 이전))
402,200512,0011226,비엔피파리바카디프생명보험주식회사,A2,효력상실환급금,376000,376000,0,외국생보사,D,SH126,환급금 현황(일반계정(22.12월 이전))
403,200512,0011226,비엔피파리바카디프생명보험주식회사,A3,생존급여금 등,1327617000,1233247000,94370000,외국생보사,D,SH126,환급금 현황(일반계정(22.12월 이전))
404,200603,0011226,비엔피파리바카디프생명보험주식회사,A,합계,6018030000,1997565000,4020465000,외국생보사,D,SH126,환급금 현황(일반계정(22.12월 이전))
405,200603,0011226,비엔피파리바카디프생명보험주식회사,A1,해지환급금,3887678000,83484000,3804194000,외국생보사,D,SH126,환급금 현황(일반계정(22.12월 이전))
406,200603,0011226,비엔피파리바카디프생명보험주식회사,A2,효력상실환급금,2502000,2502000,0,외국생보사,D,SH126,환급금 현황(일반계정(22.12월 이전))
407,200603,0011226,비엔피파리바카디프생명보험주식회사,A3,생존급여금 등,2127850000,1911579000,216271000,외국생보사,D,SH126,환급금 현황(일반계정(22.12월 이전))
408,200606,0011226,비엔피파리바카디프생명보험주식회사,A,합계,3035426000,1217889000,1817537000,외국생보사,D,SH126,환급금 현황(일반계정(22.12월 이전))
409,200606,0011226,비엔피파리바카디프생명보험주식회사,A1,해지환급금,1850238000,49766000,1800472000,외국생보사,D,SH126,환급금 현황(일반계정(22.12월 이전))
410,200606,0011226,비엔피파리바카디프생명보험주식회사,A2,효력상실환급금,2811000,2811000,0,외국생보사,D,SH126,환급금 현황(일반계정(22.12월 이전))
411,200606,0011226,비엔피파리바카디프생명보험주식회사,A3,생존급여금 등,1182376000,1165312000,17064000,외국생보사,D,SH126,환급금 현황(일반계정(22.12월 이전))
412,200609,0011226,비엔피파리바카디프생명보험주식회사,A,합계,5765026000,2614265000,3150761000,외국생보사,D,SH126,환급금 현황(일반계정(22.12월 이전))
413,200609,0011226,비엔피파리바카디프생명보험주식회사,A1,해지환급금,3175323000,103952000,3071371000,외국생보사,D,SH126,환급금 현황(일반계정(22.12월 이전))
414,200609,0011226,비엔피파리바카디프생명보험주식회사,A2,효력상실환급금,8132000,8132000,0,외국생보사,D,SH126,환급금 현황(일반계정(22.12월 이전))
415,200609,0011226,비엔피파리바카디프생명보험주식회사,A3,생존급여금 등,2581569000,2502179000,79390000,외국생보사,D,SH126,환급금 현황(일반계정(22.12월 이전))
416,200612,0011226,비엔피파리바카디프생명보험주식회사,A,합계,9516142000,3520188000,5995953000,외국생보사,D,SH126,환급금 현황(일반계정(22.12월 이전))
417,200612,0011226,비엔피파리바카디프생명보험주식회사,A1,해지환급금,6077494000,172298000,5905195000,외국생보사,D,SH126,환급금 현황(일반계정(22.12월 이전))
418,200612,0011226,비엔피파리바카디프생명보험주식회사,A2,효력상실환급금,14105000,14105000,0,외국생보사,D,SH126,환급금 현황(일반계정(22.12월 이전))
419,200612,0011226,비엔피파리바카디프생명보험주식회사,A3,생존급여금 등,3424542000,3333784000,90757000,외국생보사,D,SH126,환급금 현황(일반계정(22.12월 이전))
420,200506,0010594,에이비엘생명보험주식회사,A,합계,265095587000,72957132000,192138455000,외국생보사,D,SH126,환급금 현황(일반계정(22.12월 이전))
421,200506,0010594,에이비엘생명보험주식회사,A1,해지환급금,138314437000,25614307000,112700130000,외국생보사,D,SH126,환급금 현황(일반계정(22.12월 이전))
422,200506,0010594,에이비엘생명보험주식회사,A2,효력상실환급금,28476426000,12497853000,15978573000,외국생보사,D,SH126,환급금 현황(일반계정(22.12월 이전))
423,200506,0010594,에이비엘생명보험주식회사,A3,생존급여금 등,98304724000,34844972000,63459752000,외국생보사,D,SH126,환급금 현황(일반계정(22.12월 이전))
424,200509,0010594,에이비엘생명보험주식회사,A,합계,534704602000,151896874000,382807728000,외국생보사,D,SH126,환급금 현황(일반계정(22.12월 이전))
425,200509,0010594,에이비엘생명보험주식회사,A1,해지환급금,276536122000,54097422000,222438700000,외국생보사,D,SH126,환급금 현황(일반계정(22.12월 이전))
426,200509,0010594,에이비엘생명보험주식회사,A2,효력상실환급금,54237734000,24363374000,29874360000,외국생보사,D,SH126,환급금 현황(일반계정(22.12월 이전))
427,200509,0010594,에이비엘생명보험주식회사,A3,생존급여금 등,203930746000,73436078000,130494668000,외국생보사,D,SH126,환급금 현황(일반계정(22.12월 이전))
428,200512,0010594,에이비엘생명보험주식회사,A,합계,832320493000,230036143000,602284350000,외국생보사,D,SH126,환급금 현황(일반계정(22.12월 이전))
429,200512,0010594,에이비엘생명보험주식회사,A1,해지환급금,424885264000,82473055000,342412209000,외국생보사,D,SH126,환급금 현황(일반계정(22.12월 이전))
430,200512,0010594,에이비엘생명보험주식회사,A2,효력상실환급금,78632739000,35804210000,42828529000,외국생보사,D,SH126,환급금 현황(일반계정(22.12월 이전))
431,200512,0010594,에이비엘생명보험주식회사,A3,생존급여금 등,328802490000,111758878000,217043612000,외국생보사,D,SH126,환급금 현황(일반계정(22.12월 이전))
432,200603,0010594,에이비엘생명보험주식회사,A,합계,1175076098000,312586373000,862489725000,외국생보사,D,SH126,환급금 현황(일반계정(22.12월 이전))
433,200603,0010594,에이비엘생명보험주식회사,A1,해지환급금,587741036000,114722565000,473018471000,외국생보사,D,SH126,환급금 현황(일반계정(22.12월 이전))
434,200603,0010594,에이비엘생명보험주식회사,A2,효력상실환급금,103217504000,47030062000,56187442000,외국생보사,D,SH126,환급금 현황(일반계정(22.12월 이전))
435,200603,0010594,에이비엘생명보험주식회사,A3,생존급여금 등,484117558000,150833746000,333283812000,외국생보사,D,SH126,환급금 현황(일반계정(22.12월 이전))
436,200606,0010594,에이비엘생명보험주식회사,A,합계,255349850000,78794512000,176555338000,외국생보사,D,SH126,환급금 현황(일반계정(22.12월 이전))
437,200606,0010594,에이비엘생명보험주식회사,A1,해지환급금,118398667000,29482682000,88915985000,외국생보사,D,SH126,환급금 현황(일반계정(22.12월 이전))
438,200606,0010594,에이비엘생명보험주식회사,A2,효력상실환급금,21239955000,10955969000,10283986000,외국생보사,D,SH126,환급금 현황(일반계정(22.12월 이전))
439,200606,0010594,에이비엘생명보험주식회사,A3,생존급여금 등,115711228000,38355861000,77355367000,외국생보사,D,SH126,환급금 현황(일반계정(22.12월 이전))
440,200609,0010594,에이비엘생명보험주식회사,A,합계,521943329000,167497386000,354445943000,외국생보사,D,SH126,환급금 현황(일반계정(22.12월 이전))
441,200609,0010594,에이비엘생명보험주식회사,A1,해지환급금,235342608000,63923198000,171419410000,외국생보사,D,SH126,환급금 현황(일반계정(22.12월 이전))
442,200609,0010594,에이비엘생명보험주식회사,A2,효력상실환급금,43612170000,23609487000,20002683000,외국생보사,D,SH126,환급금 현황(일반계정(22.12월 이전))
443,200609,0010594,에이비엘생명보험주식회사,A3,생존급여금 등,242988551000,79964701000,163023850000,외국생보사,D,SH126,환급금 현황(일반계정(22.12월 이전))
444,200612,0010594,에이비엘생명보험주식회사,A,합계,742679108000,249732451000,492946657000,외국생보사,D,SH126,환급금 현황(일반계정(22.12월 이전))
445,200612,0010594,에이비엘생명보험주식회사,A1,해지환급금,340072997000,94928481000,245144516000,외국생보사,D,SH126,환급금 현황(일반계정(22.12월 이전))
446,200612,0010594,에이비엘생명보험주식회사,A2,효력상실환급금,62741771000,34060488000,28681283000,외국생보사,D,SH126,환급금 현황(일반계정(22.12월 이전))
447,200612,0010594,에이비엘생명보험주식회사,A3,생존급여금 등,339864340000,120743482000,219120858000,외국생보사,D,SH126,환급금 현황(일반계정(22.12월 이전))
448,200506,0010615,에이아이에이생명보험 주식회사,A,합계,47063483000,34261892000,12801591000,외국생보사,D,SH126,환급금 현황(일반계정(22.12월 이전))
449,200506,0010615,에이아이에이생명보험 주식회사,A1,해지환급금,17581831000,5673236000,11908595000,외국생보사,D,SH126,환급금 현황(일반계정(22.12월 이전))
450,200506,0010615,에이아이에이생명보험 주식회사,A2,효력상실환급금,4387994000,4285621000,102373000,외국생보사,D,SH126,환급금 현황(일반계정(22.12월 이전))
451,200506,0010615,에이아이에이생명보험 주식회사,A3,생존급여금 등,25093658000,24303035000,790623000,외국생보사,D,SH126,환급금 현황(일반계정(22.12월 이전))
452,200509,0010615,에이아이에이생명보험 주식회사,A,합계,99151746000,74439498000,24712248000,외국생보사,D,SH126,환급금 현황(일반계정(22.12월 이전))
453,200509,0010615,에이아이에이생명보험 주식회사,A1,해지환급금,34430474000,11926744000,22503730000,외국생보사,D,SH126,환급금 현황(일반계정(22.12월 이전))
454,200509,0010615,에이아이에이생명보험 주식회사,A2,효력상실환급금,9466083000,9205213000,260870000,외국생보사,D,SH126,환급금 현황(일반계정(22.12월 이전))
455,200509,0010615,에이아이에이생명보험 주식회사,A3,생존급여금 등,55255186000,53307540000,1947646000,외국생보사,D,SH126,환급금 현황(일반계정(22.12월 이전))
456,200512,0010615,에이아이에이생명보험 주식회사,A,합계,160685667000,119551634000,41134033000,외국생보사,D,SH126,환급금 현황(일반계정(22.12월 이전))
457,200512,0010615,에이아이에이생명보험 주식회사,A1,해지환급금,55925396000,19534889000,36390507000,외국생보사,D,SH126,환급금 현황(일반계정(22.12월 이전))
458,200512,0010615,에이아이에이생명보험 주식회사,A2,효력상실환급금,15228226000,14707425000,520801000,외국생보사,D,SH126,환급금 현황(일반계정(22.12월 이전))
459,200512,0010615,에이아이에이생명보험 주식회사,A3,생존급여금 등,89532044000,85309319000,4222725000,외국생보사,D,SH126,환급금 현황(일반계정(22.12월 이전))
460,200603,0010615,에이아이에이생명보험 주식회사,A,합계,234943009000,173410017000,61532992000,외국생보사,D,SH126,환급금 현황(일반계정(22.12월 이전))
461,200603,0010615,에이아이에이생명보험 주식회사,A1,해지환급금,82615146000,29304827000,53310319000,외국생보사,D,SH126,환급금 현황(일반계정(22.12월 이전))
462,200603,0010615,에이아이에이생명보험 주식회사,A2,효력상실환급금,22026723000,21080436000,946287000,외국생보사,D,SH126,환급금 현황(일반계정(22.12월 이전))
463,200603,0010615,에이아이에이생명보험 주식회사,A3,생존급여금 등,130301140000,123024754000,7276386000,외국생보사,D,SH126,환급금 현황(일반계정(22.12월 이전))
464,200606,0010615,에이아이에이생명보험 주식회사,A,합계,77477241000,57406257000,20070982000,외국생보사,D,SH126,환급금 현황(일반계정(22.12월 이전))
465,200606,0010615,에이아이에이생명보험 주식회사,A1,해지환급금,25305352000,10035653000,15269698000,외국생보사,D,SH126,환급금 현황(일반계정(22.12월 이전))
466,200606,0010615,에이아이에이생명보험 주식회사,A2,효력상실환급금,7800938000,7341945000,458991000,외국생보사,D,SH126,환급금 현황(일반계정(22.12월 이전))
467,200606,0010615,에이아이에이생명보험 주식회사,A3,생존급여금 등,44370949000,40028656000,4342291000,외국생보사,D,SH126,환급금 현황(일반계정(22.12월 이전))
468,200609,0010615,에이아이에이생명보험 주식회사,A,합계,167710654000,123612359000,44098294000,외국생보사,D,SH126,환급금 현황(일반계정(22.12월 이전))
469,200609,0010615,에이아이에이생명보험 주식회사,A1,해지환급금,54118907000,21459789000,32659117000,외국생보사,D,SH126,환급금 현황(일반계정(22.12월 이전))
470,200609,0010615,에이아이에이생명보험 주식회사,A2,효력상실환급금,15088805000,14177702000,911102000,외국생보사,D,SH126,환급금 현황(일반계정(22.12월 이전))
471,200609,0010615,에이아이에이생명보험 주식회사,A3,생존급여금 등,98502940000,87974865000,10528072000,외국생보사,D,SH126,환급금 현황(일반계정(22.12월 이전))
472,200612,0010615,에이아이에이생명보험 주식회사,A,합계,277222039000,195835864000,81386173000,외국생보사,D,SH126,환급금 현황(일반계정(22.12월 이전))
473,200612,0010615,에이아이에이생명보험 주식회사,A1,해지환급금,97599380000,35098956000,62500422000,외국생보사,D,SH126,환급금 현황(일반계정(22.12월 이전))
474,200612,0010615,에이아이에이생명보험 주식회사,A2,효력상실환급금,23301599000,21626548000,1675049000,외국생보사,D,SH126,환급금 현황(일반계정(22.12월 이전))
475,200612,0010615,에이아이에이생명보험 주식회사,A3,생존급여금 등,156321058000,139110357000,17210699000,외국생보사,D,SH126,환급금 현황(일반계정(22.12월 이전))
476,200506,0010625,처브라이프생명보험주식회사,A,합계,3078028000,1964686000,1113342000,외국생보사,D,SH126,환급금 현황(일반계정(22.12월 이전))
477,200506,0010625,처브라이프생명보험주식회사,A1,해지환급금,1282139000,514602000,767537000,외국생보사,D,SH126,환급금 현황(일반계정(22.12월 이전))
478,200506,0010625,처브라이프생명보험주식회사,A2,효력상실환급금,576806000,298719000,278087000,외국생보사,D,SH126,환급금 현황(일반계정(22.12월 이전))
479,200506,0010625,처브라이프생명보험주식회사,A3,생존급여금 등,1219083000,1151365000,67718000,외국생보사,D,SH126,환급금 현황(일반계정(22.12월 이전))
480,200509,0010625,처브라이프생명보험주식회사,A,합계,7499310000,4994629000,2504681000,외국생보사,D,SH126,환급금 현황(일반계정(22.12월 이전))
481,200509,0010625,처브라이프생명보험주식회사,A1,해지환급금,3238218000,1457646000,1780572000,외국생보사,D,SH126,환급금 현황(일반계정(22.12월 이전))
482,200509,0010625,처브라이프생명보험주식회사,A2,효력상실환급금,1297667000,759771000,537896000,외국생보사,D,SH126,환급금 현황(일반계정(22.12월 이전))
483,200509,0010625,처브라이프생명보험주식회사,A3,생존급여금 등,2963425000,2777212000,186213000,외국생보사,D,SH126,환급금 현황(일반계정(22.12월 이전))
484,200512,0010625,처브라이프생명보험주식회사,A,합계,12105199000,7999420000,4105779000,외국생보사,D,SH126,환급금 현황(일반계정(22.12월 이전))
485,200512,0010625,처브라이프생명보험주식회사,A1,해지환급금,5253242000,2327921000,2925321000,외국생보사,D,SH126,환급금 현황(일반계정(22.12월 이전))
486,200512,0010625,처브라이프생명보험주식회사,A2,효력상실환급금,2026943000,1222357000,804586000,외국생보사,D,SH126,환급금 현황(일반계정(22.12월 이전))
487,200512,0010625,처브라이프생명보험주식회사,A3,생존급여금 등,4825014000,4449142000,375872000,외국생보사,D,SH126,환급금 현황(일반계정(22.12월 이전))
488,200603,0010625,처브라이프생명보험주식회사,A,합계,17348377000,11860756000,5487621000,외국생보사,D,SH126,환급금 현황(일반계정(22.12월 이전))
489,200603,0010625,처브라이프생명보험주식회사,A1,해지환급금,7226764000,3517789000,3708975000,외국생보사,D,SH126,환급금 현황(일반계정(22.12월 이전))
490,200603,0010625,처브라이프생명보험주식회사,A2,효력상실환급금,3704852000,2445645000,1259207000,외국생보사,D,SH126,환급금 현황(일반계정(22.12월 이전))
491,200603,0010625,처브라이프생명보험주식회사,A3,생존급여금 등,6416761000,5897322000,519439000,외국생보사,D,SH126,환급금 현황(일반계정(22.12월 이전))
492,200606,0010625,처브라이프생명보험주식회사,A,합계,5029202000,3589011000,1440191000,외국생보사,D,SH126,환급금 현황(일반계정(22.12월 이전))
493,200606,0010625,처브라이프생명보험주식회사,A1,해지환급금,2225188000,1244686000,980502000,외국생보사,D,SH126,환급금 현황(일반계정(22.12월 이전))
494,200606,0010625,처브라이프생명보험주식회사,A2,효력상실환급금,1070627000,830441000,240186000,외국생보사,D,SH126,환급금 현황(일반계정(22.12월 이전))
495,200606,0010625,처브라이프생명보험주식회사,A3,생존급여금 등,1733387000,1513884000,219503000,외국생보사,D,SH126,환급금 현황(일반계정(22.12월 이전))
496,200609,0010625,처브라이프생명보험주식회사,A,합계,10993264000,7435912000,3557352000,외국생보사,D,SH126,환급금 현황(일반계정(22.12월 이전))
497,200609,0010625,처브라이프생명보험주식회사,A1,해지환급금,5386173000,2869685000,2516488000,외국생보사,D,SH126,환급금 현황(일반계정(22.12월 이전))
498,200609,0010625,처브라이프생명보험주식회사,A2,효력상실환급금,1976622000,1447278000,529344000,외국생보사,D,SH126,환급금 현황(일반계정(22.12월 이전))
499,200609,0010625,처브라이프생명보험주식회사,A3,생존급여금 등,3630469000,3118949000,511520000,외국생보사,D,SH126,환급금 현황(일반계정(22.12월 이전))
500,200612,0010625,처브라이프생명보험주식회사,A,합계,17803905000,11471042000,6332863000,외국생보사,D,SH126,환급금 현황(일반계정(22.12월 이전))
501,200612,0010625,처브라이프생명보험주식회사,A1,해지환급금,9253563000,4396616000,4856947000,외국생보사,D,SH126,환급금 현황(일반계정(22.12월 이전))
502,200612,0010625,처브라이프생명보험주식회사,A2,효력상실환급금,2910606000,2197160000,713446000,외국생보사,D,SH126,환급금 현황(일반계정(22.12월 이전))
503,200612,0010625,처브라이프생명보험주식회사,A3,생존급여금 등,5639736000,4877266000,762470000,외국생보사,D,SH126,환급금 현황(일반계정(22.12월 이전))
504,200506,0011320,푸본현대생명보험주식회사,A,합계,33571007000,15281992000,18289016000,외국생보사,D,SH126,환급금 현황(일반계정(22.12월 이전))
505,200506,0011320,푸본현대생명보험주식회사,A1,해지환급금,19720275000,5992012000,13728264000,외국생보사,D,SH126,환급금 현황(일반계정(22.12월 이전))
506,200506,0011320,푸본현대생명보험주식회사,A2,효력상실환급금,4501735000,2170472000,2331263000,외국생보사,D,SH126,환급금 현황(일반계정(22.12월 이전))
507,200506,0011320,푸본현대생명보험주식회사,A3,생존급여금 등,9348997000,7119508000,2229489000,외국생보사,D,SH126,환급금 현황(일반계정(22.12월 이전))
508,200509,0011320,푸본현대생명보험주식회사,A,합계,66869310000,31362566000,35506744000,외국생보사,D,SH126,환급금 현황(일반계정(22.12월 이전))
509,200509,0011320,푸본현대생명보험주식회사,A1,해지환급금,38257651000,11806884000,26450767000,외국생보사,D,SH126,환급금 현황(일반계정(22.12월 이전))
510,200509,0011320,푸본현대생명보험주식회사,A2,효력상실환급금,8743544000,4372451000,4371093000,외국생보사,D,SH126,환급금 현황(일반계정(22.12월 이전))
511,200509,0011320,푸본현대생명보험주식회사,A3,생존급여금 등,19868115000,15183231000,4684884000,외국생보사,D,SH126,환급금 현황(일반계정(22.12월 이전))
512,200512,0011320,푸본현대생명보험주식회사,A,합계,101076611000,48302353000,52774258000,외국생보사,D,SH126,환급금 현황(일반계정(22.12월 이전))
513,200512,0011320,푸본현대생명보험주식회사,A1,해지환급금,57102005000,17755849000,39346156000,외국생보사,D,SH126,환급금 현황(일반계정(22.12월 이전))
514,200512,0011320,푸본현대생명보험주식회사,A2,효력상실환급금,12740916000,6374834000,6366082000,외국생보사,D,SH126,환급금 현황(일반계정(22.12월 이전))
515,200512,0011320,푸본현대생명보험주식회사,A3,생존급여금 등,31233690000,24171670000,7062020000,외국생보사,D,SH126,환급금 현황(일반계정(22.12월 이전))
516,200603,0011320,푸본현대생명보험주식회사,A,합계,139839391000,66318916000,73520475000,외국생보사,D,SH126,환급금 현황(일반계정(22.12월 이전))
517,200603,0011320,푸본현대생명보험주식회사,A1,해지환급금,79649827000,24420188000,55229639000,외국생보사,D,SH126,환급금 현황(일반계정(22.12월 이전))
518,200603,0011320,푸본현대생명보험주식회사,A2,효력상실환급금,17313151000,8978419000,8334732000,외국생보사,D,SH126,환급금 현황(일반계정(22.12월 이전))
519,200603,0011320,푸본현대생명보험주식회사,A3,생존급여금 등,42876413000,32920309000,9956104000,외국생보사,D,SH126,환급금 현황(일반계정(22.12월 이전))
520,200606,0011320,푸본현대생명보험주식회사,A,합계,37300059000,17314976000,19985083000,외국생보사,D,SH126,환급금 현황(일반계정(22.12월 이전))
521,200606,0011320,푸본현대생명보험주식회사,A1,해지환급금,20324215000,5807596000,14516619000,외국생보사,D,SH126,환급금 현황(일반계정(22.12월 이전))
522,200606,0011320,푸본현대생명보험주식회사,A2,효력상실환급금,3819919000,1874853000,1945066000,외국생보사,D,SH126,환급금 현황(일반계정(22.12월 이전))
523,200606,0011320,푸본현대생명보험주식회사,A3,생존급여금 등,13155925000,9632527000,3523398000,외국생보사,D,SH126,환급금 현황(일반계정(22.12월 이전))
524,200609,0011320,푸본현대생명보험주식회사,A,합계,77666672000,36638798000,41027874000,외국생보사,D,SH126,환급금 현황(일반계정(22.12월 이전))
525,200609,0011320,푸본현대생명보험주식회사,A1,해지환급금,42681683000,12849567000,29832116000,외국생보사,D,SH126,환급금 현황(일반계정(22.12월 이전))
526,200609,0011320,푸본현대생명보험주식회사,A2,효력상실환급금,7907086000,3856265000,4050821000,외국생보사,D,SH126,환급금 현황(일반계정(22.12월 이전))
527,200609,0011320,푸본현대생명보험주식회사,A3,생존급여금 등,27077903000,19932966000,7144937000,외국생보사,D,SH126,환급금 현황(일반계정(22.12월 이전))
528,200612,0011320,푸본현대생명보험주식회사,A,합계,117859244000,56150832000,61708412000,외국생보사,D,SH126,환급금 현황(일반계정(22.12월 이전))
529,200612,0011320,푸본현대생명보험주식회사,A1,해지환급금,64195597000,19489690000,44705907000,외국생보사,D,SH126,환급금 현황(일반계정(22.12월 이전))
530,200612,0011320,푸본현대생명보험주식회사,A2,효력상실환급금,12021391000,6250458000,5770933000,외국생보사,D,SH126,환급금 현황(일반계정(22.12월 이전))
531,200612,0011320,푸본현대생명보험주식회사,A3,생존급여금 등,41642256000,30410684000,11231572000,외국생보사,D,SH126,환급금 현황(일반계정(22.12월 이전))
