,금융구분,통계분류,통계표코드,통계표명,년월,금융회사코드,금융회사명,코드,구분,"구좌,금액"
0,저축은행,B,SE031,예금자별 예수금,201306,0010478,CK저축은행,A,개인,39566000000
1,저축은행,B,SE031,예금자별 예수금,201306,0010478,CK저축은행,B,기업,665000000
2,저축은행,B,SE031,예금자별 예수금,201306,0010478,CK저축은행,B1,기업_개인사업자,2000000
3,저축은행,B,SE031,예금자별 예수금,201306,0010478,CK저축은행,C,기타,364000000
4,저축은행,B,SE031,예금자별 예수금,201306,0010478,CK저축은행,D,합계,40595000000
5,저축은행,B,SE031,예금자별 예수금,201312,0010478,CK저축은행,A,개인,36867000000
6,저축은행,B,SE031,예금자별 예수금,201312,0010478,CK저축은행,B,기업,747000000
7,저축은행,B,SE031,예금자별 예수금,201312,0010478,CK저축은행,B1,기업_개인사업자,32000000
8,저축은행,B,SE031,예금자별 예수금,201312,0010478,CK저축은행,C,기타,407000000
9,저축은행,B,SE031,예금자별 예수금,201312,0010478,CK저축은행,D,합계,38021000000
10,저축은행,B,SE031,예금자별 예수금,201406,0010478,CK저축은행,A,개인,33402000000
11,저축은행,B,SE031,예금자별 예수금,201406,0010478,CK저축은행,B,기업,777000000
12,저축은행,B,SE031,예금자별 예수금,201406,0010478,CK저축은행,B1,기업_개인사업자,40000000
13,저축은행,B,SE031,예금자별 예수금,201406,0010478,CK저축은행,C,기타,276000000
14,저축은행,B,SE031,예금자별 예수금,201406,0010478,CK저축은행,D,합계,34455000000
15,저축은행,B,SE031,예금자별 예수금,201412,0010478,CK저축은행,A,개인,31231000000
16,저축은행,B,SE031,예금자별 예수금,201412,0010478,CK저축은행,B,기업,769000000
17,저축은행,B,SE031,예금자별 예수금,201412,0010478,CK저축은행,B1,기업_개인사업자,33000000
18,저축은행,B,SE031,예금자별 예수금,201412,0010478,CK저축은행,C,기타,327000000
19,저축은행,B,SE031,예금자별 예수금,201412,0010478,CK저축은행,D,합계,32327000000
20,저축은행,B,SE031,예금자별 예수금,201506,0010478,CK저축은행,A,개인,28113000000
21,저축은행,B,SE031,예금자별 예수금,201506,0010478,CK저축은행,B,기업,779000000
22,저축은행,B,SE031,예금자별 예수금,201506,0010478,CK저축은행,B1,기업_개인사업자,21000000
23,저축은행,B,SE031,예금자별 예수금,201506,0010478,CK저축은행,C,기타,356000000
24,저축은행,B,SE031,예금자별 예수금,201506,0010478,CK저축은행,D,합계,29248000000
25,저축은행,B,SE031,예금자별 예수금,201512,0010478,CK저축은행,A,개인,24537000000
26,저축은행,B,SE031,예금자별 예수금,201512,0010478,CK저축은행,B,기업,732000000
27,저축은행,B,SE031,예금자별 예수금,201512,0010478,CK저축은행,B1,기업_개인사업자,7000000
28,저축은행,B,SE031,예금자별 예수금,201512,0010478,CK저축은행,C,기타,328000000
29,저축은행,B,SE031,예금자별 예수금,201512,0010478,CK저축은행,D,합계,25597000000
30,저축은행,B,SE031,예금자별 예수금,201603,0010478,CK저축은행,A,개인,22602000000
31,저축은행,B,SE031,예금자별 예수금,201603,0010478,CK저축은행,B,기업,682000000
32,저축은행,B,SE031,예금자별 예수금,201603,0010478,CK저축은행,B1,기업_개인사업자,7000000
33,저축은행,B,SE031,예금자별 예수금,201603,0010478,CK저축은행,C,기타,327000000
34,저축은행,B,SE031,예금자별 예수금,201603,0010478,CK저축은행,D,합계,23611000000
35,저축은행,B,SE031,예금자별 예수금,201606,0010478,CK저축은행,A,개인,20546000000
36,저축은행,B,SE031,예금자별 예수금,201606,0010478,CK저축은행,B,기업,682000000
37,저축은행,B,SE031,예금자별 예수금,201606,0010478,CK저축은행,B1,기업_개인사업자,6000000
38,저축은행,B,SE031,예금자별 예수금,201606,0010478,CK저축은행,C,기타,327000000
39,저축은행,B,SE031,예금자별 예수금,201606,0010478,CK저축은행,D,합계,21555000000
40,저축은행,B,SE031,예금자별 예수금,201609,0010478,CK저축은행,A,개인,19232000000
41,저축은행,B,SE031,예금자별 예수금,201609,0010478,CK저축은행,B,기업,678000000
42,저축은행,B,SE031,예금자별 예수금,201609,0010478,CK저축은행,B1,기업_개인사업자,3000000
43,저축은행,B,SE031,예금자별 예수금,201609,0010478,CK저축은행,C,기타,325000000
44,저축은행,B,SE031,예금자별 예수금,201609,0010478,CK저축은행,D,합계,20235000000
45,저축은행,B,SE031,예금자별 예수금,201612,0010478,CK저축은행,A,개인,18061000000
46,저축은행,B,SE031,예금자별 예수금,201612,0010478,CK저축은행,B,기업,688000000
47,저축은행,B,SE031,예금자별 예수금,201612,0010478,CK저축은행,B1,기업_개인사업자,3000000
48,저축은행,B,SE031,예금자별 예수금,201612,0010478,CK저축은행,C,기타,277000000
49,저축은행,B,SE031,예금자별 예수금,201612,0010478,CK저축은행,D,합계,19026000000
50,저축은행,B,SE031,예금자별 예수금,201703,0010478,CK저축은행,A,개인,17311000000
51,저축은행,B,SE031,예금자별 예수금,201703,0010478,CK저축은행,B,기업,692000000
52,저축은행,B,SE031,예금자별 예수금,201703,0010478,CK저축은행,B1,기업_개인사업자,4000000
53,저축은행,B,SE031,예금자별 예수금,201703,0010478,CK저축은행,C,기타,229000000
54,저축은행,B,SE031,예금자별 예수금,201703,0010478,CK저축은행,D,합계,18232000000
55,저축은행,B,SE031,예금자별 예수금,201706,0010478,CK저축은행,A,개인,17360000000
56,저축은행,B,SE031,예금자별 예수금,201706,0010478,CK저축은행,B,기업,655000000
57,저축은행,B,SE031,예금자별 예수금,201706,0010478,CK저축은행,B1,기업_개인사업자,4000000
58,저축은행,B,SE031,예금자별 예수금,201706,0010478,CK저축은행,C,기타,234000000
59,저축은행,B,SE031,예금자별 예수금,201706,0010478,CK저축은행,D,합계,18249000000
60,저축은행,B,SE031,예금자별 예수금,201709,0010478,CK저축은행,A,개인,18973000000
61,저축은행,B,SE031,예금자별 예수금,201709,0010478,CK저축은행,B,기업,322000000
62,저축은행,B,SE031,예금자별 예수금,201709,0010478,CK저축은행,B1,기업_개인사업자,4000000
63,저축은행,B,SE031,예금자별 예수금,201709,0010478,CK저축은행,C,기타,239000000
64,저축은행,B,SE031,예금자별 예수금,201709,0010478,CK저축은행,D,합계,19534000000
65,저축은행,B,SE031,예금자별 예수금,201712,0010478,CK저축은행,A,개인,36802000000
66,저축은행,B,SE031,예금자별 예수금,201712,0010478,CK저축은행,B,기업,5515000000
67,저축은행,B,SE031,예금자별 예수금,201712,0010478,CK저축은행,B1,기업_개인사업자,8000000
68,저축은행,B,SE031,예금자별 예수금,201712,0010478,CK저축은행,C,기타,544000000
69,저축은행,B,SE031,예금자별 예수금,201712,0010478,CK저축은행,D,합계,42861000000
70,저축은행,B,SE031,예금자별 예수금,201803,0010478,CK저축은행,A,개인,57880000000
71,저축은행,B,SE031,예금자별 예수금,201803,0010478,CK저축은행,B,기업,364000000
72,저축은행,B,SE031,예금자별 예수금,201803,0010478,CK저축은행,B1,기업_개인사업자,8000000
73,저축은행,B,SE031,예금자별 예수금,201803,0010478,CK저축은행,C,기타,549000000
74,저축은행,B,SE031,예금자별 예수금,201803,0010478,CK저축은행,D,합계,58793000000
75,저축은행,B,SE031,예금자별 예수금,201806,0010478,CK저축은행,A,개인,67714000000
76,저축은행,B,SE031,예금자별 예수금,201806,0010478,CK저축은행,B,기업,1135000000
77,저축은행,B,SE031,예금자별 예수금,201806,0010478,CK저축은행,B1,기업_개인사업자,7000000
78,저축은행,B,SE031,예금자별 예수금,201806,0010478,CK저축은행,C,기타,574000000
79,저축은행,B,SE031,예금자별 예수금,201806,0010478,CK저축은행,D,합계,69423000000
80,저축은행,B,SE031,예금자별 예수금,201809,0010478,CK저축은행,A,개인,66985000000
81,저축은행,B,SE031,예금자별 예수금,201809,0010478,CK저축은행,B,기업,631000000
82,저축은행,B,SE031,예금자별 예수금,201809,0010478,CK저축은행,B1,기업_개인사업자,3000000
83,저축은행,B,SE031,예금자별 예수금,201809,0010478,CK저축은행,C,기타,574000000
84,저축은행,B,SE031,예금자별 예수금,201809,0010478,CK저축은행,D,합계,68190000000
85,저축은행,B,SE031,예금자별 예수금,201812,0010478,CK저축은행,A,개인,82450000000
86,저축은행,B,SE031,예금자별 예수금,201812,0010478,CK저축은행,B,기업,499000000
87,저축은행,B,SE031,예금자별 예수금,201812,0010478,CK저축은행,B1,기업_개인사업자,38000000
88,저축은행,B,SE031,예금자별 예수금,201812,0010478,CK저축은행,C,기타,473000000
89,저축은행,B,SE031,예금자별 예수금,201812,0010478,CK저축은행,D,합계,83422000000
90,저축은행,B,SE031,예금자별 예수금,201903,0010478,CK저축은행,A,개인,102821000000
91,저축은행,B,SE031,예금자별 예수금,201903,0010478,CK저축은행,B,기업,334000000
92,저축은행,B,SE031,예금자별 예수금,201903,0010478,CK저축은행,B1,기업_개인사업자,6000000
93,저축은행,B,SE031,예금자별 예수금,201903,0010478,CK저축은행,C,기타,550000000
94,저축은행,B,SE031,예금자별 예수금,201903,0010478,CK저축은행,D,합계,103705000000
95,저축은행,B,SE031,예금자별 예수금,201906,0010478,CK저축은행,A,개인,100148000000
96,저축은행,B,SE031,예금자별 예수금,201906,0010478,CK저축은행,B,기업,158000000
97,저축은행,B,SE031,예금자별 예수금,201906,0010478,CK저축은행,B1,기업_개인사업자,4000000
98,저축은행,B,SE031,예금자별 예수금,201906,0010478,CK저축은행,C,기타,560000000
99,저축은행,B,SE031,예금자별 예수금,201906,0010478,CK저축은행,D,합계,100866000000
100,저축은행,B,SE031,예금자별 예수금,201909,0010478,CK저축은행,A,개인,115082000000
101,저축은행,B,SE031,예금자별 예수금,201909,0010478,CK저축은행,B,기업,170000000
102,저축은행,B,SE031,예금자별 예수금,201909,0010478,CK저축은행,B1,기업_개인사업자,18000000
103,저축은행,B,SE031,예금자별 예수금,201909,0010478,CK저축은행,C,기타,560000000
104,저축은행,B,SE031,예금자별 예수금,201909,0010478,CK저축은행,D,합계,115812000000
105,저축은행,B,SE031,예금자별 예수금,201912,0010478,CK저축은행,A,개인,146689000000
106,저축은행,B,SE031,예금자별 예수금,201912,0010478,CK저축은행,B,기업,192000000
107,저축은행,B,SE031,예금자별 예수금,201912,0010478,CK저축은행,B1,기업_개인사업자,38000000
108,저축은행,B,SE031,예금자별 예수금,201912,0010478,CK저축은행,C,기타,408000000
109,저축은행,B,SE031,예금자별 예수금,201912,0010478,CK저축은행,D,합계,147289000000
110,저축은행,B,SE031,예금자별 예수금,202003,0010478,CK저축은행,A,개인,127465000000
111,저축은행,B,SE031,예금자별 예수금,202003,0010478,CK저축은행,B,기업,154000000
112,저축은행,B,SE031,예금자별 예수금,202003,0010478,CK저축은행,B1,기업_개인사업자,4000000
113,저축은행,B,SE031,예금자별 예수금,202003,0010478,CK저축은행,C,기타,447000000
114,저축은행,B,SE031,예금자별 예수금,202003,0010478,CK저축은행,D,합계,128066000000
115,저축은행,B,SE031,예금자별 예수금,202006,0010478,CK저축은행,A,개인,146343000000
116,저축은행,B,SE031,예금자별 예수금,202006,0010478,CK저축은행,B,기업,161000000
117,저축은행,B,SE031,예금자별 예수금,202006,0010478,CK저축은행,B1,기업_개인사업자,4000000
118,저축은행,B,SE031,예금자별 예수금,202006,0010478,CK저축은행,C,기타,444000000
119,저축은행,B,SE031,예금자별 예수금,202006,0010478,CK저축은행,D,합계,146948000000
120,저축은행,B,SE031,예금자별 예수금,202009,0010478,CK저축은행,A,개인,141323000000
121,저축은행,B,SE031,예금자별 예수금,202009,0010478,CK저축은행,B,기업,255000000
122,저축은행,B,SE031,예금자별 예수금,202009,0010478,CK저축은행,B1,기업_개인사업자,101000000
123,저축은행,B,SE031,예금자별 예수금,202009,0010478,CK저축은행,C,기타,430000000
124,저축은행,B,SE031,예금자별 예수금,202009,0010478,CK저축은행,D,합계,142008000000
125,저축은행,B,SE031,예금자별 예수금,202012,0010478,CK저축은행,A,개인,159832000000
126,저축은행,B,SE031,예금자별 예수금,202012,0010478,CK저축은행,B,기업,530000000
127,저축은행,B,SE031,예금자별 예수금,202012,0010478,CK저축은행,B1,기업_개인사업자,292000000
128,저축은행,B,SE031,예금자별 예수금,202012,0010478,CK저축은행,C,기타,426000000
129,저축은행,B,SE031,예금자별 예수금,202012,0010478,CK저축은행,D,합계,160788000000
130,저축은행,B,SE031,예금자별 예수금,202103,0010478,CK저축은행,A,개인,186061000000
131,저축은행,B,SE031,예금자별 예수금,202103,0010478,CK저축은행,B,기업,312000000
132,저축은행,B,SE031,예금자별 예수금,202103,0010478,CK저축은행,B1,기업_개인사업자,150000000
133,저축은행,B,SE031,예금자별 예수금,202103,0010478,CK저축은행,C,기타,426000000
134,저축은행,B,SE031,예금자별 예수금,202103,0010478,CK저축은행,D,합계,186799000000
135,저축은행,B,SE031,예금자별 예수금,202106,0010478,CK저축은행,A,개인,190992000000
136,저축은행,B,SE031,예금자별 예수금,202106,0010478,CK저축은행,B,기업,349000000
137,저축은행,B,SE031,예금자별 예수금,202106,0010478,CK저축은행,B1,기업_개인사업자,190000000
138,저축은행,B,SE031,예금자별 예수금,202106,0010478,CK저축은행,C,기타,425000000
139,저축은행,B,SE031,예금자별 예수금,202106,0010478,CK저축은행,D,합계,191766000000
140,저축은행,B,SE031,예금자별 예수금,202109,0010478,CK저축은행,A,개인,238394000000
141,저축은행,B,SE031,예금자별 예수금,202109,0010478,CK저축은행,B,기업,397000000
142,저축은행,B,SE031,예금자별 예수금,202109,0010478,CK저축은행,B1,기업_개인사업자,241000000
143,저축은행,B,SE031,예금자별 예수금,202109,0010478,CK저축은행,C,기타,423000000
144,저축은행,B,SE031,예금자별 예수금,202109,0010478,CK저축은행,D,합계,239214000000
145,저축은행,B,SE031,예금자별 예수금,202112,0010478,CK저축은행,A,개인,235744000000
146,저축은행,B,SE031,예금자별 예수금,202112,0010478,CK저축은행,B,기업,337000000
147,저축은행,B,SE031,예금자별 예수금,202112,0010478,CK저축은행,B1,기업_개인사업자,216000000
148,저축은행,B,SE031,예금자별 예수금,202112,0010478,CK저축은행,C,기타,570000000
149,저축은행,B,SE031,예금자별 예수금,202112,0010478,CK저축은행,D,합계,236651000000
150,저축은행,B,SE031,예금자별 예수금,202203,0010478,CK저축은행,A,개인,249271000000
151,저축은행,B,SE031,예금자별 예수금,202203,0010478,CK저축은행,B,기업,360000000
152,저축은행,B,SE031,예금자별 예수금,202203,0010478,CK저축은행,B1,기업_개인사업자,256000000
153,저축은행,B,SE031,예금자별 예수금,202203,0010478,CK저축은행,C,기타,425000000
154,저축은행,B,SE031,예금자별 예수금,202203,0010478,CK저축은행,D,합계,250056000000
155,저축은행,B,SE031,예금자별 예수금,202206,0010478,CK저축은행,A,개인,226398000000
156,저축은행,B,SE031,예금자별 예수금,202206,0010478,CK저축은행,B,기업,259000000
157,저축은행,B,SE031,예금자별 예수금,202206,0010478,CK저축은행,B1,기업_개인사업자,158000000
158,저축은행,B,SE031,예금자별 예수금,202206,0010478,CK저축은행,C,기타,289000000
159,저축은행,B,SE031,예금자별 예수금,202206,0010478,CK저축은행,D,합계,226946000000
160,저축은행,B,SE031,예금자별 예수금,202209,0010478,CK저축은행,A,개인,194166000000
161,저축은행,B,SE031,예금자별 예수금,202209,0010478,CK저축은행,B,기업,173000000
162,저축은행,B,SE031,예금자별 예수금,202209,0010478,CK저축은행,B1,기업_개인사업자,63000000
163,저축은행,B,SE031,예금자별 예수금,202209,0010478,CK저축은행,C,기타,297000000
164,저축은행,B,SE031,예금자별 예수금,202209,0010478,CK저축은행,D,합계,194636000000
165,저축은행,B,SE031,예금자별 예수금,202212,0010478,CK저축은행,A,개인,221596000000
166,저축은행,B,SE031,예금자별 예수금,202212,0010478,CK저축은행,B,기업,113000000
167,저축은행,B,SE031,예금자별 예수금,202212,0010478,CK저축은행,B1,기업_개인사업자,2000000
168,저축은행,B,SE031,예금자별 예수금,202212,0010478,CK저축은행,C,기타,230000000
169,저축은행,B,SE031,예금자별 예수금,202212,0010478,CK저축은행,D,합계,221939000000
