,금융구분,통계분류,통계표코드,통계표명,년월,금융회사코드,금융회사명,코드,구분,금액
0,저축은행,B,SE028,부채 부문별 현황(예수부채),201306,0010478,CK저축은행,A,예수부채,40595000000
1,저축은행,B,SE028,부채 부문별 현황(예수부채),201306,0010478,CK저축은행,A1,예수부채_예수금,40595000000
2,저축은행,B,SE028,부채 부문별 현황(예수부채),201306,0010478,CK저축은행,A11,예수부채_예수금_(보 통 예 금),325000000
3,저축은행,B,SE028,부채 부문별 현황(예수부채),201306,0010478,CK저축은행,A12,예수부채_예수금_(별 단 예 금),13000000
4,저축은행,B,SE028,부채 부문별 현황(예수부채),201306,0010478,CK저축은행,A1A,예수부채_예수금_(수 입 계 금),0
5,저축은행,B,SE028,부채 부문별 현황(예수부채),201306,0010478,CK저축은행,A1B,예수부채_예수금_(수 입 부 금),3013000000
6,저축은행,B,SE028,부채 부문별 현황(예수부채),201306,0010478,CK저축은행,A13,예수부채_예수금_(자유 적립 예금),17000000
7,저축은행,B,SE028,부채 부문별 현황(예수부채),201306,0010478,CK저축은행,A14,예수부채_예수금_(정 기 예 금),37227000000
8,저축은행,B,SE028,부채 부문별 현황(예수부채),201306,0010478,CK저축은행,A15,예수부채_예수금_(저 축 예 금),0
9,저축은행,B,SE028,부채 부문별 현황(예수부채),201306,0010478,CK저축은행,A16,예수부채_예수금_(기업 자유 예금),0
10,저축은행,B,SE028,부채 부문별 현황(예수부채),201306,0010478,CK저축은행,A17,예수부채_예수금_(정 기 적 금),0
11,저축은행,B,SE028,부채 부문별 현황(예수부채),201306,0010478,CK저축은행,A1C,예수부채_예수금_(근로자장기저축),0
12,저축은행,B,SE028,부채 부문별 현황(예수부채),201306,0010478,CK저축은행,A1D,예수부채_예수금_(가계 장기 저축),0
13,저축은행,B,SE028,부채 부문별 현황(예수부채),201306,0010478,CK저축은행,A1E,예수부채_예수금_(근로자우대저축),0
14,저축은행,B,SE028,부채 부문별 현황(예수부채),201306,0010478,CK저축은행,A18,예수부채_예수금_(장기주택마련저축),0
15,저축은행,B,SE028,부채 부문별 현황(예수부채),201306,0010478,CK저축은행,A19,예수부채_예수금_(기 타 예 수 금),0
16,저축은행,B,SE028,부채 부문별 현황(예수부채),201306,0010478,CK저축은행,A2,예수부채_표지어음예수금,0
17,저축은행,B,SE028,부채 부문별 현황(예수부채),201306,0010478,CK저축은행,A3,예수부채_현재가치할인차금(-),0
18,저축은행,B,SE028,부채 부문별 현황(예수부채),201312,0010478,CK저축은행,A,예수부채,38021000000
19,저축은행,B,SE028,부채 부문별 현황(예수부채),201312,0010478,CK저축은행,A1,예수부채_예수금,38021000000
20,저축은행,B,SE028,부채 부문별 현황(예수부채),201312,0010478,CK저축은행,A11,예수부채_예수금_(보 통 예 금),430000000
21,저축은행,B,SE028,부채 부문별 현황(예수부채),201312,0010478,CK저축은행,A12,예수부채_예수금_(별 단 예 금),14000000
22,저축은행,B,SE028,부채 부문별 현황(예수부채),201312,0010478,CK저축은행,A1A,예수부채_예수금_(수 입 계 금),0
23,저축은행,B,SE028,부채 부문별 현황(예수부채),201312,0010478,CK저축은행,A1B,예수부채_예수금_(수 입 부 금),2927000000
24,저축은행,B,SE028,부채 부문별 현황(예수부채),201312,0010478,CK저축은행,A13,예수부채_예수금_(자유 적립 예금),28000000
25,저축은행,B,SE028,부채 부문별 현황(예수부채),201312,0010478,CK저축은행,A14,예수부채_예수금_(정 기 예 금),34622000000
26,저축은행,B,SE028,부채 부문별 현황(예수부채),201312,0010478,CK저축은행,A15,예수부채_예수금_(저 축 예 금),0
27,저축은행,B,SE028,부채 부문별 현황(예수부채),201312,0010478,CK저축은행,A16,예수부채_예수금_(기업 자유 예금),0
28,저축은행,B,SE028,부채 부문별 현황(예수부채),201312,0010478,CK저축은행,A17,예수부채_예수금_(정 기 적 금),0
29,저축은행,B,SE028,부채 부문별 현황(예수부채),201312,0010478,CK저축은행,A1C,예수부채_예수금_(근로자장기저축),0
30,저축은행,B,SE028,부채 부문별 현황(예수부채),201312,0010478,CK저축은행,A1D,예수부채_예수금_(가계 장기 저축),0
31,저축은행,B,SE028,부채 부문별 현황(예수부채),201312,0010478,CK저축은행,A1E,예수부채_예수금_(근로자우대저축),0
32,저축은행,B,SE028,부채 부문별 현황(예수부채),201312,0010478,CK저축은행,A18,예수부채_예수금_(장기주택마련저축),0
33,저축은행,B,SE028,부채 부문별 현황(예수부채),201312,0010478,CK저축은행,A19,예수부채_예수금_(기 타 예 수 금),0
34,저축은행,B,SE028,부채 부문별 현황(예수부채),201312,0010478,CK저축은행,A2,예수부채_표지어음예수금,0
35,저축은행,B,SE028,부채 부문별 현황(예수부채),201312,0010478,CK저축은행,A3,예수부채_현재가치할인차금(-),0
36,저축은행,B,SE028,부채 부문별 현황(예수부채),201406,0010478,CK저축은행,A,예수부채,34455000000
37,저축은행,B,SE028,부채 부문별 현황(예수부채),201406,0010478,CK저축은행,A1,예수부채_예수금,34455000000
38,저축은행,B,SE028,부채 부문별 현황(예수부채),201406,0010478,CK저축은행,A11,예수부채_예수금_(보 통 예 금),435000000
39,저축은행,B,SE028,부채 부문별 현황(예수부채),201406,0010478,CK저축은행,A12,예수부채_예수금_(별 단 예 금),13000000
40,저축은행,B,SE028,부채 부문별 현황(예수부채),201406,0010478,CK저축은행,A1A,예수부채_예수금_(수 입 계 금),0
41,저축은행,B,SE028,부채 부문별 현황(예수부채),201406,0010478,CK저축은행,A1B,예수부채_예수금_(수 입 부 금),2737000000
42,저축은행,B,SE028,부채 부문별 현황(예수부채),201406,0010478,CK저축은행,A13,예수부채_예수금_(자유 적립 예금),15000000
43,저축은행,B,SE028,부채 부문별 현황(예수부채),201406,0010478,CK저축은행,A14,예수부채_예수금_(정 기 예 금),31255000000
44,저축은행,B,SE028,부채 부문별 현황(예수부채),201406,0010478,CK저축은행,A15,예수부채_예수금_(저 축 예 금),0
45,저축은행,B,SE028,부채 부문별 현황(예수부채),201406,0010478,CK저축은행,A16,예수부채_예수금_(기업 자유 예금),0
46,저축은행,B,SE028,부채 부문별 현황(예수부채),201406,0010478,CK저축은행,A17,예수부채_예수금_(정 기 적 금),0
47,저축은행,B,SE028,부채 부문별 현황(예수부채),201406,0010478,CK저축은행,A1C,예수부채_예수금_(근로자장기저축),0
48,저축은행,B,SE028,부채 부문별 현황(예수부채),201406,0010478,CK저축은행,A1D,예수부채_예수금_(가계 장기 저축),0
49,저축은행,B,SE028,부채 부문별 현황(예수부채),201406,0010478,CK저축은행,A1E,예수부채_예수금_(근로자우대저축),0
50,저축은행,B,SE028,부채 부문별 현황(예수부채),201406,0010478,CK저축은행,A18,예수부채_예수금_(장기주택마련저축),0
51,저축은행,B,SE028,부채 부문별 현황(예수부채),201406,0010478,CK저축은행,A19,예수부채_예수금_(기 타 예 수 금),0
52,저축은행,B,SE028,부채 부문별 현황(예수부채),201406,0010478,CK저축은행,A2,예수부채_표지어음예수금,0
53,저축은행,B,SE028,부채 부문별 현황(예수부채),201406,0010478,CK저축은행,A3,예수부채_현재가치할인차금(-),0
54,저축은행,B,SE028,부채 부문별 현황(예수부채),201412,0010478,CK저축은행,A,예수부채,32327000000
55,저축은행,B,SE028,부채 부문별 현황(예수부채),201412,0010478,CK저축은행,A1,예수부채_예수금,32327000000
56,저축은행,B,SE028,부채 부문별 현황(예수부채),201412,0010478,CK저축은행,A11,예수부채_예수금_(보 통 예 금),311000000
57,저축은행,B,SE028,부채 부문별 현황(예수부채),201412,0010478,CK저축은행,A12,예수부채_예수금_(별 단 예 금),13000000
58,저축은행,B,SE028,부채 부문별 현황(예수부채),201412,0010478,CK저축은행,A1A,예수부채_예수금_(수 입 계 금),0
59,저축은행,B,SE028,부채 부문별 현황(예수부채),201412,0010478,CK저축은행,A1B,예수부채_예수금_(수 입 부 금),2564000000
60,저축은행,B,SE028,부채 부문별 현황(예수부채),201412,0010478,CK저축은행,A13,예수부채_예수금_(자유 적립 예금),35000000
61,저축은행,B,SE028,부채 부문별 현황(예수부채),201412,0010478,CK저축은행,A14,예수부채_예수금_(정 기 예 금),29404000000
62,저축은행,B,SE028,부채 부문별 현황(예수부채),201412,0010478,CK저축은행,A15,예수부채_예수금_(저 축 예 금),0
63,저축은행,B,SE028,부채 부문별 현황(예수부채),201412,0010478,CK저축은행,A16,예수부채_예수금_(기업 자유 예금),0
64,저축은행,B,SE028,부채 부문별 현황(예수부채),201412,0010478,CK저축은행,A17,예수부채_예수금_(정 기 적 금),0
65,저축은행,B,SE028,부채 부문별 현황(예수부채),201412,0010478,CK저축은행,A1C,예수부채_예수금_(근로자장기저축),0
66,저축은행,B,SE028,부채 부문별 현황(예수부채),201412,0010478,CK저축은행,A1D,예수부채_예수금_(가계 장기 저축),0
67,저축은행,B,SE028,부채 부문별 현황(예수부채),201412,0010478,CK저축은행,A1E,예수부채_예수금_(근로자우대저축),0
68,저축은행,B,SE028,부채 부문별 현황(예수부채),201412,0010478,CK저축은행,A18,예수부채_예수금_(장기주택마련저축),0
69,저축은행,B,SE028,부채 부문별 현황(예수부채),201412,0010478,CK저축은행,A19,예수부채_예수금_(기 타 예 수 금),0
70,저축은행,B,SE028,부채 부문별 현황(예수부채),201412,0010478,CK저축은행,A2,예수부채_표지어음예수금,0
71,저축은행,B,SE028,부채 부문별 현황(예수부채),201412,0010478,CK저축은행,A3,예수부채_현재가치할인차금(-),0
72,저축은행,B,SE028,부채 부문별 현황(예수부채),201506,0010478,CK저축은행,A,예수부채,29248000000
73,저축은행,B,SE028,부채 부문별 현황(예수부채),201506,0010478,CK저축은행,A1,예수부채_예수금,29248000000
74,저축은행,B,SE028,부채 부문별 현황(예수부채),201506,0010478,CK저축은행,A11,예수부채_예수금_(보 통 예 금),395000000
75,저축은행,B,SE028,부채 부문별 현황(예수부채),201506,0010478,CK저축은행,A12,예수부채_예수금_(별 단 예 금),12000000
76,저축은행,B,SE028,부채 부문별 현황(예수부채),201506,0010478,CK저축은행,A1A,예수부채_예수금_(수 입 계 금),0
77,저축은행,B,SE028,부채 부문별 현황(예수부채),201506,0010478,CK저축은행,A1B,예수부채_예수금_(수 입 부 금),2089000000
78,저축은행,B,SE028,부채 부문별 현황(예수부채),201506,0010478,CK저축은행,A13,예수부채_예수금_(자유 적립 예금),23000000
79,저축은행,B,SE028,부채 부문별 현황(예수부채),201506,0010478,CK저축은행,A14,예수부채_예수금_(정 기 예 금),26729000000
80,저축은행,B,SE028,부채 부문별 현황(예수부채),201506,0010478,CK저축은행,A15,예수부채_예수금_(저 축 예 금),0
81,저축은행,B,SE028,부채 부문별 현황(예수부채),201506,0010478,CK저축은행,A16,예수부채_예수금_(기업 자유 예금),0
82,저축은행,B,SE028,부채 부문별 현황(예수부채),201506,0010478,CK저축은행,A17,예수부채_예수금_(정 기 적 금),0
83,저축은행,B,SE028,부채 부문별 현황(예수부채),201506,0010478,CK저축은행,A1C,예수부채_예수금_(근로자장기저축),0
84,저축은행,B,SE028,부채 부문별 현황(예수부채),201506,0010478,CK저축은행,A1D,예수부채_예수금_(가계 장기 저축),0
85,저축은행,B,SE028,부채 부문별 현황(예수부채),201506,0010478,CK저축은행,A1E,예수부채_예수금_(근로자우대저축),0
86,저축은행,B,SE028,부채 부문별 현황(예수부채),201506,0010478,CK저축은행,A18,예수부채_예수금_(장기주택마련저축),0
87,저축은행,B,SE028,부채 부문별 현황(예수부채),201506,0010478,CK저축은행,A19,예수부채_예수금_(기 타 예 수 금),0
88,저축은행,B,SE028,부채 부문별 현황(예수부채),201506,0010478,CK저축은행,A2,예수부채_표지어음예수금,0
89,저축은행,B,SE028,부채 부문별 현황(예수부채),201506,0010478,CK저축은행,A3,예수부채_현재가치할인차금(-),0
90,저축은행,B,SE028,부채 부문별 현황(예수부채),201512,0010478,CK저축은행,A,예수부채,25597000000
91,저축은행,B,SE028,부채 부문별 현황(예수부채),201512,0010478,CK저축은행,A1,예수부채_예수금,25597000000
92,저축은행,B,SE028,부채 부문별 현황(예수부채),201512,0010478,CK저축은행,A11,예수부채_예수금_(보 통 예 금),280000000
93,저축은행,B,SE028,부채 부문별 현황(예수부채),201512,0010478,CK저축은행,A12,예수부채_예수금_(별 단 예 금),7000000
94,저축은행,B,SE028,부채 부문별 현황(예수부채),201512,0010478,CK저축은행,A1A,예수부채_예수금_(수 입 계 금),0
95,저축은행,B,SE028,부채 부문별 현황(예수부채),201512,0010478,CK저축은행,A1B,예수부채_예수금_(수 입 부 금),1806000000
96,저축은행,B,SE028,부채 부문별 현황(예수부채),201512,0010478,CK저축은행,A13,예수부채_예수금_(자유 적립 예금),9000000
97,저축은행,B,SE028,부채 부문별 현황(예수부채),201512,0010478,CK저축은행,A14,예수부채_예수금_(정 기 예 금),23495000000
98,저축은행,B,SE028,부채 부문별 현황(예수부채),201512,0010478,CK저축은행,A15,예수부채_예수금_(저 축 예 금),0
99,저축은행,B,SE028,부채 부문별 현황(예수부채),201512,0010478,CK저축은행,A16,예수부채_예수금_(기업 자유 예금),0
100,저축은행,B,SE028,부채 부문별 현황(예수부채),201512,0010478,CK저축은행,A17,예수부채_예수금_(정 기 적 금),0
101,저축은행,B,SE028,부채 부문별 현황(예수부채),201512,0010478,CK저축은행,A1C,예수부채_예수금_(근로자장기저축),0
102,저축은행,B,SE028,부채 부문별 현황(예수부채),201512,0010478,CK저축은행,A1D,예수부채_예수금_(가계 장기 저축),0
103,저축은행,B,SE028,부채 부문별 현황(예수부채),201512,0010478,CK저축은행,A1E,예수부채_예수금_(근로자우대저축),0
104,저축은행,B,SE028,부채 부문별 현황(예수부채),201512,0010478,CK저축은행,A18,예수부채_예수금_(장기주택마련저축),0
105,저축은행,B,SE028,부채 부문별 현황(예수부채),201512,0010478,CK저축은행,A19,예수부채_예수금_(기 타 예 수 금),0
106,저축은행,B,SE028,부채 부문별 현황(예수부채),201512,0010478,CK저축은행,A2,예수부채_표지어음예수금,0
107,저축은행,B,SE028,부채 부문별 현황(예수부채),201512,0010478,CK저축은행,A3,예수부채_현재가치할인차금(-),0
108,저축은행,B,SE028,부채 부문별 현황(예수부채),201603,0010478,CK저축은행,A,예수부채,23611000000
109,저축은행,B,SE028,부채 부문별 현황(예수부채),201603,0010478,CK저축은행,A1,예수부채_예수금,23611000000
110,저축은행,B,SE028,부채 부문별 현황(예수부채),201603,0010478,CK저축은행,A11,예수부채_예수금_(보 통 예 금),267000000
111,저축은행,B,SE028,부채 부문별 현황(예수부채),201603,0010478,CK저축은행,A12,예수부채_예수금_(별 단 예 금),7000000
112,저축은행,B,SE028,부채 부문별 현황(예수부채),201603,0010478,CK저축은행,A1A,예수부채_예수금_(수 입 계 금),0
113,저축은행,B,SE028,부채 부문별 현황(예수부채),201603,0010478,CK저축은행,A1B,예수부채_예수금_(수 입 부 금),1534000000
114,저축은행,B,SE028,부채 부문별 현황(예수부채),201603,0010478,CK저축은행,A13,예수부채_예수금_(자유 적립 예금),10000000
115,저축은행,B,SE028,부채 부문별 현황(예수부채),201603,0010478,CK저축은행,A14,예수부채_예수금_(정 기 예 금),21793000000
116,저축은행,B,SE028,부채 부문별 현황(예수부채),201603,0010478,CK저축은행,A15,예수부채_예수금_(저 축 예 금),0
117,저축은행,B,SE028,부채 부문별 현황(예수부채),201603,0010478,CK저축은행,A16,예수부채_예수금_(기업 자유 예금),0
118,저축은행,B,SE028,부채 부문별 현황(예수부채),201603,0010478,CK저축은행,A17,예수부채_예수금_(정 기 적 금),0
119,저축은행,B,SE028,부채 부문별 현황(예수부채),201603,0010478,CK저축은행,A1C,예수부채_예수금_(근로자장기저축),0
120,저축은행,B,SE028,부채 부문별 현황(예수부채),201603,0010478,CK저축은행,A1D,예수부채_예수금_(가계 장기 저축),0
121,저축은행,B,SE028,부채 부문별 현황(예수부채),201603,0010478,CK저축은행,A1E,예수부채_예수금_(근로자우대저축),0
122,저축은행,B,SE028,부채 부문별 현황(예수부채),201603,0010478,CK저축은행,A18,예수부채_예수금_(장기주택마련저축),0
123,저축은행,B,SE028,부채 부문별 현황(예수부채),201603,0010478,CK저축은행,A19,예수부채_예수금_(기 타 예 수 금),0
124,저축은행,B,SE028,부채 부문별 현황(예수부채),201603,0010478,CK저축은행,A2,예수부채_표지어음예수금,0
125,저축은행,B,SE028,부채 부문별 현황(예수부채),201603,0010478,CK저축은행,A3,예수부채_현재가치할인차금(-),0
126,저축은행,B,SE028,부채 부문별 현황(예수부채),201606,0010478,CK저축은행,A,예수부채,21555000000
127,저축은행,B,SE028,부채 부문별 현황(예수부채),201606,0010478,CK저축은행,A1,예수부채_예수금,21555000000
128,저축은행,B,SE028,부채 부문별 현황(예수부채),201606,0010478,CK저축은행,A11,예수부채_예수금_(보 통 예 금),264000000
129,저축은행,B,SE028,부채 부문별 현황(예수부채),201606,0010478,CK저축은행,A12,예수부채_예수금_(별 단 예 금),7000000
130,저축은행,B,SE028,부채 부문별 현황(예수부채),201606,0010478,CK저축은행,A1A,예수부채_예수금_(수 입 계 금),0
131,저축은행,B,SE028,부채 부문별 현황(예수부채),201606,0010478,CK저축은행,A1B,예수부채_예수금_(수 입 부 금),1346000000
132,저축은행,B,SE028,부채 부문별 현황(예수부채),201606,0010478,CK저축은행,A13,예수부채_예수금_(자유 적립 예금),10000000
133,저축은행,B,SE028,부채 부문별 현황(예수부채),201606,0010478,CK저축은행,A14,예수부채_예수금_(정 기 예 금),19928000000
134,저축은행,B,SE028,부채 부문별 현황(예수부채),201606,0010478,CK저축은행,A15,예수부채_예수금_(저 축 예 금),0
135,저축은행,B,SE028,부채 부문별 현황(예수부채),201606,0010478,CK저축은행,A16,예수부채_예수금_(기업 자유 예금),0
136,저축은행,B,SE028,부채 부문별 현황(예수부채),201606,0010478,CK저축은행,A17,예수부채_예수금_(정 기 적 금),0
137,저축은행,B,SE028,부채 부문별 현황(예수부채),201606,0010478,CK저축은행,A1C,예수부채_예수금_(근로자장기저축),0
138,저축은행,B,SE028,부채 부문별 현황(예수부채),201606,0010478,CK저축은행,A1D,예수부채_예수금_(가계 장기 저축),0
139,저축은행,B,SE028,부채 부문별 현황(예수부채),201606,0010478,CK저축은행,A1E,예수부채_예수금_(근로자우대저축),0
140,저축은행,B,SE028,부채 부문별 현황(예수부채),201606,0010478,CK저축은행,A18,예수부채_예수금_(장기주택마련저축),0
141,저축은행,B,SE028,부채 부문별 현황(예수부채),201606,0010478,CK저축은행,A19,예수부채_예수금_(기 타 예 수 금),0
142,저축은행,B,SE028,부채 부문별 현황(예수부채),201606,0010478,CK저축은행,A2,예수부채_표지어음예수금,0
143,저축은행,B,SE028,부채 부문별 현황(예수부채),201606,0010478,CK저축은행,A3,예수부채_현재가치할인차금(-),0
144,저축은행,B,SE028,부채 부문별 현황(예수부채),201609,0010478,CK저축은행,A,예수부채,20235000000
145,저축은행,B,SE028,부채 부문별 현황(예수부채),201609,0010478,CK저축은행,A1,예수부채_예수금,20235000000
146,저축은행,B,SE028,부채 부문별 현황(예수부채),201609,0010478,CK저축은행,A11,예수부채_예수금_(보 통 예 금),280000000
147,저축은행,B,SE028,부채 부문별 현황(예수부채),201609,0010478,CK저축은행,A12,예수부채_예수금_(별 단 예 금),5000000
148,저축은행,B,SE028,부채 부문별 현황(예수부채),201609,0010478,CK저축은행,A1A,예수부채_예수금_(수 입 계 금),0
149,저축은행,B,SE028,부채 부문별 현황(예수부채),201609,0010478,CK저축은행,A1B,예수부채_예수금_(수 입 부 금),1333000000
150,저축은행,B,SE028,부채 부문별 현황(예수부채),201609,0010478,CK저축은행,A13,예수부채_예수금_(자유 적립 예금),16000000
151,저축은행,B,SE028,부채 부문별 현황(예수부채),201609,0010478,CK저축은행,A14,예수부채_예수금_(정 기 예 금),18601000000
152,저축은행,B,SE028,부채 부문별 현황(예수부채),201609,0010478,CK저축은행,A15,예수부채_예수금_(저 축 예 금),0
153,저축은행,B,SE028,부채 부문별 현황(예수부채),201609,0010478,CK저축은행,A16,예수부채_예수금_(기업 자유 예금),0
154,저축은행,B,SE028,부채 부문별 현황(예수부채),201609,0010478,CK저축은행,A17,예수부채_예수금_(정 기 적 금),0
155,저축은행,B,SE028,부채 부문별 현황(예수부채),201609,0010478,CK저축은행,A1C,예수부채_예수금_(근로자장기저축),0
156,저축은행,B,SE028,부채 부문별 현황(예수부채),201609,0010478,CK저축은행,A1D,예수부채_예수금_(가계 장기 저축),0
157,저축은행,B,SE028,부채 부문별 현황(예수부채),201609,0010478,CK저축은행,A1E,예수부채_예수금_(근로자우대저축),0
158,저축은행,B,SE028,부채 부문별 현황(예수부채),201609,0010478,CK저축은행,A18,예수부채_예수금_(장기주택마련저축),0
159,저축은행,B,SE028,부채 부문별 현황(예수부채),201609,0010478,CK저축은행,A19,예수부채_예수금_(기 타 예 수 금),0
160,저축은행,B,SE028,부채 부문별 현황(예수부채),201609,0010478,CK저축은행,A2,예수부채_표지어음예수금,0
161,저축은행,B,SE028,부채 부문별 현황(예수부채),201609,0010478,CK저축은행,A3,예수부채_현재가치할인차금(-),0
162,저축은행,B,SE028,부채 부문별 현황(예수부채),201612,0010478,CK저축은행,A,예수부채,19026000000
163,저축은행,B,SE028,부채 부문별 현황(예수부채),201612,0010478,CK저축은행,A1,예수부채_예수금,19026000000
164,저축은행,B,SE028,부채 부문별 현황(예수부채),201612,0010478,CK저축은행,A11,예수부채_예수금_(보 통 예 금),382000000
165,저축은행,B,SE028,부채 부문별 현황(예수부채),201612,0010478,CK저축은행,A12,예수부채_예수금_(별 단 예 금),6000000
166,저축은행,B,SE028,부채 부문별 현황(예수부채),201612,0010478,CK저축은행,A1A,예수부채_예수금_(수 입 계 금),0
167,저축은행,B,SE028,부채 부문별 현황(예수부채),201612,0010478,CK저축은행,A1B,예수부채_예수금_(수 입 부 금),1118000000
168,저축은행,B,SE028,부채 부문별 현황(예수부채),201612,0010478,CK저축은행,A13,예수부채_예수금_(자유 적립 예금),26000000
169,저축은행,B,SE028,부채 부문별 현황(예수부채),201612,0010478,CK저축은행,A14,예수부채_예수금_(정 기 예 금),17494000000
170,저축은행,B,SE028,부채 부문별 현황(예수부채),201612,0010478,CK저축은행,A15,예수부채_예수금_(저 축 예 금),0
171,저축은행,B,SE028,부채 부문별 현황(예수부채),201612,0010478,CK저축은행,A16,예수부채_예수금_(기업 자유 예금),0
172,저축은행,B,SE028,부채 부문별 현황(예수부채),201612,0010478,CK저축은행,A17,예수부채_예수금_(정 기 적 금),0
173,저축은행,B,SE028,부채 부문별 현황(예수부채),201612,0010478,CK저축은행,A1C,예수부채_예수금_(근로자장기저축),0
174,저축은행,B,SE028,부채 부문별 현황(예수부채),201612,0010478,CK저축은행,A1D,예수부채_예수금_(가계 장기 저축),0
175,저축은행,B,SE028,부채 부문별 현황(예수부채),201612,0010478,CK저축은행,A1E,예수부채_예수금_(근로자우대저축),0
176,저축은행,B,SE028,부채 부문별 현황(예수부채),201612,0010478,CK저축은행,A18,예수부채_예수금_(장기주택마련저축),0
177,저축은행,B,SE028,부채 부문별 현황(예수부채),201612,0010478,CK저축은행,A19,예수부채_예수금_(기 타 예 수 금),0
178,저축은행,B,SE028,부채 부문별 현황(예수부채),201612,0010478,CK저축은행,A2,예수부채_표지어음예수금,0
179,저축은행,B,SE028,부채 부문별 현황(예수부채),201612,0010478,CK저축은행,A3,예수부채_현재가치할인차금(-),0
180,저축은행,B,SE028,부채 부문별 현황(예수부채),201703,0010478,CK저축은행,A,예수부채,18232000000
181,저축은행,B,SE028,부채 부문별 현황(예수부채),201703,0010478,CK저축은행,A1,예수부채_예수금,18232000000
182,저축은행,B,SE028,부채 부문별 현황(예수부채),201703,0010478,CK저축은행,A11,예수부채_예수금_(보 통 예 금),251000000
183,저축은행,B,SE028,부채 부문별 현황(예수부채),201703,0010478,CK저축은행,A12,예수부채_예수금_(별 단 예 금),6000000
184,저축은행,B,SE028,부채 부문별 현황(예수부채),201703,0010478,CK저축은행,A1A,예수부채_예수금_(수 입 계 금),0
185,저축은행,B,SE028,부채 부문별 현황(예수부채),201703,0010478,CK저축은행,A1B,예수부채_예수금_(수 입 부 금),875000000
186,저축은행,B,SE028,부채 부문별 현황(예수부채),201703,0010478,CK저축은행,A13,예수부채_예수금_(자유 적립 예금),31000000
187,저축은행,B,SE028,부채 부문별 현황(예수부채),201703,0010478,CK저축은행,A14,예수부채_예수금_(정 기 예 금),17069000000
188,저축은행,B,SE028,부채 부문별 현황(예수부채),201703,0010478,CK저축은행,A15,예수부채_예수금_(저 축 예 금),0
189,저축은행,B,SE028,부채 부문별 현황(예수부채),201703,0010478,CK저축은행,A16,예수부채_예수금_(기업 자유 예금),0
190,저축은행,B,SE028,부채 부문별 현황(예수부채),201703,0010478,CK저축은행,A17,예수부채_예수금_(정 기 적 금),0
191,저축은행,B,SE028,부채 부문별 현황(예수부채),201703,0010478,CK저축은행,A1C,예수부채_예수금_(근로자장기저축),0
192,저축은행,B,SE028,부채 부문별 현황(예수부채),201703,0010478,CK저축은행,A1D,예수부채_예수금_(가계 장기 저축),0
193,저축은행,B,SE028,부채 부문별 현황(예수부채),201703,0010478,CK저축은행,A1E,예수부채_예수금_(근로자우대저축),0
194,저축은행,B,SE028,부채 부문별 현황(예수부채),201703,0010478,CK저축은행,A18,예수부채_예수금_(장기주택마련저축),0
195,저축은행,B,SE028,부채 부문별 현황(예수부채),201703,0010478,CK저축은행,A19,예수부채_예수금_(기 타 예 수 금),0
196,저축은행,B,SE028,부채 부문별 현황(예수부채),201703,0010478,CK저축은행,A2,예수부채_표지어음예수금,0
197,저축은행,B,SE028,부채 부문별 현황(예수부채),201703,0010478,CK저축은행,A3,예수부채_현재가치할인차금(-),0
198,저축은행,B,SE028,부채 부문별 현황(예수부채),201706,0010478,CK저축은행,A,예수부채,18249000000
199,저축은행,B,SE028,부채 부문별 현황(예수부채),201706,0010478,CK저축은행,A1,예수부채_예수금,18249000000
200,저축은행,B,SE028,부채 부문별 현황(예수부채),201706,0010478,CK저축은행,A11,예수부채_예수금_(보 통 예 금),260000000
201,저축은행,B,SE028,부채 부문별 현황(예수부채),201706,0010478,CK저축은행,A12,예수부채_예수금_(별 단 예 금),6000000
202,저축은행,B,SE028,부채 부문별 현황(예수부채),201706,0010478,CK저축은행,A1A,예수부채_예수금_(수 입 계 금),0
203,저축은행,B,SE028,부채 부문별 현황(예수부채),201706,0010478,CK저축은행,A1B,예수부채_예수금_(수 입 부 금),621000000
204,저축은행,B,SE028,부채 부문별 현황(예수부채),201706,0010478,CK저축은행,A13,예수부채_예수금_(자유 적립 예금),1000000
205,저축은행,B,SE028,부채 부문별 현황(예수부채),201706,0010478,CK저축은행,A14,예수부채_예수금_(정 기 예 금),17361000000
206,저축은행,B,SE028,부채 부문별 현황(예수부채),201706,0010478,CK저축은행,A15,예수부채_예수금_(저 축 예 금),0
207,저축은행,B,SE028,부채 부문별 현황(예수부채),201706,0010478,CK저축은행,A16,예수부채_예수금_(기업 자유 예금),0
208,저축은행,B,SE028,부채 부문별 현황(예수부채),201706,0010478,CK저축은행,A17,예수부채_예수금_(정 기 적 금),0
209,저축은행,B,SE028,부채 부문별 현황(예수부채),201706,0010478,CK저축은행,A1C,예수부채_예수금_(근로자장기저축),0
210,저축은행,B,SE028,부채 부문별 현황(예수부채),201706,0010478,CK저축은행,A1D,예수부채_예수금_(가계 장기 저축),0
211,저축은행,B,SE028,부채 부문별 현황(예수부채),201706,0010478,CK저축은행,A1E,예수부채_예수금_(근로자우대저축),0
212,저축은행,B,SE028,부채 부문별 현황(예수부채),201706,0010478,CK저축은행,A18,예수부채_예수금_(장기주택마련저축),0
213,저축은행,B,SE028,부채 부문별 현황(예수부채),201706,0010478,CK저축은행,A19,예수부채_예수금_(기 타 예 수 금),0
214,저축은행,B,SE028,부채 부문별 현황(예수부채),201706,0010478,CK저축은행,A2,예수부채_표지어음예수금,0
215,저축은행,B,SE028,부채 부문별 현황(예수부채),201706,0010478,CK저축은행,A3,예수부채_현재가치할인차금(-),0
216,저축은행,B,SE028,부채 부문별 현황(예수부채),201709,0010478,CK저축은행,A,예수부채,19534000000
217,저축은행,B,SE028,부채 부문별 현황(예수부채),201709,0010478,CK저축은행,A1,예수부채_예수금,19534000000
218,저축은행,B,SE028,부채 부문별 현황(예수부채),201709,0010478,CK저축은행,A11,예수부채_예수금_(보 통 예 금),297000000
219,저축은행,B,SE028,부채 부문별 현황(예수부채),201709,0010478,CK저축은행,A12,예수부채_예수금_(별 단 예 금),7000000
220,저축은행,B,SE028,부채 부문별 현황(예수부채),201709,0010478,CK저축은행,A1A,예수부채_예수금_(수 입 계 금),0
221,저축은행,B,SE028,부채 부문별 현황(예수부채),201709,0010478,CK저축은행,A1B,예수부채_예수금_(수 입 부 금),514000000
222,저축은행,B,SE028,부채 부문별 현황(예수부채),201709,0010478,CK저축은행,A13,예수부채_예수금_(자유 적립 예금),4000000
223,저축은행,B,SE028,부채 부문별 현황(예수부채),201709,0010478,CK저축은행,A14,예수부채_예수금_(정 기 예 금),18712000000
224,저축은행,B,SE028,부채 부문별 현황(예수부채),201709,0010478,CK저축은행,A15,예수부채_예수금_(저 축 예 금),0
225,저축은행,B,SE028,부채 부문별 현황(예수부채),201709,0010478,CK저축은행,A16,예수부채_예수금_(기업 자유 예금),0
226,저축은행,B,SE028,부채 부문별 현황(예수부채),201709,0010478,CK저축은행,A17,예수부채_예수금_(정 기 적 금),0
227,저축은행,B,SE028,부채 부문별 현황(예수부채),201709,0010478,CK저축은행,A1C,예수부채_예수금_(근로자장기저축),0
228,저축은행,B,SE028,부채 부문별 현황(예수부채),201709,0010478,CK저축은행,A1D,예수부채_예수금_(가계 장기 저축),0
229,저축은행,B,SE028,부채 부문별 현황(예수부채),201709,0010478,CK저축은행,A1E,예수부채_예수금_(근로자우대저축),0
230,저축은행,B,SE028,부채 부문별 현황(예수부채),201709,0010478,CK저축은행,A18,예수부채_예수금_(장기주택마련저축),0
231,저축은행,B,SE028,부채 부문별 현황(예수부채),201709,0010478,CK저축은행,A19,예수부채_예수금_(기 타 예 수 금),0
232,저축은행,B,SE028,부채 부문별 현황(예수부채),201709,0010478,CK저축은행,A2,예수부채_표지어음예수금,0
233,저축은행,B,SE028,부채 부문별 현황(예수부채),201709,0010478,CK저축은행,A3,예수부채_현재가치할인차금(-),0
234,저축은행,B,SE028,부채 부문별 현황(예수부채),201712,0010478,CK저축은행,A,예수부채,42861000000
235,저축은행,B,SE028,부채 부문별 현황(예수부채),201712,0010478,CK저축은행,A1,예수부채_예수금,42861000000
236,저축은행,B,SE028,부채 부문별 현황(예수부채),201712,0010478,CK저축은행,A11,예수부채_예수금_(보 통 예 금),5528000000
237,저축은행,B,SE028,부채 부문별 현황(예수부채),201712,0010478,CK저축은행,A12,예수부채_예수금_(별 단 예 금),6000000
238,저축은행,B,SE028,부채 부문별 현황(예수부채),201712,0010478,CK저축은행,A1A,예수부채_예수금_(수 입 계 금),0
239,저축은행,B,SE028,부채 부문별 현황(예수부채),201712,0010478,CK저축은행,A1B,예수부채_예수금_(수 입 부 금),575000000
240,저축은행,B,SE028,부채 부문별 현황(예수부채),201712,0010478,CK저축은행,A13,예수부채_예수금_(자유 적립 예금),6000000
241,저축은행,B,SE028,부채 부문별 현황(예수부채),201712,0010478,CK저축은행,A14,예수부채_예수금_(정 기 예 금),36594000000
242,저축은행,B,SE028,부채 부문별 현황(예수부채),201712,0010478,CK저축은행,A15,예수부채_예수금_(저 축 예 금),0
243,저축은행,B,SE028,부채 부문별 현황(예수부채),201712,0010478,CK저축은행,A16,예수부채_예수금_(기업 자유 예금),0
244,저축은행,B,SE028,부채 부문별 현황(예수부채),201712,0010478,CK저축은행,A17,예수부채_예수금_(정 기 적 금),152000000
245,저축은행,B,SE028,부채 부문별 현황(예수부채),201712,0010478,CK저축은행,A1C,예수부채_예수금_(근로자장기저축),0
246,저축은행,B,SE028,부채 부문별 현황(예수부채),201712,0010478,CK저축은행,A1D,예수부채_예수금_(가계 장기 저축),0
247,저축은행,B,SE028,부채 부문별 현황(예수부채),201712,0010478,CK저축은행,A1E,예수부채_예수금_(근로자우대저축),0
248,저축은행,B,SE028,부채 부문별 현황(예수부채),201712,0010478,CK저축은행,A18,예수부채_예수금_(장기주택마련저축),0
249,저축은행,B,SE028,부채 부문별 현황(예수부채),201712,0010478,CK저축은행,A19,예수부채_예수금_(기 타 예 수 금),0
250,저축은행,B,SE028,부채 부문별 현황(예수부채),201712,0010478,CK저축은행,A2,예수부채_표지어음예수금,0
251,저축은행,B,SE028,부채 부문별 현황(예수부채),201712,0010478,CK저축은행,A3,예수부채_현재가치할인차금(-),0
252,저축은행,B,SE028,부채 부문별 현황(예수부채),201803,0010478,CK저축은행,A,예수부채,58793000000
253,저축은행,B,SE028,부채 부문별 현황(예수부채),201803,0010478,CK저축은행,A1,예수부채_예수금,58793000000
254,저축은행,B,SE028,부채 부문별 현황(예수부채),201803,0010478,CK저축은행,A11,예수부채_예수금_(보 통 예 금),457000000
255,저축은행,B,SE028,부채 부문별 현황(예수부채),201803,0010478,CK저축은행,A12,예수부채_예수금_(별 단 예 금),6000000
256,저축은행,B,SE028,부채 부문별 현황(예수부채),201803,0010478,CK저축은행,A1A,예수부채_예수금_(수 입 계 금),0
257,저축은행,B,SE028,부채 부문별 현황(예수부채),201803,0010478,CK저축은행,A1B,예수부채_예수금_(수 입 부 금),537000000
258,저축은행,B,SE028,부채 부문별 현황(예수부채),201803,0010478,CK저축은행,A13,예수부채_예수금_(자유 적립 예금),11000000
259,저축은행,B,SE028,부채 부문별 현황(예수부채),201803,0010478,CK저축은행,A14,예수부채_예수금_(정 기 예 금),57168000000
260,저축은행,B,SE028,부채 부문별 현황(예수부채),201803,0010478,CK저축은행,A15,예수부채_예수금_(저 축 예 금),0
261,저축은행,B,SE028,부채 부문별 현황(예수부채),201803,0010478,CK저축은행,A16,예수부채_예수금_(기업 자유 예금),0
262,저축은행,B,SE028,부채 부문별 현황(예수부채),201803,0010478,CK저축은행,A17,예수부채_예수금_(정 기 적 금),614000000
263,저축은행,B,SE028,부채 부문별 현황(예수부채),201803,0010478,CK저축은행,A1C,예수부채_예수금_(근로자장기저축),0
264,저축은행,B,SE028,부채 부문별 현황(예수부채),201803,0010478,CK저축은행,A1D,예수부채_예수금_(가계 장기 저축),0
265,저축은행,B,SE028,부채 부문별 현황(예수부채),201803,0010478,CK저축은행,A1E,예수부채_예수금_(근로자우대저축),0
266,저축은행,B,SE028,부채 부문별 현황(예수부채),201803,0010478,CK저축은행,A18,예수부채_예수금_(장기주택마련저축),0
267,저축은행,B,SE028,부채 부문별 현황(예수부채),201803,0010478,CK저축은행,A19,예수부채_예수금_(기 타 예 수 금),0
268,저축은행,B,SE028,부채 부문별 현황(예수부채),201803,0010478,CK저축은행,A2,예수부채_표지어음예수금,0
269,저축은행,B,SE028,부채 부문별 현황(예수부채),201803,0010478,CK저축은행,A3,예수부채_현재가치할인차금(-),0
270,저축은행,B,SE028,부채 부문별 현황(예수부채),201806,0010478,CK저축은행,A,예수부채,69423000000
271,저축은행,B,SE028,부채 부문별 현황(예수부채),201806,0010478,CK저축은행,A1,예수부채_예수금,69423000000
272,저축은행,B,SE028,부채 부문별 현황(예수부채),201806,0010478,CK저축은행,A11,예수부채_예수금_(보 통 예 금),1296000000
273,저축은행,B,SE028,부채 부문별 현황(예수부채),201806,0010478,CK저축은행,A12,예수부채_예수금_(별 단 예 금),6000000
274,저축은행,B,SE028,부채 부문별 현황(예수부채),201806,0010478,CK저축은행,A1A,예수부채_예수금_(수 입 계 금),0
275,저축은행,B,SE028,부채 부문별 현황(예수부채),201806,0010478,CK저축은행,A1B,예수부채_예수금_(수 입 부 금),438000000
276,저축은행,B,SE028,부채 부문별 현황(예수부채),201806,0010478,CK저축은행,A13,예수부채_예수금_(자유 적립 예금),17000000
277,저축은행,B,SE028,부채 부문별 현황(예수부채),201806,0010478,CK저축은행,A14,예수부채_예수금_(정 기 예 금),66273000000
278,저축은행,B,SE028,부채 부문별 현황(예수부채),201806,0010478,CK저축은행,A15,예수부채_예수금_(저 축 예 금),0
279,저축은행,B,SE028,부채 부문별 현황(예수부채),201806,0010478,CK저축은행,A16,예수부채_예수금_(기업 자유 예금),0
280,저축은행,B,SE028,부채 부문별 현황(예수부채),201806,0010478,CK저축은행,A17,예수부채_예수금_(정 기 적 금),1393000000
281,저축은행,B,SE028,부채 부문별 현황(예수부채),201806,0010478,CK저축은행,A1C,예수부채_예수금_(근로자장기저축),0
282,저축은행,B,SE028,부채 부문별 현황(예수부채),201806,0010478,CK저축은행,A1D,예수부채_예수금_(가계 장기 저축),0
283,저축은행,B,SE028,부채 부문별 현황(예수부채),201806,0010478,CK저축은행,A1E,예수부채_예수금_(근로자우대저축),0
284,저축은행,B,SE028,부채 부문별 현황(예수부채),201806,0010478,CK저축은행,A18,예수부채_예수금_(장기주택마련저축),0
285,저축은행,B,SE028,부채 부문별 현황(예수부채),201806,0010478,CK저축은행,A19,예수부채_예수금_(기 타 예 수 금),0
286,저축은행,B,SE028,부채 부문별 현황(예수부채),201806,0010478,CK저축은행,A2,예수부채_표지어음예수금,0
287,저축은행,B,SE028,부채 부문별 현황(예수부채),201806,0010478,CK저축은행,A3,예수부채_현재가치할인차금(-),0
288,저축은행,B,SE028,부채 부문별 현황(예수부채),201809,0010478,CK저축은행,A,예수부채,68190000000
289,저축은행,B,SE028,부채 부문별 현황(예수부채),201809,0010478,CK저축은행,A1,예수부채_예수금,68190000000
290,저축은행,B,SE028,부채 부문별 현황(예수부채),201809,0010478,CK저축은행,A11,예수부채_예수금_(보 통 예 금),909000000
291,저축은행,B,SE028,부채 부문별 현황(예수부채),201809,0010478,CK저축은행,A12,예수부채_예수금_(별 단 예 금),6000000
292,저축은행,B,SE028,부채 부문별 현황(예수부채),201809,0010478,CK저축은행,A1A,예수부채_예수금_(수 입 계 금),0
293,저축은행,B,SE028,부채 부문별 현황(예수부채),201809,0010478,CK저축은행,A1B,예수부채_예수금_(수 입 부 금),433000000
294,저축은행,B,SE028,부채 부문별 현황(예수부채),201809,0010478,CK저축은행,A13,예수부채_예수금_(자유 적립 예금),22000000
295,저축은행,B,SE028,부채 부문별 현황(예수부채),201809,0010478,CK저축은행,A14,예수부채_예수금_(정 기 예 금),64608000000
296,저축은행,B,SE028,부채 부문별 현황(예수부채),201809,0010478,CK저축은행,A15,예수부채_예수금_(저 축 예 금),0
297,저축은행,B,SE028,부채 부문별 현황(예수부채),201809,0010478,CK저축은행,A16,예수부채_예수금_(기업 자유 예금),0
298,저축은행,B,SE028,부채 부문별 현황(예수부채),201809,0010478,CK저축은행,A17,예수부채_예수금_(정 기 적 금),2212000000
299,저축은행,B,SE028,부채 부문별 현황(예수부채),201809,0010478,CK저축은행,A1C,예수부채_예수금_(근로자장기저축),0
300,저축은행,B,SE028,부채 부문별 현황(예수부채),201809,0010478,CK저축은행,A1D,예수부채_예수금_(가계 장기 저축),0
301,저축은행,B,SE028,부채 부문별 현황(예수부채),201809,0010478,CK저축은행,A1E,예수부채_예수금_(근로자우대저축),0
302,저축은행,B,SE028,부채 부문별 현황(예수부채),201809,0010478,CK저축은행,A18,예수부채_예수금_(장기주택마련저축),0
303,저축은행,B,SE028,부채 부문별 현황(예수부채),201809,0010478,CK저축은행,A19,예수부채_예수금_(기 타 예 수 금),0
304,저축은행,B,SE028,부채 부문별 현황(예수부채),201809,0010478,CK저축은행,A2,예수부채_표지어음예수금,0
305,저축은행,B,SE028,부채 부문별 현황(예수부채),201809,0010478,CK저축은행,A3,예수부채_현재가치할인차금(-),0
306,저축은행,B,SE028,부채 부문별 현황(예수부채),201812,0010478,CK저축은행,A,예수부채,83422000000
307,저축은행,B,SE028,부채 부문별 현황(예수부채),201812,0010478,CK저축은행,A1,예수부채_예수금,83422000000
308,저축은행,B,SE028,부채 부문별 현황(예수부채),201812,0010478,CK저축은행,A11,예수부채_예수금_(보 통 예 금),570000000
309,저축은행,B,SE028,부채 부문별 현황(예수부채),201812,0010478,CK저축은행,A12,예수부채_예수금_(별 단 예 금),6000000
310,저축은행,B,SE028,부채 부문별 현황(예수부채),201812,0010478,CK저축은행,A1A,예수부채_예수금_(수 입 계 금),0
311,저축은행,B,SE028,부채 부문별 현황(예수부채),201812,0010478,CK저축은행,A1B,예수부채_예수금_(수 입 부 금),273000000
312,저축은행,B,SE028,부채 부문별 현황(예수부채),201812,0010478,CK저축은행,A13,예수부채_예수금_(자유 적립 예금),5000000
313,저축은행,B,SE028,부채 부문별 현황(예수부채),201812,0010478,CK저축은행,A14,예수부채_예수금_(정 기 예 금),79757000000
314,저축은행,B,SE028,부채 부문별 현황(예수부채),201812,0010478,CK저축은행,A15,예수부채_예수금_(저 축 예 금),0
315,저축은행,B,SE028,부채 부문별 현황(예수부채),201812,0010478,CK저축은행,A16,예수부채_예수금_(기업 자유 예금),0
316,저축은행,B,SE028,부채 부문별 현황(예수부채),201812,0010478,CK저축은행,A17,예수부채_예수금_(정 기 적 금),2811000000
317,저축은행,B,SE028,부채 부문별 현황(예수부채),201812,0010478,CK저축은행,A1C,예수부채_예수금_(근로자장기저축),0
318,저축은행,B,SE028,부채 부문별 현황(예수부채),201812,0010478,CK저축은행,A1D,예수부채_예수금_(가계 장기 저축),0
319,저축은행,B,SE028,부채 부문별 현황(예수부채),201812,0010478,CK저축은행,A1E,예수부채_예수금_(근로자우대저축),0
320,저축은행,B,SE028,부채 부문별 현황(예수부채),201812,0010478,CK저축은행,A18,예수부채_예수금_(장기주택마련저축),0
321,저축은행,B,SE028,부채 부문별 현황(예수부채),201812,0010478,CK저축은행,A19,예수부채_예수금_(기 타 예 수 금),0
322,저축은행,B,SE028,부채 부문별 현황(예수부채),201812,0010478,CK저축은행,A2,예수부채_표지어음예수금,0
323,저축은행,B,SE028,부채 부문별 현황(예수부채),201812,0010478,CK저축은행,A3,예수부채_현재가치할인차금(-),0
324,저축은행,B,SE028,부채 부문별 현황(예수부채),201903,0010478,CK저축은행,A,예수부채,103705000000
325,저축은행,B,SE028,부채 부문별 현황(예수부채),201903,0010478,CK저축은행,A1,예수부채_예수금,103705000000
326,저축은행,B,SE028,부채 부문별 현황(예수부채),201903,0010478,CK저축은행,A11,예수부채_예수금_(보 통 예 금),435000000
327,저축은행,B,SE028,부채 부문별 현황(예수부채),201903,0010478,CK저축은행,A12,예수부채_예수금_(별 단 예 금),7000000
328,저축은행,B,SE028,부채 부문별 현황(예수부채),201903,0010478,CK저축은행,A1A,예수부채_예수금_(수 입 계 금),0
329,저축은행,B,SE028,부채 부문별 현황(예수부채),201903,0010478,CK저축은행,A1B,예수부채_예수금_(수 입 부 금),280000000
330,저축은행,B,SE028,부채 부문별 현황(예수부채),201903,0010478,CK저축은행,A13,예수부채_예수금_(자유 적립 예금),6000000
331,저축은행,B,SE028,부채 부문별 현황(예수부채),201903,0010478,CK저축은행,A14,예수부채_예수금_(정 기 예 금),98682000000
332,저축은행,B,SE028,부채 부문별 현황(예수부채),201903,0010478,CK저축은행,A15,예수부채_예수금_(저 축 예 금),0
333,저축은행,B,SE028,부채 부문별 현황(예수부채),201903,0010478,CK저축은행,A16,예수부채_예수금_(기업 자유 예금),0
334,저축은행,B,SE028,부채 부문별 현황(예수부채),201903,0010478,CK저축은행,A17,예수부채_예수금_(정 기 적 금),4295000000
335,저축은행,B,SE028,부채 부문별 현황(예수부채),201903,0010478,CK저축은행,A1C,예수부채_예수금_(근로자장기저축),0
336,저축은행,B,SE028,부채 부문별 현황(예수부채),201903,0010478,CK저축은행,A1D,예수부채_예수금_(가계 장기 저축),0
337,저축은행,B,SE028,부채 부문별 현황(예수부채),201903,0010478,CK저축은행,A1E,예수부채_예수금_(근로자우대저축),0
338,저축은행,B,SE028,부채 부문별 현황(예수부채),201903,0010478,CK저축은행,A18,예수부채_예수금_(장기주택마련저축),0
339,저축은행,B,SE028,부채 부문별 현황(예수부채),201903,0010478,CK저축은행,A19,예수부채_예수금_(기 타 예 수 금),0
340,저축은행,B,SE028,부채 부문별 현황(예수부채),201903,0010478,CK저축은행,A2,예수부채_표지어음예수금,0
341,저축은행,B,SE028,부채 부문별 현황(예수부채),201903,0010478,CK저축은행,A3,예수부채_현재가치할인차금(-),0
342,저축은행,B,SE028,부채 부문별 현황(예수부채),201906,0010478,CK저축은행,A,예수부채,100866000000
343,저축은행,B,SE028,부채 부문별 현황(예수부채),201906,0010478,CK저축은행,A1,예수부채_예수금,100866000000
344,저축은행,B,SE028,부채 부문별 현황(예수부채),201906,0010478,CK저축은행,A11,예수부채_예수금_(보 통 예 금),518000000
345,저축은행,B,SE028,부채 부문별 현황(예수부채),201906,0010478,CK저축은행,A12,예수부채_예수금_(별 단 예 금),7000000
346,저축은행,B,SE028,부채 부문별 현황(예수부채),201906,0010478,CK저축은행,A1A,예수부채_예수금_(수 입 계 금),0
347,저축은행,B,SE028,부채 부문별 현황(예수부채),201906,0010478,CK저축은행,A1B,예수부채_예수금_(수 입 부 금),306000000
348,저축은행,B,SE028,부채 부문별 현황(예수부채),201906,0010478,CK저축은행,A13,예수부채_예수금_(자유 적립 예금),1000000
349,저축은행,B,SE028,부채 부문별 현황(예수부채),201906,0010478,CK저축은행,A14,예수부채_예수금_(정 기 예 금),93859000000
350,저축은행,B,SE028,부채 부문별 현황(예수부채),201906,0010478,CK저축은행,A15,예수부채_예수금_(저 축 예 금),0
351,저축은행,B,SE028,부채 부문별 현황(예수부채),201906,0010478,CK저축은행,A16,예수부채_예수금_(기업 자유 예금),0
352,저축은행,B,SE028,부채 부문별 현황(예수부채),201906,0010478,CK저축은행,A17,예수부채_예수금_(정 기 적 금),6175000000
353,저축은행,B,SE028,부채 부문별 현황(예수부채),201906,0010478,CK저축은행,A1C,예수부채_예수금_(근로자장기저축),0
354,저축은행,B,SE028,부채 부문별 현황(예수부채),201906,0010478,CK저축은행,A1D,예수부채_예수금_(가계 장기 저축),0
355,저축은행,B,SE028,부채 부문별 현황(예수부채),201906,0010478,CK저축은행,A1E,예수부채_예수금_(근로자우대저축),0
356,저축은행,B,SE028,부채 부문별 현황(예수부채),201906,0010478,CK저축은행,A18,예수부채_예수금_(장기주택마련저축),0
357,저축은행,B,SE028,부채 부문별 현황(예수부채),201906,0010478,CK저축은행,A19,예수부채_예수금_(기 타 예 수 금),0
358,저축은행,B,SE028,부채 부문별 현황(예수부채),201906,0010478,CK저축은행,A2,예수부채_표지어음예수금,0
359,저축은행,B,SE028,부채 부문별 현황(예수부채),201906,0010478,CK저축은행,A3,예수부채_현재가치할인차금(-),0
360,저축은행,B,SE028,부채 부문별 현황(예수부채),201909,0010478,CK저축은행,A,예수부채,115812000000
361,저축은행,B,SE028,부채 부문별 현황(예수부채),201909,0010478,CK저축은행,A1,예수부채_예수금,115812000000
362,저축은행,B,SE028,부채 부문별 현황(예수부채),201909,0010478,CK저축은행,A11,예수부채_예수금_(보 통 예 금),477000000
363,저축은행,B,SE028,부채 부문별 현황(예수부채),201909,0010478,CK저축은행,A12,예수부채_예수금_(별 단 예 금),7000000
364,저축은행,B,SE028,부채 부문별 현황(예수부채),201909,0010478,CK저축은행,A1A,예수부채_예수금_(수 입 계 금),0
365,저축은행,B,SE028,부채 부문별 현황(예수부채),201909,0010478,CK저축은행,A1B,예수부채_예수금_(수 입 부 금),154000000
366,저축은행,B,SE028,부채 부문별 현황(예수부채),201909,0010478,CK저축은행,A13,예수부채_예수금_(자유 적립 예금),4000000
367,저축은행,B,SE028,부채 부문별 현황(예수부채),201909,0010478,CK저축은행,A14,예수부채_예수금_(정 기 예 금),106239000000
368,저축은행,B,SE028,부채 부문별 현황(예수부채),201909,0010478,CK저축은행,A15,예수부채_예수금_(저 축 예 금),0
369,저축은행,B,SE028,부채 부문별 현황(예수부채),201909,0010478,CK저축은행,A16,예수부채_예수금_(기업 자유 예금),0
370,저축은행,B,SE028,부채 부문별 현황(예수부채),201909,0010478,CK저축은행,A17,예수부채_예수금_(정 기 적 금),8931000000
371,저축은행,B,SE028,부채 부문별 현황(예수부채),201909,0010478,CK저축은행,A1C,예수부채_예수금_(근로자장기저축),0
372,저축은행,B,SE028,부채 부문별 현황(예수부채),201909,0010478,CK저축은행,A1D,예수부채_예수금_(가계 장기 저축),0
373,저축은행,B,SE028,부채 부문별 현황(예수부채),201909,0010478,CK저축은행,A1E,예수부채_예수금_(근로자우대저축),0
374,저축은행,B,SE028,부채 부문별 현황(예수부채),201909,0010478,CK저축은행,A18,예수부채_예수금_(장기주택마련저축),0
375,저축은행,B,SE028,부채 부문별 현황(예수부채),201909,0010478,CK저축은행,A19,예수부채_예수금_(기 타 예 수 금),0
376,저축은행,B,SE028,부채 부문별 현황(예수부채),201909,0010478,CK저축은행,A2,예수부채_표지어음예수금,0
377,저축은행,B,SE028,부채 부문별 현황(예수부채),201909,0010478,CK저축은행,A3,예수부채_현재가치할인차금(-),0
378,저축은행,B,SE028,부채 부문별 현황(예수부채),201912,0010478,CK저축은행,A,예수부채,147289000000
379,저축은행,B,SE028,부채 부문별 현황(예수부채),201912,0010478,CK저축은행,A1,예수부채_예수금,147289000000
380,저축은행,B,SE028,부채 부문별 현황(예수부채),201912,0010478,CK저축은행,A11,예수부채_예수금_(보 통 예 금),518000000
381,저축은행,B,SE028,부채 부문별 현황(예수부채),201912,0010478,CK저축은행,A12,예수부채_예수금_(별 단 예 금),7000000
382,저축은행,B,SE028,부채 부문별 현황(예수부채),201912,0010478,CK저축은행,A1A,예수부채_예수금_(수 입 계 금),0
383,저축은행,B,SE028,부채 부문별 현황(예수부채),201912,0010478,CK저축은행,A1B,예수부채_예수금_(수 입 부 금),172000000
384,저축은행,B,SE028,부채 부문별 현황(예수부채),201912,0010478,CK저축은행,A13,예수부채_예수금_(자유 적립 예금),10000000
385,저축은행,B,SE028,부채 부문별 현황(예수부채),201912,0010478,CK저축은행,A14,예수부채_예수금_(정 기 예 금),136893000000
386,저축은행,B,SE028,부채 부문별 현황(예수부채),201912,0010478,CK저축은행,A15,예수부채_예수금_(저 축 예 금),0
387,저축은행,B,SE028,부채 부문별 현황(예수부채),201912,0010478,CK저축은행,A16,예수부채_예수금_(기업 자유 예금),0
388,저축은행,B,SE028,부채 부문별 현황(예수부채),201912,0010478,CK저축은행,A17,예수부채_예수금_(정 기 적 금),9689000000
389,저축은행,B,SE028,부채 부문별 현황(예수부채),201912,0010478,CK저축은행,A1C,예수부채_예수금_(근로자장기저축),0
390,저축은행,B,SE028,부채 부문별 현황(예수부채),201912,0010478,CK저축은행,A1D,예수부채_예수금_(가계 장기 저축),0
391,저축은행,B,SE028,부채 부문별 현황(예수부채),201912,0010478,CK저축은행,A1E,예수부채_예수금_(근로자우대저축),0
392,저축은행,B,SE028,부채 부문별 현황(예수부채),201912,0010478,CK저축은행,A18,예수부채_예수금_(장기주택마련저축),0
393,저축은행,B,SE028,부채 부문별 현황(예수부채),201912,0010478,CK저축은행,A19,예수부채_예수금_(기 타 예 수 금),0
394,저축은행,B,SE028,부채 부문별 현황(예수부채),201912,0010478,CK저축은행,A2,예수부채_표지어음예수금,0
395,저축은행,B,SE028,부채 부문별 현황(예수부채),201912,0010478,CK저축은행,A3,예수부채_현재가치할인차금(-),0
396,저축은행,B,SE028,부채 부문별 현황(예수부채),202003,0010478,CK저축은행,A,예수부채,128066000000
397,저축은행,B,SE028,부채 부문별 현황(예수부채),202003,0010478,CK저축은행,A1,예수부채_예수금,128066000000
398,저축은행,B,SE028,부채 부문별 현황(예수부채),202003,0010478,CK저축은행,A11,예수부채_예수금_(보 통 예 금),600000000
399,저축은행,B,SE028,부채 부문별 현황(예수부채),202003,0010478,CK저축은행,A12,예수부채_예수금_(별 단 예 금),8000000
400,저축은행,B,SE028,부채 부문별 현황(예수부채),202003,0010478,CK저축은행,A1A,예수부채_예수금_(수 입 계 금),0
401,저축은행,B,SE028,부채 부문별 현황(예수부채),202003,0010478,CK저축은행,A1B,예수부채_예수금_(수 입 부 금),166000000
402,저축은행,B,SE028,부채 부문별 현황(예수부채),202003,0010478,CK저축은행,A13,예수부채_예수금_(자유 적립 예금),4000000
403,저축은행,B,SE028,부채 부문별 현황(예수부채),202003,0010478,CK저축은행,A14,예수부채_예수금_(정 기 예 금),121820000000
404,저축은행,B,SE028,부채 부문별 현황(예수부채),202003,0010478,CK저축은행,A15,예수부채_예수금_(저 축 예 금),0
405,저축은행,B,SE028,부채 부문별 현황(예수부채),202003,0010478,CK저축은행,A16,예수부채_예수금_(기업 자유 예금),0
406,저축은행,B,SE028,부채 부문별 현황(예수부채),202003,0010478,CK저축은행,A17,예수부채_예수금_(정 기 적 금),5468000000
407,저축은행,B,SE028,부채 부문별 현황(예수부채),202003,0010478,CK저축은행,A1C,예수부채_예수금_(근로자장기저축),0
408,저축은행,B,SE028,부채 부문별 현황(예수부채),202003,0010478,CK저축은행,A1D,예수부채_예수금_(가계 장기 저축),0
409,저축은행,B,SE028,부채 부문별 현황(예수부채),202003,0010478,CK저축은행,A1E,예수부채_예수금_(근로자우대저축),0
410,저축은행,B,SE028,부채 부문별 현황(예수부채),202003,0010478,CK저축은행,A18,예수부채_예수금_(장기주택마련저축),0
411,저축은행,B,SE028,부채 부문별 현황(예수부채),202003,0010478,CK저축은행,A19,예수부채_예수금_(기 타 예 수 금),0
412,저축은행,B,SE028,부채 부문별 현황(예수부채),202003,0010478,CK저축은행,A2,예수부채_표지어음예수금,0
413,저축은행,B,SE028,부채 부문별 현황(예수부채),202003,0010478,CK저축은행,A3,예수부채_현재가치할인차금(-),0
414,저축은행,B,SE028,부채 부문별 현황(예수부채),202006,0010478,CK저축은행,A,예수부채,146948000000
415,저축은행,B,SE028,부채 부문별 현황(예수부채),202006,0010478,CK저축은행,A1,예수부채_예수금,146948000000
416,저축은행,B,SE028,부채 부문별 현황(예수부채),202006,0010478,CK저축은행,A11,예수부채_예수금_(보 통 예 금),538000000
417,저축은행,B,SE028,부채 부문별 현황(예수부채),202006,0010478,CK저축은행,A12,예수부채_예수금_(별 단 예 금),3000000
418,저축은행,B,SE028,부채 부문별 현황(예수부채),202006,0010478,CK저축은행,A1A,예수부채_예수금_(수 입 계 금),0
419,저축은행,B,SE028,부채 부문별 현황(예수부채),202006,0010478,CK저축은행,A1B,예수부채_예수금_(수 입 부 금),157000000
420,저축은행,B,SE028,부채 부문별 현황(예수부채),202006,0010478,CK저축은행,A13,예수부채_예수금_(자유 적립 예금),7000000
421,저축은행,B,SE028,부채 부문별 현황(예수부채),202006,0010478,CK저축은행,A14,예수부채_예수금_(정 기 예 금),140548000000
422,저축은행,B,SE028,부채 부문별 현황(예수부채),202006,0010478,CK저축은행,A15,예수부채_예수금_(저 축 예 금),0
423,저축은행,B,SE028,부채 부문별 현황(예수부채),202006,0010478,CK저축은행,A16,예수부채_예수금_(기업 자유 예금),0
424,저축은행,B,SE028,부채 부문별 현황(예수부채),202006,0010478,CK저축은행,A17,예수부채_예수금_(정 기 적 금),5695000000
425,저축은행,B,SE028,부채 부문별 현황(예수부채),202006,0010478,CK저축은행,A1C,예수부채_예수금_(근로자장기저축),0
426,저축은행,B,SE028,부채 부문별 현황(예수부채),202006,0010478,CK저축은행,A1D,예수부채_예수금_(가계 장기 저축),0
427,저축은행,B,SE028,부채 부문별 현황(예수부채),202006,0010478,CK저축은행,A1E,예수부채_예수금_(근로자우대저축),0
428,저축은행,B,SE028,부채 부문별 현황(예수부채),202006,0010478,CK저축은행,A18,예수부채_예수금_(장기주택마련저축),0
429,저축은행,B,SE028,부채 부문별 현황(예수부채),202006,0010478,CK저축은행,A19,예수부채_예수금_(기 타 예 수 금),0
430,저축은행,B,SE028,부채 부문별 현황(예수부채),202006,0010478,CK저축은행,A2,예수부채_표지어음예수금,0
431,저축은행,B,SE028,부채 부문별 현황(예수부채),202006,0010478,CK저축은행,A3,예수부채_현재가치할인차금(-),0
432,저축은행,B,SE028,부채 부문별 현황(예수부채),202009,0010478,CK저축은행,A,예수부채,142008000000
433,저축은행,B,SE028,부채 부문별 현황(예수부채),202009,0010478,CK저축은행,A1,예수부채_예수금,142008000000
434,저축은행,B,SE028,부채 부문별 현황(예수부채),202009,0010478,CK저축은행,A11,예수부채_예수금_(보 통 예 금),383000000
435,저축은행,B,SE028,부채 부문별 현황(예수부채),202009,0010478,CK저축은행,A12,예수부채_예수금_(별 단 예 금),6000000
436,저축은행,B,SE028,부채 부문별 현황(예수부채),202009,0010478,CK저축은행,A1A,예수부채_예수금_(수 입 계 금),0
437,저축은행,B,SE028,부채 부문별 현황(예수부채),202009,0010478,CK저축은행,A1B,예수부채_예수금_(수 입 부 금),157000000
438,저축은행,B,SE028,부채 부문별 현황(예수부채),202009,0010478,CK저축은행,A13,예수부채_예수금_(자유 적립 예금),1000000
439,저축은행,B,SE028,부채 부문별 현황(예수부채),202009,0010478,CK저축은행,A14,예수부채_예수금_(정 기 예 금),134594000000
440,저축은행,B,SE028,부채 부문별 현황(예수부채),202009,0010478,CK저축은행,A15,예수부채_예수금_(저 축 예 금),0
441,저축은행,B,SE028,부채 부문별 현황(예수부채),202009,0010478,CK저축은행,A16,예수부채_예수금_(기업 자유 예금),0
442,저축은행,B,SE028,부채 부문별 현황(예수부채),202009,0010478,CK저축은행,A17,예수부채_예수금_(정 기 적 금),6867000000
443,저축은행,B,SE028,부채 부문별 현황(예수부채),202009,0010478,CK저축은행,A1C,예수부채_예수금_(근로자장기저축),0
444,저축은행,B,SE028,부채 부문별 현황(예수부채),202009,0010478,CK저축은행,A1D,예수부채_예수금_(가계 장기 저축),0
445,저축은행,B,SE028,부채 부문별 현황(예수부채),202009,0010478,CK저축은행,A1E,예수부채_예수금_(근로자우대저축),0
446,저축은행,B,SE028,부채 부문별 현황(예수부채),202009,0010478,CK저축은행,A18,예수부채_예수금_(장기주택마련저축),0
447,저축은행,B,SE028,부채 부문별 현황(예수부채),202009,0010478,CK저축은행,A19,예수부채_예수금_(기 타 예 수 금),0
448,저축은행,B,SE028,부채 부문별 현황(예수부채),202009,0010478,CK저축은행,A2,예수부채_표지어음예수금,0
449,저축은행,B,SE028,부채 부문별 현황(예수부채),202009,0010478,CK저축은행,A3,예수부채_현재가치할인차금(-),0
450,저축은행,B,SE028,부채 부문별 현황(예수부채),202012,0010478,CK저축은행,A,예수부채,160788000000
451,저축은행,B,SE028,부채 부문별 현황(예수부채),202012,0010478,CK저축은행,A1,예수부채_예수금,160788000000
452,저축은행,B,SE028,부채 부문별 현황(예수부채),202012,0010478,CK저축은행,A11,예수부채_예수금_(보 통 예 금),703000000
453,저축은행,B,SE028,부채 부문별 현황(예수부채),202012,0010478,CK저축은행,A12,예수부채_예수금_(별 단 예 금),7000000
454,저축은행,B,SE028,부채 부문별 현황(예수부채),202012,0010478,CK저축은행,A1A,예수부채_예수금_(수 입 계 금),0
455,저축은행,B,SE028,부채 부문별 현황(예수부채),202012,0010478,CK저축은행,A1B,예수부채_예수금_(수 입 부 금),1000000
456,저축은행,B,SE028,부채 부문별 현황(예수부채),202012,0010478,CK저축은행,A13,예수부채_예수금_(자유 적립 예금),1000000
457,저축은행,B,SE028,부채 부문별 현황(예수부채),202012,0010478,CK저축은행,A14,예수부채_예수금_(정 기 예 금),152347000000
458,저축은행,B,SE028,부채 부문별 현황(예수부채),202012,0010478,CK저축은행,A15,예수부채_예수금_(저 축 예 금),0
459,저축은행,B,SE028,부채 부문별 현황(예수부채),202012,0010478,CK저축은행,A16,예수부채_예수금_(기업 자유 예금),0
460,저축은행,B,SE028,부채 부문별 현황(예수부채),202012,0010478,CK저축은행,A17,예수부채_예수금_(정 기 적 금),7729000000
461,저축은행,B,SE028,부채 부문별 현황(예수부채),202012,0010478,CK저축은행,A1C,예수부채_예수금_(근로자장기저축),0
462,저축은행,B,SE028,부채 부문별 현황(예수부채),202012,0010478,CK저축은행,A1D,예수부채_예수금_(가계 장기 저축),0
463,저축은행,B,SE028,부채 부문별 현황(예수부채),202012,0010478,CK저축은행,A1E,예수부채_예수금_(근로자우대저축),0
464,저축은행,B,SE028,부채 부문별 현황(예수부채),202012,0010478,CK저축은행,A18,예수부채_예수금_(장기주택마련저축),0
465,저축은행,B,SE028,부채 부문별 현황(예수부채),202012,0010478,CK저축은행,A19,예수부채_예수금_(기 타 예 수 금),0
466,저축은행,B,SE028,부채 부문별 현황(예수부채),202012,0010478,CK저축은행,A2,예수부채_표지어음예수금,0
467,저축은행,B,SE028,부채 부문별 현황(예수부채),202012,0010478,CK저축은행,A3,예수부채_현재가치할인차금(-),0
468,저축은행,B,SE028,부채 부문별 현황(예수부채),202103,0010478,CK저축은행,A,예수부채,186799000000
469,저축은행,B,SE028,부채 부문별 현황(예수부채),202103,0010478,CK저축은행,A1,예수부채_예수금,186799000000
470,저축은행,B,SE028,부채 부문별 현황(예수부채),202103,0010478,CK저축은행,A11,예수부채_예수금_(보 통 예 금),771000000
471,저축은행,B,SE028,부채 부문별 현황(예수부채),202103,0010478,CK저축은행,A12,예수부채_예수금_(별 단 예 금),7000000
472,저축은행,B,SE028,부채 부문별 현황(예수부채),202103,0010478,CK저축은행,A1A,예수부채_예수금_(수 입 계 금),0
473,저축은행,B,SE028,부채 부문별 현황(예수부채),202103,0010478,CK저축은행,A1B,예수부채_예수금_(수 입 부 금),1000000
474,저축은행,B,SE028,부채 부문별 현황(예수부채),202103,0010478,CK저축은행,A13,예수부채_예수금_(자유 적립 예금),0
475,저축은행,B,SE028,부채 부문별 현황(예수부채),202103,0010478,CK저축은행,A14,예수부채_예수금_(정 기 예 금),177711000000
476,저축은행,B,SE028,부채 부문별 현황(예수부채),202103,0010478,CK저축은행,A15,예수부채_예수금_(저 축 예 금),0
477,저축은행,B,SE028,부채 부문별 현황(예수부채),202103,0010478,CK저축은행,A16,예수부채_예수금_(기업 자유 예금),0
478,저축은행,B,SE028,부채 부문별 현황(예수부채),202103,0010478,CK저축은행,A17,예수부채_예수금_(정 기 적 금),8309000000
479,저축은행,B,SE028,부채 부문별 현황(예수부채),202103,0010478,CK저축은행,A1C,예수부채_예수금_(근로자장기저축),0
480,저축은행,B,SE028,부채 부문별 현황(예수부채),202103,0010478,CK저축은행,A1D,예수부채_예수금_(가계 장기 저축),0
481,저축은행,B,SE028,부채 부문별 현황(예수부채),202103,0010478,CK저축은행,A1E,예수부채_예수금_(근로자우대저축),0
482,저축은행,B,SE028,부채 부문별 현황(예수부채),202103,0010478,CK저축은행,A18,예수부채_예수금_(장기주택마련저축),0
483,저축은행,B,SE028,부채 부문별 현황(예수부채),202103,0010478,CK저축은행,A19,예수부채_예수금_(기 타 예 수 금),0
484,저축은행,B,SE028,부채 부문별 현황(예수부채),202103,0010478,CK저축은행,A2,예수부채_표지어음예수금,0
485,저축은행,B,SE028,부채 부문별 현황(예수부채),202103,0010478,CK저축은행,A3,예수부채_현재가치할인차금(-),0
486,저축은행,B,SE028,부채 부문별 현황(예수부채),202106,0010478,CK저축은행,A,예수부채,191766000000
487,저축은행,B,SE028,부채 부문별 현황(예수부채),202106,0010478,CK저축은행,A1,예수부채_예수금,191766000000
488,저축은행,B,SE028,부채 부문별 현황(예수부채),202106,0010478,CK저축은행,A11,예수부채_예수금_(보 통 예 금),920000000
489,저축은행,B,SE028,부채 부문별 현황(예수부채),202106,0010478,CK저축은행,A12,예수부채_예수금_(별 단 예 금),5000000
490,저축은행,B,SE028,부채 부문별 현황(예수부채),202106,0010478,CK저축은행,A1A,예수부채_예수금_(수 입 계 금),0
491,저축은행,B,SE028,부채 부문별 현황(예수부채),202106,0010478,CK저축은행,A1B,예수부채_예수금_(수 입 부 금),0
492,저축은행,B,SE028,부채 부문별 현황(예수부채),202106,0010478,CK저축은행,A13,예수부채_예수금_(자유 적립 예금),0
493,저축은행,B,SE028,부채 부문별 현황(예수부채),202106,0010478,CK저축은행,A14,예수부채_예수금_(정 기 예 금),181617000000
494,저축은행,B,SE028,부채 부문별 현황(예수부채),202106,0010478,CK저축은행,A15,예수부채_예수금_(저 축 예 금),0
495,저축은행,B,SE028,부채 부문별 현황(예수부채),202106,0010478,CK저축은행,A16,예수부채_예수금_(기업 자유 예금),0
496,저축은행,B,SE028,부채 부문별 현황(예수부채),202106,0010478,CK저축은행,A17,예수부채_예수금_(정 기 적 금),9224000000
497,저축은행,B,SE028,부채 부문별 현황(예수부채),202106,0010478,CK저축은행,A1C,예수부채_예수금_(근로자장기저축),0
498,저축은행,B,SE028,부채 부문별 현황(예수부채),202106,0010478,CK저축은행,A1D,예수부채_예수금_(가계 장기 저축),0
499,저축은행,B,SE028,부채 부문별 현황(예수부채),202106,0010478,CK저축은행,A1E,예수부채_예수금_(근로자우대저축),0
500,저축은행,B,SE028,부채 부문별 현황(예수부채),202106,0010478,CK저축은행,A18,예수부채_예수금_(장기주택마련저축),0
501,저축은행,B,SE028,부채 부문별 현황(예수부채),202106,0010478,CK저축은행,A19,예수부채_예수금_(기 타 예 수 금),0
502,저축은행,B,SE028,부채 부문별 현황(예수부채),202106,0010478,CK저축은행,A2,예수부채_표지어음예수금,0
503,저축은행,B,SE028,부채 부문별 현황(예수부채),202106,0010478,CK저축은행,A3,예수부채_현재가치할인차금(-),0
504,저축은행,B,SE028,부채 부문별 현황(예수부채),202109,0010478,CK저축은행,A,예수부채,239214000000
505,저축은행,B,SE028,부채 부문별 현황(예수부채),202109,0010478,CK저축은행,A1,예수부채_예수금,239214000000
506,저축은행,B,SE028,부채 부문별 현황(예수부채),202109,0010478,CK저축은행,A11,예수부채_예수금_(보 통 예 금),765000000
507,저축은행,B,SE028,부채 부문별 현황(예수부채),202109,0010478,CK저축은행,A12,예수부채_예수금_(별 단 예 금),3000000
508,저축은행,B,SE028,부채 부문별 현황(예수부채),202109,0010478,CK저축은행,A1A,예수부채_예수금_(수 입 계 금),0
509,저축은행,B,SE028,부채 부문별 현황(예수부채),202109,0010478,CK저축은행,A1B,예수부채_예수금_(수 입 부 금),0
510,저축은행,B,SE028,부채 부문별 현황(예수부채),202109,0010478,CK저축은행,A13,예수부채_예수금_(자유 적립 예금),0
511,저축은행,B,SE028,부채 부문별 현황(예수부채),202109,0010478,CK저축은행,A14,예수부채_예수금_(정 기 예 금),229454000000
512,저축은행,B,SE028,부채 부문별 현황(예수부채),202109,0010478,CK저축은행,A15,예수부채_예수금_(저 축 예 금),0
513,저축은행,B,SE028,부채 부문별 현황(예수부채),202109,0010478,CK저축은행,A16,예수부채_예수금_(기업 자유 예금),0
514,저축은행,B,SE028,부채 부문별 현황(예수부채),202109,0010478,CK저축은행,A17,예수부채_예수금_(정 기 적 금),8992000000
515,저축은행,B,SE028,부채 부문별 현황(예수부채),202109,0010478,CK저축은행,A1C,예수부채_예수금_(근로자장기저축),0
516,저축은행,B,SE028,부채 부문별 현황(예수부채),202109,0010478,CK저축은행,A1D,예수부채_예수금_(가계 장기 저축),0
517,저축은행,B,SE028,부채 부문별 현황(예수부채),202109,0010478,CK저축은행,A1E,예수부채_예수금_(근로자우대저축),0
518,저축은행,B,SE028,부채 부문별 현황(예수부채),202109,0010478,CK저축은행,A18,예수부채_예수금_(장기주택마련저축),0
519,저축은행,B,SE028,부채 부문별 현황(예수부채),202109,0010478,CK저축은행,A19,예수부채_예수금_(기 타 예 수 금),0
520,저축은행,B,SE028,부채 부문별 현황(예수부채),202109,0010478,CK저축은행,A2,예수부채_표지어음예수금,0
521,저축은행,B,SE028,부채 부문별 현황(예수부채),202109,0010478,CK저축은행,A3,예수부채_현재가치할인차금(-),0
522,저축은행,B,SE028,부채 부문별 현황(예수부채),202112,0010478,CK저축은행,A,예수부채,236651000000
523,저축은행,B,SE028,부채 부문별 현황(예수부채),202112,0010478,CK저축은행,A1,예수부채_예수금,236651000000
524,저축은행,B,SE028,부채 부문별 현황(예수부채),202112,0010478,CK저축은행,A11,예수부채_예수금_(보 통 예 금),818000000
525,저축은행,B,SE028,부채 부문별 현황(예수부채),202112,0010478,CK저축은행,A12,예수부채_예수금_(별 단 예 금),8000000
526,저축은행,B,SE028,부채 부문별 현황(예수부채),202112,0010478,CK저축은행,A1A,예수부채_예수금_(수 입 계 금),0
527,저축은행,B,SE028,부채 부문별 현황(예수부채),202112,0010478,CK저축은행,A1B,예수부채_예수금_(수 입 부 금),0
528,저축은행,B,SE028,부채 부문별 현황(예수부채),202112,0010478,CK저축은행,A13,예수부채_예수금_(자유 적립 예금),0
529,저축은행,B,SE028,부채 부문별 현황(예수부채),202112,0010478,CK저축은행,A14,예수부채_예수금_(정 기 예 금),228632000000
530,저축은행,B,SE028,부채 부문별 현황(예수부채),202112,0010478,CK저축은행,A15,예수부채_예수금_(저 축 예 금),0
531,저축은행,B,SE028,부채 부문별 현황(예수부채),202112,0010478,CK저축은행,A16,예수부채_예수금_(기업 자유 예금),0
532,저축은행,B,SE028,부채 부문별 현황(예수부채),202112,0010478,CK저축은행,A17,예수부채_예수금_(정 기 적 금),7193000000
533,저축은행,B,SE028,부채 부문별 현황(예수부채),202112,0010478,CK저축은행,A1C,예수부채_예수금_(근로자장기저축),0
534,저축은행,B,SE028,부채 부문별 현황(예수부채),202112,0010478,CK저축은행,A1D,예수부채_예수금_(가계 장기 저축),0
535,저축은행,B,SE028,부채 부문별 현황(예수부채),202112,0010478,CK저축은행,A1E,예수부채_예수금_(근로자우대저축),0
536,저축은행,B,SE028,부채 부문별 현황(예수부채),202112,0010478,CK저축은행,A18,예수부채_예수금_(장기주택마련저축),0
537,저축은행,B,SE028,부채 부문별 현황(예수부채),202112,0010478,CK저축은행,A19,예수부채_예수금_(기 타 예 수 금),0
538,저축은행,B,SE028,부채 부문별 현황(예수부채),202112,0010478,CK저축은행,A2,예수부채_표지어음예수금,0
539,저축은행,B,SE028,부채 부문별 현황(예수부채),202112,0010478,CK저축은행,A3,예수부채_현재가치할인차금(-),0
540,저축은행,B,SE028,부채 부문별 현황(예수부채),202203,0010478,CK저축은행,A,예수부채,250056000000
541,저축은행,B,SE028,부채 부문별 현황(예수부채),202203,0010478,CK저축은행,A1,예수부채_예수금,250056000000
542,저축은행,B,SE028,부채 부문별 현황(예수부채),202203,0010478,CK저축은행,A11,예수부채_예수금_(보 통 예 금),609000000
543,저축은행,B,SE028,부채 부문별 현황(예수부채),202203,0010478,CK저축은행,A12,예수부채_예수금_(별 단 예 금),8000000
544,저축은행,B,SE028,부채 부문별 현황(예수부채),202203,0010478,CK저축은행,A1A,예수부채_예수금_(수 입 계 금),0
545,저축은행,B,SE028,부채 부문별 현황(예수부채),202203,0010478,CK저축은행,A1B,예수부채_예수금_(수 입 부 금),0
546,저축은행,B,SE028,부채 부문별 현황(예수부채),202203,0010478,CK저축은행,A13,예수부채_예수금_(자유 적립 예금),1000000
547,저축은행,B,SE028,부채 부문별 현황(예수부채),202203,0010478,CK저축은행,A14,예수부채_예수금_(정 기 예 금),243958000000
548,저축은행,B,SE028,부채 부문별 현황(예수부채),202203,0010478,CK저축은행,A15,예수부채_예수금_(저 축 예 금),0
549,저축은행,B,SE028,부채 부문별 현황(예수부채),202203,0010478,CK저축은행,A16,예수부채_예수금_(기업 자유 예금),0
550,저축은행,B,SE028,부채 부문별 현황(예수부채),202203,0010478,CK저축은행,A17,예수부채_예수금_(정 기 적 금),5480000000
551,저축은행,B,SE028,부채 부문별 현황(예수부채),202203,0010478,CK저축은행,A1C,예수부채_예수금_(근로자장기저축),0
552,저축은행,B,SE028,부채 부문별 현황(예수부채),202203,0010478,CK저축은행,A1D,예수부채_예수금_(가계 장기 저축),0
553,저축은행,B,SE028,부채 부문별 현황(예수부채),202203,0010478,CK저축은행,A1E,예수부채_예수금_(근로자우대저축),0
554,저축은행,B,SE028,부채 부문별 현황(예수부채),202203,0010478,CK저축은행,A18,예수부채_예수금_(장기주택마련저축),0
555,저축은행,B,SE028,부채 부문별 현황(예수부채),202203,0010478,CK저축은행,A19,예수부채_예수금_(기 타 예 수 금),0
556,저축은행,B,SE028,부채 부문별 현황(예수부채),202203,0010478,CK저축은행,A2,예수부채_표지어음예수금,0
557,저축은행,B,SE028,부채 부문별 현황(예수부채),202203,0010478,CK저축은행,A3,예수부채_현재가치할인차금(-),0
558,저축은행,B,SE028,부채 부문별 현황(예수부채),202206,0010478,CK저축은행,A,예수부채,226946000000
559,저축은행,B,SE028,부채 부문별 현황(예수부채),202206,0010478,CK저축은행,A1,예수부채_예수금,226946000000
560,저축은행,B,SE028,부채 부문별 현황(예수부채),202206,0010478,CK저축은행,A11,예수부채_예수금_(보 통 예 금),675000000
561,저축은행,B,SE028,부채 부문별 현황(예수부채),202206,0010478,CK저축은행,A12,예수부채_예수금_(별 단 예 금),8000000
562,저축은행,B,SE028,부채 부문별 현황(예수부채),202206,0010478,CK저축은행,A1A,예수부채_예수금_(수 입 계 금),0
563,저축은행,B,SE028,부채 부문별 현황(예수부채),202206,0010478,CK저축은행,A1B,예수부채_예수금_(수 입 부 금),0
564,저축은행,B,SE028,부채 부문별 현황(예수부채),202206,0010478,CK저축은행,A13,예수부채_예수금_(자유 적립 예금),2000000
565,저축은행,B,SE028,부채 부문별 현황(예수부채),202206,0010478,CK저축은행,A14,예수부채_예수금_(정 기 예 금),221576000000
566,저축은행,B,SE028,부채 부문별 현황(예수부채),202206,0010478,CK저축은행,A15,예수부채_예수금_(저 축 예 금),0
567,저축은행,B,SE028,부채 부문별 현황(예수부채),202206,0010478,CK저축은행,A16,예수부채_예수금_(기업 자유 예금),0
568,저축은행,B,SE028,부채 부문별 현황(예수부채),202206,0010478,CK저축은행,A17,예수부채_예수금_(정 기 적 금),4685000000
569,저축은행,B,SE028,부채 부문별 현황(예수부채),202206,0010478,CK저축은행,A1C,예수부채_예수금_(근로자장기저축),0
570,저축은행,B,SE028,부채 부문별 현황(예수부채),202206,0010478,CK저축은행,A1D,예수부채_예수금_(가계 장기 저축),0
571,저축은행,B,SE028,부채 부문별 현황(예수부채),202206,0010478,CK저축은행,A1E,예수부채_예수금_(근로자우대저축),0
572,저축은행,B,SE028,부채 부문별 현황(예수부채),202206,0010478,CK저축은행,A18,예수부채_예수금_(장기주택마련저축),0
573,저축은행,B,SE028,부채 부문별 현황(예수부채),202206,0010478,CK저축은행,A19,예수부채_예수금_(기 타 예 수 금),0
574,저축은행,B,SE028,부채 부문별 현황(예수부채),202206,0010478,CK저축은행,A2,예수부채_표지어음예수금,0
575,저축은행,B,SE028,부채 부문별 현황(예수부채),202206,0010478,CK저축은행,A3,예수부채_현재가치할인차금(-),0
576,저축은행,B,SE028,부채 부문별 현황(예수부채),202209,0010478,CK저축은행,A,예수부채,194636000000
577,저축은행,B,SE028,부채 부문별 현황(예수부채),202209,0010478,CK저축은행,A1,예수부채_예수금,194636000000
578,저축은행,B,SE028,부채 부문별 현황(예수부채),202209,0010478,CK저축은행,A11,예수부채_예수금_(보 통 예 금),681000000
579,저축은행,B,SE028,부채 부문별 현황(예수부채),202209,0010478,CK저축은행,A12,예수부채_예수금_(별 단 예 금),4000000
580,저축은행,B,SE028,부채 부문별 현황(예수부채),202209,0010478,CK저축은행,A1A,예수부채_예수금_(수 입 계 금),0
581,저축은행,B,SE028,부채 부문별 현황(예수부채),202209,0010478,CK저축은행,A1B,예수부채_예수금_(수 입 부 금),0
582,저축은행,B,SE028,부채 부문별 현황(예수부채),202209,0010478,CK저축은행,A13,예수부채_예수금_(자유 적립 예금),3000000
583,저축은행,B,SE028,부채 부문별 현황(예수부채),202209,0010478,CK저축은행,A14,예수부채_예수금_(정 기 예 금),189611000000
584,저축은행,B,SE028,부채 부문별 현황(예수부채),202209,0010478,CK저축은행,A15,예수부채_예수금_(저 축 예 금),0
585,저축은행,B,SE028,부채 부문별 현황(예수부채),202209,0010478,CK저축은행,A16,예수부채_예수금_(기업 자유 예금),0
586,저축은행,B,SE028,부채 부문별 현황(예수부채),202209,0010478,CK저축은행,A17,예수부채_예수금_(정 기 적 금),4337000000
587,저축은행,B,SE028,부채 부문별 현황(예수부채),202209,0010478,CK저축은행,A1C,예수부채_예수금_(근로자장기저축),0
588,저축은행,B,SE028,부채 부문별 현황(예수부채),202209,0010478,CK저축은행,A1D,예수부채_예수금_(가계 장기 저축),0
589,저축은행,B,SE028,부채 부문별 현황(예수부채),202209,0010478,CK저축은행,A1E,예수부채_예수금_(근로자우대저축),0
590,저축은행,B,SE028,부채 부문별 현황(예수부채),202209,0010478,CK저축은행,A18,예수부채_예수금_(장기주택마련저축),0
591,저축은행,B,SE028,부채 부문별 현황(예수부채),202209,0010478,CK저축은행,A19,예수부채_예수금_(기 타 예 수 금),0
592,저축은행,B,SE028,부채 부문별 현황(예수부채),202209,0010478,CK저축은행,A2,예수부채_표지어음예수금,0
593,저축은행,B,SE028,부채 부문별 현황(예수부채),202209,0010478,CK저축은행,A3,예수부채_현재가치할인차금(-),0
594,저축은행,B,SE028,부채 부문별 현황(예수부채),202212,0010478,CK저축은행,A,예수부채,221939000000
595,저축은행,B,SE028,부채 부문별 현황(예수부채),202212,0010478,CK저축은행,A1,예수부채_예수금,221939000000
596,저축은행,B,SE028,부채 부문별 현황(예수부채),202212,0010478,CK저축은행,A11,예수부채_예수금_(보 통 예 금),559000000
597,저축은행,B,SE028,부채 부문별 현황(예수부채),202212,0010478,CK저축은행,A12,예수부채_예수금_(별 단 예 금),5000000
598,저축은행,B,SE028,부채 부문별 현황(예수부채),202212,0010478,CK저축은행,A1A,예수부채_예수금_(수 입 계 금),0
599,저축은행,B,SE028,부채 부문별 현황(예수부채),202212,0010478,CK저축은행,A1B,예수부채_예수금_(수 입 부 금),0
600,저축은행,B,SE028,부채 부문별 현황(예수부채),202212,0010478,CK저축은행,A13,예수부채_예수금_(자유 적립 예금),4000000
601,저축은행,B,SE028,부채 부문별 현황(예수부채),202212,0010478,CK저축은행,A14,예수부채_예수금_(정 기 예 금),218585000000
602,저축은행,B,SE028,부채 부문별 현황(예수부채),202212,0010478,CK저축은행,A15,예수부채_예수금_(저 축 예 금),0
603,저축은행,B,SE028,부채 부문별 현황(예수부채),202212,0010478,CK저축은행,A16,예수부채_예수금_(기업 자유 예금),0
604,저축은행,B,SE028,부채 부문별 현황(예수부채),202212,0010478,CK저축은행,A17,예수부채_예수금_(정 기 적 금),2786000000
605,저축은행,B,SE028,부채 부문별 현황(예수부채),202212,0010478,CK저축은행,A1C,예수부채_예수금_(근로자장기저축),0
606,저축은행,B,SE028,부채 부문별 현황(예수부채),202212,0010478,CK저축은행,A1D,예수부채_예수금_(가계 장기 저축),0
607,저축은행,B,SE028,부채 부문별 현황(예수부채),202212,0010478,CK저축은행,A1E,예수부채_예수금_(근로자우대저축),0
608,저축은행,B,SE028,부채 부문별 현황(예수부채),202212,0010478,CK저축은행,A18,예수부채_예수금_(장기주택마련저축),0
609,저축은행,B,SE028,부채 부문별 현황(예수부채),202212,0010478,CK저축은행,A19,예수부채_예수금_(기 타 예 수 금),0
610,저축은행,B,SE028,부채 부문별 현황(예수부채),202212,0010478,CK저축은행,A2,예수부채_표지어음예수금,0
611,저축은행,B,SE028,부채 부문별 현황(예수부채),202212,0010478,CK저축은행,A3,예수부채_현재가치할인차금(-),0
