,금융구분,금융회사코드,금융회사명,통계분류,통계표코드,통계표명,코드,구분,200903,200906,200909,200912,201003,201006,201009,201012,201103,201106,201109,201112,201203,201206,201209,201212,201303,201306,201309,201312,201403,201406,201409,201412,201503,201506,201509,201512,201603,201606,201609,201612,201703,201706,201709,201712,201803,201806,201809,201812,201903,201906,201909,201912,202003,202006,202009,202012,202103,202106,202109,202112,202203,202206,202209,202212
0,국내일반손보사,10626,메리츠화재해상보험주식회사,B,SI130,유가증권 투자현황(특별계정)(만기보유증권(22.12월 이전)),A,특별계정-만기보유증권,0,0,0,0,0,0,0,0,0,0,0,0,0,0,0,0,0,0,0,0,0,0,0,0,,,,,,,,,,,,,,,,,,,,,,,,,,,,,,0,0,0
1,국내일반손보사,10626,메리츠화재해상보험주식회사,B,SI130,유가증권 투자현황(특별계정)(만기보유증권(22.12월 이전)),A1,특별계정-만기보유증권_채권,0,0,0,0,0,0,0,0,0,0,0,0,0,0,0,0,0,0,0,0,0,0,0,0,,,,,,,,,,,,,,,,,,,,,,,,,,,,,,0,0,0
2,국내일반손보사,10626,메리츠화재해상보험주식회사,B,SI130,유가증권 투자현황(특별계정)(만기보유증권(22.12월 이전)),A2,특별계정-만기보유증권_수익증권,0,0,0,0,0,0,0,0,0,0,0,0,0,0,0,0,0,0,0,0,0,0,0,0,,,,,,,,,,,,,,,,,,,,,,,,,,,,,,0,0,0
3,국내일반손보사,10626,메리츠화재해상보험주식회사,B,SI130,유가증권 투자현황(특별계정)(만기보유증권(22.12월 이전)),A3,특별계정-만기보유증권_외화유가증권,0,0,0,0,0,0,0,0,0,0,0,0,0,0,0,0,0,0,0,0,0,0,0,0,,,,,,,,,,,,,,,,,,,,,,,,,,,,,,0,0,0
4,국내일반손보사,10626,메리츠화재해상보험주식회사,B,SI130,유가증권 투자현황(특별계정)(만기보유증권(22.12월 이전)),A4,특별계정-만기보유증권_기타유가증권,0,0,0,0,0,0,0,0,0,0,0,0,0,0,0,0,0,0,0,0,0,0,0,0,,,,,,,,,,,,,,,,,,,,,,,,,,,,,,0,0,0
5,국내일반손보사,10627,한화손해보험주식회사,B,SI130,유가증권 투자현황(특별계정)(만기보유증권(22.12월 이전)),A,특별계정-만기보유증권,0,0,0,1499295000,1499295000,0,0,0,0,0,0,0,0,0,0,0,0,0,0,0,0,0,0,0,0,0,0,0,0,0,0,0,0,0,0,0,0,0,0,0,0,0,0,0,0,0,0,0,0,0,0,0,0,0,0,0
6,국내일반손보사,10627,한화손해보험주식회사,B,SI130,유가증권 투자현황(특별계정)(만기보유증권(22.12월 이전)),A1,특별계정-만기보유증권_채권,0,0,0,1499295000,1499295000,0,0,0,0,0,0,0,0,0,0,0,0,0,0,0,0,0,0,0,0,0,0,0,0,0,0,0,0,0,0,0,0,0,0,0,0,0,0,0,0,0,0,0,0,0,0,0,0,0,0,0
7,국내일반손보사,10627,한화손해보험주식회사,B,SI130,유가증권 투자현황(특별계정)(만기보유증권(22.12월 이전)),A2,특별계정-만기보유증권_수익증권,0,0,0,0,0,0,0,0,0,0,0,0,0,0,0,0,0,0,0,0,0,0,0,0,0,0,0,0,0,0,0,0,0,0,0,0,0,0,0,0,0,0,0,0,0,0,0,0,0,0,0,0,0,0,0,0
8,국내일반손보사,10627,한화손해보험주식회사,B,SI130,유가증권 투자현황(특별계정)(만기보유증권(22.12월 이전)),A3,특별계정-만기보유증권_외화유가증권,0,0,0,0,0,0,0,0,0,0,0,0,0,0,0,0,0,0,0,0,0,0,0,0,0,0,0,0,0,0,0,0,0,0,0,0,0,0,0,0,0,0,0,0,0,0,0,0,0,0,0,0,0,0,0,0
9,국내일반손보사,10627,한화손해보험주식회사,B,SI130,유가증권 투자현황(특별계정)(만기보유증권(22.12월 이전)),A4,특별계정-만기보유증권_기타유가증권,0,0,0,0,0,0,0,0,0,0,0,0,0,0,0,0,0,0,0,0,0,0,0,0,0,0,0,0,0,0,0,0,0,0,0,0,0,0,0,0,0,0,0,0,0,0,0,0,0,0,0,0,0,0,0,0
10,국내일반손보사,10628,롯데손해보험주식회사,B,SI130,유가증권 투자현황(특별계정)(만기보유증권(22.12월 이전)),A,특별계정-만기보유증권,0,0,0,0,0,0,0,0,0,0,0,0,0,0,0,0,0,0,160000000000,170000000000,250000000000,280000000000,145000000000,110700000000,90000000000,95000000000,125500000000,125600000000,474464369000,532295431000,595127919000,723835177000,1120338035000,1175115293000,1144060843000,1236770181000,1249644473000,1369944475000,1310941732000,1393002294000,1290854224000,1251979703000,1340025865000,1323969761000,1112184564000,1050852514000,949326482000,890945027000,726764249000,708562514000,718578468000,716248510000,2687082109000,2699312571000,2680030939000,2637359936000
11,국내일반손보사,10628,롯데손해보험주식회사,B,SI130,유가증권 투자현황(특별계정)(만기보유증권(22.12월 이전)),A1,특별계정-만기보유증권_채권,0,0,0,0,0,0,0,0,0,0,0,0,0,0,0,0,0,0,160000000000,170000000000,250000000000,280000000000,145000000000,110700000000,90000000000,95000000000,125500000000,125600000000,186089369000,161120431000,161052919000,201285177000,361127035000,381127293000,326309843000,263672125000,278390973000,260652856000,218033345000,207877421000,187743182000,187616922000,167507384000,147500000000,57500000000,57500000000,37500000000,37500000000,80847316000,80628116000,80611090000,80593867000,2047932707000,2049926739000,2022060239000,2024184883000
12,국내일반손보사,10628,롯데손해보험주식회사,B,SI130,유가증권 투자현황(특별계정)(만기보유증권(22.12월 이전)),A2,특별계정-만기보유증권_수익증권,0,0,0,0,0,0,0,0,0,0,0,0,0,0,0,0,0,0,0,0, , , , , , , , , , , , , , , , , , , , , , , , , , , ,0, , , ,0, ,0, , 
13,국내일반손보사,10628,롯데손해보험주식회사,B,SI130,유가증권 투자현황(특별계정)(만기보유증권(22.12월 이전)),A3,특별계정-만기보유증권_외화유가증권,0,0,0,0,0,0,0,0,0,0,0,0,0,0,0,0,0,0,0,0, , , , , , , , ,288375000000,291175000000,274075000000,362550000000,569211000000,603988000000,607751000000,599984000000,711253500000,849291619000,843008204000,845663033000,833391172000,799412423000,853680541000,788352622000,685578415000,733435882000,721826482000,663445027000,485916933000,467934398000,477967378000,475654643000,479149402000,489385832000,497970700000,453175053000
14,국내일반손보사,10628,롯데손해보험주식회사,B,SI130,유가증권 투자현황(특별계정)(만기보유증권(22.12월 이전)),A4,특별계정-만기보유증권_기타유가증권,0,0,0,0,0,0,0,0,0,0,0,0,0,0,0,0,0,0,0,0, , , , , , , , , ,80000000000,160000000000,160000000000,190000000000,190000000000,210000000000,373114056000,260000000000,260000000000,249900183000,339461840000,269719870000,264950358000,318837940000,388117139000,369106149000,259916632000,190000000000,190000000000,160000000000,160000000000,160000000000,160000000000,160000000000,160000000000,160000000000,160000000000
15,국내일반손보사,10630,흥국화재해상보험주식회사,B,SI130,유가증권 투자현황(특별계정)(만기보유증권(22.12월 이전)),A,특별계정-만기보유증권,0,0,0,0,0,0,0,0,0,0,0,0,0,0,0,0,0,0,0,0,0,0,0,0,0,0,0,0,0,0,0,0,0,0,0,0,0,0,0,0,0,0,0,0,0,0,0,0,0,0,0,0,0,0,0,0
16,국내일반손보사,10630,흥국화재해상보험주식회사,B,SI130,유가증권 투자현황(특별계정)(만기보유증권(22.12월 이전)),A1,특별계정-만기보유증권_채권,0,0,0,0,0,0,0,0,0,0,0,0,0,0,0,0,0,0,0,0,0,0,0,0,0,0,0,0,0,0,0,0,0,0,0,0,0,0,0,0,0,0,0,0,0,0,0,0, , , , , , , , 
17,국내일반손보사,10630,흥국화재해상보험주식회사,B,SI130,유가증권 투자현황(특별계정)(만기보유증권(22.12월 이전)),A2,특별계정-만기보유증권_수익증권,0,0,0,0,0,0,0,0,0,0,0,0,0,0,0,0,0,0,0,0,0,0,0,0,0,0,0,0,0,0,0,0,0,0,0,0,0,0,0,0,0,0,0,0,0,0,0,0, , , , , , , , 
18,국내일반손보사,10630,흥국화재해상보험주식회사,B,SI130,유가증권 투자현황(특별계정)(만기보유증권(22.12월 이전)),A3,특별계정-만기보유증권_외화유가증권,0,0,0,0,0,0,0,0,0,0,0,0,0,0,0,0,0,0,0,0,0,0,0,0,0,0,0,0,0,0,0,0,0,0,0,0,0,0,0,0,0,0,0,0,0,0,0,0, , , , , , , , 
19,국내일반손보사,10630,흥국화재해상보험주식회사,B,SI130,유가증권 투자현황(특별계정)(만기보유증권(22.12월 이전)),A4,특별계정-만기보유증권_기타유가증권,0,0,0,0,0,0,0,0,0,0,0,0,0,0,0,0,0,0,0,0,0,0,0,0,0,0,0,0,0,0,0,0,0,0,0,0,0,0,0,0,0,0,0,0,0,0,0,0, , , , , , , , 
20,국내일반손보사,10633,삼성화재해상보험주식회사,B,SI130,유가증권 투자현황(특별계정)(만기보유증권(22.12월 이전)),A,특별계정-만기보유증권,45585150000,42741389000,40371316000,40362795000,27772999000,12204865000,2222189000,22237843000,2253636000,1968413000,1982643000,1997003000,1610060000,1621806000,1633937000,1646327000,1658717000,1671388000,0,0,0,0,0,0,0,0,0,0,0,0,0,0,0,0,0,0,0,0,0,0,0,0,0,0,29590277000,29799038000,0,0,0,0,0,0,0,0,0,0
21,국내일반손보사,10633,삼성화재해상보험주식회사,B,SI130,유가증권 투자현황(특별계정)(만기보유증권(22.12월 이전)),A1,특별계정-만기보유증권_채권,32038123000,32070579000,32103593000,32137086000,22170894000,12204865000,2222189000,2237843000,2253636000,1968413000,1982643000,1997003000,1610060000,1621806000,1633937000,1646327000,1658717000,1671388000,0,0, ,0, ,0, , , , ,0, , ,0,0, , , ,0, , , , , , , , , , , , , , , , , , , 
22,국내일반손보사,10633,삼성화재해상보험주식회사,B,SI130,유가증권 투자현황(특별계정)(만기보유증권(22.12월 이전)),A2,특별계정-만기보유증권_수익증권,0,0,0,0,0,0,0,0,0,0,0,0,0,0,0,0,0,0,0,0, ,0, ,0, , , , ,0, , ,0,0, , , ,0, , , , , , , , , , , , , , , , , , , 
23,국내일반손보사,10633,삼성화재해상보험주식회사,B,SI130,유가증권 투자현황(특별계정)(만기보유증권(22.12월 이전)),A3,특별계정-만기보유증권_외화유가증권,6547027000,6170810000,5767723000,5725709000,5602105000,0,0,0,0,0,0,0,0,0,0,0,0,0,0,0, ,0, ,0, , , , ,0, , ,0,0, , , ,0, , , , , , , , , , , , , , , , , , , 
24,국내일반손보사,10633,삼성화재해상보험주식회사,B,SI130,유가증권 투자현황(특별계정)(만기보유증권(22.12월 이전)),A4,특별계정-만기보유증권_기타유가증권,7000000000,4500000000,2500000000,2500000000,0,0,0,20000000000,0,0,0,0,0,0,0,0,0,0,0,0, ,0, ,0, , , , ,0, , ,0,0, , , ,0, , , , , , , ,29590277000,29799038000, , , , , , , , , , 
25,국내일반손보사,10634,현대해상화재보험주식회사,B,SI130,유가증권 투자현황(특별계정)(만기보유증권(22.12월 이전)),A,특별계정-만기보유증권,20000000000,20000000000,10000000000,10000000000,10000000000,10000000000,0,0,0,10000000000,20000000000,20000000000,20000000000,45000000000,45000000000,65000000000,65000000000,75000000000,70000000000,85006926000,115006772000,124993969000,114994233000,104994502000,144994773000,124995046000,124995323000,134995601000,74995881000,0,0,0,0,0,0,0,0,0,0,0,0,0,0,0,0,0,0,0,0,0,0,0,0,0,0,0
26,국내일반손보사,10634,현대해상화재보험주식회사,B,SI130,유가증권 투자현황(특별계정)(만기보유증권(22.12월 이전)),A1,특별계정-만기보유증권_채권,20000000000,20000000000,10000000000,10000000000,10000000000,10000000000,0,0,0,10000000000,20000000000,20000000000,20000000000,45000000000,45000000000,65000000000,65000000000,75000000000,70000000000,85006926000,115006772000,124993969000,114994233000,104994502000,144994773000,124995046000,124995323000,134995601000,74995881000, , , , , , , , , , , , , , , , , , , , , , , , , , , 
27,국내일반손보사,10634,현대해상화재보험주식회사,B,SI130,유가증권 투자현황(특별계정)(만기보유증권(22.12월 이전)),A2,특별계정-만기보유증권_수익증권,0,0,0,0,0,0,0,0,0,0,0,0,0,0,0,0,0,0,0,0, , , , , , , , , , , , , , , , , , , , , , , , , , , , , , , , , , , , 
28,국내일반손보사,10634,현대해상화재보험주식회사,B,SI130,유가증권 투자현황(특별계정)(만기보유증권(22.12월 이전)),A3,특별계정-만기보유증권_외화유가증권,0,0,0,0,0,0,0,0,0,0,0,0,0,0,0,0,0,0,0,0, , , , , , , , , , , , , , , , , , , , , , , , , , , , , , , , , , , , 
29,국내일반손보사,10634,현대해상화재보험주식회사,B,SI130,유가증권 투자현황(특별계정)(만기보유증권(22.12월 이전)),A4,특별계정-만기보유증권_기타유가증권,0,0,0,0,0,0,0,0,0,0,0,0,0,0,0,0,0,0,0,0, , , , , , , , , , , , , , , , , , , , , , , , , , , , , , , , , , , , 
30,국내일반손보사,10635,주식회사KB손해보험,B,SI130,유가증권 투자현황(특별계정)(만기보유증권(22.12월 이전)),A,특별계정-만기보유증권,26993172000,16992810000,9993492000,9995812000,9998082000,0,0,0,0,0,0,0,0,0,0,0,0,0,10000000000,10000000000,10000000000,10000000000,10000000000,10000000000,10000000000,10000000000,10000000000,10000000000,10000000000,10000000000,10000000000,10000000000,10000000000,10000000000,10000000000,10000000000,10000000000,10000000000,10000000000,10000000000,10000000000,10000000000,10000000000,10000000000,10000000000,10000000000,0,0,0,0,0,0,0,20000000000,20000000000,20000000000
31,국내일반손보사,10635,주식회사KB손해보험,B,SI130,유가증권 투자현황(특별계정)(만기보유증권(22.12월 이전)),A1,특별계정-만기보유증권_채권,11993020000,11992783000,9993492000,9995812000,9998082000,0,0,0,0,0,0,0,0,0,0,0,0,0,10000000000,10000000000,10000000000,10000000000,10000000000,10000000000,10000000000,10000000000,10000000000,10000000000,10000000000,10000000000,10000000000,10000000000,10000000000,10000000000,10000000000,10000000000,10000000000,10000000000,10000000000,10000000000,10000000000,10000000000,10000000000,10000000000,10000000000,10000000000,0,0,0,0,0,0,0,20000000000,20000000000,20000000000
32,국내일반손보사,10635,주식회사KB손해보험,B,SI130,유가증권 투자현황(특별계정)(만기보유증권(22.12월 이전)),A2,특별계정-만기보유증권_수익증권,0,0,0,0,0,0,0,0,0,0,0,0,0,0,0,0,0,0,0,0,0,0,0,0,0,0,0,0,0,0,0,0,0,0,0,0,0,0,0,0,0,0,0,0,0,0,0,0,0,0,0,0,0,0,0,0
33,국내일반손보사,10635,주식회사KB손해보험,B,SI130,유가증권 투자현황(특별계정)(만기보유증권(22.12월 이전)),A3,특별계정-만기보유증권_외화유가증권,0,0,0,0,0,0,0,0,0,0,0,0,0,0,0,0,0,0,0,0,0,0,0,0,0,0,0,0,0,0,0,0,0,0,0,0,0,0,0,0,0,0,0,0,0,0,0,0,0,0,0,0,0,0,0,0
34,국내일반손보사,10635,주식회사KB손해보험,B,SI130,유가증권 투자현황(특별계정)(만기보유증권(22.12월 이전)),A4,특별계정-만기보유증권_기타유가증권,15000152000,5000027000,0,0,0,0,0,0,0,0,0,0,0,0,0,0,0,0,0,0,0,0,0,0,0,0,0,0,0,0,0,0,0,0,0,0,0,0,0,0,0,0,0,0,0,0,0,0,0,0,0,0,0,0,0,0
35,국내일반손보사,10636,DB손해보험주식회사,B,SI130,유가증권 투자현황(특별계정)(만기보유증권(22.12월 이전)),A,특별계정-만기보유증권,142424244000,122451191000,118081715000,103514608000,83986765000,73990928000,52393434000,42195994000,39597424000,0,0,0,0,0,0,0,0,0,0,0,0,0,0,0,0,0,0,0,0,0,0,0,0,0,0,0,0,0,0,0,0,0,0,0,0,0,0,0,0,0,0,0,0,0,0,0
36,국내일반손보사,10636,DB손해보험주식회사,B,SI130,유가증권 투자현황(특별계정)(만기보유증권(22.12월 이전)),A1,특별계정-만기보유증권_채권,140424244000,120451191000,116081715000,101914608000,82386765000,72390928000,50793434000,40595994000,39597424000,0,0,0,0,0,0,0,0,0,0,0, , , , , , , , , , , , , , , , , , , , , , , ,0,0,0,0,0,0,0,0,0,0,0,0,0
37,국내일반손보사,10636,DB손해보험주식회사,B,SI130,유가증권 투자현황(특별계정)(만기보유증권(22.12월 이전)),A2,특별계정-만기보유증권_수익증권,0,0,0,0,0,0,0,0,0,0,0,0,0,0,0,0,0,0,0,0, , , , , , , , , , , , , , , , , , , , , , , ,0,0,0,0,0,0,0,0,0,0,0,0,0
38,국내일반손보사,10636,DB손해보험주식회사,B,SI130,유가증권 투자현황(특별계정)(만기보유증권(22.12월 이전)),A3,특별계정-만기보유증권_외화유가증권,0,0,0,0,0,0,0,0,0,0,0,0,0,0,0,0,0,0,0,0, , , , , , , , , , , , , , , , , , , , , , , ,0,0,0,0,0,0,0,0,0,0,0,0,0
39,국내일반손보사,10636,DB손해보험주식회사,B,SI130,유가증권 투자현황(특별계정)(만기보유증권(22.12월 이전)),A4,특별계정-만기보유증권_기타유가증권,2000000000,2000000000,2000000000,1600000000,1600000000,1600000000,1600000000,1600000000,0,0,0,0,0,0,0,0,0,0,0,0, , , , , , , , , , , , , , , , , , , , , , , ,0,0,0,0,0,0,0,0,0,0,0,0,0
40,국내일반손보사,11354,하나손해보험주식회사,B,SI130,유가증권 투자현황(특별계정)(만기보유증권(22.12월 이전)),A,특별계정-만기보유증권,,,,,,,,,,,,,,,,,,,,,,,,,,,,,,,,,,,,,,,,,,,,,,,,,,,,0,0,0,0,0
41,국내일반손보사,11354,하나손해보험주식회사,B,SI130,유가증권 투자현황(특별계정)(만기보유증권(22.12월 이전)),A1,특별계정-만기보유증권_채권,,,,,,,,,,,,,,,,,,,,,,,,,,,,,,,,,,,,,,,,,,,,,,,,,,,, , , , , 
42,국내일반손보사,11354,하나손해보험주식회사,B,SI130,유가증권 투자현황(특별계정)(만기보유증권(22.12월 이전)),A2,특별계정-만기보유증권_수익증권,,,,,,,,,,,,,,,,,,,,,,,,,,,,,,,,,,,,,,,,,,,,,,,,,,,, , , , , 
43,국내일반손보사,11354,하나손해보험주식회사,B,SI130,유가증권 투자현황(특별계정)(만기보유증권(22.12월 이전)),A3,특별계정-만기보유증권_외화유가증권,,,,,,,,,,,,,,,,,,,,,,,,,,,,,,,,,,,,,,,,,,,,,,,,,,,, , , , , 
44,국내일반손보사,11354,하나손해보험주식회사,B,SI130,유가증권 투자현황(특별계정)(만기보유증권(22.12월 이전)),A4,특별계정-만기보유증권_기타유가증권,,,,,,,,,,,,,,,,,,,,,,,,,,,,,,,,,,,,,,,,,,,,,,,,,,,, , , , , 
45,국내일반손보사,13376,엠지손해보험주식회사,B,SI130,유가증권 투자현황(특별계정)(만기보유증권(22.12월 이전)),A,특별계정-만기보유증권,,,,,,,,,,,,,,,,,,0,0,0,0,,0,0,0,0,0,0,0,0,0,0,0,0,0,0,0,0,0,0,0,0,0,0,0,0,0,0,,,,,,,,
46,국내일반손보사,13376,엠지손해보험주식회사,B,SI130,유가증권 투자현황(특별계정)(만기보유증권(22.12월 이전)),A1,특별계정-만기보유증권_채권,,,,,,,,,,,,,,,,,,0,0,0,0,,0,0,0,0,0,0,0,0,0,0,0,0,0,0,0,0,0,0,0,0,0,0,0,0,0,0,,,,,,,,
47,국내일반손보사,13376,엠지손해보험주식회사,B,SI130,유가증권 투자현황(특별계정)(만기보유증권(22.12월 이전)),A2,특별계정-만기보유증권_수익증권,,,,,,,,,,,,,,,,,,0,0,0,0,,0,0,0,0,0,0,0,0,0,0,0,0,0,0,0,0,0,0,0,0,0,0,0,0,0,0,,,,,,,,
48,국내일반손보사,13376,엠지손해보험주식회사,B,SI130,유가증권 투자현황(특별계정)(만기보유증권(22.12월 이전)),A3,특별계정-만기보유증권_외화유가증권,,,,,,,,,,,,,,,,,,0,0,0,0,,0,0,0,0,0,0,0,0,0,0,0,0,0,0,0,0,0,0,0,0,0,0,0,0,0,0,,,,,,,,
49,국내일반손보사,13376,엠지손해보험주식회사,B,SI130,유가증권 투자현황(특별계정)(만기보유증권(22.12월 이전)),A4,특별계정-만기보유증권_기타유가증권,,,,,,,,,,,,,,,,,,0,0,0,0,,0,0,0,0,0,0,0,0,0,0,0,0,0,0,0,0,0,0,0,0,0,0,0,0,0,0,,,,,,,,
50,국내전업손보사,10637,서울보증보험주식회사,B,SI130,유가증권 투자현황(특별계정)(만기보유증권(22.12월 이전)),A,특별계정-만기보유증권,0,0,0,0,0,0,0,0,0,0,0,0,0,0,0,0,0,0,0,0,0,0,0,,,,,,,,,,0,,,,,,,,,,,,,,,,,,,,,,,0
51,국내전업손보사,10637,서울보증보험주식회사,B,SI130,유가증권 투자현황(특별계정)(만기보유증권(22.12월 이전)),A1,특별계정-만기보유증권_채권,0,0,0,0,0,0,0,0,0,0,0,0,0,0,0,0,0,0,0,0,0,0,0,,,,,,,,,,0,,,,,,,,,,,,,,,,,,,,,,,0
52,국내전업손보사,10637,서울보증보험주식회사,B,SI130,유가증권 투자현황(특별계정)(만기보유증권(22.12월 이전)),A2,특별계정-만기보유증권_수익증권,0,0,0,0,0,0,0,0,0,0,0,0,0,0,0,0,0,0,0,0,0,0,0,,,,,,,,,,0,,,,,,,,,,,,,,,,,,,,,,,0
53,국내전업손보사,10637,서울보증보험주식회사,B,SI130,유가증권 투자현황(특별계정)(만기보유증권(22.12월 이전)),A3,특별계정-만기보유증권_외화유가증권,0,0,0,0,0,0,0,0,0,0,0,0,0,0,0,0,0,0,0,0,0,0,0,,,,,,,,,,0,,,,,,,,,,,,,,,,,,,,,,,0
54,국내전업손보사,10637,서울보증보험주식회사,B,SI130,유가증권 투자현황(특별계정)(만기보유증권(22.12월 이전)),A4,특별계정-만기보유증권_기타유가증권,0,0,0,0,0,0,0,0,0,0,0,0,0,0,0,0,0,0,0,0,0,0,0,,,,,,,,,,0,,,,,,,,,,,,,,,,,,,,,,,0
55,국내전업손보사,11353,신한EZ손해보험주식회사,B,SI130,유가증권 투자현황(특별계정)(만기보유증권(22.12월 이전)),A,특별계정-만기보유증권,,,,,,,,,,,,,,,0,0,0,0,0,0,0,0,0,0,0,0,0,0,0,0,0,,,,,,,,,,,,,,,,,,,,,,,,,
56,국내전업손보사,11353,신한EZ손해보험주식회사,B,SI130,유가증권 투자현황(특별계정)(만기보유증권(22.12월 이전)),A1,특별계정-만기보유증권_채권,,,,,,,,,,,,,,,0,0,0,0,0,0,0,0,0,0,0,0,0,0,0,0,0,,,,,,,,,,,,,,,,,,,,,,,,,
57,국내전업손보사,11353,신한EZ손해보험주식회사,B,SI130,유가증권 투자현황(특별계정)(만기보유증권(22.12월 이전)),A2,특별계정-만기보유증권_수익증권,,,,,,,,,,,,,,,0,0,0,0,0,0,0,0,0,0,0,0,0,0,0,0,0,,,,,,,,,,,,,,,,,,,,,,,,,
58,국내전업손보사,11353,신한EZ손해보험주식회사,B,SI130,유가증권 투자현황(특별계정)(만기보유증권(22.12월 이전)),A3,특별계정-만기보유증권_외화유가증권,,,,,,,,,,,,,,,0,0,0,0,0,0,0,0,0,0,0,0,0,0,0,0,0,,,,,,,,,,,,,,,,,,,,,,,,,
59,국내전업손보사,11353,신한EZ손해보험주식회사,B,SI130,유가증권 투자현황(특별계정)(만기보유증권(22.12월 이전)),A4,특별계정-만기보유증권_기타유가증권,,,,,,,,,,,,,,,0,0,0,0,0,0,0,0,0,0,0,0,0,0,0,0,0,,,,,,,,,,,,,,,,,,,,,,,,,
60,국내전업손보사,17080,캐롯손해보험주식회사,B,SI130,유가증권 투자현황(특별계정)(만기보유증권(22.12월 이전)),A,특별계정-만기보유증권,,,,,,,,,,,,,,,,,,,,,,,,,,,,,,,,,,,,,,,,,,,,0,0,0,0,0,0,0,0,0,0,,0,0
61,국내전업손보사,17080,캐롯손해보험주식회사,B,SI130,유가증권 투자현황(특별계정)(만기보유증권(22.12월 이전)),A1,특별계정-만기보유증권_채권,,,,,,,,,,,,,,,,,,,,,,,,,,,,,,,,,,,,,,,,,,,,0,0,0,0,0,0,0,0,0,0,,0,0
62,국내전업손보사,17080,캐롯손해보험주식회사,B,SI130,유가증권 투자현황(특별계정)(만기보유증권(22.12월 이전)),A2,특별계정-만기보유증권_수익증권,,,,,,,,,,,,,,,,,,,,,,,,,,,,,,,,,,,,,,,,,,,,0,0,0,0,0,0,0,0,0,0,,0,0
63,국내전업손보사,17080,캐롯손해보험주식회사,B,SI130,유가증권 투자현황(특별계정)(만기보유증권(22.12월 이전)),A3,특별계정-만기보유증권_외화유가증권,,,,,,,,,,,,,,,,,,,,,,,,,,,,,,,,,,,,,,,,,,,,0,0,0,0,0,0,0,0,0,0,,0,0
64,국내전업손보사,17080,캐롯손해보험주식회사,B,SI130,유가증권 투자현황(특별계정)(만기보유증권(22.12월 이전)),A4,특별계정-만기보유증권_기타유가증권,,,,,,,,,,,,,,,,,,,,,,,,,,,,,,,,,,,,,,,,,,,,0,0,0,0,0,0,0,0,0,0,,0,0
65,외국손보사,10641,에이스아메리칸화재해상보험주식회사,B,SI130,유가증권 투자현황(특별계정)(만기보유증권(22.12월 이전)),A,특별계정-만기보유증권,0,0,0,0,0,0,0,0,0,0,0,0,0,0,0,0,0,0,0,0,0,0,0,0,0,0,0,0,0,0,0,0,0,0,0,0,0,0,0,0,0,0,0,0,0,0,0,0,0,0,0,0,0,0,0,0
66,외국손보사,10641,에이스아메리칸화재해상보험주식회사,B,SI130,유가증권 투자현황(특별계정)(만기보유증권(22.12월 이전)),A1,특별계정-만기보유증권_채권,0,0,0,0,0,0,0,0,0,0,0,0,0,0,0,0,0,0,0,0,0,0,0,0,0,0,0,0,0,0,0,0,0,0,0,0,0,0,0,0,0,0,0,0,0,0,0,0,0,0,0,0,0,0,0,0
67,외국손보사,10641,에이스아메리칸화재해상보험주식회사,B,SI130,유가증권 투자현황(특별계정)(만기보유증권(22.12월 이전)),A2,특별계정-만기보유증권_수익증권,0,0,0,0,0,0,0,0,0,0,0,0,0,0,0,0,0,0,0,0,0,0,0,0,0,0,0,0,0,0,0,0,0,0,0,0,0,0,0,0,0,0,0,0,0,0,0,0,0,0,0,0,0,0,0,0
68,외국손보사,10641,에이스아메리칸화재해상보험주식회사,B,SI130,유가증권 투자현황(특별계정)(만기보유증권(22.12월 이전)),A3,특별계정-만기보유증권_외화유가증권,0,0,0,0,0,0,0,0,0,0,0,0,0,0,0,0,0,0,0,0,0,0,0,0,0,0,0,0,0,0,0,0,0,0,0,0,0,0,0,0,0,0,0,0,0,0,0,0,0,0,0,0,0,0,0,0
69,외국손보사,10641,에이스아메리칸화재해상보험주식회사,B,SI130,유가증권 투자현황(특별계정)(만기보유증권(22.12월 이전)),A4,특별계정-만기보유증권_기타유가증권,0,0,0,0,0,0,0,0,0,0,0,0,0,0,0,0,0,0,0,0,0,0,0,0,0,0,0,0,0,0,0,0,0,0,0,0,0,0,0,0,0,0,0,0,0,0,0,0,0,0,0,0,0,0,0,0
70,외국손보사,10650,퍼스트어메리칸권원보험(주)한국지점,B,SI130,유가증권 투자현황(특별계정)(만기보유증권(22.12월 이전)),A,특별계정-만기보유증권,,,,,,,,,,,,,,,0,,,,,,,,,,,,,,,,,,,,,,,,,,,,,,,,,,,,,,,,,
71,외국손보사,10650,퍼스트어메리칸권원보험(주)한국지점,B,SI130,유가증권 투자현황(특별계정)(만기보유증권(22.12월 이전)),A1,특별계정-만기보유증권_채권,,,,,,,,,,,,,,,0,,,,,,,,,,,,,,,,,,,,,,,,,,,,,,,,,,,,,,,,,
72,외국손보사,10650,퍼스트어메리칸권원보험(주)한국지점,B,SI130,유가증권 투자현황(특별계정)(만기보유증권(22.12월 이전)),A2,특별계정-만기보유증권_수익증권,,,,,,,,,,,,,,,0,,,,,,,,,,,,,,,,,,,,,,,,,,,,,,,,,,,,,,,,,
73,외국손보사,10650,퍼스트어메리칸권원보험(주)한국지점,B,SI130,유가증권 투자현황(특별계정)(만기보유증권(22.12월 이전)),A3,특별계정-만기보유증권_외화유가증권,,,,,,,,,,,,,,,0,,,,,,,,,,,,,,,,,,,,,,,,,,,,,,,,,,,,,,,,,
74,외국손보사,10650,퍼스트어메리칸권원보험(주)한국지점,B,SI130,유가증권 투자현황(특별계정)(만기보유증권(22.12월 이전)),A4,특별계정-만기보유증권_기타유가증권,,,,,,,,,,,,,,,0,,,,,,,,,,,,,,,,,,,,,,,,,,,,,,,,,,,,,,,,,
75,외국손보사,13245,에이아이지손해보험주식회사,B,SI130,유가증권 투자현황(특별계정)(만기보유증권(22.12월 이전)),A,특별계정-만기보유증권,,,,,,,,,,,,,,,0,,,,,,,,,,,,,,,,,,,,,,,,,,,,,,,,,,,,,,,,,
76,외국손보사,13245,에이아이지손해보험주식회사,B,SI130,유가증권 투자현황(특별계정)(만기보유증권(22.12월 이전)),A1,특별계정-만기보유증권_채권,,,,,,,,,,,,,,,0,,,,,,,,,,,,,,,,,,,,,,,,,,,,,,,,,,,,,,,,,
77,외국손보사,13245,에이아이지손해보험주식회사,B,SI130,유가증권 투자현황(특별계정)(만기보유증권(22.12월 이전)),A2,특별계정-만기보유증권_수익증권,,,,,,,,,,,,,,,0,,,,,,,,,,,,,,,,,,,,,,,,,,,,,,,,,,,,,,,,,
78,외국손보사,13245,에이아이지손해보험주식회사,B,SI130,유가증권 투자현황(특별계정)(만기보유증권(22.12월 이전)),A3,특별계정-만기보유증권_외화유가증권,,,,,,,,,,,,,,,0,,,,,,,,,,,,,,,,,,,,,,,,,,,,,,,,,,,,,,,,,
79,외국손보사,13245,에이아이지손해보험주식회사,B,SI130,유가증권 투자현황(특별계정)(만기보유증권(22.12월 이전)),A4,특별계정-만기보유증권_기타유가증권,,,,,,,,,,,,,,,0,,,,,,,,,,,,,,,,,,,,,,,,,,,,,,,,,,,,,,,,,
