,금융구분,통계분류,통계표코드,통계표명,년월,금융회사코드,금융회사명,코드,구분,값
0,리스사,C,SK010,유동성,200606,0011663,데라게란덴㈜,A,원화 유동성비율,4604.79
1,리스사,C,SK010,유동성,200606,0011663,데라게란덴㈜,A1,유동성자산,16347000000
2,리스사,C,SK010,유동성,200606,0011663,데라게란덴㈜,A2,유동성부채,355000000
3,리스사,C,SK010,유동성,200606,0011663,데라게란덴㈜,B,업무용 고정자산비율,.36
4,리스사,C,SK010,유동성,200606,0011663,데라게란덴㈜,B1,업무용 고정자산,71000000
5,리스사,C,SK010,유동성,200606,0011663,데라게란덴㈜,B2,자기자본,19905000000
6,리스사,C,SK010,유동성,200609,0011663,데라게란덴㈜,A,원화 유동성비율,9511.61
7,리스사,C,SK010,유동성,200609,0011663,데라게란덴㈜,A1,유동성자산,14743000000
8,리스사,C,SK010,유동성,200609,0011663,데라게란덴㈜,A2,유동성부채,155000000
9,리스사,C,SK010,유동성,200609,0011663,데라게란덴㈜,B,업무용 고정자산비율,.35
10,리스사,C,SK010,유동성,200609,0011663,데라게란덴㈜,B1,업무용 고정자산,69000000
11,리스사,C,SK010,유동성,200609,0011663,데라게란덴㈜,B2,자기자본,19828000000
12,리스사,C,SK010,유동성,200612,0011663,데라게란덴㈜,A,원화 유동성비율,6519.8
13,리스사,C,SK010,유동성,200612,0011663,데라게란덴㈜,A1,유동성자산,12844000000
14,리스사,C,SK010,유동성,200612,0011663,데라게란덴㈜,A2,유동성부채,197000000
15,리스사,C,SK010,유동성,200612,0011663,데라게란덴㈜,B,업무용 고정자산비율,.39
16,리스사,C,SK010,유동성,200612,0011663,데라게란덴㈜,B1,업무용 고정자산,77000000
17,리스사,C,SK010,유동성,200612,0011663,데라게란덴㈜,B2,자기자본,19895000000
18,리스사,C,SK010,유동성,200212,0010237,메이슨캐피탈㈜,A,원화 유동성비율,1571.18
19,리스사,C,SK010,유동성,200212,0010237,메이슨캐피탈㈜,A1,유동성자산,13355000000
20,리스사,C,SK010,유동성,200212,0010237,메이슨캐피탈㈜,A2,유동성부채,850000000
21,리스사,C,SK010,유동성,200212,0010237,메이슨캐피탈㈜,B,업무용 고정자산비율,.59
22,리스사,C,SK010,유동성,200212,0010237,메이슨캐피탈㈜,B1,업무용 고정자산,130000000
23,리스사,C,SK010,유동성,200212,0010237,메이슨캐피탈㈜,B2,자기자본,22199000000
24,리스사,C,SK010,유동성,200303,0010237,메이슨캐피탈㈜,A,원화 유동성비율,803.76
25,리스사,C,SK010,유동성,200303,0010237,메이슨캐피탈㈜,A1,유동성자산,6832000000
26,리스사,C,SK010,유동성,200303,0010237,메이슨캐피탈㈜,A2,유동성부채,850000000
27,리스사,C,SK010,유동성,200303,0010237,메이슨캐피탈㈜,B,업무용 고정자산비율,.58
28,리스사,C,SK010,유동성,200303,0010237,메이슨캐피탈㈜,B1,업무용 고정자산,130000000
29,리스사,C,SK010,유동성,200303,0010237,메이슨캐피탈㈜,B2,자기자본,22401000000
30,리스사,C,SK010,유동성,200306,0010237,메이슨캐피탈㈜,A,원화 유동성비율,945.53
31,리스사,C,SK010,유동성,200306,0010237,메이슨캐피탈㈜,A1,유동성자산,8037000000
32,리스사,C,SK010,유동성,200306,0010237,메이슨캐피탈㈜,A2,유동성부채,850000000
33,리스사,C,SK010,유동성,200306,0010237,메이슨캐피탈㈜,B,업무용 고정자산비율,.43
34,리스사,C,SK010,유동성,200306,0010237,메이슨캐피탈㈜,B1,업무용 고정자산,130000000
35,리스사,C,SK010,유동성,200306,0010237,메이슨캐피탈㈜,B2,자기자본,30241000000
36,리스사,C,SK010,유동성,200309,0010237,메이슨캐피탈㈜,A,원화 유동성비율,520.35
37,리스사,C,SK010,유동성,200309,0010237,메이슨캐피탈㈜,A1,유동성자산,4423000000
38,리스사,C,SK010,유동성,200309,0010237,메이슨캐피탈㈜,A2,유동성부채,850000000
39,리스사,C,SK010,유동성,200309,0010237,메이슨캐피탈㈜,B,업무용 고정자산비율,1.64
40,리스사,C,SK010,유동성,200309,0010237,메이슨캐피탈㈜,B1,업무용 고정자산,510000000
41,리스사,C,SK010,유동성,200309,0010237,메이슨캐피탈㈜,B2,자기자본,31018000000
42,리스사,C,SK010,유동성,200312,0010237,메이슨캐피탈㈜,A,원화 유동성비율,108.31
43,리스사,C,SK010,유동성,200312,0010237,메이슨캐피탈㈜,A1,유동성자산,50463000000
44,리스사,C,SK010,유동성,200312,0010237,메이슨캐피탈㈜,A2,유동성부채,46590000000
45,리스사,C,SK010,유동성,200312,0010237,메이슨캐피탈㈜,B,업무용 고정자산비율,3.38
46,리스사,C,SK010,유동성,200312,0010237,메이슨캐피탈㈜,B1,업무용 고정자산,1010000000
47,리스사,C,SK010,유동성,200312,0010237,메이슨캐피탈㈜,B2,자기자본,29912000000
48,리스사,C,SK010,유동성,200403,0010237,메이슨캐피탈㈜,A,원화 유동성비율,226.45
49,리스사,C,SK010,유동성,200403,0010237,메이슨캐피탈㈜,A1,유동성자산,26359000000
50,리스사,C,SK010,유동성,200403,0010237,메이슨캐피탈㈜,A2,유동성부채,11640000000
51,리스사,C,SK010,유동성,200403,0010237,메이슨캐피탈㈜,B,업무용 고정자산비율,2.7
52,리스사,C,SK010,유동성,200403,0010237,메이슨캐피탈㈜,B1,업무용 고정자산,1010000000
53,리스사,C,SK010,유동성,200403,0010237,메이슨캐피탈㈜,B2,자기자본,37366000000
54,리스사,C,SK010,유동성,200406,0010237,메이슨캐피탈㈜,A,원화 유동성비율,172.61
55,리스사,C,SK010,유동성,200406,0010237,메이슨캐피탈㈜,A1,유동성자산,13515000000
56,리스사,C,SK010,유동성,200406,0010237,메이슨캐피탈㈜,A2,유동성부채,7830000000
57,리스사,C,SK010,유동성,200406,0010237,메이슨캐피탈㈜,B,업무용 고정자산비율,2.45
58,리스사,C,SK010,유동성,200406,0010237,메이슨캐피탈㈜,B1,업무용 고정자산,1010000000
59,리스사,C,SK010,유동성,200406,0010237,메이슨캐피탈㈜,B2,자기자본,41236000000
60,리스사,C,SK010,유동성,200409,0010237,메이슨캐피탈㈜,A,원화 유동성비율,65.47
61,리스사,C,SK010,유동성,200409,0010237,메이슨캐피탈㈜,A1,유동성자산,5519000000
62,리스사,C,SK010,유동성,200409,0010237,메이슨캐피탈㈜,A2,유동성부채,8430000000
63,리스사,C,SK010,유동성,200409,0010237,메이슨캐피탈㈜,B,업무용 고정자산비율,3.85
64,리스사,C,SK010,유동성,200409,0010237,메이슨캐피탈㈜,B1,업무용 고정자산,1510000000
65,리스사,C,SK010,유동성,200409,0010237,메이슨캐피탈㈜,B2,자기자본,39216000000
66,리스사,C,SK010,유동성,200412,0010237,메이슨캐피탈㈜,A,원화 유동성비율,200.16
67,리스사,C,SK010,유동성,200412,0010237,메이슨캐피탈㈜,A1,유동성자산,8867000000
68,리스사,C,SK010,유동성,200412,0010237,메이슨캐피탈㈜,A2,유동성부채,4430000000
69,리스사,C,SK010,유동성,200412,0010237,메이슨캐피탈㈜,B,업무용 고정자산비율,3.74
70,리스사,C,SK010,유동성,200412,0010237,메이슨캐피탈㈜,B1,업무용 고정자산,1510000000
71,리스사,C,SK010,유동성,200412,0010237,메이슨캐피탈㈜,B2,자기자본,40370000000
72,리스사,C,SK010,유동성,200503,0010237,메이슨캐피탈㈜,A,원화 유동성비율,248.94
73,리스사,C,SK010,유동성,200503,0010237,메이슨캐피탈㈜,A1,유동성자산,11028000000
74,리스사,C,SK010,유동성,200503,0010237,메이슨캐피탈㈜,A2,유동성부채,4430000000
75,리스사,C,SK010,유동성,200503,0010237,메이슨캐피탈㈜,B,업무용 고정자산비율,1.97
76,리스사,C,SK010,유동성,200503,0010237,메이슨캐피탈㈜,B1,업무용 고정자산,851000000
77,리스사,C,SK010,유동성,200503,0010237,메이슨캐피탈㈜,B2,자기자본,43258000000
78,리스사,C,SK010,유동성,200506,0010237,메이슨캐피탈㈜,A,원화 유동성비율,1109.12
79,리스사,C,SK010,유동성,200506,0010237,메이슨캐피탈㈜,A1,유동성자산,21406000000
80,리스사,C,SK010,유동성,200506,0010237,메이슨캐피탈㈜,A2,유동성부채,1930000000
81,리스사,C,SK010,유동성,200506,0010237,메이슨캐피탈㈜,B,업무용 고정자산비율,1.73
82,리스사,C,SK010,유동성,200506,0010237,메이슨캐피탈㈜,B1,업무용 고정자산,851000000
83,리스사,C,SK010,유동성,200506,0010237,메이슨캐피탈㈜,B2,자기자본,49109000000
84,리스사,C,SK010,유동성,200509,0010237,메이슨캐피탈㈜,A,원화 유동성비율,304.36
85,리스사,C,SK010,유동성,200509,0010237,메이슨캐피탈㈜,A1,유동성자산,13483000000
86,리스사,C,SK010,유동성,200509,0010237,메이슨캐피탈㈜,A2,유동성부채,4430000000
87,리스사,C,SK010,유동성,200509,0010237,메이슨캐피탈㈜,B,업무용 고정자산비율,1.73
88,리스사,C,SK010,유동성,200509,0010237,메이슨캐피탈㈜,B1,업무용 고정자산,851000000
89,리스사,C,SK010,유동성,200509,0010237,메이슨캐피탈㈜,B2,자기자본,49109000000
90,리스사,C,SK010,유동성,200512,0010237,메이슨캐피탈㈜,A,원화 유동성비율,436.53
91,리스사,C,SK010,유동성,200512,0010237,메이슨캐피탈㈜,A1,유동성자산,16994000000
92,리스사,C,SK010,유동성,200512,0010237,메이슨캐피탈㈜,A2,유동성부채,3893000000
93,리스사,C,SK010,유동성,200512,0010237,메이슨캐피탈㈜,B,업무용 고정자산비율,1.29
94,리스사,C,SK010,유동성,200512,0010237,메이슨캐피탈㈜,B1,업무용 고정자산,878000000
95,리스사,C,SK010,유동성,200512,0010237,메이슨캐피탈㈜,B2,자기자본,68166000000
96,리스사,C,SK010,유동성,200603,0010237,메이슨캐피탈㈜,A,원화 유동성비율,859.47
97,리스사,C,SK010,유동성,200603,0010237,메이슨캐피탈㈜,A1,유동성자산,19914000000
98,리스사,C,SK010,유동성,200603,0010237,메이슨캐피탈㈜,A2,유동성부채,2317000000
99,리스사,C,SK010,유동성,200603,0010237,메이슨캐피탈㈜,B,업무용 고정자산비율,1.31
100,리스사,C,SK010,유동성,200603,0010237,메이슨캐피탈㈜,B1,업무용 고정자산,788000000
101,리스사,C,SK010,유동성,200603,0010237,메이슨캐피탈㈜,B2,자기자본,60124000000
102,리스사,C,SK010,유동성,200606,0010237,메이슨캐피탈㈜,A,원화 유동성비율,148.95
103,리스사,C,SK010,유동성,200606,0010237,메이슨캐피탈㈜,A1,유동성자산,44337000000
104,리스사,C,SK010,유동성,200606,0010237,메이슨캐피탈㈜,A2,유동성부채,29767000000
105,리스사,C,SK010,유동성,200606,0010237,메이슨캐피탈㈜,B,업무용 고정자산비율,1.37
106,리스사,C,SK010,유동성,200606,0010237,메이슨캐피탈㈜,B1,업무용 고정자산,788000000
107,리스사,C,SK010,유동성,200606,0010237,메이슨캐피탈㈜,B2,자기자본,57475000000
108,리스사,C,SK010,유동성,200609,0010237,메이슨캐피탈㈜,A,원화 유동성비율,285.5
109,리스사,C,SK010,유동성,200609,0010237,메이슨캐피탈㈜,A1,유동성자산,6615000000
110,리스사,C,SK010,유동성,200609,0010237,메이슨캐피탈㈜,A2,유동성부채,2317000000
111,리스사,C,SK010,유동성,200609,0010237,메이슨캐피탈㈜,B,업무용 고정자산비율,1.36
112,리스사,C,SK010,유동성,200609,0010237,메이슨캐피탈㈜,B1,업무용 고정자산,788000000
113,리스사,C,SK010,유동성,200609,0010237,메이슨캐피탈㈜,B2,자기자본,57914000000
114,리스사,C,SK010,유동성,200612,0010237,메이슨캐피탈㈜,A,원화 유동성비율,135.74
115,리스사,C,SK010,유동성,200612,0010237,메이슨캐피탈㈜,A1,유동성자산,11638000000
116,리스사,C,SK010,유동성,200612,0010237,메이슨캐피탈㈜,A2,유동성부채,8574000000
117,리스사,C,SK010,유동성,200612,0010237,메이슨캐피탈㈜,B,업무용 고정자산비율,1.31
118,리스사,C,SK010,유동성,200612,0010237,메이슨캐피탈㈜,B1,업무용 고정자산,788000000
119,리스사,C,SK010,유동성,200612,0010237,메이슨캐피탈㈜,B2,자기자본,60226000000
120,리스사,C,SK010,유동성,200212,0010928,비엠더블유파이낸셜서비스코리아㈜,A,원화 유동성비율,28.83
121,리스사,C,SK010,유동성,200212,0010928,비엠더블유파이낸셜서비스코리아㈜,A1,유동성자산,12788000000
122,리스사,C,SK010,유동성,200212,0010928,비엠더블유파이낸셜서비스코리아㈜,A2,유동성부채,44358000000
123,리스사,C,SK010,유동성,200212,0010928,비엠더블유파이낸셜서비스코리아㈜,B,업무용 고정자산비율,.53
124,리스사,C,SK010,유동성,200212,0010928,비엠더블유파이낸셜서비스코리아㈜,B1,업무용 고정자산,100000000
125,리스사,C,SK010,유동성,200212,0010928,비엠더블유파이낸셜서비스코리아㈜,B2,자기자본,18713000000
126,리스사,C,SK010,유동성,200303,0010928,비엠더블유파이낸셜서비스코리아㈜,A,원화 유동성비율,1795.76
127,리스사,C,SK010,유동성,200303,0010928,비엠더블유파이낸셜서비스코리아㈜,A1,유동성자산,78708000000
128,리스사,C,SK010,유동성,200303,0010928,비엠더블유파이낸셜서비스코리아㈜,A2,유동성부채,4383000000
129,리스사,C,SK010,유동성,200303,0010928,비엠더블유파이낸셜서비스코리아㈜,B,업무용 고정자산비율,1.93
130,리스사,C,SK010,유동성,200303,0010928,비엠더블유파이낸셜서비스코리아㈜,B1,업무용 고정자산,370000000
131,리스사,C,SK010,유동성,200303,0010928,비엠더블유파이낸셜서비스코리아㈜,B2,자기자본,19153000000
132,리스사,C,SK010,유동성,200306,0010928,비엠더블유파이낸셜서비스코리아㈜,A,원화 유동성비율,0
133,리스사,C,SK010,유동성,200306,0010928,비엠더블유파이낸셜서비스코리아㈜,A1,유동성자산,79231000000
134,리스사,C,SK010,유동성,200306,0010928,비엠더블유파이낸셜서비스코리아㈜,A2,유동성부채,0
135,리스사,C,SK010,유동성,200306,0010928,비엠더블유파이낸셜서비스코리아㈜,B,업무용 고정자산비율,2.2
136,리스사,C,SK010,유동성,200306,0010928,비엠더블유파이낸셜서비스코리아㈜,B1,업무용 고정자산,420000000
137,리스사,C,SK010,유동성,200306,0010928,비엠더블유파이낸셜서비스코리아㈜,B2,자기자본,19065000000
138,리스사,C,SK010,유동성,200309,0010928,비엠더블유파이낸셜서비스코리아㈜,A,원화 유동성비율,0
139,리스사,C,SK010,유동성,200309,0010928,비엠더블유파이낸셜서비스코리아㈜,A1,유동성자산,39696000000
140,리스사,C,SK010,유동성,200309,0010928,비엠더블유파이낸셜서비스코리아㈜,A2,유동성부채,0
141,리스사,C,SK010,유동성,200309,0010928,비엠더블유파이낸셜서비스코리아㈜,B,업무용 고정자산비율,2.39
142,리스사,C,SK010,유동성,200309,0010928,비엠더블유파이낸셜서비스코리아㈜,B1,업무용 고정자산,430000000
143,리스사,C,SK010,유동성,200309,0010928,비엠더블유파이낸셜서비스코리아㈜,B2,자기자본,17969000000
144,리스사,C,SK010,유동성,200312,0010928,비엠더블유파이낸셜서비스코리아㈜,A,원화 유동성비율,21031.58
145,리스사,C,SK010,유동성,200312,0010928,비엠더블유파이낸셜서비스코리아㈜,A1,유동성자산,43956000000
146,리스사,C,SK010,유동성,200312,0010928,비엠더블유파이낸셜서비스코리아㈜,A2,유동성부채,209000000
147,리스사,C,SK010,유동성,200312,0010928,비엠더블유파이낸셜서비스코리아㈜,B,업무용 고정자산비율,2.59
148,리스사,C,SK010,유동성,200312,0010928,비엠더블유파이낸셜서비스코리아㈜,B1,업무용 고정자산,440000000
149,리스사,C,SK010,유동성,200312,0010928,비엠더블유파이낸셜서비스코리아㈜,B2,자기자본,16996000000
150,리스사,C,SK010,유동성,200403,0010928,비엠더블유파이낸셜서비스코리아㈜,A,원화 유동성비율,3989.12
151,리스사,C,SK010,유동성,200403,0010928,비엠더블유파이낸셜서비스코리아㈜,A1,유동성자산,20903000000
152,리스사,C,SK010,유동성,200403,0010928,비엠더블유파이낸셜서비스코리아㈜,A2,유동성부채,524000000
153,리스사,C,SK010,유동성,200403,0010928,비엠더블유파이낸셜서비스코리아㈜,B,업무용 고정자산비율,.82
154,리스사,C,SK010,유동성,200403,0010928,비엠더블유파이낸셜서비스코리아㈜,B1,업무용 고정자산,140000000
155,리스사,C,SK010,유동성,200403,0010928,비엠더블유파이낸셜서비스코리아㈜,B2,자기자본,17132000000
156,리스사,C,SK010,유동성,200406,0010928,비엠더블유파이낸셜서비스코리아㈜,A,원화 유동성비율,90.92
157,리스사,C,SK010,유동성,200406,0010928,비엠더블유파이낸셜서비스코리아㈜,A1,유동성자산,19061000000
158,리스사,C,SK010,유동성,200406,0010928,비엠더블유파이낸셜서비스코리아㈜,A2,유동성부채,20965000000
159,리스사,C,SK010,유동성,200406,0010928,비엠더블유파이낸셜서비스코리아㈜,B,업무용 고정자산비율,.89
160,리스사,C,SK010,유동성,200406,0010928,비엠더블유파이낸셜서비스코리아㈜,B1,업무용 고정자산,140000000
161,리스사,C,SK010,유동성,200406,0010928,비엠더블유파이낸셜서비스코리아㈜,B2,자기자본,15779000000
162,리스사,C,SK010,유동성,200409,0010928,비엠더블유파이낸셜서비스코리아㈜,A,원화 유동성비율,260.23
163,리스사,C,SK010,유동성,200409,0010928,비엠더블유파이낸셜서비스코리아㈜,A1,유동성자산,28696000000
164,리스사,C,SK010,유동성,200409,0010928,비엠더블유파이낸셜서비스코리아㈜,A2,유동성부채,11027000000
165,리스사,C,SK010,유동성,200409,0010928,비엠더블유파이낸셜서비스코리아㈜,B,업무용 고정자산비율,2.47
166,리스사,C,SK010,유동성,200409,0010928,비엠더블유파이낸셜서비스코리아㈜,B1,업무용 고정자산,440000000
167,리스사,C,SK010,유동성,200409,0010928,비엠더블유파이낸셜서비스코리아㈜,B2,자기자본,17807000000
168,리스사,C,SK010,유동성,200412,0010928,비엠더블유파이낸셜서비스코리아㈜,A,원화 유동성비율,4681.44
169,리스사,C,SK010,유동성,200412,0010928,비엠더블유파이낸셜서비스코리아㈜,A1,유동성자산,30523000000
170,리스사,C,SK010,유동성,200412,0010928,비엠더블유파이낸셜서비스코리아㈜,A2,유동성부채,652000000
171,리스사,C,SK010,유동성,200412,0010928,비엠더블유파이낸셜서비스코리아㈜,B,업무용 고정자산비율,2.44
172,리스사,C,SK010,유동성,200412,0010928,비엠더블유파이낸셜서비스코리아㈜,B1,업무용 고정자산,440000000
173,리스사,C,SK010,유동성,200412,0010928,비엠더블유파이낸셜서비스코리아㈜,B2,자기자본,18046000000
174,리스사,C,SK010,유동성,200503,0010928,비엠더블유파이낸셜서비스코리아㈜,A,원화 유동성비율,221.72
175,리스사,C,SK010,유동성,200503,0010928,비엠더블유파이낸셜서비스코리아㈜,A1,유동성자산,46400000000
176,리스사,C,SK010,유동성,200503,0010928,비엠더블유파이낸셜서비스코리아㈜,A2,유동성부채,20927000000
177,리스사,C,SK010,유동성,200503,0010928,비엠더블유파이낸셜서비스코리아㈜,B,업무용 고정자산비율,1.65
178,리스사,C,SK010,유동성,200503,0010928,비엠더블유파이낸셜서비스코리아㈜,B1,업무용 고정자산,536000000
179,리스사,C,SK010,유동성,200503,0010928,비엠더블유파이낸셜서비스코리아㈜,B2,자기자본,32538000000
180,리스사,C,SK010,유동성,200506,0010928,비엠더블유파이낸셜서비스코리아㈜,A,원화 유동성비율,200.37
181,리스사,C,SK010,유동성,200506,0010928,비엠더블유파이낸셜서비스코리아㈜,A1,유동성자산,41189000000
182,리스사,C,SK010,유동성,200506,0010928,비엠더블유파이낸셜서비스코리아㈜,A2,유동성부채,20556000000
183,리스사,C,SK010,유동성,200506,0010928,비엠더블유파이낸셜서비스코리아㈜,B,업무용 고정자산비율,1.56
184,리스사,C,SK010,유동성,200506,0010928,비엠더블유파이낸셜서비스코리아㈜,B1,업무용 고정자산,536000000
185,리스사,C,SK010,유동성,200506,0010928,비엠더블유파이낸셜서비스코리아㈜,B2,자기자본,34315000000
186,리스사,C,SK010,유동성,200509,0010928,비엠더블유파이낸셜서비스코리아㈜,A,원화 유동성비율,209.96
187,리스사,C,SK010,유동성,200509,0010928,비엠더블유파이낸셜서비스코리아㈜,A1,유동성자산,53060000000
188,리스사,C,SK010,유동성,200509,0010928,비엠더블유파이낸셜서비스코리아㈜,A2,유동성부채,25272000000
189,리스사,C,SK010,유동성,200509,0010928,비엠더블유파이낸셜서비스코리아㈜,B,업무용 고정자산비율,1.56
190,리스사,C,SK010,유동성,200509,0010928,비엠더블유파이낸셜서비스코리아㈜,B1,업무용 고정자산,536000000
191,리스사,C,SK010,유동성,200509,0010928,비엠더블유파이낸셜서비스코리아㈜,B2,자기자본,34315000000
192,리스사,C,SK010,유동성,200512,0010928,비엠더블유파이낸셜서비스코리아㈜,A,원화 유동성비율,94.51
193,리스사,C,SK010,유동성,200512,0010928,비엠더블유파이낸셜서비스코리아㈜,A1,유동성자산,62748000000
194,리스사,C,SK010,유동성,200512,0010928,비엠더블유파이낸셜서비스코리아㈜,A2,유동성부채,66394000000
195,리스사,C,SK010,유동성,200512,0010928,비엠더블유파이낸셜서비스코리아㈜,B,업무용 고정자산비율,1.27
196,리스사,C,SK010,유동성,200512,0010928,비엠더블유파이낸셜서비스코리아㈜,B1,업무용 고정자산,536000000
197,리스사,C,SK010,유동성,200512,0010928,비엠더블유파이낸셜서비스코리아㈜,B2,자기자본,42340000000
198,리스사,C,SK010,유동성,200603,0010928,비엠더블유파이낸셜서비스코리아㈜,A,원화 유동성비율,141.24
199,리스사,C,SK010,유동성,200603,0010928,비엠더블유파이낸셜서비스코리아㈜,A1,유동성자산,67410000000
200,리스사,C,SK010,유동성,200603,0010928,비엠더블유파이낸셜서비스코리아㈜,A2,유동성부채,47727000000
201,리스사,C,SK010,유동성,200603,0010928,비엠더블유파이낸셜서비스코리아㈜,B,업무용 고정자산비율,1.37
202,리스사,C,SK010,유동성,200603,0010928,비엠더블유파이낸셜서비스코리아㈜,B1,업무용 고정자산,536000000
203,리스사,C,SK010,유동성,200603,0010928,비엠더블유파이낸셜서비스코리아㈜,B2,자기자본,39245000000
204,리스사,C,SK010,유동성,200606,0010928,비엠더블유파이낸셜서비스코리아㈜,A,원화 유동성비율,232.98
205,리스사,C,SK010,유동성,200606,0010928,비엠더블유파이낸셜서비스코리아㈜,A1,유동성자산,81751000000
206,리스사,C,SK010,유동성,200606,0010928,비엠더블유파이낸셜서비스코리아㈜,A2,유동성부채,35090000000
207,리스사,C,SK010,유동성,200606,0010928,비엠더블유파이낸셜서비스코리아㈜,B,업무용 고정자산비율,1.16
208,리스사,C,SK010,유동성,200606,0010928,비엠더블유파이낸셜서비스코리아㈜,B1,업무용 고정자산,475000000
209,리스사,C,SK010,유동성,200606,0010928,비엠더블유파이낸셜서비스코리아㈜,B2,자기자본,41105000000
210,리스사,C,SK010,유동성,200609,0010928,비엠더블유파이낸셜서비스코리아㈜,A,원화 유동성비율,161.64
211,리스사,C,SK010,유동성,200609,0010928,비엠더블유파이낸셜서비스코리아㈜,A1,유동성자산,83224000000
212,리스사,C,SK010,유동성,200609,0010928,비엠더블유파이낸셜서비스코리아㈜,A2,유동성부채,51486000000
213,리스사,C,SK010,유동성,200609,0010928,비엠더블유파이낸셜서비스코리아㈜,B,업무용 고정자산비율,1
214,리스사,C,SK010,유동성,200609,0010928,비엠더블유파이낸셜서비스코리아㈜,B1,업무용 고정자산,472000000
215,리스사,C,SK010,유동성,200609,0010928,비엠더블유파이낸셜서비스코리아㈜,B2,자기자본,47266000000
216,리스사,C,SK010,유동성,200612,0010928,비엠더블유파이낸셜서비스코리아㈜,A,원화 유동성비율,116.79
217,리스사,C,SK010,유동성,200612,0010928,비엠더블유파이낸셜서비스코리아㈜,A1,유동성자산,169747000000
218,리스사,C,SK010,유동성,200612,0010928,비엠더블유파이낸셜서비스코리아㈜,A2,유동성부채,145350000000
219,리스사,C,SK010,유동성,200612,0010928,비엠더블유파이낸셜서비스코리아㈜,B,업무용 고정자산비율,.99
220,리스사,C,SK010,유동성,200612,0010928,비엠더블유파이낸셜서비스코리아㈜,B1,업무용 고정자산,469000000
221,리스사,C,SK010,유동성,200612,0010928,비엠더블유파이낸셜서비스코리아㈜,B2,자기자본,47379000000
222,리스사,C,SK010,유동성,200212,0010235,산은캐피탈㈜,A,원화 유동성비율,143.94
223,리스사,C,SK010,유동성,200212,0010235,산은캐피탈㈜,A1,유동성자산,407632000000
224,리스사,C,SK010,유동성,200212,0010235,산은캐피탈㈜,A2,유동성부채,283194000000
225,리스사,C,SK010,유동성,200212,0010235,산은캐피탈㈜,B,업무용 고정자산비율,-9.03
226,리스사,C,SK010,유동성,200212,0010235,산은캐피탈㈜,B1,업무용 고정자산,-10286000000
227,리스사,C,SK010,유동성,200212,0010235,산은캐피탈㈜,B2,자기자본,113869000000
228,리스사,C,SK010,유동성,200303,0010235,산은캐피탈㈜,A,원화 유동성비율,131.46
229,리스사,C,SK010,유동성,200303,0010235,산은캐피탈㈜,A1,유동성자산,373136000000
230,리스사,C,SK010,유동성,200303,0010235,산은캐피탈㈜,A2,유동성부채,283844000000
231,리스사,C,SK010,유동성,200303,0010235,산은캐피탈㈜,B,업무용 고정자산비율,9.37
232,리스사,C,SK010,유동성,200303,0010235,산은캐피탈㈜,B1,업무용 고정자산,-10332000000
233,리스사,C,SK010,유동성,200303,0010235,산은캐피탈㈜,B2,자기자본,-110212000000
234,리스사,C,SK010,유동성,200306,0010235,산은캐피탈㈜,A,원화 유동성비율,107.31
235,리스사,C,SK010,유동성,200306,0010235,산은캐피탈㈜,A1,유동성자산,289837000000
236,리스사,C,SK010,유동성,200306,0010235,산은캐피탈㈜,A2,유동성부채,270100000000
237,리스사,C,SK010,유동성,200306,0010235,산은캐피탈㈜,B,업무용 고정자산비율,12.75
238,리스사,C,SK010,유동성,200306,0010235,산은캐피탈㈜,B1,업무용 고정자산,-10921000000
239,리스사,C,SK010,유동성,200306,0010235,산은캐피탈㈜,B2,자기자본,-85640000000
240,리스사,C,SK010,유동성,200309,0010235,산은캐피탈㈜,A,원화 유동성비율,74.83
241,리스사,C,SK010,유동성,200309,0010235,산은캐피탈㈜,A1,유동성자산,214374000000
242,리스사,C,SK010,유동성,200309,0010235,산은캐피탈㈜,A2,유동성부채,286480000000
243,리스사,C,SK010,유동성,200309,0010235,산은캐피탈㈜,B,업무용 고정자산비율,12.92
244,리스사,C,SK010,유동성,200309,0010235,산은캐피탈㈜,B1,업무용 고정자산,-11104000000
245,리스사,C,SK010,유동성,200309,0010235,산은캐피탈㈜,B2,자기자본,-85916000000
246,리스사,C,SK010,유동성,200312,0010235,산은캐피탈㈜,A,원화 유동성비율,115.54
247,리스사,C,SK010,유동성,200312,0010235,산은캐피탈㈜,A1,유동성자산,301956000000
248,리스사,C,SK010,유동성,200312,0010235,산은캐피탈㈜,A2,유동성부채,261335000000
249,리스사,C,SK010,유동성,200312,0010235,산은캐피탈㈜,B,업무용 고정자산비율,-5.92
250,리스사,C,SK010,유동성,200312,0010235,산은캐피탈㈜,B1,업무용 고정자산,-11279000000
251,리스사,C,SK010,유동성,200312,0010235,산은캐피탈㈜,B2,자기자본,190611000000
252,리스사,C,SK010,유동성,200403,0010235,산은캐피탈㈜,A,원화 유동성비율,103.42
253,리스사,C,SK010,유동성,200403,0010235,산은캐피탈㈜,A1,유동성자산,280581000000
254,리스사,C,SK010,유동성,200403,0010235,산은캐피탈㈜,A2,유동성부채,271304000000
255,리스사,C,SK010,유동성,200403,0010235,산은캐피탈㈜,B,업무용 고정자산비율,-5.75
256,리스사,C,SK010,유동성,200403,0010235,산은캐피탈㈜,B1,업무용 고정자산,-11249000000
257,리스사,C,SK010,유동성,200403,0010235,산은캐피탈㈜,B2,자기자본,195711000000
258,리스사,C,SK010,유동성,200406,0010235,산은캐피탈㈜,A,원화 유동성비율,104.87
259,리스사,C,SK010,유동성,200406,0010235,산은캐피탈㈜,A1,유동성자산,273614000000
260,리스사,C,SK010,유동성,200406,0010235,산은캐피탈㈜,A2,유동성부채,260912000000
261,리스사,C,SK010,유동성,200406,0010235,산은캐피탈㈜,B,업무용 고정자산비율,-5.49
262,리스사,C,SK010,유동성,200406,0010235,산은캐피탈㈜,B1,업무용 고정자산,-11053000000
263,리스사,C,SK010,유동성,200406,0010235,산은캐피탈㈜,B2,자기자본,201350000000
264,리스사,C,SK010,유동성,200409,0010235,산은캐피탈㈜,A,원화 유동성비율,160.3
265,리스사,C,SK010,유동성,200409,0010235,산은캐피탈㈜,A1,유동성자산,217243000000
266,리스사,C,SK010,유동성,200409,0010235,산은캐피탈㈜,A2,유동성부채,135521000000
267,리스사,C,SK010,유동성,200409,0010235,산은캐피탈㈜,B,업무용 고정자산비율,-5.4
268,리스사,C,SK010,유동성,200409,0010235,산은캐피탈㈜,B1,업무용 고정자산,-11104000000
269,리스사,C,SK010,유동성,200409,0010235,산은캐피탈㈜,B2,자기자본,205547000000
270,리스사,C,SK010,유동성,200412,0010235,산은캐피탈㈜,A,원화 유동성비율,176.61
271,리스사,C,SK010,유동성,200412,0010235,산은캐피탈㈜,A1,유동성자산,292359000000
272,리스사,C,SK010,유동성,200412,0010235,산은캐피탈㈜,A2,유동성부채,165535000000
273,리스사,C,SK010,유동성,200412,0010235,산은캐피탈㈜,B,업무용 고정자산비율,-4.99
274,리스사,C,SK010,유동성,200412,0010235,산은캐피탈㈜,B1,업무용 고정자산,-11203000000
275,리스사,C,SK010,유동성,200412,0010235,산은캐피탈㈜,B2,자기자본,224644000000
276,리스사,C,SK010,유동성,200503,0010235,산은캐피탈㈜,A,원화 유동성비율,131.1
277,리스사,C,SK010,유동성,200503,0010235,산은캐피탈㈜,A1,유동성자산,488959000000
278,리스사,C,SK010,유동성,200503,0010235,산은캐피탈㈜,A2,유동성부채,372968000000
279,리스사,C,SK010,유동성,200503,0010235,산은캐피탈㈜,B,업무용 고정자산비율,12.81
280,리스사,C,SK010,유동성,200503,0010235,산은캐피탈㈜,B1,업무용 고정자산,32207000000
281,리스사,C,SK010,유동성,200503,0010235,산은캐피탈㈜,B2,자기자본,251348000000
282,리스사,C,SK010,유동성,200506,0010235,산은캐피탈㈜,A,원화 유동성비율,144.32
283,리스사,C,SK010,유동성,200506,0010235,산은캐피탈㈜,A1,유동성자산,331183000000
284,리스사,C,SK010,유동성,200506,0010235,산은캐피탈㈜,A2,유동성부채,229482000000
285,리스사,C,SK010,유동성,200506,0010235,산은캐피탈㈜,B,업무용 고정자산비율,12.1
286,리스사,C,SK010,유동성,200506,0010235,산은캐피탈㈜,B1,업무용 고정자산,32094000000
287,리스사,C,SK010,유동성,200506,0010235,산은캐피탈㈜,B2,자기자본,265275000000
288,리스사,C,SK010,유동성,200509,0010235,산은캐피탈㈜,A,원화 유동성비율,127.87
289,리스사,C,SK010,유동성,200509,0010235,산은캐피탈㈜,A1,유동성자산,473364000000
290,리스사,C,SK010,유동성,200509,0010235,산은캐피탈㈜,A2,유동성부채,370187000000
291,리스사,C,SK010,유동성,200509,0010235,산은캐피탈㈜,B,업무용 고정자산비율,4.99
292,리스사,C,SK010,유동성,200509,0010235,산은캐피탈㈜,B1,업무용 고정자산,14435000000
293,리스사,C,SK010,유동성,200509,0010235,산은캐피탈㈜,B2,자기자본,289029000000
294,리스사,C,SK010,유동성,200512,0010235,산은캐피탈㈜,A,원화 유동성비율,122.41
295,리스사,C,SK010,유동성,200512,0010235,산은캐피탈㈜,A1,유동성자산,423795000000
296,리스사,C,SK010,유동성,200512,0010235,산은캐피탈㈜,A2,유동성부채,346208000000
297,리스사,C,SK010,유동성,200512,0010235,산은캐피탈㈜,B,업무용 고정자산비율,4.6
298,리스사,C,SK010,유동성,200512,0010235,산은캐피탈㈜,B1,업무용 고정자산,14444000000
299,리스사,C,SK010,유동성,200512,0010235,산은캐피탈㈜,B2,자기자본,314202000000
300,리스사,C,SK010,유동성,200603,0010235,산은캐피탈㈜,A,원화 유동성비율,127.56
301,리스사,C,SK010,유동성,200603,0010235,산은캐피탈㈜,A1,유동성자산,446218000000
302,리스사,C,SK010,유동성,200603,0010235,산은캐피탈㈜,A2,유동성부채,349803000000
303,리스사,C,SK010,유동성,200603,0010235,산은캐피탈㈜,B,업무용 고정자산비율,2.4
304,리스사,C,SK010,유동성,200603,0010235,산은캐피탈㈜,B1,업무용 고정자산,5667000000
305,리스사,C,SK010,유동성,200603,0010235,산은캐피탈㈜,B2,자기자본,236478000000
306,리스사,C,SK010,유동성,200606,0010235,산은캐피탈㈜,A,원화 유동성비율,204.38
307,리스사,C,SK010,유동성,200606,0010235,산은캐피탈㈜,A1,유동성자산,493516000000
308,리스사,C,SK010,유동성,200606,0010235,산은캐피탈㈜,A2,유동성부채,241466000000
309,리스사,C,SK010,유동성,200606,0010235,산은캐피탈㈜,B,업무용 고정자산비율,1.69
310,리스사,C,SK010,유동성,200606,0010235,산은캐피탈㈜,B1,업무용 고정자산,5835000000
311,리스사,C,SK010,유동성,200606,0010235,산은캐피탈㈜,B2,자기자본,345279000000
312,리스사,C,SK010,유동성,200609,0010235,산은캐피탈㈜,A,원화 유동성비율,125.8
313,리스사,C,SK010,유동성,200609,0010235,산은캐피탈㈜,A1,유동성자산,703313000000
314,리스사,C,SK010,유동성,200609,0010235,산은캐피탈㈜,A2,유동성부채,559076000000
315,리스사,C,SK010,유동성,200609,0010235,산은캐피탈㈜,B,업무용 고정자산비율,1.73
316,리스사,C,SK010,유동성,200609,0010235,산은캐피탈㈜,B1,업무용 고정자산,6460000000
317,리스사,C,SK010,유동성,200609,0010235,산은캐피탈㈜,B2,자기자본,374129000000
318,리스사,C,SK010,유동성,200612,0010235,산은캐피탈㈜,A,원화 유동성비율,165.99
319,리스사,C,SK010,유동성,200612,0010235,산은캐피탈㈜,A1,유동성자산,556329000000
320,리스사,C,SK010,유동성,200612,0010235,산은캐피탈㈜,A2,유동성부채,335151000000
321,리스사,C,SK010,유동성,200612,0010235,산은캐피탈㈜,B,업무용 고정자산비율,1.59
322,리스사,C,SK010,유동성,200612,0010235,산은캐피탈㈜,B1,업무용 고정자산,6520000000
323,리스사,C,SK010,유동성,200612,0010235,산은캐피탈㈜,B2,자기자본,410323000000
324,리스사,C,SK010,유동성,200212,0010238,신한캐피탈㈜,A,원화 유동성비율,112.14
325,리스사,C,SK010,유동성,200212,0010238,신한캐피탈㈜,A1,유동성자산,78739000000
326,리스사,C,SK010,유동성,200212,0010238,신한캐피탈㈜,A2,유동성부채,70213000000
327,리스사,C,SK010,유동성,200212,0010238,신한캐피탈㈜,B,업무용 고정자산비율,.54
328,리스사,C,SK010,유동성,200212,0010238,신한캐피탈㈜,B1,업무용 고정자산,448000000
329,리스사,C,SK010,유동성,200212,0010238,신한캐피탈㈜,B2,자기자본,83683000000
330,리스사,C,SK010,유동성,200303,0010238,신한캐피탈㈜,A,원화 유동성비율,130.96
331,리스사,C,SK010,유동성,200303,0010238,신한캐피탈㈜,A1,유동성자산,84192000000
332,리스사,C,SK010,유동성,200303,0010238,신한캐피탈㈜,A2,유동성부채,64289000000
333,리스사,C,SK010,유동성,200303,0010238,신한캐피탈㈜,B,업무용 고정자산비율,.52
334,리스사,C,SK010,유동성,200303,0010238,신한캐피탈㈜,B1,업무용 고정자산,454000000
335,리스사,C,SK010,유동성,200303,0010238,신한캐피탈㈜,B2,자기자본,86623000000
336,리스사,C,SK010,유동성,200306,0010238,신한캐피탈㈜,A,원화 유동성비율,147.02
337,리스사,C,SK010,유동성,200306,0010238,신한캐피탈㈜,A1,유동성자산,70250000000
338,리스사,C,SK010,유동성,200306,0010238,신한캐피탈㈜,A2,유동성부채,47783000000
339,리스사,C,SK010,유동성,200306,0010238,신한캐피탈㈜,B,업무용 고정자산비율,.5
340,리스사,C,SK010,유동성,200306,0010238,신한캐피탈㈜,B1,업무용 고정자산,485000000
341,리스사,C,SK010,유동성,200306,0010238,신한캐피탈㈜,B2,자기자본,96771000000
342,리스사,C,SK010,유동성,200309,0010238,신한캐피탈㈜,A,원화 유동성비율,174.75
343,리스사,C,SK010,유동성,200309,0010238,신한캐피탈㈜,A1,유동성자산,83428000000
344,리스사,C,SK010,유동성,200309,0010238,신한캐피탈㈜,A2,유동성부채,47741000000
345,리스사,C,SK010,유동성,200309,0010238,신한캐피탈㈜,B,업무용 고정자산비율,.55
346,리스사,C,SK010,유동성,200309,0010238,신한캐피탈㈜,B1,업무용 고정자산,559000000
347,리스사,C,SK010,유동성,200309,0010238,신한캐피탈㈜,B2,자기자본,100882000000
348,리스사,C,SK010,유동성,200312,0010238,신한캐피탈㈜,A,원화 유동성비율,263.14
349,리스사,C,SK010,유동성,200312,0010238,신한캐피탈㈜,A1,유동성자산,98418000000
350,리스사,C,SK010,유동성,200312,0010238,신한캐피탈㈜,A2,유동성부채,37401000000
351,리스사,C,SK010,유동성,200312,0010238,신한캐피탈㈜,B,업무용 고정자산비율,.78
352,리스사,C,SK010,유동성,200312,0010238,신한캐피탈㈜,B1,업무용 고정자산,802000000
353,리스사,C,SK010,유동성,200312,0010238,신한캐피탈㈜,B2,자기자본,102224000000
354,리스사,C,SK010,유동성,200403,0010238,신한캐피탈㈜,A,원화 유동성비율,127.52
355,리스사,C,SK010,유동성,200403,0010238,신한캐피탈㈜,A1,유동성자산,99286000000
356,리스사,C,SK010,유동성,200403,0010238,신한캐피탈㈜,A2,유동성부채,77862000000
357,리스사,C,SK010,유동성,200403,0010238,신한캐피탈㈜,B,업무용 고정자산비율,.77
358,리스사,C,SK010,유동성,200403,0010238,신한캐피탈㈜,B1,업무용 고정자산,793000000
359,리스사,C,SK010,유동성,200403,0010238,신한캐피탈㈜,B2,자기자본,102747000000
360,리스사,C,SK010,유동성,200406,0010238,신한캐피탈㈜,A,원화 유동성비율,134.46
361,리스사,C,SK010,유동성,200406,0010238,신한캐피탈㈜,A1,유동성자산,131356000000
362,리스사,C,SK010,유동성,200406,0010238,신한캐피탈㈜,A2,유동성부채,97692000000
363,리스사,C,SK010,유동성,200406,0010238,신한캐피탈㈜,B,업무용 고정자산비율,.72
364,리스사,C,SK010,유동성,200406,0010238,신한캐피탈㈜,B1,업무용 고정자산,785000000
365,리스사,C,SK010,유동성,200406,0010238,신한캐피탈㈜,B2,자기자본,108574000000
366,리스사,C,SK010,유동성,200409,0010238,신한캐피탈㈜,A,원화 유동성비율,135.88
367,리스사,C,SK010,유동성,200409,0010238,신한캐피탈㈜,A1,유동성자산,142392000000
368,리스사,C,SK010,유동성,200409,0010238,신한캐피탈㈜,A2,유동성부채,104790000000
369,리스사,C,SK010,유동성,200409,0010238,신한캐피탈㈜,B,업무용 고정자산비율,.68
370,리스사,C,SK010,유동성,200409,0010238,신한캐피탈㈜,B1,업무용 고정자산,777000000
371,리스사,C,SK010,유동성,200409,0010238,신한캐피탈㈜,B2,자기자본,113898000000
372,리스사,C,SK010,유동성,200412,0010238,신한캐피탈㈜,A,원화 유동성비율,132.85
373,리스사,C,SK010,유동성,200412,0010238,신한캐피탈㈜,A1,유동성자산,152747000000
374,리스사,C,SK010,유동성,200412,0010238,신한캐피탈㈜,A2,유동성부채,114977000000
375,리스사,C,SK010,유동성,200412,0010238,신한캐피탈㈜,B,업무용 고정자산비율,.64
376,리스사,C,SK010,유동성,200412,0010238,신한캐피탈㈜,B1,업무용 고정자산,769000000
377,리스사,C,SK010,유동성,200412,0010238,신한캐피탈㈜,B2,자기자본,119347000000
378,리스사,C,SK010,유동성,200503,0010238,신한캐피탈㈜,A,원화 유동성비율,129.69
379,리스사,C,SK010,유동성,200503,0010238,신한캐피탈㈜,A1,유동성자산,196133000000
380,리스사,C,SK010,유동성,200503,0010238,신한캐피탈㈜,A2,유동성부채,151237000000
381,리스사,C,SK010,유동성,200503,0010238,신한캐피탈㈜,B,업무용 고정자산비율,.58
382,리스사,C,SK010,유동성,200503,0010238,신한캐피탈㈜,B1,업무용 고정자산,761000000
383,리스사,C,SK010,유동성,200503,0010238,신한캐피탈㈜,B2,자기자본,131955000000
384,리스사,C,SK010,유동성,200506,0010238,신한캐피탈㈜,A,원화 유동성비율,190.22
385,리스사,C,SK010,유동성,200506,0010238,신한캐피탈㈜,A1,유동성자산,212789000000
386,리스사,C,SK010,유동성,200506,0010238,신한캐피탈㈜,A2,유동성부채,111865000000
387,리스사,C,SK010,유동성,200506,0010238,신한캐피탈㈜,B,업무용 고정자산비율,.57
388,리스사,C,SK010,유동성,200506,0010238,신한캐피탈㈜,B1,업무용 고정자산,753000000
389,리스사,C,SK010,유동성,200506,0010238,신한캐피탈㈜,B2,자기자본,131955000000
390,리스사,C,SK010,유동성,200509,0010238,신한캐피탈㈜,A,원화 유동성비율,264.36
391,리스사,C,SK010,유동성,200509,0010238,신한캐피탈㈜,A1,유동성자산,215683000000
392,리스사,C,SK010,유동성,200509,0010238,신한캐피탈㈜,A2,유동성부채,81587000000
393,리스사,C,SK010,유동성,200509,0010238,신한캐피탈㈜,B,업무용 고정자산비율,.56
394,리스사,C,SK010,유동성,200509,0010238,신한캐피탈㈜,B1,업무용 고정자산,746000000
395,리스사,C,SK010,유동성,200509,0010238,신한캐피탈㈜,B2,자기자본,133540000000
396,리스사,C,SK010,유동성,200512,0010238,신한캐피탈㈜,A,원화 유동성비율,252.56
397,리스사,C,SK010,유동성,200512,0010238,신한캐피탈㈜,A1,유동성자산,259570000000
398,리스사,C,SK010,유동성,200512,0010238,신한캐피탈㈜,A2,유동성부채,102777000000
399,리스사,C,SK010,유동성,200512,0010238,신한캐피탈㈜,B,업무용 고정자산비율,.5
400,리스사,C,SK010,유동성,200512,0010238,신한캐피탈㈜,B1,업무용 고정자산,740000000
401,리스사,C,SK010,유동성,200512,0010238,신한캐피탈㈜,B2,자기자본,148934000000
402,리스사,C,SK010,유동성,200603,0010238,신한캐피탈㈜,A,원화 유동성비율,138.27
403,리스사,C,SK010,유동성,200603,0010238,신한캐피탈㈜,A1,유동성자산,268595000000
404,리스사,C,SK010,유동성,200603,0010238,신한캐피탈㈜,A2,유동성부채,194254000000
405,리스사,C,SK010,유동성,200603,0010238,신한캐피탈㈜,B,업무용 고정자산비율,.39
406,리스사,C,SK010,유동성,200603,0010238,신한캐피탈㈜,B1,업무용 고정자산,626000000
407,리스사,C,SK010,유동성,200603,0010238,신한캐피탈㈜,B2,자기자본,160856000000
408,리스사,C,SK010,유동성,200606,0010238,신한캐피탈㈜,A,원화 유동성비율,181.67
409,리스사,C,SK010,유동성,200606,0010238,신한캐피탈㈜,A1,유동성자산,222600000000
410,리스사,C,SK010,유동성,200606,0010238,신한캐피탈㈜,A2,유동성부채,122533000000
411,리스사,C,SK010,유동성,200606,0010238,신한캐피탈㈜,B,업무용 고정자산비율,.55
412,리스사,C,SK010,유동성,200606,0010238,신한캐피탈㈜,B1,업무용 고정자산,906000000
413,리스사,C,SK010,유동성,200606,0010238,신한캐피탈㈜,B2,자기자본,165408000000
414,리스사,C,SK010,유동성,200609,0010238,신한캐피탈㈜,A,원화 유동성비율,125.13
415,리스사,C,SK010,유동성,200609,0010238,신한캐피탈㈜,A1,유동성자산,217836000000
416,리스사,C,SK010,유동성,200609,0010238,신한캐피탈㈜,A2,유동성부채,174081000000
417,리스사,C,SK010,유동성,200609,0010238,신한캐피탈㈜,B,업무용 고정자산비율,.71
418,리스사,C,SK010,유동성,200609,0010238,신한캐피탈㈜,B1,업무용 고정자산,1264000000
419,리스사,C,SK010,유동성,200609,0010238,신한캐피탈㈜,B2,자기자본,176927000000
420,리스사,C,SK010,유동성,200612,0010238,신한캐피탈㈜,A,원화 유동성비율,152.91
421,리스사,C,SK010,유동성,200612,0010238,신한캐피탈㈜,A1,유동성자산,221009000000
422,리스사,C,SK010,유동성,200612,0010238,신한캐피탈㈜,A2,유동성부채,144539000000
423,리스사,C,SK010,유동성,200612,0010238,신한캐피탈㈜,B,업무용 고정자산비율,.67
424,리스사,C,SK010,유동성,200612,0010238,신한캐피탈㈜,B1,업무용 고정자산,1244000000
425,리스사,C,SK010,유동성,200612,0010238,신한캐피탈㈜,B2,자기자본,184957000000
426,리스사,C,SK010,유동성,200403,0011375,엠캐피탈㈜,A,원화 유동성비율,177.03
427,리스사,C,SK010,유동성,200403,0011375,엠캐피탈㈜,A1,유동성자산,179682000000
428,리스사,C,SK010,유동성,200403,0011375,엠캐피탈㈜,A2,유동성부채,101500000000
429,리스사,C,SK010,유동성,200403,0011375,엠캐피탈㈜,B,업무용 고정자산비율,.14
430,리스사,C,SK010,유동성,200403,0011375,엠캐피탈㈜,B1,업무용 고정자산,65000000
431,리스사,C,SK010,유동성,200403,0011375,엠캐피탈㈜,B2,자기자본,47934000000
432,리스사,C,SK010,유동성,200406,0011375,엠캐피탈㈜,A,원화 유동성비율,97.14
433,리스사,C,SK010,유동성,200406,0011375,엠캐피탈㈜,A1,유동성자산,125838000000
434,리스사,C,SK010,유동성,200406,0011375,엠캐피탈㈜,A2,유동성부채,129549000000
435,리스사,C,SK010,유동성,200406,0011375,엠캐피탈㈜,B,업무용 고정자산비율,.34
436,리스사,C,SK010,유동성,200406,0011375,엠캐피탈㈜,B1,업무용 고정자산,168000000
437,리스사,C,SK010,유동성,200406,0011375,엠캐피탈㈜,B2,자기자본,48826000000
438,리스사,C,SK010,유동성,200409,0011375,엠캐피탈㈜,A,원화 유동성비율,137.8
439,리스사,C,SK010,유동성,200409,0011375,엠캐피탈㈜,A1,유동성자산,21622000000
440,리스사,C,SK010,유동성,200409,0011375,엠캐피탈㈜,A2,유동성부채,15691000000
441,리스사,C,SK010,유동성,200409,0011375,엠캐피탈㈜,B,업무용 고정자산비율,.31
442,리스사,C,SK010,유동성,200409,0011375,엠캐피탈㈜,B1,업무용 고정자산,157000000
443,리스사,C,SK010,유동성,200409,0011375,엠캐피탈㈜,B2,자기자본,50445000000
444,리스사,C,SK010,유동성,200412,0011375,엠캐피탈㈜,A,원화 유동성비율,382.71
445,리스사,C,SK010,유동성,200412,0011375,엠캐피탈㈜,A1,유동성자산,50059000000
446,리스사,C,SK010,유동성,200412,0011375,엠캐피탈㈜,A2,유동성부채,13080000000
447,리스사,C,SK010,유동성,200412,0011375,엠캐피탈㈜,B,업무용 고정자산비율,.28
448,리스사,C,SK010,유동성,200412,0011375,엠캐피탈㈜,B1,업무용 고정자산,145000000
449,리스사,C,SK010,유동성,200412,0011375,엠캐피탈㈜,B2,자기자본,51335000000
450,리스사,C,SK010,유동성,200503,0011375,엠캐피탈㈜,A,원화 유동성비율,126.61
451,리스사,C,SK010,유동성,200503,0011375,엠캐피탈㈜,A1,유동성자산,101812000000
452,리스사,C,SK010,유동성,200503,0011375,엠캐피탈㈜,A2,유동성부채,80412000000
453,리스사,C,SK010,유동성,200503,0011375,엠캐피탈㈜,B,업무용 고정자산비율,.72
454,리스사,C,SK010,유동성,200503,0011375,엠캐피탈㈜,B1,업무용 고정자산,369000000
455,리스사,C,SK010,유동성,200503,0011375,엠캐피탈㈜,B2,자기자본,51335000000
456,리스사,C,SK010,유동성,200506,0011375,엠캐피탈㈜,A,원화 유동성비율,103.85
457,리스사,C,SK010,유동성,200506,0011375,엠캐피탈㈜,A1,유동성자산,210175000000
458,리스사,C,SK010,유동성,200506,0011375,엠캐피탈㈜,A2,유동성부채,202380000000
459,리스사,C,SK010,유동성,200506,0011375,엠캐피탈㈜,B,업무용 고정자산비율,.67
460,리스사,C,SK010,유동성,200506,0011375,엠캐피탈㈜,B1,업무용 고정자산,358000000
461,리스사,C,SK010,유동성,200506,0011375,엠캐피탈㈜,B2,자기자본,53333000000
462,리스사,C,SK010,유동성,200509,0011375,엠캐피탈㈜,A,원화 유동성비율,103.21
463,리스사,C,SK010,유동성,200509,0011375,엠캐피탈㈜,A1,유동성자산,146193000000
464,리스사,C,SK010,유동성,200509,0011375,엠캐피탈㈜,A2,유동성부채,141652000000
465,리스사,C,SK010,유동성,200509,0011375,엠캐피탈㈜,B,업무용 고정자산비율,.63
466,리스사,C,SK010,유동성,200509,0011375,엠캐피탈㈜,B1,업무용 고정자산,347000000
467,리스사,C,SK010,유동성,200509,0011375,엠캐피탈㈜,B2,자기자본,54698000000
468,리스사,C,SK010,유동성,200512,0011375,엠캐피탈㈜,A,원화 유동성비율,122.1
469,리스사,C,SK010,유동성,200512,0011375,엠캐피탈㈜,A1,유동성자산,95522000000
470,리스사,C,SK010,유동성,200512,0011375,엠캐피탈㈜,A2,유동성부채,78232000000
471,리스사,C,SK010,유동성,200512,0011375,엠캐피탈㈜,B,업무용 고정자산비율,.74
472,리스사,C,SK010,유동성,200512,0011375,엠캐피탈㈜,B1,업무용 고정자산,439000000
473,리스사,C,SK010,유동성,200512,0011375,엠캐피탈㈜,B2,자기자본,59142000000
474,리스사,C,SK010,유동성,200603,0011375,엠캐피탈㈜,A,원화 유동성비율,107.26
475,리스사,C,SK010,유동성,200603,0011375,엠캐피탈㈜,A1,유동성자산,129838000000
476,리스사,C,SK010,유동성,200603,0011375,엠캐피탈㈜,A2,유동성부채,121049000000
477,리스사,C,SK010,유동성,200603,0011375,엠캐피탈㈜,B,업무용 고정자산비율,.83
478,리스사,C,SK010,유동성,200603,0011375,엠캐피탈㈜,B1,업무용 고정자산,534000000
479,리스사,C,SK010,유동성,200603,0011375,엠캐피탈㈜,B2,자기자본,64322000000
480,리스사,C,SK010,유동성,200606,0011375,엠캐피탈㈜,A,원화 유동성비율,135.09
481,리스사,C,SK010,유동성,200606,0011375,엠캐피탈㈜,A1,유동성자산,124023000000
482,리스사,C,SK010,유동성,200606,0011375,엠캐피탈㈜,A2,유동성부채,91805000000
483,리스사,C,SK010,유동성,200606,0011375,엠캐피탈㈜,B,업무용 고정자산비율,1.07
484,리스사,C,SK010,유동성,200606,0011375,엠캐피탈㈜,B1,업무용 고정자산,695000000
485,리스사,C,SK010,유동성,200606,0011375,엠캐피탈㈜,B2,자기자본,65155000000
486,리스사,C,SK010,유동성,200609,0011375,엠캐피탈㈜,A,원화 유동성비율,110.93
487,리스사,C,SK010,유동성,200609,0011375,엠캐피탈㈜,A1,유동성자산,152479000000
488,리스사,C,SK010,유동성,200609,0011375,엠캐피탈㈜,A2,유동성부채,137450000000
489,리스사,C,SK010,유동성,200609,0011375,엠캐피탈㈜,B,업무용 고정자산비율,1.02
490,리스사,C,SK010,유동성,200609,0011375,엠캐피탈㈜,B1,업무용 고정자산,684000000
491,리스사,C,SK010,유동성,200609,0011375,엠캐피탈㈜,B2,자기자본,67215000000
492,리스사,C,SK010,유동성,200612,0011375,엠캐피탈㈜,A,원화 유동성비율,107.21
493,리스사,C,SK010,유동성,200612,0011375,엠캐피탈㈜,A1,유동성자산,182657000000
494,리스사,C,SK010,유동성,200612,0011375,엠캐피탈㈜,A2,유동성부채,170372000000
495,리스사,C,SK010,유동성,200612,0011375,엠캐피탈㈜,B,업무용 고정자산비율,.98
496,리스사,C,SK010,유동성,200612,0011375,엠캐피탈㈜,B1,업무용 고정자산,669000000
497,리스사,C,SK010,유동성,200612,0011375,엠캐피탈㈜,B2,자기자본,68492000000
498,리스사,C,SK010,유동성,200403,0011380,오릭스캐피탈코리아㈜,A,원화 유동성비율,73373.08
499,리스사,C,SK010,유동성,200403,0011380,오릭스캐피탈코리아㈜,A1,유동성자산,19077000000
500,리스사,C,SK010,유동성,200403,0011380,오릭스캐피탈코리아㈜,A2,유동성부채,26000000
501,리스사,C,SK010,유동성,200403,0011380,오릭스캐피탈코리아㈜,B,업무용 고정자산비율,1.73
502,리스사,C,SK010,유동성,200403,0011380,오릭스캐피탈코리아㈜,B1,업무용 고정자산,339000000
503,리스사,C,SK010,유동성,200403,0011380,오릭스캐피탈코리아㈜,B2,자기자본,19589000000
504,리스사,C,SK010,유동성,200406,0011380,오릭스캐피탈코리아㈜,A,원화 유동성비율,14350.43
505,리스사,C,SK010,유동성,200406,0011380,오릭스캐피탈코리아㈜,A1,유동성자산,16790000000
506,리스사,C,SK010,유동성,200406,0011380,오릭스캐피탈코리아㈜,A2,유동성부채,117000000
507,리스사,C,SK010,유동성,200406,0011380,오릭스캐피탈코리아㈜,B,업무용 고정자산비율,1.7
508,리스사,C,SK010,유동성,200406,0011380,오릭스캐피탈코리아㈜,B1,업무용 고정자산,327000000
509,리스사,C,SK010,유동성,200406,0011380,오릭스캐피탈코리아㈜,B2,자기자본,19263000000
510,리스사,C,SK010,유동성,200409,0011380,오릭스캐피탈코리아㈜,A,원화 유동성비율,10975
511,리스사,C,SK010,유동성,200409,0011380,오릭스캐피탈코리아㈜,A1,유동성자산,10536000000
512,리스사,C,SK010,유동성,200409,0011380,오릭스캐피탈코리아㈜,A2,유동성부채,96000000
513,리스사,C,SK010,유동성,200409,0011380,오릭스캐피탈코리아㈜,B,업무용 고정자산비율,1.82
514,리스사,C,SK010,유동성,200409,0011380,오릭스캐피탈코리아㈜,B1,업무용 고정자산,345000000
515,리스사,C,SK010,유동성,200409,0011380,오릭스캐피탈코리아㈜,B2,자기자본,18910000000
516,리스사,C,SK010,유동성,200412,0011380,오릭스캐피탈코리아㈜,A,원화 유동성비율,1223.38
517,리스사,C,SK010,유동성,200412,0011380,오릭스캐피탈코리아㈜,A1,유동성자산,3976000000
518,리스사,C,SK010,유동성,200412,0011380,오릭스캐피탈코리아㈜,A2,유동성부채,325000000
519,리스사,C,SK010,유동성,200412,0011380,오릭스캐피탈코리아㈜,B,업무용 고정자산비율,2.01
520,리스사,C,SK010,유동성,200412,0011380,오릭스캐피탈코리아㈜,B1,업무용 고정자산,373000000
521,리스사,C,SK010,유동성,200412,0011380,오릭스캐피탈코리아㈜,B2,자기자본,18531000000
522,리스사,C,SK010,유동성,200503,0011380,오릭스캐피탈코리아㈜,A,원화 유동성비율,71.95
523,리스사,C,SK010,유동성,200503,0011380,오릭스캐피탈코리아㈜,A1,유동성자산,6924000000
524,리스사,C,SK010,유동성,200503,0011380,오릭스캐피탈코리아㈜,A2,유동성부채,9623000000
525,리스사,C,SK010,유동성,200503,0011380,오릭스캐피탈코리아㈜,B,업무용 고정자산비율,2.7
526,리스사,C,SK010,유동성,200503,0011380,오릭스캐피탈코리아㈜,B1,업무용 고정자산,484000000
527,리스사,C,SK010,유동성,200503,0011380,오릭스캐피탈코리아㈜,B2,자기자본,17902000000
528,리스사,C,SK010,유동성,200506,0011380,오릭스캐피탈코리아㈜,A,원화 유동성비율,123.2
529,리스사,C,SK010,유동성,200506,0011380,오릭스캐피탈코리아㈜,A1,유동성자산,8665000000
530,리스사,C,SK010,유동성,200506,0011380,오릭스캐피탈코리아㈜,A2,유동성부채,7033000000
531,리스사,C,SK010,유동성,200506,0011380,오릭스캐피탈코리아㈜,B,업무용 고정자산비율,3.07
532,리스사,C,SK010,유동성,200506,0011380,오릭스캐피탈코리아㈜,B1,업무용 고정자산,544000000
533,리스사,C,SK010,유동성,200506,0011380,오릭스캐피탈코리아㈜,B2,자기자본,17694000000
534,리스사,C,SK010,유동성,200509,0011380,오릭스캐피탈코리아㈜,A,원화 유동성비율,148.83
535,리스사,C,SK010,유동성,200509,0011380,오릭스캐피탈코리아㈜,A1,유동성자산,13292000000
536,리스사,C,SK010,유동성,200509,0011380,오릭스캐피탈코리아㈜,A2,유동성부채,8931000000
537,리스사,C,SK010,유동성,200509,0011380,오릭스캐피탈코리아㈜,B,업무용 고정자산비율,3.05
538,리스사,C,SK010,유동성,200509,0011380,오릭스캐피탈코리아㈜,B1,업무용 고정자산,544000000
539,리스사,C,SK010,유동성,200509,0011380,오릭스캐피탈코리아㈜,B2,자기자본,17820000000
540,리스사,C,SK010,유동성,200512,0011380,오릭스캐피탈코리아㈜,A,원화 유동성비율,183.13
541,리스사,C,SK010,유동성,200512,0011380,오릭스캐피탈코리아㈜,A1,유동성자산,13193000000
542,리스사,C,SK010,유동성,200512,0011380,오릭스캐피탈코리아㈜,A2,유동성부채,7204000000
543,리스사,C,SK010,유동성,200512,0011380,오릭스캐피탈코리아㈜,B,업무용 고정자산비율,3.17
544,리스사,C,SK010,유동성,200512,0011380,오릭스캐피탈코리아㈜,B1,업무용 고정자산,544000000
545,리스사,C,SK010,유동성,200512,0011380,오릭스캐피탈코리아㈜,B2,자기자본,17146000000
546,리스사,C,SK010,유동성,200603,0011380,오릭스캐피탈코리아㈜,A,원화 유동성비율,312.56
547,리스사,C,SK010,유동성,200603,0011380,오릭스캐피탈코리아㈜,A1,유동성자산,19579000000
548,리스사,C,SK010,유동성,200603,0011380,오릭스캐피탈코리아㈜,A2,유동성부채,6264000000
549,리스사,C,SK010,유동성,200603,0011380,오릭스캐피탈코리아㈜,B,업무용 고정자산비율,2.23
550,리스사,C,SK010,유동성,200603,0011380,오릭스캐피탈코리아㈜,B1,업무용 고정자산,607000000
551,리스사,C,SK010,유동성,200603,0011380,오릭스캐피탈코리아㈜,B2,자기자본,27180000000
552,리스사,C,SK010,유동성,200606,0011380,오릭스캐피탈코리아㈜,A,원화 유동성비율,848.83
553,리스사,C,SK010,유동성,200606,0011380,오릭스캐피탈코리아㈜,A1,유동성자산,19158000000
554,리스사,C,SK010,유동성,200606,0011380,오릭스캐피탈코리아㈜,A2,유동성부채,2257000000
555,리스사,C,SK010,유동성,200606,0011380,오릭스캐피탈코리아㈜,B,업무용 고정자산비율,2.25
556,리스사,C,SK010,유동성,200606,0011380,오릭스캐피탈코리아㈜,B1,업무용 고정자산,609000000
557,리스사,C,SK010,유동성,200606,0011380,오릭스캐피탈코리아㈜,B2,자기자본,27009000000
558,리스사,C,SK010,유동성,200609,0011380,오릭스캐피탈코리아㈜,A,원화 유동성비율,367.32
559,리스사,C,SK010,유동성,200609,0011380,오릭스캐피탈코리아㈜,A1,유동성자산,27163000000
560,리스사,C,SK010,유동성,200609,0011380,오릭스캐피탈코리아㈜,A2,유동성부채,7395000000
561,리스사,C,SK010,유동성,200609,0011380,오릭스캐피탈코리아㈜,B,업무용 고정자산비율,2.91
562,리스사,C,SK010,유동성,200609,0011380,오릭스캐피탈코리아㈜,B1,업무용 고정자산,795000000
563,리스사,C,SK010,유동성,200609,0011380,오릭스캐피탈코리아㈜,B2,자기자본,27319000000
564,리스사,C,SK010,유동성,200612,0011380,오릭스캐피탈코리아㈜,A,원화 유동성비율,257.17
565,리스사,C,SK010,유동성,200612,0011380,오릭스캐피탈코리아㈜,A1,유동성자산,34954000000
566,리스사,C,SK010,유동성,200612,0011380,오릭스캐피탈코리아㈜,A2,유동성부채,13592000000
567,리스사,C,SK010,유동성,200612,0011380,오릭스캐피탈코리아㈜,B,업무용 고정자산비율,1.97
568,리스사,C,SK010,유동성,200612,0011380,오릭스캐피탈코리아㈜,B1,업무용 고정자산,546000000
569,리스사,C,SK010,유동성,200612,0011380,오릭스캐피탈코리아㈜,B2,자기자본,27779000000
570,리스사,C,SK010,유동성,200212,0010240,오케이캐피탈 ㈜,A,원화 유동성비율,734.32
571,리스사,C,SK010,유동성,200212,0010240,오케이캐피탈 ㈜,A1,유동성자산,51109000000
572,리스사,C,SK010,유동성,200212,0010240,오케이캐피탈 ㈜,A2,유동성부채,6960000000
573,리스사,C,SK010,유동성,200212,0010240,오케이캐피탈 ㈜,B,업무용 고정자산비율,2.77
574,리스사,C,SK010,유동성,200212,0010240,오케이캐피탈 ㈜,B1,업무용 고정자산,2195000000
575,리스사,C,SK010,유동성,200212,0010240,오케이캐피탈 ㈜,B2,자기자본,79198000000
576,리스사,C,SK010,유동성,200303,0010240,오케이캐피탈 ㈜,A,원화 유동성비율,3989.13
577,리스사,C,SK010,유동성,200303,0010240,오케이캐피탈 ㈜,A1,유동성자산,52497000000
578,리스사,C,SK010,유동성,200303,0010240,오케이캐피탈 ㈜,A2,유동성부채,1316000000
579,리스사,C,SK010,유동성,200303,0010240,오케이캐피탈 ㈜,B,업무용 고정자산비율,2.45
580,리스사,C,SK010,유동성,200303,0010240,오케이캐피탈 ㈜,B1,업무용 고정자산,2264000000
581,리스사,C,SK010,유동성,200303,0010240,오케이캐피탈 ㈜,B2,자기자본,92439000000
582,리스사,C,SK010,유동성,200306,0010240,오케이캐피탈 ㈜,A,원화 유동성비율,4561.62
583,리스사,C,SK010,유동성,200306,0010240,오케이캐피탈 ㈜,A1,유동성자산,65961000000
584,리스사,C,SK010,유동성,200306,0010240,오케이캐피탈 ㈜,A2,유동성부채,1446000000
585,리스사,C,SK010,유동성,200306,0010240,오케이캐피탈 ㈜,B,업무용 고정자산비율,2.18
586,리스사,C,SK010,유동성,200306,0010240,오케이캐피탈 ㈜,B1,업무용 고정자산,2132000000
587,리스사,C,SK010,유동성,200306,0010240,오케이캐피탈 ㈜,B2,자기자본,97955000000
588,리스사,C,SK010,유동성,200309,0010240,오케이캐피탈 ㈜,A,원화 유동성비율,3364.54
589,리스사,C,SK010,유동성,200309,0010240,오케이캐피탈 ㈜,A1,유동성자산,42696000000
590,리스사,C,SK010,유동성,200309,0010240,오케이캐피탈 ㈜,A2,유동성부채,1269000000
591,리스사,C,SK010,유동성,200309,0010240,오케이캐피탈 ㈜,B,업무용 고정자산비율,2.11
592,리스사,C,SK010,유동성,200309,0010240,오케이캐피탈 ㈜,B1,업무용 고정자산,2150000000
593,리스사,C,SK010,유동성,200309,0010240,오케이캐피탈 ㈜,B2,자기자본,101670000000
594,리스사,C,SK010,유동성,200312,0010240,오케이캐피탈 ㈜,A,원화 유동성비율,446.83
595,리스사,C,SK010,유동성,200312,0010240,오케이캐피탈 ㈜,A1,유동성자산,52556000000
596,리스사,C,SK010,유동성,200312,0010240,오케이캐피탈 ㈜,A2,유동성부채,11762000000
597,리스사,C,SK010,유동성,200312,0010240,오케이캐피탈 ㈜,B,업무용 고정자산비율,2.03
598,리스사,C,SK010,유동성,200312,0010240,오케이캐피탈 ㈜,B1,업무용 고정자산,2149000000
599,리스사,C,SK010,유동성,200312,0010240,오케이캐피탈 ㈜,B2,자기자본,106039000000
600,리스사,C,SK010,유동성,200403,0010240,오케이캐피탈 ㈜,A,원화 유동성비율,4025.67
601,리스사,C,SK010,유동성,200403,0010240,오케이캐피탈 ㈜,A1,유동성자산,65699000000
602,리스사,C,SK010,유동성,200403,0010240,오케이캐피탈 ㈜,A2,유동성부채,1632000000
603,리스사,C,SK010,유동성,200403,0010240,오케이캐피탈 ㈜,B,업무용 고정자산비율,1.87
604,리스사,C,SK010,유동성,200403,0010240,오케이캐피탈 ㈜,B1,업무용 고정자산,2131000000
605,리스사,C,SK010,유동성,200403,0010240,오케이캐피탈 ㈜,B2,자기자본,113871000000
606,리스사,C,SK010,유동성,200406,0010240,오케이캐피탈 ㈜,A,원화 유동성비율,265.95
607,리스사,C,SK010,유동성,200406,0010240,오케이캐피탈 ㈜,A1,유동성자산,73266000000
608,리스사,C,SK010,유동성,200406,0010240,오케이캐피탈 ㈜,A2,유동성부채,27549000000
609,리스사,C,SK010,유동성,200406,0010240,오케이캐피탈 ㈜,B,업무용 고정자산비율,1.72
610,리스사,C,SK010,유동성,200406,0010240,오케이캐피탈 ㈜,B1,업무용 고정자산,2006000000
611,리스사,C,SK010,유동성,200406,0010240,오케이캐피탈 ㈜,B2,자기자본,116419000000
612,리스사,C,SK010,유동성,200409,0010240,오케이캐피탈 ㈜,A,원화 유동성비율,935.31
613,리스사,C,SK010,유동성,200409,0010240,오케이캐피탈 ㈜,A1,유동성자산,64555000000
614,리스사,C,SK010,유동성,200409,0010240,오케이캐피탈 ㈜,A2,유동성부채,6902000000
615,리스사,C,SK010,유동성,200409,0010240,오케이캐피탈 ㈜,B,업무용 고정자산비율,1.65
616,리스사,C,SK010,유동성,200409,0010240,오케이캐피탈 ㈜,B1,업무용 고정자산,2006000000
617,리스사,C,SK010,유동성,200409,0010240,오케이캐피탈 ㈜,B2,자기자본,121690000000
618,리스사,C,SK010,유동성,200412,0010240,오케이캐피탈 ㈜,A,원화 유동성비율,272.74
619,리스사,C,SK010,유동성,200412,0010240,오케이캐피탈 ㈜,A1,유동성자산,79818000000
620,리스사,C,SK010,유동성,200412,0010240,오케이캐피탈 ㈜,A2,유동성부채,29265000000
621,리스사,C,SK010,유동성,200412,0010240,오케이캐피탈 ㈜,B,업무용 고정자산비율,2.06
622,리스사,C,SK010,유동성,200412,0010240,오케이캐피탈 ㈜,B1,업무용 고정자산,2765000000
623,리스사,C,SK010,유동성,200412,0010240,오케이캐피탈 ㈜,B2,자기자본,134310000000
624,리스사,C,SK010,유동성,200503,0010240,오케이캐피탈 ㈜,A,원화 유동성비율,646.21
625,리스사,C,SK010,유동성,200503,0010240,오케이캐피탈 ㈜,A1,유동성자산,80027000000
626,리스사,C,SK010,유동성,200503,0010240,오케이캐피탈 ㈜,A2,유동성부채,12384000000
627,리스사,C,SK010,유동성,200503,0010240,오케이캐피탈 ㈜,B,업무용 고정자산비율,2.08
628,리스사,C,SK010,유동성,200503,0010240,오케이캐피탈 ㈜,B1,업무용 고정자산,2747000000
629,리스사,C,SK010,유동성,200503,0010240,오케이캐피탈 ㈜,B2,자기자본,131843000000
630,리스사,C,SK010,유동성,200506,0010240,오케이캐피탈 ㈜,A,원화 유동성비율,146.62
631,리스사,C,SK010,유동성,200506,0010240,오케이캐피탈 ㈜,A1,유동성자산,71033000000
632,리스사,C,SK010,유동성,200506,0010240,오케이캐피탈 ㈜,A2,유동성부채,48446000000
633,리스사,C,SK010,유동성,200506,0010240,오케이캐피탈 ㈜,B,업무용 고정자산비율,1.9
634,리스사,C,SK010,유동성,200506,0010240,오케이캐피탈 ㈜,B1,업무용 고정자산,2517000000
635,리스사,C,SK010,유동성,200506,0010240,오케이캐피탈 ㈜,B2,자기자본,132408000000
636,리스사,C,SK010,유동성,200509,0010240,오케이캐피탈 ㈜,A,원화 유동성비율,606.96
637,리스사,C,SK010,유동성,200509,0010240,오케이캐피탈 ㈜,A1,유동성자산,120773000000
638,리스사,C,SK010,유동성,200509,0010240,오케이캐피탈 ㈜,A2,유동성부채,19898000000
639,리스사,C,SK010,유동성,200509,0010240,오케이캐피탈 ㈜,B,업무용 고정자산비율,1.8
640,리스사,C,SK010,유동성,200509,0010240,오케이캐피탈 ㈜,B1,업무용 고정자산,2557000000
641,리스사,C,SK010,유동성,200509,0010240,오케이캐피탈 ㈜,B2,자기자본,141933000000
642,리스사,C,SK010,유동성,200512,0010240,오케이캐피탈 ㈜,A,원화 유동성비율,243.76
643,리스사,C,SK010,유동성,200512,0010240,오케이캐피탈 ㈜,A1,유동성자산,86083000000
644,리스사,C,SK010,유동성,200512,0010240,오케이캐피탈 ㈜,A2,유동성부채,35314000000
645,리스사,C,SK010,유동성,200512,0010240,오케이캐피탈 ㈜,B,업무용 고정자산비율,2.1
646,리스사,C,SK010,유동성,200512,0010240,오케이캐피탈 ㈜,B1,업무용 고정자산,3180000000
647,리스사,C,SK010,유동성,200512,0010240,오케이캐피탈 ㈜,B2,자기자본,151274000000
648,리스사,C,SK010,유동성,200603,0010240,오케이캐피탈 ㈜,A,원화 유동성비율,960.26
649,리스사,C,SK010,유동성,200603,0010240,오케이캐피탈 ㈜,A1,유동성자산,104073000000
650,리스사,C,SK010,유동성,200603,0010240,오케이캐피탈 ㈜,A2,유동성부채,10838000000
651,리스사,C,SK010,유동성,200603,0010240,오케이캐피탈 ㈜,B,업무용 고정자산비율,4.04
652,리스사,C,SK010,유동성,200603,0010240,오케이캐피탈 ㈜,B1,업무용 고정자산,3864000000
653,리스사,C,SK010,유동성,200603,0010240,오케이캐피탈 ㈜,B2,자기자본,95639000000
654,리스사,C,SK010,유동성,200606,0010240,오케이캐피탈 ㈜,A,원화 유동성비율,1725.04
655,리스사,C,SK010,유동성,200606,0010240,오케이캐피탈 ㈜,A1,유동성자산,100587000000
656,리스사,C,SK010,유동성,200606,0010240,오케이캐피탈 ㈜,A2,유동성부채,5831000000
657,리스사,C,SK010,유동성,200606,0010240,오케이캐피탈 ㈜,B,업무용 고정자산비율,3.78
658,리스사,C,SK010,유동성,200606,0010240,오케이캐피탈 ㈜,B1,업무용 고정자산,3864000000
659,리스사,C,SK010,유동성,200606,0010240,오케이캐피탈 ㈜,B2,자기자본,102193000000
660,리스사,C,SK010,유동성,200609,0010240,오케이캐피탈 ㈜,A,원화 유동성비율,1324.35
661,리스사,C,SK010,유동성,200609,0010240,오케이캐피탈 ㈜,A1,유동성자산,52749000000
662,리스사,C,SK010,유동성,200609,0010240,오케이캐피탈 ㈜,A2,유동성부채,3983000000
663,리스사,C,SK010,유동성,200609,0010240,오케이캐피탈 ㈜,B,업무용 고정자산비율,6.86
664,리스사,C,SK010,유동성,200609,0010240,오케이캐피탈 ㈜,B1,업무용 고정자산,7599000000
665,리스사,C,SK010,유동성,200609,0010240,오케이캐피탈 ㈜,B2,자기자본,110848000000
666,리스사,C,SK010,유동성,200612,0010240,오케이캐피탈 ㈜,A,원화 유동성비율,1119.41
667,리스사,C,SK010,유동성,200612,0010240,오케이캐피탈 ㈜,A1,유동성자산,54146000000
668,리스사,C,SK010,유동성,200612,0010240,오케이캐피탈 ㈜,A2,유동성부채,4837000000
669,리스사,C,SK010,유동성,200612,0010240,오케이캐피탈 ㈜,B,업무용 고정자산비율,8.51
670,리스사,C,SK010,유동성,200612,0010240,오케이캐피탈 ㈜,B1,업무용 고정자산,10254000000
671,리스사,C,SK010,유동성,200612,0010240,오케이캐피탈 ㈜,B2,자기자본,120492000000
672,리스사,C,SK010,유동성,200212,0010250,케이비캐피탈㈜,A,원화 유동성비율,973.64
673,리스사,C,SK010,유동성,200212,0010250,케이비캐피탈㈜,A1,유동성자산,28586000000
674,리스사,C,SK010,유동성,200212,0010250,케이비캐피탈㈜,A2,유동성부채,2936000000
675,리스사,C,SK010,유동성,200212,0010250,케이비캐피탈㈜,B,업무용 고정자산비율,4.16
676,리스사,C,SK010,유동성,200212,0010250,케이비캐피탈㈜,B1,업무용 고정자산,3473000000
677,리스사,C,SK010,유동성,200212,0010250,케이비캐피탈㈜,B2,자기자본,83464000000
678,리스사,C,SK010,유동성,200303,0010250,케이비캐피탈㈜,A,원화 유동성비율,1122.48
679,리스사,C,SK010,유동성,200303,0010250,케이비캐피탈㈜,A1,유동성자산,32956000000
680,리스사,C,SK010,유동성,200303,0010250,케이비캐피탈㈜,A2,유동성부채,2936000000
681,리스사,C,SK010,유동성,200303,0010250,케이비캐피탈㈜,B,업무용 고정자산비율,2.78
682,리스사,C,SK010,유동성,200303,0010250,케이비캐피탈㈜,B1,업무용 고정자산,2373000000
683,리스사,C,SK010,유동성,200303,0010250,케이비캐피탈㈜,B2,자기자본,85270000000
684,리스사,C,SK010,유동성,200306,0010250,케이비캐피탈㈜,A,원화 유동성비율,1526.8
685,리스사,C,SK010,유동성,200306,0010250,케이비캐피탈㈜,A1,유동성자산,64599000000
686,리스사,C,SK010,유동성,200306,0010250,케이비캐피탈㈜,A2,유동성부채,4231000000
687,리스사,C,SK010,유동성,200306,0010250,케이비캐피탈㈜,B,업무용 고정자산비율,3.73
688,리스사,C,SK010,유동성,200306,0010250,케이비캐피탈㈜,B1,업무용 고정자산,3411000000
689,리스사,C,SK010,유동성,200306,0010250,케이비캐피탈㈜,B2,자기자본,91466000000
690,리스사,C,SK010,유동성,200309,0010250,케이비캐피탈㈜,A,원화 유동성비율,1280.68
691,리스사,C,SK010,유동성,200309,0010250,케이비캐피탈㈜,A1,유동성자산,47667000000
692,리스사,C,SK010,유동성,200309,0010250,케이비캐피탈㈜,A2,유동성부채,3722000000
693,리스사,C,SK010,유동성,200309,0010250,케이비캐피탈㈜,B,업무용 고정자산비율,3.59
694,리스사,C,SK010,유동성,200309,0010250,케이비캐피탈㈜,B1,업무용 고정자산,3383000000
695,리스사,C,SK010,유동성,200309,0010250,케이비캐피탈㈜,B2,자기자본,94270000000
696,리스사,C,SK010,유동성,200312,0010250,케이비캐피탈㈜,A,원화 유동성비율,2220.29
697,리스사,C,SK010,유동성,200312,0010250,케이비캐피탈㈜,A1,유동성자산,75845000000
698,리스사,C,SK010,유동성,200312,0010250,케이비캐피탈㈜,A2,유동성부채,3416000000
699,리스사,C,SK010,유동성,200312,0010250,케이비캐피탈㈜,B,업무용 고정자산비율,3.39
700,리스사,C,SK010,유동성,200312,0010250,케이비캐피탈㈜,B1,업무용 고정자산,3356000000
701,리스사,C,SK010,유동성,200312,0010250,케이비캐피탈㈜,B2,자기자본,98858000000
702,리스사,C,SK010,유동성,200403,0010250,케이비캐피탈㈜,A,원화 유동성비율,989.26
703,리스사,C,SK010,유동성,200403,0010250,케이비캐피탈㈜,A1,유동성자산,33793000000
704,리스사,C,SK010,유동성,200403,0010250,케이비캐피탈㈜,A2,유동성부채,3416000000
705,리스사,C,SK010,유동성,200403,0010250,케이비캐피탈㈜,B,업무용 고정자산비율,3.42
706,리스사,C,SK010,유동성,200403,0010250,케이비캐피탈㈜,B1,업무용 고정자산,3484000000
707,리스사,C,SK010,유동성,200403,0010250,케이비캐피탈㈜,B2,자기자본,101818000000
708,리스사,C,SK010,유동성,200406,0010250,케이비캐피탈㈜,A,원화 유동성비율,1050.6
709,리스사,C,SK010,유동성,200406,0010250,케이비캐피탈㈜,A1,유동성자산,35983000000
710,리스사,C,SK010,유동성,200406,0010250,케이비캐피탈㈜,A2,유동성부채,3425000000
711,리스사,C,SK010,유동성,200406,0010250,케이비캐피탈㈜,B,업무용 고정자산비율,3.3
712,리스사,C,SK010,유동성,200406,0010250,케이비캐피탈㈜,B1,업무용 고정자산,3476000000
713,리스사,C,SK010,유동성,200406,0010250,케이비캐피탈㈜,B2,자기자본,105476000000
714,리스사,C,SK010,유동성,200409,0010250,케이비캐피탈㈜,A,원화 유동성비율,1111.1
715,리스사,C,SK010,유동성,200409,0010250,케이비캐피탈㈜,A1,유동성자산,38144000000
716,리스사,C,SK010,유동성,200409,0010250,케이비캐피탈㈜,A2,유동성부채,3433000000
717,리스사,C,SK010,유동성,200409,0010250,케이비캐피탈㈜,B,업무용 고정자산비율,3.12
718,리스사,C,SK010,유동성,200409,0010250,케이비캐피탈㈜,B1,업무용 고정자산,3443000000
719,리스사,C,SK010,유동성,200409,0010250,케이비캐피탈㈜,B2,자기자본,110352000000
720,리스사,C,SK010,유동성,200412,0010250,케이비캐피탈㈜,A,원화 유동성비율,842.72
721,리스사,C,SK010,유동성,200412,0010250,케이비캐피탈㈜,A1,유동성자산,66019000000
722,리스사,C,SK010,유동성,200412,0010250,케이비캐피탈㈜,A2,유동성부채,7834000000
723,리스사,C,SK010,유동성,200412,0010250,케이비캐피탈㈜,B,업무용 고정자산비율,2.83
724,리스사,C,SK010,유동성,200412,0010250,케이비캐피탈㈜,B1,업무용 고정자산,3403000000
725,리스사,C,SK010,유동성,200412,0010250,케이비캐피탈㈜,B2,자기자본,120178000000
726,리스사,C,SK010,유동성,200503,0010250,케이비캐피탈㈜,A,원화 유동성비율,809.39
727,리스사,C,SK010,유동성,200503,0010250,케이비캐피탈㈜,A1,유동성자산,47155000000
728,리스사,C,SK010,유동성,200503,0010250,케이비캐피탈㈜,A2,유동성부채,5826000000
729,리스사,C,SK010,유동성,200503,0010250,케이비캐피탈㈜,B,업무용 고정자산비율,2.7
730,리스사,C,SK010,유동성,200503,0010250,케이비캐피탈㈜,B1,업무용 고정자산,3379000000
731,리스사,C,SK010,유동성,200503,0010250,케이비캐피탈㈜,B2,자기자본,125190000000
732,리스사,C,SK010,유동성,200506,0010250,케이비캐피탈㈜,A,원화 유동성비율,825.55
733,리스사,C,SK010,유동성,200506,0010250,케이비캐피탈㈜,A1,유동성자산,45430000000
734,리스사,C,SK010,유동성,200506,0010250,케이비캐피탈㈜,A2,유동성부채,5503000000
735,리스사,C,SK010,유동성,200506,0010250,케이비캐피탈㈜,B,업무용 고정자산비율,2.6
736,리스사,C,SK010,유동성,200506,0010250,케이비캐피탈㈜,B1,업무용 고정자산,3342000000
737,리스사,C,SK010,유동성,200506,0010250,케이비캐피탈㈜,B2,자기자본,128779000000
738,리스사,C,SK010,유동성,200509,0010250,케이비캐피탈㈜,A,원화 유동성비율,1081.8
739,리스사,C,SK010,유동성,200509,0010250,케이비캐피탈㈜,A1,유동성자산,40178000000
740,리스사,C,SK010,유동성,200509,0010250,케이비캐피탈㈜,A2,유동성부채,3714000000
741,리스사,C,SK010,유동성,200509,0010250,케이비캐피탈㈜,B,업무용 고정자산비율,2.56
742,리스사,C,SK010,유동성,200509,0010250,케이비캐피탈㈜,B1,업무용 고정자산,3303000000
743,리스사,C,SK010,유동성,200509,0010250,케이비캐피탈㈜,B2,자기자본,128914000000
744,리스사,C,SK010,유동성,200512,0010250,케이비캐피탈㈜,A,원화 유동성비율,544.86
745,리스사,C,SK010,유동성,200512,0010250,케이비캐피탈㈜,A1,유동성자산,41393000000
746,리스사,C,SK010,유동성,200512,0010250,케이비캐피탈㈜,A2,유동성부채,7597000000
747,리스사,C,SK010,유동성,200512,0010250,케이비캐피탈㈜,B,업무용 고정자산비율,3.58
748,리스사,C,SK010,유동성,200512,0010250,케이비캐피탈㈜,B1,업무용 고정자산,4836000000
749,리스사,C,SK010,유동성,200512,0010250,케이비캐피탈㈜,B2,자기자본,135141000000
750,리스사,C,SK010,유동성,200603,0010250,케이비캐피탈㈜,A,원화 유동성비율,1511.19
751,리스사,C,SK010,유동성,200603,0010250,케이비캐피탈㈜,A1,유동성자산,51199000000
752,리스사,C,SK010,유동성,200603,0010250,케이비캐피탈㈜,A2,유동성부채,3388000000
753,리스사,C,SK010,유동성,200603,0010250,케이비캐피탈㈜,B,업무용 고정자산비율,3.01
754,리스사,C,SK010,유동성,200603,0010250,케이비캐피탈㈜,B1,업무용 고정자산,4645000000
755,리스사,C,SK010,유동성,200603,0010250,케이비캐피탈㈜,B2,자기자본,154532000000
756,리스사,C,SK010,유동성,200606,0010250,케이비캐피탈㈜,A,원화 유동성비율,1296.16
757,리스사,C,SK010,유동성,200606,0010250,케이비캐피탈㈜,A1,유동성자산,46208000000
758,리스사,C,SK010,유동성,200606,0010250,케이비캐피탈㈜,A2,유동성부채,3565000000
759,리스사,C,SK010,유동성,200606,0010250,케이비캐피탈㈜,B,업무용 고정자산비율,2.96
760,리스사,C,SK010,유동성,200606,0010250,케이비캐피탈㈜,B1,업무용 고정자산,4506000000
761,리스사,C,SK010,유동성,200606,0010250,케이비캐피탈㈜,B2,자기자본,152254000000
762,리스사,C,SK010,유동성,200609,0010250,케이비캐피탈㈜,A,원화 유동성비율,614.94
763,리스사,C,SK010,유동성,200609,0010250,케이비캐피탈㈜,A1,유동성자산,40162000000
764,리스사,C,SK010,유동성,200609,0010250,케이비캐피탈㈜,A2,유동성부채,6531000000
765,리스사,C,SK010,유동성,200609,0010250,케이비캐피탈㈜,B,업무용 고정자산비율,2.89
766,리스사,C,SK010,유동성,200609,0010250,케이비캐피탈㈜,B1,업무용 고정자산,4479000000
767,리스사,C,SK010,유동성,200609,0010250,케이비캐피탈㈜,B2,자기자본,154738000000
768,리스사,C,SK010,유동성,200612,0010250,케이비캐피탈㈜,A,원화 유동성비율,1826.36
769,리스사,C,SK010,유동성,200612,0010250,케이비캐피탈㈜,A1,유동성자산,81145000000
770,리스사,C,SK010,유동성,200612,0010250,케이비캐피탈㈜,A2,유동성부채,4443000000
771,리스사,C,SK010,유동성,200612,0010250,케이비캐피탈㈜,B,업무용 고정자산비율,3.6
772,리스사,C,SK010,유동성,200612,0010250,케이비캐피탈㈜,B1,업무용 고정자산,5975000000
773,리스사,C,SK010,유동성,200612,0010250,케이비캐피탈㈜,B2,자기자본,165947000000
774,리스사,C,SK010,유동성,200503,0011533,토요타파이낸셜서비스코리아㈜,A,원화 유동성비율,31396.61
775,리스사,C,SK010,유동성,200503,0011533,토요타파이낸셜서비스코리아㈜,A1,유동성자산,18524000000
776,리스사,C,SK010,유동성,200503,0011533,토요타파이낸셜서비스코리아㈜,A2,유동성부채,59000000
777,리스사,C,SK010,유동성,200503,0011533,토요타파이낸셜서비스코리아㈜,B,업무용 고정자산비율,1.73
778,리스사,C,SK010,유동성,200503,0011533,토요타파이낸셜서비스코리아㈜,B1,업무용 고정자산,331000000
779,리스사,C,SK010,유동성,200503,0011533,토요타파이낸셜서비스코리아㈜,B2,자기자본,19087000000
780,리스사,C,SK010,유동성,200506,0011533,토요타파이낸셜서비스코리아㈜,A,원화 유동성비율,22864.15
781,리스사,C,SK010,유동성,200506,0011533,토요타파이낸셜서비스코리아㈜,A1,유동성자산,12118000000
782,리스사,C,SK010,유동성,200506,0011533,토요타파이낸셜서비스코리아㈜,A2,유동성부채,53000000
783,리스사,C,SK010,유동성,200506,0011533,토요타파이낸셜서비스코리아㈜,B,업무용 고정자산비율,1.7
784,리스사,C,SK010,유동성,200506,0011533,토요타파이낸셜서비스코리아㈜,B1,업무용 고정자산,320000000
785,리스사,C,SK010,유동성,200506,0011533,토요타파이낸셜서비스코리아㈜,B2,자기자본,18794000000
786,리스사,C,SK010,유동성,200509,0011533,토요타파이낸셜서비스코리아㈜,A,원화 유동성비율,18188.89
787,리스사,C,SK010,유동성,200509,0011533,토요타파이낸셜서비스코리아㈜,A1,유동성자산,4911000000
788,리스사,C,SK010,유동성,200509,0011533,토요타파이낸셜서비스코리아㈜,A2,유동성부채,27000000
789,리스사,C,SK010,유동성,200509,0011533,토요타파이낸셜서비스코리아㈜,B,업무용 고정자산비율,1.68
790,리스사,C,SK010,유동성,200509,0011533,토요타파이낸셜서비스코리아㈜,B1,업무용 고정자산,311000000
791,리스사,C,SK010,유동성,200509,0011533,토요타파이낸셜서비스코리아㈜,B2,자기자본,18509000000
792,리스사,C,SK010,유동성,200512,0011533,토요타파이낸셜서비스코리아㈜,A,원화 유동성비율,1766.67
793,리스사,C,SK010,유동성,200512,0011533,토요타파이낸셜서비스코리아㈜,A1,유동성자산,1219000000
794,리스사,C,SK010,유동성,200512,0011533,토요타파이낸셜서비스코리아㈜,A2,유동성부채,69000000
795,리스사,C,SK010,유동성,200512,0011533,토요타파이낸셜서비스코리아㈜,B,업무용 고정자산비율,1.74
796,리스사,C,SK010,유동성,200512,0011533,토요타파이낸셜서비스코리아㈜,B1,업무용 고정자산,320000000
797,리스사,C,SK010,유동성,200512,0011533,토요타파이낸셜서비스코리아㈜,B2,자기자본,18401000000
798,리스사,C,SK010,유동성,200603,0011533,토요타파이낸셜서비스코리아㈜,A,원화 유동성비율,3873.96
799,리스사,C,SK010,유동성,200603,0011533,토요타파이낸셜서비스코리아㈜,A1,유동성자산,3719000000
800,리스사,C,SK010,유동성,200603,0011533,토요타파이낸셜서비스코리아㈜,A2,유동성부채,96000000
801,리스사,C,SK010,유동성,200603,0011533,토요타파이낸셜서비스코리아㈜,B,업무용 고정자산비율,1.72
802,리스사,C,SK010,유동성,200603,0011533,토요타파이낸셜서비스코리아㈜,B1,업무용 고정자산,312000000
803,리스사,C,SK010,유동성,200603,0011533,토요타파이낸셜서비스코리아㈜,B2,자기자본,18091000000
804,리스사,C,SK010,유동성,200606,0011533,토요타파이낸셜서비스코리아㈜,A,원화 유동성비율,4492.45
805,리스사,C,SK010,유동성,200606,0011533,토요타파이낸셜서비스코리아㈜,A1,유동성자산,8176260000
806,리스사,C,SK010,유동성,200606,0011533,토요타파이낸셜서비스코리아㈜,A2,유동성부채,182000000
807,리스사,C,SK010,유동성,200606,0011533,토요타파이낸셜서비스코리아㈜,B,업무용 고정자산비율,1.7
808,리스사,C,SK010,유동성,200606,0011533,토요타파이낸셜서비스코리아㈜,B1,업무용 고정자산,304000000
809,리스사,C,SK010,유동성,200606,0011533,토요타파이낸셜서비스코리아㈜,B2,자기자본,17865000000
810,리스사,C,SK010,유동성,200609,0011533,토요타파이낸셜서비스코리아㈜,A,원화 유동성비율,1984.27
811,리스사,C,SK010,유동성,200609,0011533,토요타파이낸셜서비스코리아㈜,A1,유동성자산,5298000000
812,리스사,C,SK010,유동성,200609,0011533,토요타파이낸셜서비스코리아㈜,A2,유동성부채,267000000
813,리스사,C,SK010,유동성,200609,0011533,토요타파이낸셜서비스코리아㈜,B,업무용 고정자산비율,1.7
814,리스사,C,SK010,유동성,200609,0011533,토요타파이낸셜서비스코리아㈜,B1,업무용 고정자산,296000000
815,리스사,C,SK010,유동성,200609,0011533,토요타파이낸셜서비스코리아㈜,B2,자기자본,17381000000
816,리스사,C,SK010,유동성,200612,0011533,토요타파이낸셜서비스코리아㈜,A,원화 유동성비율,2680.59
817,리스사,C,SK010,유동성,200612,0011533,토요타파이낸셜서비스코리아㈜,A1,유동성자산,13671000000
818,리스사,C,SK010,유동성,200612,0011533,토요타파이낸셜서비스코리아㈜,A2,유동성부채,510000000
819,리스사,C,SK010,유동성,200612,0011533,토요타파이낸셜서비스코리아㈜,B,업무용 고정자산비율,1.69
820,리스사,C,SK010,유동성,200612,0011533,토요타파이낸셜서비스코리아㈜,B1,업무용 고정자산,288000000
821,리스사,C,SK010,유동성,200612,0011533,토요타파이낸셜서비스코리아㈜,B2,자기자본,17055000000
822,리스사,C,SK010,유동성,200212,0010245,한국캐피탈㈜,A,원화 유동성비율,190.28
823,리스사,C,SK010,유동성,200212,0010245,한국캐피탈㈜,A1,유동성자산,54583000000
824,리스사,C,SK010,유동성,200212,0010245,한국캐피탈㈜,A2,유동성부채,28686000000
825,리스사,C,SK010,유동성,200212,0010245,한국캐피탈㈜,B,업무용 고정자산비율,12.49
826,리스사,C,SK010,유동성,200212,0010245,한국캐피탈㈜,B1,업무용 고정자산,11009000000
827,리스사,C,SK010,유동성,200212,0010245,한국캐피탈㈜,B2,자기자본,88155000000
828,리스사,C,SK010,유동성,200303,0010245,한국캐피탈㈜,A,원화 유동성비율,365.84
829,리스사,C,SK010,유동성,200303,0010245,한국캐피탈㈜,A1,유동성자산,54543000000
830,리스사,C,SK010,유동성,200303,0010245,한국캐피탈㈜,A2,유동성부채,14909000000
831,리스사,C,SK010,유동성,200303,0010245,한국캐피탈㈜,B,업무용 고정자산비율,13
832,리스사,C,SK010,유동성,200303,0010245,한국캐피탈㈜,B1,업무용 고정자산,11189000000
833,리스사,C,SK010,유동성,200303,0010245,한국캐피탈㈜,B2,자기자본,86058000000
834,리스사,C,SK010,유동성,200306,0010245,한국캐피탈㈜,A,원화 유동성비율,262.91
835,리스사,C,SK010,유동성,200306,0010245,한국캐피탈㈜,A1,유동성자산,43666000000
836,리스사,C,SK010,유동성,200306,0010245,한국캐피탈㈜,A2,유동성부채,16609000000
837,리스사,C,SK010,유동성,200306,0010245,한국캐피탈㈜,B,업무용 고정자산비율,11.62
838,리스사,C,SK010,유동성,200306,0010245,한국캐피탈㈜,B1,업무용 고정자산,11560000000
839,리스사,C,SK010,유동성,200306,0010245,한국캐피탈㈜,B2,자기자본,99519000000
840,리스사,C,SK010,유동성,200309,0010245,한국캐피탈㈜,A,원화 유동성비율,195.96
841,리스사,C,SK010,유동성,200309,0010245,한국캐피탈㈜,A1,유동성자산,26064000000
842,리스사,C,SK010,유동성,200309,0010245,한국캐피탈㈜,A2,유동성부채,13301000000
843,리스사,C,SK010,유동성,200309,0010245,한국캐피탈㈜,B,업무용 고정자산비율,10.48
844,리스사,C,SK010,유동성,200309,0010245,한국캐피탈㈜,B1,업무용 고정자산,11337000000
845,리스사,C,SK010,유동성,200309,0010245,한국캐피탈㈜,B2,자기자본,108213000000
846,리스사,C,SK010,유동성,200312,0010245,한국캐피탈㈜,A,원화 유동성비율,119.8
847,리스사,C,SK010,유동성,200312,0010245,한국캐피탈㈜,A1,유동성자산,34023000000
848,리스사,C,SK010,유동성,200312,0010245,한국캐피탈㈜,A2,유동성부채,28400000000
849,리스사,C,SK010,유동성,200312,0010245,한국캐피탈㈜,B,업무용 고정자산비율,9.78
850,리스사,C,SK010,유동성,200312,0010245,한국캐피탈㈜,B1,업무용 고정자산,11274000000
851,리스사,C,SK010,유동성,200312,0010245,한국캐피탈㈜,B2,자기자본,115226000000
852,리스사,C,SK010,유동성,200403,0010245,한국캐피탈㈜,A,원화 유동성비율,763.11
853,리스사,C,SK010,유동성,200403,0010245,한국캐피탈㈜,A1,유동성자산,41208000000
854,리스사,C,SK010,유동성,200403,0010245,한국캐피탈㈜,A2,유동성부채,5400000000
855,리스사,C,SK010,유동성,200403,0010245,한국캐피탈㈜,B,업무용 고정자산비율,8.76
856,리스사,C,SK010,유동성,200403,0010245,한국캐피탈㈜,B1,업무용 고정자산,10671000000
857,리스사,C,SK010,유동성,200403,0010245,한국캐피탈㈜,B2,자기자본,121777000000
858,리스사,C,SK010,유동성,200406,0010245,한국캐피탈㈜,A,원화 유동성비율,263.42
859,리스사,C,SK010,유동성,200406,0010245,한국캐피탈㈜,A1,유동성자산,45044000000
860,리스사,C,SK010,유동성,200406,0010245,한국캐피탈㈜,A2,유동성부채,17100000000
861,리스사,C,SK010,유동성,200406,0010245,한국캐피탈㈜,B,업무용 고정자산비율,8.41
862,리스사,C,SK010,유동성,200406,0010245,한국캐피탈㈜,B1,업무용 고정자산,10109000000
863,리스사,C,SK010,유동성,200406,0010245,한국캐피탈㈜,B2,자기자본,120138000000
864,리스사,C,SK010,유동성,200409,0010245,한국캐피탈㈜,A,원화 유동성비율,138.16
865,리스사,C,SK010,유동성,200409,0010245,한국캐피탈㈜,A1,유동성자산,26003000000
866,리스사,C,SK010,유동성,200409,0010245,한국캐피탈㈜,A2,유동성부채,18821000000
867,리스사,C,SK010,유동성,200409,0010245,한국캐피탈㈜,B,업무용 고정자산비율,8.03
868,리스사,C,SK010,유동성,200409,0010245,한국캐피탈㈜,B1,업무용 고정자산,10146000000
869,리스사,C,SK010,유동성,200409,0010245,한국캐피탈㈜,B2,자기자본,126345000000
870,리스사,C,SK010,유동성,200412,0010245,한국캐피탈㈜,A,원화 유동성비율,144.25
871,리스사,C,SK010,유동성,200412,0010245,한국캐피탈㈜,A1,유동성자산,32024000000
872,리스사,C,SK010,유동성,200412,0010245,한국캐피탈㈜,A2,유동성부채,22200000000
873,리스사,C,SK010,유동성,200412,0010245,한국캐피탈㈜,B,업무용 고정자산비율,7.76
874,리스사,C,SK010,유동성,200412,0010245,한국캐피탈㈜,B1,업무용 고정자산,10084000000
875,리스사,C,SK010,유동성,200412,0010245,한국캐피탈㈜,B2,자기자본,129934000000
876,리스사,C,SK010,유동성,200503,0010245,한국캐피탈㈜,A,원화 유동성비율,321.74
877,리스사,C,SK010,유동성,200503,0010245,한국캐피탈㈜,A1,유동성자산,65635000000
878,리스사,C,SK010,유동성,200503,0010245,한국캐피탈㈜,A2,유동성부채,20400000000
879,리스사,C,SK010,유동성,200503,0010245,한국캐피탈㈜,B,업무용 고정자산비율,7.32
880,리스사,C,SK010,유동성,200503,0010245,한국캐피탈㈜,B1,업무용 고정자산,10356000000
881,리스사,C,SK010,유동성,200503,0010245,한국캐피탈㈜,B2,자기자본,141462000000
882,리스사,C,SK010,유동성,200506,0010245,한국캐피탈㈜,A,원화 유동성비율,109.37
883,리스사,C,SK010,유동성,200506,0010245,한국캐피탈㈜,A1,유동성자산,62232000000
884,리스사,C,SK010,유동성,200506,0010245,한국캐피탈㈜,A2,유동성부채,56900000000
885,리스사,C,SK010,유동성,200506,0010245,한국캐피탈㈜,B,업무용 고정자산비율,7.08
886,리스사,C,SK010,유동성,200506,0010245,한국캐피탈㈜,B1,업무용 고정자산,10194000000
887,리스사,C,SK010,유동성,200506,0010245,한국캐피탈㈜,B2,자기자본,143981000000
888,리스사,C,SK010,유동성,200509,0010245,한국캐피탈㈜,A,원화 유동성비율,234.43
889,리스사,C,SK010,유동성,200509,0010245,한국캐피탈㈜,A1,유동성자산,72673000000
890,리스사,C,SK010,유동성,200509,0010245,한국캐피탈㈜,A2,유동성부채,31000000000
891,리스사,C,SK010,유동성,200509,0010245,한국캐피탈㈜,B,업무용 고정자산비율,7.08
892,리스사,C,SK010,유동성,200509,0010245,한국캐피탈㈜,B1,업무용 고정자산,10201000000
893,리스사,C,SK010,유동성,200509,0010245,한국캐피탈㈜,B2,자기자본,143981000000
894,리스사,C,SK010,유동성,200512,0010245,한국캐피탈㈜,A,원화 유동성비율,156.35
895,리스사,C,SK010,유동성,200512,0010245,한국캐피탈㈜,A1,유동성자산,68796000000
896,리스사,C,SK010,유동성,200512,0010245,한국캐피탈㈜,A2,유동성부채,44000000000
897,리스사,C,SK010,유동성,200512,0010245,한국캐피탈㈜,B,업무용 고정자산비율,5.87
898,리스사,C,SK010,유동성,200512,0010245,한국캐피탈㈜,B1,업무용 고정자산,9896000000
899,리스사,C,SK010,유동성,200512,0010245,한국캐피탈㈜,B2,자기자본,168609000000
900,리스사,C,SK010,유동성,200603,0010245,한국캐피탈㈜,A,원화 유동성비율,118.61
901,리스사,C,SK010,유동성,200603,0010245,한국캐피탈㈜,A1,유동성자산,83395000000
902,리스사,C,SK010,유동성,200603,0010245,한국캐피탈㈜,A2,유동성부채,70309000000
903,리스사,C,SK010,유동성,200603,0010245,한국캐피탈㈜,B,업무용 고정자산비율,5.77
904,리스사,C,SK010,유동성,200603,0010245,한국캐피탈㈜,B1,업무용 고정자산,9734000000
905,리스사,C,SK010,유동성,200603,0010245,한국캐피탈㈜,B2,자기자본,168687000000
906,리스사,C,SK010,유동성,200606,0010245,한국캐피탈㈜,A,원화 유동성비율,104.27
907,리스사,C,SK010,유동성,200606,0010245,한국캐피탈㈜,A1,유동성자산,99785000000
908,리스사,C,SK010,유동성,200606,0010245,한국캐피탈㈜,A2,유동성부채,95700000000
909,리스사,C,SK010,유동성,200606,0010245,한국캐피탈㈜,B,업무용 고정자산비율,5.7
910,리스사,C,SK010,유동성,200606,0010245,한국캐피탈㈜,B1,업무용 고정자산,9361000000
911,리스사,C,SK010,유동성,200606,0010245,한국캐피탈㈜,B2,자기자본,164139000000
912,리스사,C,SK010,유동성,200609,0010245,한국캐피탈㈜,A,원화 유동성비율,106.14
913,리스사,C,SK010,유동성,200609,0010245,한국캐피탈㈜,A1,유동성자산,91636000000
914,리스사,C,SK010,유동성,200609,0010245,한국캐피탈㈜,A2,유동성부채,86338000000
915,리스사,C,SK010,유동성,200609,0010245,한국캐피탈㈜,B,업무용 고정자산비율,5.53
916,리스사,C,SK010,유동성,200609,0010245,한국캐피탈㈜,B1,업무용 고정자산,9304000000
917,리스사,C,SK010,유동성,200609,0010245,한국캐피탈㈜,B2,자기자본,168121000000
918,리스사,C,SK010,유동성,200612,0010245,한국캐피탈㈜,A,원화 유동성비율,101.71
919,리스사,C,SK010,유동성,200612,0010245,한국캐피탈㈜,A1,유동성자산,117978000000
920,리스사,C,SK010,유동성,200612,0010245,한국캐피탈㈜,A2,유동성부채,116000000000
921,리스사,C,SK010,유동성,200612,0010245,한국캐피탈㈜,B,업무용 고정자산비율,4.96
922,리스사,C,SK010,유동성,200612,0010245,한국캐피탈㈜,B1,업무용 고정자산,8818000000
923,리스사,C,SK010,유동성,200612,0010245,한국캐피탈㈜,B2,자기자본,177626000000
