,금융구분,금융회사코드,금융회사명,통계분류,통계표코드,통계표명,코드,구분,200906,200909,200912,201003,201006,201009,201012,201103,201106,201109,201112,201203,201206,201209,201212,201303,201306,201309,201312,201403,201406,201409,201412,201503,201506,201509,201512,201603,201606,201609,201612,201703,201706,201709,201712,201803,201806,201809,201812,201903,201906,201909,201912,202003,202006,202009,202012,202103,202106,202109,202112,202203,202206,202209,202212,202303,202306,202309,202312,202403,202406,202409,202412,202503,202506
0,국내증권사,10090,교보증권(주),D,SF037,투자일임 현황(투자일임 계약 현황),A,고객수,,,,,,,,41,,46,46,45,69,91,124,165,202,205,226,261,262,264,258,338,438,586,553,557,553,535,506,602,757,878,873,926,949,1015,1006,1039,1025,1116,1120,1118,1077,1077,1065,1109,1129,1156,1160,1159,1171,1162,1150,1186,1210,1210,1181,1144,1124,1112,1077,1087,1103
1,국내증권사,10090,교보증권(주),D,SF037,투자일임 현황(투자일임 계약 현황),B,일임계약 건수,,,,,,,,44,,50,48,47,101,146,196,261,327,332,352,374,391,392,385,495,605,819,739,766,751,758,707,883,1082,1309,1302,1371,1403,1452,1501,1558,1550,1639,1661,1576,1533,1538,1537,1647,1668,1732,1705,1677,1645,1645,1578,1604,1589,1593,1547,1522,1493,1436,1367,1362,1380
2,국내증권사,10090,교보증권(주),D,SF037,투자일임 현황(투자일임 계약 현황),C,일임계약 자산총액(계약금액),,,,,,,,2151798036,,3056517692,4978604997,5105666568,484020940259,686728073964,721689355517,1297923422819,2173316024565,2331440351449,2487160354319,2674331899589,3413214802727,4326351015653,3935610758982,5310734077926,6117406777834,7173982111833,5576414318550,5519811491827,5674427965695,6466546852747,5401779139511,7252709694239,8584963116397,11252397567480,10362060414857,10829790144292,10235604724763,10639378036839,10684511961194,11224052936151,11082828921751,10215725720615,10394217265973,9493994867078,8138238199730,8862156687644,8434199495607,10268553167203,11184513504330,11622851040783,10474763205986,10161336078374,9114728570099,8153742249549,6404588285714,5598276414275,4895638837873,5714993784901,3804472580907,4391946103416,4041638007529,2863874533383,1704115461426,1392943632189,1632890419102
3,국내증권사,10090,교보증권(주),D,SF037,투자일임 현황(투자일임 계약 현황),D,일임계약 자산총액(평가금액),,,,,,,,2271300117,,2560998571,4655326585,5170241171,486366174440,691314426060,728183963383,1315191376610,2180635616761,2341674029287,2498205953349,2689639478659,3434689347650,4364124950034,3979836892888,5372185139373,6170530185813,7235322822237,5626838930494,5554462915520,5705014598843,6500260044117,5424008115522,7280329794869,8625930198859,11292069187864,10393518719154,10872526100627,10274338223132,10690410696827,10713773769072,11271645633510,11134314405835,10235986992051,10407971325913,9478992095118,8136097832791,8878752081613,8470455138017,10316531969431,11208439866566,11622369529690,10431634126017,10080164077063,8932118113263,7924625822324,6137105451007,5458257491322,4771301060092,5602809938448,3722925263579,4346601551918,4010902426952,2834305610730,1680779029546,1382181947986,1631296260769
4,국내증권사,10091,신한투자증권 주식회사,D,SF037,투자일임 현황(투자일임 계약 현황),A,고객수,10184,6906,8835,12863,16765,20806,24288,29836,35464,39365,42202,48324,52333,55796,58907,62783,66668,68710,72146,75905,85198,100771,100446,98202,98156,106980,82999,83535,89525,91282,91288,94880,97224,97953,98900,103598,106266,107526,107790,108286,109803,108985,107150,108899,108425,107272,106541,106918,105857,104691,103556,106136,105607,104283,102553,102010,104612,102999,101570,100670,102741,101569,100094,98570,101095
5,국내증권사,10091,신한투자증권 주식회사,D,SF037,투자일임 현황(투자일임 계약 현황),B,일임계약 건수,10920,7350,9458,13789,17913,22344,26285,32613,38835,42972,46025,52817,56961,60696,64564,69855,73526,76420,80500,84403,95021,112740,112319,109428,108567,118769,92271,93094,100854,101187,101059,105179,107764,108532,110007,115657,118529,119917,119835,120550,122150,120836,118325,119956,118774,117053,116156,116451,115200,113741,112240,114797,114220,112774,110904,110471,113413,111692,109994,109086,111329,110131,108305,106688,109112
6,국내증권사,10091,신한투자증권 주식회사,D,SF037,투자일임 현황(투자일임 계약 현황),C,일임계약 자산총액(계약금액),0,0,0,489682521669,589914849767,1117030696233,1787514862450,1311984211781,807214307044,762663160516,826928772716,1261918022108,1017354186189,1155939228160,1315014388539,1500918799062,1734562965696,2891764836563,3301266697144,4453423594328,4737961479824,6086188256831,6358387786836,7114835771540,7777216122154,6521553225056,5395435909452,4393408110562,4365476924614,4798377309871,4910268746041,4762690654632,4535203854180,4347222911964,4259365348505,3808994429031,3979338975973,4360208545200,4049655641900,4480528060917,4610170514079,4742966473297,4258480145835,4240414825748,5059746065293,5230433610158,5220172751574,5310862406190,5446681842571,5489389393342,5173044520059,5888091479767,6005997301516,5657615557931,5303235765277,6119312379872,7034461866302,5807877590276,4786934422717,5111698956884,5155799128426,5118089290354,4976854269844,4764164848903,4681980612220
7,국내증권사,10091,신한투자증권 주식회사,D,SF037,투자일임 현황(투자일임 계약 현황),D,일임계약 자산총액(평가금액),177437033476,166436960612,354510138708,504844988079,605103042444,1139292998260,1776075904422,1339083291595,827872642498,738758823109,805656976801,1255113000456,998217523654,1150295786811,1313147232062,1499305242101,1716758612264,2889298246682,3305224626537,4458585772752,4746826291459,6094287979586,6366715451710,7138121046006,7816211159736,6508022660134,5385642614982,4374563224871,4344747104689,4784224887267,4896969181689,4761208476568,4558708289956,4375636611850,4306899339931,3869225829228,4021185446024,4413778754985,4052166840550,4515968463610,4655162316447,4777868015675,4293263246227,4215683852760,5093775326688,5294817583898,5339966872680,5419431236267,5584165170769,5608501908455,5290203970112,5949475982614,5950529893508,5587196160865,5213622283683,6126182375146,7095207715130,5833406798964,4847604346745,5223080644163,5289697920708,5185113050286,5032549793180,4806307563743,4846030097111
8,국내증권사,10093,대신증권주식회사,D,SF037,투자일임 현황(투자일임 계약 현황),A,고객수,4466,3684,3267,2872,2533,1825,1539,1400,1246,1179,1107,993,1101,1034,942,810,748,673,648,1027,969,971,925,1075,1037,1014,1041,4744,9488,12949,15902,19550,22887,24829,26595,29763,31688,33292,34133,36406,37821,38337,38147,38073,38417,38271,37999,38429,38252,37201,36999,37376,37131,37363,37770,38171,38363,38073,38102,37972,37977,38327,37678,37458,37449
9,국내증권사,10093,대신증권주식회사,D,SF037,투자일임 현황(투자일임 계약 현황),B,일임계약 건수,4774,3914,3454,3047,2696,1900,1589,1447,1290,1220,1146,1025,1155,1076,981,845,785,708,682,1084,1044,1051,1005,1195,1104,1273,1382,5289,10171,13819,16978,20862,24441,26507,28527,31941,34106,35834,36691,39170,40697,41261,41012,40845,41168,40973,40657,41129,40933,39883,39681,40083,39851,40164,40617,41032,41238,40889,40926,40826,40819,41100,39923,39443,39350
10,국내증권사,10093,대신증권주식회사,D,SF037,투자일임 현황(투자일임 계약 현황),C,일임계약 자산총액(계약금액),31482111122,23770198696,20279070239,17978605058,48039212200,34199716785,60259737023,100592027527,11270916650,19048410310,10202615732,9093866018,9175520502,8266964004,7756356404,7139639015,6641514166,6090089417,56333183596,246134698116,1270587943028,1389334616169,1264825821636,1078330188502,1269217584476,2170052000284,2716835952714,4605895372606,6760780662456,8035292265356,8327757225935,9014682548783,8398269860191,7119497563537,6917436675774,7072660581611,6464749804460,6099119146212,6202778364900,6141207065727,6855999284232,6162268219847,6214528820369,5120805593681,5142253481616,6678560880867,7285850379213,7637611109091,8380690490582,8834940930338,8129639424894,7593238883853,7654159263357,6872816599430,5783721587653,5284389044288,4975385167925,4825860544485,4623818838599,4502219333652,4248903357763,3408530408050,2482475786348,2500926983644,2755737831014
11,국내증권사,10093,대신증권주식회사,D,SF037,투자일임 현황(투자일임 계약 현황),D,일임계약 자산총액(평가금액),28538749665,26148979780,22320210669,19810670542,49876907876,36553865522,63301989919,103740541000,13646395998,19303969160,10452511901,10090402156,9173192125,8812658678,8180658348,7503558715,6483833386,6389214237,56635271890,246426853378,1275270898911,1399843014886,1277077575470,1053921058491,1275848770402,2176351477870,2813066873593,4616713800016,6776399817478,8060828040661,8345335585732,9035195265280,8426503435412,7145240865182,6957464839879,7127535763180,6504512286139,6141912170404,6211610019370,6160634669110,6823725432703,6163838174910,6228730514552,5111130915870,5155573484713,6725742687112,7350768020844,7700813892466,8450283269829,8869639391222,8099094222784,7498849871000,7468605015608,6544059515047,5440082791187,5125908636810,4845860715799,4703172555717,4572128741014,4476724678563,4244510587909,3406836545203,2475199100102,2505374085462,2777768538333
12,국내증권사,10094,미래에셋증권 주식회사,D,SF037,투자일임 현황(투자일임 계약 현황),A,고객수,25221,394102,395370,407991,414260,419772,424482,427131,439512,462272,451735,457589,461839,465285,216311,229822,239125,249283,261300,253038,292064,323117,349693,371278,388245,403241,417158,431251,440725,447079,479867,507235,518152,530561,550570,566662,576871,583978,537398,542628,547724,552331,555468,566315,573936,583647,592521,605908,612933,618148,622144,625186,624033,623903,622821,624863,625616,626166,625640,627600,630096,632163,633743,636935,639523
13,국내증권사,10094,미래에셋증권 주식회사,D,SF037,투자일임 현황(투자일임 계약 현황),B,일임계약 건수,27730,429554,436475,441351,448426,455549,462363,474894,483305,487614,494194,500434,505319,509464,238101,253207,262931,273552,286504,276746,316110,347868,375270,398249,415979,432063,447320,462435,472689,479296,516114,550710,562676,576988,598643,617064,628115,635830,583634,589222,594768,599662,602863,614657,622983,634131,643533,659313,667405,673110,676807,679252,676806,675918,673722,675732,676138,676511,675150,677330,679973,681951,683475,686919,689708
14,국내증권사,10094,미래에셋증권 주식회사,D,SF037,투자일임 현황(투자일임 계약 현황),C,일임계약 자산총액(계약금액),0,0,0,0,0,0,0, ,0, ,16943594913150,16607129979199,16207631006531,16442413648213,13926702201549,13314308979282,12406663432289,11558798465543,12277681773660,10963309122598,10760891207683,10756171943126,15845542018566,11682275982457,13166335975181,15060934160570,14928282402105,14298322110123,13005545531373,11812849827367,14073246539296,15255619487141,16659448345397,16934929676836,19623759513034,20426305575517,18446201519770,18922855781911,18013493018086,17155834667242,16726912012383,15992414691011,16325858191280,16593642803475,16697203875526,17803795033603,18949059580312,20335228720303,19839231244627,21659110476002,21954094947289,20459173452089,20159436755039,19286371479532,17752610993037,18484326664455,18072431955314,24270691073706,23541245966198,23050663304184,24101717790387,23298218643859,22350542520157,19960925998860,21581695391563
15,국내증권사,10094,미래에셋증권 주식회사,D,SF037,투자일임 현황(투자일임 계약 현황),D,일임계약 자산총액(평가금액),6470141543043,8581656681393,9322767838781,10276067410558,12912410385374,12564242118861,12550823504465,14162529001149,14006960297404,13917106457596,13747743019057,14467160966899,15051014093410,15035126253286,13348664758314,13424065791881,12486882477885,11881955629935,12025568283602,11200524074980,11546183387105,11860530913763,12750902484075,13549196683865,13973893112537,15372017734979,16263309099041,15439144952258,14486599967391,14239114721750,17150099223232,17627540747938,16887963426070,17140007242160,19850879813706,20703936811290,18729676979182,19170979444853,18070503706243,17369595126964,16954462816814,16238679993265,16618992834966,16705268766977,17091464253301,18323816218652,19697159752188,21020553194853,20796586221854,22563258212960,22945777430069,21162529694549,20413893345142,19573727219031,17637138409665,18774313728083,18598913321292,24705200494121,24329658958400,24278577654269,25724041264908,24869507542152,24521980417676,21809625123513,24055706998387
16,국내증권사,10095,신영증권주식회사,D,SF037,투자일임 현황(투자일임 계약 현황),A,고객수,77,70,77,106,127,182,415,623,700,687,712,616,577,686,686,740,885,889,937,893,1033,1787,1857,1818,2070,2029,2232,2115,2127,2051,1938,1802,1661,1528,1512,1481,1111,1057,988,924,802,731,731,692,597,523,504,476,498,496,483,474,486,483,472,459,430,409,386,363,344,328,306,304,288
17,국내증권사,10095,신영증권주식회사,D,SF037,투자일임 현황(투자일임 계약 현황),B,일임계약 건수,78,71,80,109,140,223,527,810,915,937,888,779,739,709,701,760,914,918,969,926,1087,1870,1953,1901,2145,2091,2282,2161,2167,2088,1972,1832,1691,1564,1534,1515,1334,1244,1171,1082,930,835,839,795,684,600,569,545,575,571,558,554,568,566,543,529,496,471,447,420,392,369,351,347,325
18,국내증권사,10095,신영증권주식회사,D,SF037,투자일임 현황(투자일임 계약 현황),C,일임계약 자산총액(계약금액),16959079649,14379853375,15150478797,20014816413,85116154574,51234193493,112880698286,114081524982,126138155903,101837685461,153497518974,140958654132,90229087832,152553336362,84249703537,111771331234,114462039919,107270555298,108002555894,104101467725,184356458709,293219813853,675096984999,659041133590,726237157960,428707258964,454720449809,430229758366,342587981492,311075987918,357769638118,290494830482,252297132825,281911938267,271708903477,272753256863,263417029496,444571951306,357318046519,343663839264,287975308382,315018145094,415717788588,359322289039,349303717974,359593711531,305159829783,114345713752,123031602506,78192706473,292914662950,147506461038,147571718955,224233145056,96228686479,86393028475,142221712545,130500161936,217047589534,216756720855,225145080418,187225324695,346377949286,359720973755,499216283361
19,국내증권사,10095,신영증권주식회사,D,SF037,투자일임 현황(투자일임 계약 현황),D,일임계약 자산총액(평가금액),17699494291,17458181409,19862790105,23846798154,90108080933,57892761568,123126331677,124662820991,140172136252,92736094863,147018393933,142787421122,88744776113,162203758806,94757707697,129255090000,117184213513,121397709702,122935593295,133030474593,223345334440,361857824286,717478182482,746300872898,833805348327,520935137303,514646554151,484850524152,395625552274,350983002044,382259046017,310243174500,292773667457,307828645953,322961729958,325462309389,298907631452,470715871354,361321527877,363801291321,305854726493,329409830134,436642123838,358000768463,370532929938,394323694297,356779606363,167500582248,174209692523,122778184311,329465894801,180121805139,169646789125,239451313467,110412441203,103314596317,160971295087,145646907800,233891936862,237826999801,248306790245,208153619341,367615489914,380594929939,524053458860
20,국내증권사,10097,유진투자증권주식회사,D,SF037,투자일임 현황(투자일임 계약 현황),A,고객수,37,48,46,44,49,48,40,37,37,34,34,50,52,55,59,2122,3511,3173,2351,1746,2126,4913,12095,12363,13793,13819,13572,13672,15377,15423,14959,15099,15276,15330,15256,15127,15019,14995,14843,14988,15034,15274,15231,14996,15023,14301,12399,10660,9997,10024,10166,10197,10526,11892,11481,12623,13697,13804,14192,14569,14623,14453,14199,14328,14288
21,국내증권사,10097,유진투자증권주식회사,D,SF037,투자일임 현황(투자일임 계약 현황),B,일임계약 건수,37,48,46,44,49,48,40,37,37,34,34,50,52,55,59,2122,3511,3173,2351,1746,2126,4913,12095,12363,13793,13819,13572,13672,15377,15423,14959,15099,15276,15330,15256,15127,15019,14995,14843,14988,15034,15274,15231,14996,15023,14301,12399,10660,9997,10024,10166,10484,10872,12251,11823,12976,14082,14146,14536,14929,15023,14951,14688,14835,14813
22,국내증권사,10097,유진투자증권주식회사,D,SF037,투자일임 현황(투자일임 계약 현황),C,일임계약 자산총액(계약금액),22031818162,29220901805,23432359088,22888133973,18587379214,14259820405,12502321495,13525158321,13490518737,13381269003,24248699311,19050204130,25967884350,164737568379,324983542966,168551039439,95166891883,116156454235,46187300136,135263161850,90975149868,78968535521,122065567865,103563592802,121540890831,127572372530,120732496803,121712848531,134523029548,137815697081,129780211546,129297834139,136184169218,148850513680,147505171981,137576322633,146741152895,155608723513,151939809548,154195869201,151485947582,161283506727,156644869437,156188481427,157304506728,173306778876,171487044740,564928378582,1437893567543,2020025177444,3022078589521,3692304676848,4027633635180,4715876674883,3164194491132,2190886750787,1756649743654,1644869788274,1458908432050,1611585700235,1458126685634,1192028960754,1076736938000,1043772147197,1039451548139
23,국내증권사,10097,유진투자증권주식회사,D,SF037,투자일임 현황(투자일임 계약 현황),D,일임계약 자산총액(평가금액),24222269402,38191322941,22701381081,23324249373,18873725668,13875396610,12046966575,14392376497,12533774881,9759091432,21028270877,16554219245,22480702271,162363610051,323057307903,166877890141,92265841047,113785726666,44101377358,133074869029,91308588293,78692855502,121778058828,103466159197,124696783528,126810629442,119389017017,121278087537,136058976385,138289380926,129721038522,130377481633,138438393045,150967104842,149824723973,138596884968,147037079241,157462784240,146609535890,153267072504,150481670892,159764518193,157125079642,153289416827,160053142807,182114922279,186385820001,579910491835,1450342975363,2022225480064,3018346886757,3681405072515,3951177800726,4565886739072,2987543625039,2097810858480,1680242245333,1585210058158,1412678192836,1593787526231,1447941365849,1189708593287,1070729821898,1041289437894,1059456258575
24,국내증권사,10098,한양증권주식회사,D,SF037,투자일임 현황(투자일임 계약 현황),A,고객수,,,,,,,,,,,,,,0,0,,,,,5,6,5,5,2,1,1,1,1,1,1,1,1,1,0,1,1,0,0,1,1,1,1,1,1,0,0,0,0,0,0,0,0,0,0,0,0,0,0,0,,0,0,0,0,0
25,국내증권사,10098,한양증권주식회사,D,SF037,투자일임 현황(투자일임 계약 현황),B,일임계약 건수,,,,,,,,,,,,,,0,0,,,,,5,6,5,5,2,1,1,1,1,1,1,1,1,1,0,1,1,0,0,1,1,1,1,1,1,0,0,0,0,0,0,0,0,0,0,0,0,0,0,0,,0,0,0,0,0
26,국내증권사,10098,한양증권주식회사,D,SF037,투자일임 현황(투자일임 계약 현황),C,일임계약 자산총액(계약금액),,,,,,,,,,,,,,0,0,,,,,149139581,184223527,173750933,140750933,77167082,67902945,67902945,67902945,67902945,67902945,22471106,22471106,22471106,22471106,0,5500000,5500000,0,0,5000000,5000000,5000000,5000000,5000000,5000000,0,0,0,0,0,0,0,0,0,0,0,0,0,0,0,,0,0,0,0,0
27,국내증권사,10098,한양증권주식회사,D,SF037,투자일임 현황(투자일임 계약 현황),D,일임계약 자산총액(평가금액),,,,,,,,,,,,,,0,0,,,,,150245604,158405215,157346074,111922876,70636096,67258014,65740857,65457535,63296419,58498966,21339856,19062539,20242660,19682253,0,5259156,5052272,0,0,4936780,5607446,6046784,6038910,5468410,4379781,0,0,0,0,0,0,0,0,0,0,0,0,0,0,0,,0,0,0,0,0
28,국내증권사,10099,메리츠증권(주),D,SF037,투자일임 현황(투자일임 계약 현황),A,고객수,293,230,215,214,212,249,280,310,419,384,351,273,248,233,216,184,160,150,149,69,56,71,109,156,274,317,335,640,759,812,823,825,928,904,940,1029,1127,1084,1062,1103,1229,1348,1467,1907,2187,2384,2504,2701,2768,2837,2920,3095,3163,3316,3372,3556,3775,3864,3933,4023,4230,4582,4950,5338,5632
29,국내증권사,10099,메리츠증권(주),D,SF037,투자일임 현황(투자일임 계약 현황),B,일임계약 건수,294,236,221,219,216,254,299,331,460,418,388,308,283,261,238,196,172,162,160,76,63,77,117,172,295,341,359,673,793,845,857,865,971,951,996,1090,1195,1151,1133,1201,1386,1555,1720,2267,2625,2874,3005,3234,3313,3391,3494,3695,3776,3957,4030,4273,4509,4612,4699,4808,5030,5408,5858,6393,6730
30,국내증권사,10099,메리츠증권(주),D,SF037,투자일임 현황(투자일임 계약 현황),C,일임계약 자산총액(계약금액),4238007730,3273222811,3092181012,69500618063,95003970259,160536273078,102032983329,127072446220,111980231286,87315532067,87555337122,12074941443,10069621123,29686365565,9163130468,6921508133,4938617957,24626113622,4191204301,1350460091,1244555855,1832541110,7901866645,13247061644,38513558930,45589985435,47437024104,54036541543,51122100922,52189604292,55781778951,60327581071,72630158170,86925122135,91087532730,119462998022,118050253937,101701469040,111689916471,118410148246,143087524978,151269917454,225511801209,342475672230,351078143204,345951163523,336735080243,496331346503,440527330452,486217164429,598614323176,666076333739,618350673035,723516002028,645644657285,732995597123,704170910684,746909139473,886411601361,964522238741,985104814825,1196119117858,1323502876298,1335331169299,1439314471311
31,국내증권사,10099,메리츠증권(주),D,SF037,투자일임 현황(투자일임 계약 현황),D,일임계약 자산총액(평가금액),4742823893,4499295076,4319399268,74459421848,106864108095,189751155977,80153370548,150642357478,154982397230,44763744197,103383863068,11284560572,8594242262,28908833669,8211138244,6201867097,4500537056,24484117315,4121264104,1542445233,1450322404,2183434091,9266522164,16193696407,45929718055,47657474411,49394996034,52914147374,49100536385,51645924724,55431641425,57407036114,81502700712,90319995833,101873083370,128181236009,114949532058,94799614060,99997844661,114991757592,142433055787,147105767846,224270553226,330898090578,373822335612,404401756203,399289473214,535542610414,487595455960,530740455261,656976437243,677293963332,558835201549,660268148505,615213271913,776790937236,760455409917,801671580678,942310965419,1055432637049,1121050120190,1326656579463,1372119256740,1312067024093,1515789734314
32,국내증권사,10101,NH투자증권,D,SF037,투자일임 현황(투자일임 계약 현황),A,고객수,2835,2729,2637,2443,11216,17695,27024,41445,48504,51623,54362,60140,68764,70724,71402,77457,86298,91258,96057,102248,106487,109076,112836,116208,122110,129021,129712,138441,152286,154568,155432,147794,152005,152239,152715,156454,160589,159778,157788,157372,158233,155593,152613,153506,154106,153946,155670,166211,171428,177686,173198,172301,173718,170628,166221,163760,167160,165725,165081,166373,168220,166401,162848,161121,165826
33,국내증권사,10101,NH투자증권,D,SF037,투자일임 현황(투자일임 계약 현황),B,일임계약 건수,2835,2729,2637,2443,11216,17695,27024,41445,48504,51623,54362,60140,68764,70724,71402,77457,86298,91258,96057,102248,106487,109076,112850,116209,122110,129021,129712,138441,152286,154568,155432,159947,164557,164745,165116,169202,173877,172669,170294,169569,170297,167192,163690,164342,164639,164199,165956,176666,181911,188074,183448,182375,183934,180319,175560,173031,176861,175278,174645,176201,178466,176871,173042,171297,176343
34,국내증권사,10101,NH투자증권,D,SF037,투자일임 현황(투자일임 계약 현황),C,일임계약 자산총액(계약금액),1159026052516,1340706518238,1215053314108,1984407639811,2692486432359,2882073113540,3706053696786,4440001924939,4552674735421,3893837658851,3786461295670,4108414128521,3757550288654,3921304622225,4125719863036,5611474772327,6285465229783,7005742642640,7361572455830,7262841025962,7866669226744,7488391537527,8357006908423,4572326856850,4558398803900,4738657378915,4612136937329,4425959560773,5418475861528,6721241411292,7642616226133,7592398268931,7767224899817,8340360667704,9143655296347,9594220617612,9526370092162,25584104397053,25165683287841,25531753709968,24400388734281,25150839440418,24927733951789,25091154123598,26212014521192,27774348446876,29091249405087,29513625812771,31366225069732,33174659262156,34783393509161,34394055224159,32659872118528,31834652912739,23805055452574,20023883806795,17401595983537,17060012127553,16389863352170,14924469924287,15180294661815,18108598938991,14356649931519,12907869589720,14676155523438
35,국내증권사,10101,NH투자증권,D,SF037,투자일임 현황(투자일임 계약 현황),D,일임계약 자산총액(평가금액),1973039949289,2409194142809,2346345032855,1984407639811,2692486432359,2882073113540,3706053696786,4440001924939,4552674735421,3893837658851,3786461295670,4108414128521,3757550288654,3921304622225,4125719863036,5611474772327,6285465229783,7005742642640,7361572455830,7262841025962,7866669226744,7488391537527,8356811303617,4572342792319,4558398803900,4738657378915,4612136937329,4425959560773,5418475861528,6721241411292,7642616226133,7619810398308,7823056554578,8415797442766,9240595694683,9692954505542,9632186762695,27051198593933,26233958913029,26941584210339,26005536952859,26758060710211,26799891416524,26148292511277,27968082144675,29790342740534,31423601473418,31802747647099,33563807232179,35167936094317,36962560926921,36114546674386,33469324008207,32481871853010,24397110078225,20997647594153,18235928058286,17779123276114,17467010729710,16064056069647,16389725643457,19256297526519,15472412353249,13920910864436,15903040419986
36,국내증권사,10102,부국증권주식회사,D,SF037,투자일임 현황(투자일임 계약 현황),A,고객수,,,,,,,,,,,,,,0,0,0,0,0,0,0,0,,,,,,,,,,,,,,,,,,,,,,,,,,,,,,,,,,,,,,,,,,,,
37,국내증권사,10102,부국증권주식회사,D,SF037,투자일임 현황(투자일임 계약 현황),B,일임계약 건수,,,,,,,,,,,,,,0,0,0,0,0,0,0,0,,,,,,,,,,,,,,,,,,,,,,,,,,,,,,,,,,,,,,,,,,,,
38,국내증권사,10102,부국증권주식회사,D,SF037,투자일임 현황(투자일임 계약 현황),C,일임계약 자산총액(계약금액),,,,,,,,,,,,,,0,0,0,0,0,0,0,0,,,,,,,,,,,,,,,,,,,,,,,,,,,,,,,,,,,,,,,,,,,,
39,국내증권사,10102,부국증권주식회사,D,SF037,투자일임 현황(투자일임 계약 현황),D,일임계약 자산총액(평가금액),,,,,,,,,,,,,,0,0,0,0,0,0,0,0,,,,,,,,,,,,,,,,,,,,,,,,,,,,,,,,,,,,,,,,,,,,
40,국내증권사,10104,상상인증권,D,SF037,투자일임 현황(투자일임 계약 현황),A,고객수,,,,,,,7,11,9,9,9,8,8,6,3,2,1,1,1,1,1,1,1,1,18,21,28,34,35,34,25,25,13,7,5,0,0,0,0,0,0,0,0,0,0,0,0,0,0,0,0,0,0,0,0,,,0,0,,2,2,2,4,4
41,국내증권사,10104,상상인증권,D,SF037,투자일임 현황(투자일임 계약 현황),B,일임계약 건수,,,,,,,7,11,9,9,9,8,8,6,3,2,1,1,1,1,1,1,1,1,18,21,28,34,35,34,25,25,13,7,5,0,0,0,0,0,0,0,0,0,0,0,0,0,0,0,0,0,0,0,0,,,0,0,,2,2,2,4,4
42,국내증권사,10104,상상인증권,D,SF037,투자일임 현황(투자일임 계약 현황),C,일임계약 자산총액(계약금액),,,,,,,1704000000,2604000000,2104000000,1904000000,1904000000,1704000000,1704000000,1204000000,600000000,400000000,100000000,100000000,100000000,100000000,100000000,100000000,100000000,100000000,610000000,670000000,830000000,1040000000,1040000000,1000000000,740000000,740000000,320000000,160000000,120000000,0,0,0,0,0,0,0,0,0,0,0,0,0,0,0,0,0,0,0,0,,,0,0,,60000000000,60000000000,80000000000,90000000000,90000000000
43,국내증권사,10104,상상인증권,D,SF037,투자일임 현황(투자일임 계약 현황),D,일임계약 자산총액(평가금액),,,,,,,1674108567,2551920001,2105192169,2105612650,2113508021,1902916115,1917867599,1299005865,575663883,441996329,105997954,106399456,100860958,113375231,120864779,126637715,137636105,149162674,630509118,680752325,852396589,1072281332,1166255875,1059004389,799584134,811118468,371690420,174876368,132864550,0,0,0,0,0,0,0,0,0,0,0,0,0,0,0,0,0,0,0,0,,,0,0,,60151604674,61002426712,81887954991,92846475730,94383979235
44,국내증권사,10106,KB증권주식회사,D,SF037,투자일임 현황(투자일임 계약 현황),A,고객수,20957,19052,17931,17315,17087,17013,14968,16818,18448,18482,18331,18394,19346,20067,19348,20825,20822,20274,24253,94620,153612,193790,204784,218481,229803,238829,246799,254721,259855,263737,267490,273545,278706,284009,288760,295141,300110,305308,308692,313820,316004,316851,316562,316358,315887,316095,318365,320064,321441,322533,323006,323559,323036,322102,321706,320970,320575,320409,319853,320504,321597,322561,322803,323792,324854
45,국내증권사,10106,KB증권주식회사,D,SF037,투자일임 현황(투자일임 계약 현황),B,일임계약 건수,22423,20286,19035,18383,18305,18385,16300,18940,21384,21305,21006,21072,22198,23245,22096,23934,23786,23086,27614,99577,159725,200690,212686,227789,239975,249640,258250,267185,273654,277331,281328,288290,294400,301742,307632,315248,321425,328166,332585,339515,341112,342131,342057,340916,339687,339264,341734,343879,345265,345960,346216,346557,345755,344247,343483,342456,341946,341561,340679,341348,342712,343768,343891,344902,346066
46,국내증권사,10106,KB증권주식회사,D,SF037,투자일임 현황(투자일임 계약 현황),C,일임계약 자산총액(계약금액),1603674583874,1653320935716,1665995962591,3084059991223,3031288696561,5743741368824,5336927982213,7549502453342,7553787682412,7596493133819,7375814056511,9321300885342,10219436950308,10741016242097,11954372481858,12284377710208,13160819645497,12599303089095,11512477003560,10521340482493,9870062113967,9134971858188,7727876947990,4448116762113,4686983294250,3858574053259,3122499454274,2828450016625,2309008217874,2352248457112,2807678927137,2804972222093,2911800291696,2836371952026,3377996462203,3133963063665,3672052169313,5044803543991,4657436099769,5534456354681,5807827736718,6064636347396,6780219240984,6710957464576,6647012451723,7259820740890,8385685484502,8361918494305,9443556344030,8283878482856,8170715584834,7622189601511,7847249868436,9415902949851,7712421392799,7788107883521,7528711513695,7429960339328,6292506154424,6595540492104,6537530879094,6552756087059,7484563335281,7943889597823,7442577165585
47,국내증권사,10106,KB증권주식회사,D,SF037,투자일임 현황(투자일임 계약 현황),D,일임계약 자산총액(평가금액),2639286252483,2481277940936,2340039436253,1954634327531,4041050230987,5743741368824,5336927982213,7549502453342,7553787682412,7596493133819,7375814056511,9321300885342,10219436950308,10741016242097,11954372481858,12284377710208,13160819645497,12599303089095,11512477003560,10521340482493,9870062113967,9134971858188,7727876947990,4448116762113,4686983294250,3858574053259,3122499454274,2828450016625,2309008217874,2352248457112,2807245496259,3005969269690,3070213323374,2921290930322,3452209225980,3182876003033,3724681565168,5106042506040,4682098781526,5574564072463,5862363190303,6110533618291,6834811110936,6735355617468,6712788775458,7331591371446,8510809375918,8489417248427,9587871184637,8400976716006,8290847564251,7693621125574,7831695257127,9388664186913,7683790611210,7860411742726,7620528082274,7528763805964,6392001148789,6744047765132,6730771269925,6711021012569,7655857471568,8130563619176,7736750776276
48,국내증권사,10110,한화투자증권주식회사,D,SF037,투자일임 현황(투자일임 계약 현황),A,고객수,150,60,55,52,91,119,142,187,225,224,201,185,171,4148,3981,3139,2727,2896,2903,2859,2640,2595,2583,2768,3228,3308,3200,2956,2587,2154,1941,1622,1422,1317,1221,1140,1294,1271,1206,1127,1055,995,912,969,988,961,1115,2009,2102,2171,1956,2208,2360,2419,2369,2475,2321,2257,2161,1852,1898,1857,1682,1652,1607
49,국내증권사,10110,한화투자증권주식회사,D,SF037,투자일임 현황(투자일임 계약 현황),B,일임계약 건수,171,72,69,60,105,131,153,211,252,244,215,196,182,5466,4858,3659,3143,3289,3337,3298,3047,2974,2951,3174,3693,3781,3654,3370,2946,2440,2200,1847,1612,1488,1395,1289,1465,1423,1357,1268,1193,1112,1010,1070,1100,1081,1275,2461,2648,2869,2558,2896,3112,3219,3123,3293,3029,2976,2839,2421,2518,2462,2193,2188,2115
50,국내증권사,10110,한화투자증권주식회사,D,SF037,투자일임 현황(투자일임 계약 현황),C,일임계약 자산총액(계약금액),0,0,0,0,454721775770,366584287098,65158520280,37735992975,78498427838,13695419456,164602317663,127238398310,31696866823,317260211007,246745668063,207614860322,186484020217,242372743585,678187127286,699413471680,567274669853,645983285740,338203250312,438400212871,335015070236,318307817969,356485529348,246456133425,226506510701,183194979360,254592442148,333342059532,217201040663,214226069725,410747062122,225630155770,144337473666,145699156279,236906734437,121131430099,166919823195,204001897279,123968000054,145441825278,141533843984,134024512442,237164314651,262830724658,291615853406,332125430334,296899698978,245569610683,255580704882,270678174673,245761969397,286098367615,248711006451,255099811483,288986445350,249712380636,234965757739,233383709797,200858464789,206679695281,224162243334
51,국내증권사,10110,한화투자증권주식회사,D,SF037,투자일임 현황(투자일임 계약 현황),D,일임계약 자산총액(평가금액),394565584528,379592905979,313728923703,375340660633,481325852718,407896286546,66356788184,38661664803,78879548286,11732625826,163474908347,127682238771,31921647985,280205339909,220575146369,189367938640,165555017437,244440038902,681547256727,704302334535,574560413027,652717358517,331441688893,443724210450,351776833090,312729535752,353315203012,244092834987,219537467491,176268490596,244315676383,327492339412,223900028241,221426187144,422596562609,235867186116,148861843258,148502508299,227872596968,118592362689,163404131064,198847110334,123845989085,135027991484,143035753085,142332609443,251805967200,272081431274,304464025756,332586614160,305068641644,239927286367,223506556654,226978579760,199977867470,262080268309,232730386502,231061972061,275990650871,236765409591,223002753802,213244204292,179044616372,188352072281,223676896039
52,국내증권사,10111,현대차증권주식회사,D,SF037,투자일임 현황(투자일임 계약 현황),A,고객수,,,,,,,,,29,46,40,37,32,31,34,35,35,97,44,39,45,36,35,41,41,43,44,276,564,423,366,337,300,1068,1032,1440,1493,1754,1735,2187,2169,2169,2113,2164,2131,2039,2016,1945,1894,2086,2134,2144,2919,3011,2745,2710,2782,3016,2885,2644,2947,2927,2901,2731,3013
53,국내증권사,10111,현대차증권주식회사,D,SF037,투자일임 현황(투자일임 계약 현황),B,일임계약 건수,,,,,,,,,29,46,40,37,32,31,34,35,35,97,44,39,48,39,37,42,42,43,44,276,564,423,367,338,301,1069,1032,1440,1493,1754,1735,2187,2169,2169,2113,2164,2131,2039,2017,1946,1919,2121,2172,2181,2948,3040,2773,2739,2811,3045,2913,2691,2969,2951,2925,2752,3034
54,국내증권사,10111,현대차증권주식회사,D,SF037,투자일임 현황(투자일임 계약 현황),C,일임계약 자산총액(계약금액),,,,,,,,,1010000000,1481100000,267439295702,267317665793,268690467952,266569148349,282072748349,305059374976,302849096290,299473096290,423218215893,488975121702,338252496587,642881496587,657819096587,1107672206239,1107491206239,1208285507238,1123217452866,1112023376347,1221950741856,1208951893983,1203269644376,1203159395699,1317112657365,1344970457216,1311839820173,1285967668389,1499902325047,1532141487210,1621210651542,1770483543599,1935847601120,1864572587787,1811976588011,1863349673182,1971845000761,1967239963854,1928728215894,2001808836288,1871586091506,1707438045939,1663098742149,2006976684794,2087231966642,1919552236582,1778647309918,1769381032846,1805161405877,1748831390330,1660431520302,1634686689330,1721827297117,1638794870077,1628240315591,1672709065132,1798766644422
55,국내증권사,10111,현대차증권주식회사,D,SF037,투자일임 현황(투자일임 계약 현황),D,일임계약 자산총액(평가금액),,,,,,,,,1027514322,1233339356,268983312913,271715842132,275586883517,276792570349,294510519582,320925131812,319496345994,320102922011,446676109024,516874585673,515495473520,868606605180,860331641755,1973679558058,1946921333613,1550928726638,1209601380552,1206382924115,1325496719347,1318856459804,1320145274523,1327779127659,1449936380604,1484275396286,1457324893556,1439080186325,1664063857094,1707297644819,1806168134689,1966334569553,2149747177828,2087791873987,2042170345177,2123078578964,2253530095390,2318311999775,2305625060735,2401226796910,2292048643381,2095546324114,2063592793143,2290992183137,2366446081306,2210791522410,2078368428368,2097473151678,2144655919134,2101076662703,2035309101753,2022521994812,2127465057865,2055796567746,2054630037656,2111172445442,2252868214385
56,국내증권사,10112,유화증권주식회사,D,SF037,투자일임 현황(투자일임 계약 현황),A,고객수,,,,,,,,,,,,,,0,0,0,0,0,0,0,0,15,30,15,9,7,2,2,1,1,1,1,1,1,1,1,1,1,1,1,1,0,1,1,1,1,1,1,1,1,1,1,1,1,1,1,1,1,1,1,1,1,1,1,1
57,국내증권사,10112,유화증권주식회사,D,SF037,투자일임 현황(투자일임 계약 현황),B,일임계약 건수,,,,,,,,,,,,,,0,0,0,0,0,0,0,0,15,30,16,9,7,2,2,1,1,1,1,1,1,1,1,1,1,1,1,1,0,1,1,1,1,1,1,1,1,1,1,1,1,1,1,1,1,1,1,1,1,1,1,1
58,국내증권사,10112,유화증권주식회사,D,SF037,투자일임 현황(투자일임 계약 현황),C,일임계약 자산총액(계약금액),,,,,,,,,,,,,,0,0,0,0,0,0,0,0,1660384850,2653783905,1905364274,1402403444,1209412301,553798815,553898815,53898815,53898815,53898815,53898815,53898815,53898815,53898815,53898815,53898815,53898815,53898815,53898815,53898815,0,50000000,50000000,50000000,50000000,50000000,50000000,50000000,50000000,50000000,50000000,50000000,50000000,50000000,50000000,50000000,50000000,50000000,50000000,50000000,50000000,50000000,50000000,50000000
59,국내증권사,10112,유화증권주식회사,D,SF037,투자일임 현황(투자일임 계약 현황),D,일임계약 자산총액(평가금액),,,,,,,,,,,,,,0,0,0,0,0,0,0,0,1633032291,2587296456,2175132044,1515273043,1376169551,501002582,522775725,67516197,69260502,76566731,77955719,77825789,77644207,72858425,75617163,46152046,37224529,37038352,36430675,50574526,0,49960000,44186801,46393561,43654588,46214472,48332333,51681387,45955180,42136602,44968569,26711660,22953639,25838091,26054818,25678175,21243387,22902413,21038225,19647700,16582024,13545464,13494285,14835956
60,국내증권사,10113,유안타증권주식회사,D,SF037,투자일임 현황(투자일임 계약 현황),A,고객수,7366,6928,6470,6514,15447,54696,126846,204879,254445,278909,287084,300245,308306,326587,326837,335212,339270,327911,313571,309026,307186,305832,304785,304550,304045,304074,304427,305075,305538,305976,306646,307919,308833,309493,309827,310741,311144,311235,311376,311693,312056,312146,311617,311619,311233,311153,311102,310952,310973,310978,310955,310929,310698,310596,310452,310205,309900,309877,309872,310106,310559,310950,311806,312795,313093
61,국내증권사,10113,유안타증권주식회사,D,SF037,투자일임 현황(투자일임 계약 현황),B,일임계약 건수,7822,7356,6874,7047,17593,63963,147251,239981,301298,332642,343177,360068,370636,394478,394898,406780,412439,392592,372990,367186,365087,363676,362666,362595,362277,362368,362962,364233,365003,365735,366725,368769,370101,370842,371175,372465,373022,373223,373484,373932,374383,374564,373942,373693,373212,373028,373008,372769,372799,372806,372678,372563,372236,372097,371952,371533,371127,370965,370873,371051,371668,372177,373384,374889,375502
62,국내증권사,10113,유안타증권주식회사,D,SF037,투자일임 현황(투자일임 계약 현황),C,일임계약 자산총액(계약금액),124365366728,211500546052,250838062147,254407986187,310433172817,716171588591,1390584919720,1992010702384,2342082097733,2311979969469,2157507211163,2312036383237,2065465739387,2090255949466,2034635103984,2321202380842,2202108457706,810081862738,474724022868,504428955093,514595463749,585520643100,585597246381,641583540385,668721217452,697565372227,923618713896,830318912764,897149306254,1008649751297,1441998581321,1359491217809,1465918580635,1719053502396,2632729628105,2757139236567,2626402596846,2346357883971,2896935054661,3163739507238,3058249616146,3168331344240,2826744558113,2630540848667,3472243565735,3157321409708,4119239955098,3543484242144,3299542019070,4052230164789,4267139095591,4056321886425,3960727714565,3630970605011,3084527067194,2572032304274,1861609257180,1616006088277,1536896208804,1526985233087,1480563025961,1489837651372,1557314545715,1645623721268,1740867609361
63,국내증권사,10113,유안타증권주식회사,D,SF037,투자일임 현황(투자일임 계약 현황),D,일임계약 자산총액(평가금액),104657915474,202667881863,243262759128,245382756348,301028341801,722044623951,1397728401019,2002611573152,2338662741158,2208953234889,2061666265851,2256479009919,1989611930686,2037717580098,1991000336767,2284921295713,2147378495730,784522075082,454818921224,489140907373,500804324190,574884698847,572379875940,637062713239,668384052304,686741119880,915097854355,818386151261,885898299310,999716963120,1434868417789,1355266614848,1470553869055,1723819073670,2640186622669,2778290931504,2644737043751,2363854974434,2897096412660,3177418726441,3074706391134,3173863238952,2834410762125,2616549890122,3480774341698,3178630569911,4167641518807,3603056338485,3380741862414,4120459493595,4328042349494,4093909008363,3914017747902,3558291306242,2992265501827,2558944465109,1883025726513,1633883665659,1576471170668,1606393726665,1608888484783,1600816374266,1773962440480,1739580623071,2044051049048
64,국내증권사,10114,SK증권주식회사,D,SF037,투자일임 현황(투자일임 계약 현황),A,고객수,575,562,620,622,560,676,815,1099,1301,1265,1190,1093,1060,1087,1047,1043,987,948,911,877,856,836,829,932,1016,1065,1039,1886,4325,4183,4024,3934,3894,3846,3858,3822,3802,3756,3744,3736,3938,4056,4023,3913,3898,3895,3790,3680,1430,1455,1416,1441,1436,1455,1503,1520,1531,1572,1555,1567,1574,1544,1409,1417,1432
65,국내증권사,10114,SK증권주식회사,D,SF037,투자일임 현황(투자일임 계약 현황),B,일임계약 건수,614,600,658,663,592,715,886,1214,1464,1423,1340,1221,1172,1190,1137,1130,1069,1028,988,945,920,894,882,993,1129,1202,1159,1997,4429,4284,4120,4014,3970,3916,3933,3882,3864,3829,3808,3796,4011,4137,4109,3983,3979,3977,3870,3769,1525,1554,1518,1551,1544,1566,1635,1656,1675,1721,1699,1704,1720,1684,1530,1541,1556
66,국내증권사,10114,SK증권주식회사,D,SF037,투자일임 현황(투자일임 계약 현황),C,일임계약 자산총액(계약금액),44423370814,85144253054,100687437351,19185122305,41368467225,38035742962,81692968897,98534291507,51292004242,41177692721,37534465630,36813048444,34377688277,38053388006,35514415782,46795715100,32320793942,107971785631,47461967110,93161316914,194156726817,92043155911,231037998543,231986791168,280059782074,264161203991,148657243593,98583112683,84548838283,94106503446,238391218320,181662501912,203360652090,180804630453,540766384802,119906454405,105352053082,140850333537,361709919607,139658811324,187676483981,180988824651,325888819607,252765746445,348747107867,297095717414,251046310102,381719328443,409751116913,541856438232,507355409990,687045551422,552957723707,993160842308,672086120036,472675670075,404750734964,468835030585,180230590124,372922175412,400853200895,378973937935,276153240557,224464670241,242478441352
67,국내증권사,10114,SK증권주식회사,D,SF037,투자일임 현황(투자일임 계약 현황),D,일임계약 자산총액(평가금액),44423370814,85144253054,100687437351,19185122305,41368467225,38035742962,81692968897,98534291507,51292004242,41177692721,37534465630,36813048444,30205594962,35642049704,33521027754,44769335179,29302841050,106120339713,45778247677,92256734644,194630098997,92748766425,232866873469,239515704116,306926839999,267329802204,150243328925,97088335577,81152490681,91007619721,233326091706,177115073864,202267240589,179259513402,546913652144,129701228255,115031884938,139886843241,358563510823,136834205685,184731704179,178037727304,323229609653,245954148673,347612777419,299938218370,262088212553,394901259713,428926920531,558428903319,523407667164,696919967472,552310451552,990714870407,672200451813,403822512317,331974840406,394866258293,182156969408,377197869250,408148007595,384969793837,279303161559,228908754193,250325267955
68,국내증권사,10119,삼성증권(주),D,SF037,투자일임 현황(투자일임 계약 현황),A,고객수,2457,3289,3482,3671,5992,9126,13028,18193,20574,21457,20918,20113,18949,17589,16979,16639,17108,15915,15404,15344,14419,13913,12798,14862,20334,21902,22006,21681,21227,19916,18037,17160,16750,16377,15973,17067,17281,17668,17739,18513,18830,19145,19298,19734,20091,20383,21273,22515,22589,22959,22747,23815,24067,24625,25793,26628,27117,27409,27613,28116,28603,28924,28928,30360,31144
69,국내증권사,10119,삼성증권(주),D,SF037,투자일임 현황(투자일임 계약 현황),B,일임계약 건수,2485,3552,3785,6902,10772,12821,20305,29447,32642,33021,34015,33866,31981,29360,22714,21630,21807,20031,19218,19023,17754,16971,15257,17591,23842,25549,25555,25164,24653,23091,20894,19839,19355,18941,18477,19929,20147,20574,20625,21492,21762,22077,22222,22711,23101,23552,24500,26620,26591,27067,26469,28097,28369,28958,30251,31177,31618,31933,32134,32882,33670,34060,33918,35517,36315
70,국내증권사,10119,삼성증권(주),D,SF037,투자일임 현황(투자일임 계약 현황),C,일임계약 자산총액(계약금액),0,0,0,0,0,0,0, , , , , , , , , , , , ,4947863086792,4295271420274,2481819556836,2547854082612,2952365192743,3903794414344,3907014170652,3618633031057,3605829043741,3385102668258,3420360461204,3283191783860,3180727078936,3344576077587,3342179139237,3186977025421,3597339558577,3576958328971,3399819553487,3239136985264,3517071153052,3494864648475,3402217847347,3370886422693,3400894320107,3380212749555,3707663327743,3449900026418,3795193117256,4247247601555,5174906994776,5407044164820,5835524100162,6118032141908,5858883040938,5385657097373,5554540217537,5494658454415,5791471636214,5264719600283,5885769994823,5928480600740,6630484819214,6012167810678,6406893404606,6661783672328
71,국내증권사,10119,삼성증권(주),D,SF037,투자일임 현황(투자일임 계약 현황),D,일임계약 자산총액(평가금액),531142339372,814259867699,823384202955,866308316942,1769462818142,2199749166067,3069260804132,3901926291933,4742649786699,3740385587108,3503307982903,3602847249261,4545824661566,4729069077583,4719370338378,5152892506043,5133114528159,5084854738869,4810012790575,4759622822711,4677336983612,2652523209596,2640027203567,2962365752456,3963509384600,3838795506371,3513229147188,3509332976936,3307100058401,3367620776071,3187063897836,3134321311789,3449427831167,3459888123069,3290786306557,3727934337299,3640278942444,3503394480088,3033616600300,3494280529765,3428117554765,3451159061183,3422112193935,3236095521370,3471349047522,3843735062346,3833171459045,3979046858956,4639122688717,5683435929034,5792573610358,6014964523051,6244992606580,5763405767095,5155547675855,5558519328727,5570649379574,5799051221049,5380991101342,6209005233984,6370703584499,6943739438585,6499771533185,6822899286189,7368791326473
72,국내증권사,10120,DB금융투자주식회사,D,SF037,투자일임 현황(투자일임 계약 현황),A,고객수,70,157,176,247,325,311,140,800,621,548,498,444,438,367,359,359,365,453,459,474,391,829,1162,597,699,690,742,3424,10663,10132,9709,,,,,,,,,,,,,,,,,,,,,,,,,,,,,,,,,,
73,국내증권사,10120,DB금융투자주식회사,D,SF037,투자일임 현황(투자일임 계약 현황),B,일임계약 건수,72,164,187,263,348,319,144,823,664,589,527,475,473,397,389,395,400,494,495,510,427,865,1202,624,770,767,821,3500,10743,10157,9761,,,,,,,,,,,,,,,,,,,,,,,,,,,,,,,,,,
74,국내증권사,10120,DB금융투자주식회사,D,SF037,투자일임 현황(투자일임 계약 현황),C,일임계약 자산총액(계약금액),3953368609,30055677391,31155564359,17028078202,21375830634,67136871755,28662383953,62963465078,45363848013,40351396596,35269961926,33345908001,34584545059,56720864855,108354222192,148470695665,151525811679,172532369837,61510466843,67011812257,69835443092,99119145458,125662581154,140777880052,113066222537,72754749072,162513229256,123856466739,105249945497,83324203809,89113714306,,,,,,,,,,,,,,,,,,,,,,,,,,,,,,,,,,
75,국내증권사,10120,DB금융투자주식회사,D,SF037,투자일임 현황(투자일임 계약 현황),D,일임계약 자산총액(평가금액),3801041431,30158034039,31041024593,16511874720,20804327311,67569222870,29597235681,72216005534,44956320224,35138139537,31060507046,31055913970,31224218993,54387130733,106249549526,147508928336,151177116613,172891911956,59435696666,66872752542,69588041960,99472751797,126294708079,142037917583,115129545118,72518009316,163003709462,124390560624,104617864186,81831952927,87366953739,,,,,,,,,,,,,,,,,,,,,,,,,,,,,,,,,,
76,국내증권사,10120,디비증권주식회사,D,SF037,투자일임 현황(투자일임 계약 현황),A,고객수,,,,,,,,,,,,,,,,,,,,,,,,,,,,,,,,9589,9666,9554,9847,9822,9649,9506,9422,9221,9019,8979,8965,8775,8676,8647,8579,6786,1877,1803,1764,1739,1688,1644,1605,2488,2513,2620,2619,2631,2636,2595,2577,2631,2776
77,국내증권사,10120,디비증권주식회사,D,SF037,투자일임 현황(투자일임 계약 현황),B,일임계약 건수,,,,,,,,,,,,,,,,,,,,,,,,,,,,,,,,9660,9762,9677,10111,10147,9981,9768,9702,9528,9372,9348,9345,9134,9038,9031,8957,7159,2201,2074,2063,2076,2053,2016,1889,2890,2913,3016,3009,3014,3015,2965,2925,3003,3218
78,국내증권사,10120,디비증권주식회사,D,SF037,투자일임 현황(투자일임 계약 현황),C,일임계약 자산총액(계약금액),,,,,,,,,,,,,,,,,,,,,,,,,,,,,,,,99423968450,205046054833,219656485605,217164427024,247232488824,253979218942,262435565844,356177409905,306636644899,392319145066,482522365447,494792547772,481792155473,455358822083,452235846844,365126181314,268037241825,395071465789,430592512003,935328082136,1296926911391,2404106125472,2325000973367,1083280663760,1222294445879,786528431065,608687676668,331645967400,316518586908,300868206205,251830577435,177324100985,207757794814,154947766396
79,국내증권사,10120,디비증권주식회사,D,SF037,투자일임 현황(투자일임 계약 현황),D,일임계약 자산총액(평가금액),,,,,,,,,,,,,,,,,,,,,,,,,,,,,,,,97896407506,205430942500,219623909131,218999056444,245938102858,253595232323,258448674583,348309349551,300885933442,388295126197,478113259624,493247892202,475319175175,452460403168,454351333464,370913835357,273331643370,399999295665,430255235520,915832102655,1324117430298,2392194074842,2308874354389,1052321876441,1210108948670,781622196074,603830867082,330154116206,317210858479,304969240702,253731626319,178825557778,208697220326,165049935531
80,국내증권사,10123,씨티그룹글로벌마켓증권주식회사,D,SF037,투자일임 현황(투자일임 계약 현황),A,고객수,,,,,,,,,,,,,,0,0,,,,,,,,,,,,,,,,,,,,,,,,,,,,,,,,,,,,,,,,,,,,,,,,,,
81,국내증권사,10123,씨티그룹글로벌마켓증권주식회사,D,SF037,투자일임 현황(투자일임 계약 현황),B,일임계약 건수,,,,,,,,,,,,,,0,0,,,,,,,,,,,,,,,,,,,,,,,,,,,,,,,,,,,,,,,,,,,,,,,,,,
82,국내증권사,10123,씨티그룹글로벌마켓증권주식회사,D,SF037,투자일임 현황(투자일임 계약 현황),C,일임계약 자산총액(계약금액),,,,,,,,,,,,,,0,0,,,,,,,,,,,,,,,,,,,,,,,,,,,,,,,,,,,,,,,,,,,,,,,,,,
83,국내증권사,10123,씨티그룹글로벌마켓증권주식회사,D,SF037,투자일임 현황(투자일임 계약 현황),D,일임계약 자산총액(평가금액),,,,,,,,,,,,,,0,0,,,,,,,,,,,,,,,,,,,,,,,,,,,,,,,,,,,,,,,,,,,,,,,,,,
84,국내증권사,10128,주식회사 아이엠증권,D,SF037,투자일임 현황(투자일임 계약 현황),A,고객수,6,11,11,15,62,377,951,1034,1140,935,827,593,573,543,484,583,674,1031,947,858,773,680,637,621,645,688,653,626,573,505,480,453,423,413,348,311,268,260,254,282,383,432,390,328,252,227,187,198,201,257,261,252,272,283,240,236,262,325,2260,2271,2201,2107,2116,2253,2500
85,국내증권사,10128,주식회사 아이엠증권,D,SF037,투자일임 현황(투자일임 계약 현황),B,일임계약 건수,7,18,14,15,66,424,1156,1376,1401,1200,1034,801,754,652,591,769,902,1377,1250,1132,1027,923,847,832,900,971,914,873,797,707,672,638,596,565,482,426,370,356,350,390,499,555,522,488,398,356,316,324,320,392,379,361,389,401,320,322,348,400,2383,2399,2325,2273,2276,2473,2702
86,국내증권사,10128,주식회사 아이엠증권,D,SF037,투자일임 현황(투자일임 계약 현황),C,일임계약 자산총액(계약금액),0,0,2000000000,156559117591,267059552496,282985768532,538100429481,831854087826,1118168590650,1522036004836,1340189291883,859566765862,710121262699,597107923620,480609405697,685354188217,686080665211,1141038798821,1133425763549,1357895414522,1245636362717,1179737711700,887461066884,1032510824195,832296522980,316552589953,132349274765,100741641369,120689816024,77065533205,44152262222,33798248829,72820507383,29781302258,100502828919,24939512386,18691532893,18179642978,29465412528,57100813392,185810454122,367330116691,1302956147909,2013328949838,2033014354634,2597027445524,3197652186604,2848380715810,2257287341201,2847892159585,2534746846336,2387745381896,2827558238421,2718121336793,1520616959632,905077171265,892091483378,814719957162,843351773509,519309120165,329087133994,333513964198,300675349656,378301379696,376822126069
87,국내증권사,10128,주식회사 아이엠증권,D,SF037,투자일임 현황(투자일임 계약 현황),D,일임계약 자산총액(평가금액),83746894466,196764702930,32106641022,156609114701,267091496251,284752347409,543093282934,838393248030,1122029271902,1520079837866,1338926249191,861001849045,709466916959,597852406924,481301609785,687753264370,687362412133,1144602153565,1134774422162,1363509208821,1250673676088,1188392829486,886113032889,1036139895987,837550253647,317877431460,131571836841,99304328939,118866999742,75664191496,42359202922,32212988051,73538632900,30339639817,101656299453,25997561464,19568787275,18711718333,27711144853,56108277943,184713184084,366762967983,1303861132699,2012683776777,2040500907457,2602406190491,3204233744224,2853407675690,2261757612297,2852178315554,2537322313205,2392432255308,2830379048579,2723993370374,1516221001420,896221260559,884585034428,810084721605,842365849706,521018515821,331156046812,334986567795,301459246277,380628538958,381224599750
88,국내증권사,10129,한국투자증권,D,SF037,투자일임 현황(투자일임 계약 현황),A,고객수,5958,9410,10131,12029,16554,16402,17262,19964,21740,22899,20582,19316,21200,24144,22299,21661,21146,20609,20784,20622,19875,19249,19034,19738,22647,20694,20455,23079,28434,32032,35731,39353,44009,48023,73338,111061,120678,140552,156255,158501,159261,159409,159151,159020,159176,168579,186970,210235,214080,219523,220226,219850,219097,217140,218388,218293,217212,215571,214244,214328,216348,218892,218969,222045,225367
89,국내증권사,10129,한국투자증권,D,SF037,투자일임 현황(투자일임 계약 현황),B,일임계약 건수,6557,11291,12114,14538,21352,21153,23387,28102,30067,31540,27747,25252,26856,29523,27001,25965,25209,24390,24448,24168,23145,22229,21705,22778,23036,24048,23633,27167,31626,35252,38899,42588,47564,51948,78439,116120,142471,163893,166138,168439,169222,169200,168193,168911,169336,182304,199908,227619,231407,238827,238750,238089,237169,234347,235485,234816,232850,230631,228824,228237,230352,232623,232309,235429,238906
90,국내증권사,10129,한국투자증권,D,SF037,투자일임 현황(투자일임 계약 현황),C,일임계약 자산총액(계약금액),581998714715,1024394017045,974868466232,1047555299606,1530670580577,1579895976359,1834291507061,2041375516970,2277253270773,2783612202342,2731504531152,2016675224346,2619234493917,3395386066077,4187628042714,5054555855752,6767878896106,7626143385967,7515244171565,8604463546384,9041611521707,10705641675480,11869784669127,17215034547306,21166336969589,30475544136670,30952983129994,32050247550503,34735038627007,36003408910291,33667166642857,33198480421074,35135135825277,35339170955090,34488973523551,34257904553410,35081374073079,19482234597249,18186462174986,17594252992898,19120154035552,18900819564860,17067779368779,16751367350487,15532289462572,18622534786559,19541367389741,20039251687491,20329342601576,19335967842015,20294494316354,21476290063983,21055790401556,19140827782204,16798659517253,15454428912330,16884391950457,10586649916523,7801992934821,9889640904452,9956600305278,10657394135260,8422090193783,9268487474307,9755739084285
91,국내증권사,10129,한국투자증권,D,SF037,투자일임 현황(투자일임 계약 현황),D,일임계약 자산총액(평가금액),549199392469,1044205214794,984250883116,1078673267542,1554159610700,1639264825223,1947906567726,2201238299435,2321540692847,2521665273234,2504685500610,2101007757623,2441897189381,3520080143593,4170303691111,5092447592966,6762890912715,7714559164355,7608659520273,8693286840617,9170380934945,10803598734835,11968244239231,17468114381917,21447048334555,31660599439081,32270462171356,32896238464503,35675350349057,37097544259015,34798075628833,34647016968298,37184619390129,37496466330865,36813642195425,36530409235374,37205359635239,20200880624500,18489476457533,18051111084550,19648815261825,19353259366217,17680892694869,16766251837458,15955150915787,18981705743185,19966690826905,20438574003783,20775786486430,19616587756309,20621774078136,21628724585967,20761005323333,18674350211113,16401277579731,15399023075002,16935780102500,10323594078043,7587494754832,9854887351130,9956890735748,10561404562703,8367271003679,9161451411222,9803920602851
92,국내증권사,10130,하나증권주식회사,D,SF037,투자일임 현황(투자일임 계약 현황),A,고객수,1958,1842,1880,2594,3669,4605,4982,5902,7592,8193,7763,7148,7503,6622,6927,6274,6041,5824,5856,5881,5644,5407,5124,5558,6153,6603,6457,6556,6583,6127,6013,5807,5720,5788,6371,7403,8173,8059,8076,8385,8805,9152,8703,8401,10991,11440,11029,10443,10354,10957,10792,10665,10587,10574,10459,10594,10808,10756,10671,10553,10572,10501,10335,10207,10337
93,국내증권사,10130,하나증권주식회사,D,SF037,투자일임 현황(투자일임 계약 현황),B,일임계약 건수,2174,2040,2085,2888,4332,5520,6011,7283,9774,10470,9857,9094,8829,8668,8236,7419,7123,6889,6861,6849,6572,6303,6301,6881,7652,8303,8125,8281,8284,7555,7343,7053,6978,7058,7740,8939,9894,9843,9846,10361,10980,11410,10728,10234,13039,13719,13318,12908,13050,13817,13778,13571,13507,13462,13182,13290,13525,13405,13158,12825,12822,12649,12360,12188,12378
94,국내증권사,10130,하나증권주식회사,D,SF037,투자일임 현황(투자일임 계약 현황),C,일임계약 자산총액(계약금액),451663086473,966206002663,1288930549886,1479714468170,1340035860195,1448045154039,1641376043818,3306566903579,4334199040081,4603944730936,5799802735080,6551411733916,5775826655925,7089002494235,6694472787316,7521949954746,8211211469477,8714503552223,8630939226408,8952195189006,7686207034206,8831396638167,8298800415302,10039616239961,9881848348157,8583627948396,8525285770043,7976096427162,8989341757719,10204009353312,10349604135154,8779572077514,8711096179255,9119403326426,9369407791825,9630969599010,9193405333995,9740770961931,9756326507403,10855563170259,10858209734545,11735382649736,10244715931865,10359801752858,9804601050686,10346533523350,9617733796436,11125364266698,11243198500068,11271672208939,11034721442998,10922780308453,11750354997519,12198426778722,9872903322638,9217231943504,7996526058733,7219814324215,5938844525505,5673191620872,5619859905566,5061850741401,4128366857627,3488529624135,3389422053119
95,국내증권사,10130,하나증권주식회사,D,SF037,투자일임 현황(투자일임 계약 현황),D,일임계약 자산총액(평가금액),0,0,0,1161591902094,1574302934014,1726066393148,1933174250042,3523367435273,4559174808099,4820468721654,5827051570580,6795303810862,5713152409884,7118677579588,6733853329001,7584491426262,8242140968989,8777382508714,8703396173140,9047301317638,7787602820170,8960818181781,8394814600182,10180444179073,10084844509171,8725578272071,8628644962355,7999283931459,9048751981870,10237781883484,10366402981346,8804971559005,8790831057947,9195434196442,9480140211830,9687538046585,9235506856515,9783019004980,9744421772268,10897689578829,10905067456370,11759253685532,10284268845250,10310901982604,9855505663435,10446614658632,9790761336121,11286962151603,11421344483867,11390545969252,11159079372764,10964929503302,11683721091256,12032046278996,9622031221137,9147851235772,7951863617796,7181024889967,5822648886529,5644349617355,5643548190945,5098805262428,4149297668741,3495879364967,3500858994970
96,국내증권사,10132,리딩투자증권주식회사,D,SF037,투자일임 현황(투자일임 계약 현황),A,고객수,,1,1,1,1,1,0,,22,42,34,26,28,31,0,0,0,0,0,0,0,0,0,,0,,,0,0,0,0,,0,0,0,0,0,0,0,,,,,,,,,,,,,,,,,,,,,,,,,,
97,국내증권사,10132,리딩투자증권주식회사,D,SF037,투자일임 현황(투자일임 계약 현황),B,일임계약 건수,,1,1,1,1,1,0,,22,42,34,26,28,31,0,0,0,0,0,0,0,0,0,,0,,,0,0,0,0,,0,0,0,0,0,0,0,,,,,,,,,,,,,,,,,,,,,,,,,,
98,국내증권사,10132,리딩투자증권주식회사,D,SF037,투자일임 현황(투자일임 계약 현황),C,일임계약 자산총액(계약금액),,5000000000,5000000000,5000000000,5000000000,9407677850,0,,1097718401,1195217427,1031117427,647599026,647035345,718688084,0,0,0,0,0,0,0,0,0,,0,,,0,0,0,0,,0,0,0,0,0,0,0,,,,,,,,,,,,,,,,,,,,,,,,,,
99,국내증권사,10132,리딩투자증권주식회사,D,SF037,투자일임 현황(투자일임 계약 현황),D,일임계약 자산총액(평가금액),,5092101467,5419311983,5613114042,5511377355,9575184914,0,,1083734603,1066148504,936561454,627289234,612775009,714882792,0,0,0,0,0,0,0,0,0,,0,,,0,0,0,0,,0,0,0,0,0,0,0,,,,,,,,,,,,,,,,,,,,,,,,,,
100,국내증권사,10136,키움증권(주),D,SF037,투자일임 현황(투자일임 계약 현황),A,고객수,,,,,,,,,,,,,0,9,12,32,42,50,54,59,48,53,56,60,131,175,189,449,1235,1299,1251,1274,1305,1339,1411,1643,1736,1788,1865,2097,2184,2298,2336,2313,2459,2507,2646,3425,3129,3228,3257,3232,3078,2954,2801,2647,2491,2359,2245,2115,1993,1865,1820,1821,1806
101,국내증권사,10136,키움증권(주),D,SF037,투자일임 현황(투자일임 계약 현황),B,일임계약 건수,,,,,,,,,,,,,0,10,14,40,53,62,62,71,55,66,76,82,175,238,258,507,1307,1366,1361,1376,1410,1455,1557,1817,1975,2017,2078,2363,2510,2604,2604,2558,2785,2831,2958,3754,3504,3603,3651,3659,3526,3403,3251,3106,2958,2815,2702,2568,2428,2281,2235,2226,2181
102,국내증권사,10136,키움증권(주),D,SF037,투자일임 현황(투자일임 계약 현황),C,일임계약 자산총액(계약금액),,,,,,,,,,,,,0,160160000,350830265,898967568,1720132155,2024531287,1941966610,171952296478,131320008299,376235923021,516253592122,561230158114,457833619819,447362659735,542504211713,655277063560,893001131659,776408486619,996397025836,652158509499,1143067892605,1212220312858,1458913444821,1731275198421,2437799862110,2562326628137,3004551103214,4061933129068,4657706992887,4549433223054,3460155898904,3825115853788,4568118119763,4633697262384,4555336267426,4503502610000,4546636754925,4314218854797,3917730921661,4235003343296,4985310551766,4724323765046,2940329050546,4221860493300,3309854998438,2049177572285,1333050184012,1341086307775,1164424193463,901709415330,598972875463,437075059594,682657705060
103,국내증권사,10136,키움증권(주),D,SF037,투자일임 현황(투자일임 계약 현황),D,일임계약 자산총액(평가금액),,,,,,,,,,,,,0,224069043,350448782,910240383,1671645753,2028229991,1974663946,172291869289,132189460443,379278104537,519359016062,564983868413,460649951290,450285656531,545176829093,657498286853,896174344286,778611380044,996642873820,653415483869,1145134877366,1214852149449,1460543354010,1732875188991,2442139379607,2569723173592,3009765752749,4077412363900,4677616373195,4566368486587,3468347387748,3829073931060,4585506153452,4686661080893,4536679767879,4513965691386,4556997272881,4321339391241,3919874587586,4226071702342,4948224481008,4654619941098,2878244029687,4186074663353,3269767957792,2021390511923,1321063354259,1338014935482,1154184119079,894305599280,595033198335,444690941455,693193529363
104,국내증권사,10137,LS증권,D,SF037,투자일임 현황(투자일임 계약 현황),A,고객수,,,,,1,1,17,38,45,43,35,29,24,21,53,45,37,34,20,17,11,16,23,29,42,46,42,57,58,56,52,52,52,53,56,180,206,222,185,137,103,80,69,0,0,0,0,0,0,0,0,0,0,0,0,0,0,0,0,0,0,0,0,0,0
105,국내증권사,10137,LS증권,D,SF037,투자일임 현황(투자일임 계약 현황),B,일임계약 건수,,,,,1,1,21,46,54,53,43,36,31,28,59,52,42,36,21,18,11,16,23,30,43,47,43,58,59,57,53,53,53,54,58,188,213,233,196,143,108,85,72,0,0,0,0,0,0,0,0,0,0,0,0,0,0,0,0,0,0,0,0,0,0
106,국내증권사,10137,LS증권,D,SF037,투자일임 현황(투자일임 계약 현황),C,일임계약 자산총액(계약금액),,,,,30000000,30000000,1102000000,2469825976,2894983591,2890626027,2358069545,2078228686,1877903496,1687903496,1706051061,1385681516,1262561098,2523148075,2254248075,2174648075,2054055178,1020254591,946977612,1280592824,2218199130,2435714628,2141437219,3247396892,3098858480,3204658519,2962657085,2923157085,2922732568,3071910941,3558428954,3730426836,4854337871,5056214253,4410719381,3454900582,2560817055,2230779118,2005455826,0,0,0,0,0,0,0,0,0,0,0,0,0,0,0,0,0,0,0,0,0,0
107,국내증권사,10137,LS증권,D,SF037,투자일임 현황(투자일임 계약 현황),D,일임계약 자산총액(평가금액),,,,,28450772,24797900,1107741674,2697825973,3113777977,2563911590,2101653455,1976848387,1680646485,1594669285,1626029736,1359626545,1181695612,2548569615,2376541182,2297275960,2231666187,1056355318,938409042,1433139894,2465014095,2613716905,2322691200,3535905344,3399251664,3353401540,3142579228,3163875311,3548886940,3822117321,4484564268,4309713137,5235911488,5288664872,4293021222,3612256786,2689026467,2274599749,2137829133,0,0,0,0,0,0,0,0,0,0,0,0,0,0,0,0,0,0,0,0,0,0
108,국내증권사,10138,코리아에셋투자증권,D,SF037,투자일임 현황(투자일임 계약 현황),A,고객수,,,,,,,,,,,,,,0,0,0,0,0,0,0,0,0,0,0,0,0,0,0,0,0,0,0,0,0,0,0,0,0,0,0,0,0,0,0,0,0,0,0,0,0,0,0,0,0,0,0,0,0,0,0,0,0,0,0,0
109,국내증권사,10138,코리아에셋투자증권,D,SF037,투자일임 현황(투자일임 계약 현황),B,일임계약 건수,,,,,,,,,,,,,,0,0,0,0,0,0,0,0,0,0,0,0,0,0,0,0,0,0,0,0,0,0,0,0,0,0,0,0,0,0,0,0,0,0,0,0,0,0,0,0,0,0,0,0,0,0,0,0,0,0,0,0
110,국내증권사,10138,코리아에셋투자증권,D,SF037,투자일임 현황(투자일임 계약 현황),C,일임계약 자산총액(계약금액),,,,,,,,,,,,,,0,0,0,0,0,0,0,0,0,0,0,0,0,0,0,0,0,0,0,0,0,0,0,0,0,0,0,0,0,0,0,0,0,0,0,0,0,0,0,0,0,0,0,0,0,0,0,0,0,0,0,0
111,국내증권사,10138,코리아에셋투자증권,D,SF037,투자일임 현황(투자일임 계약 현황),D,일임계약 자산총액(평가금액),,,,,,,,,,,,,,0,0,0,0,0,0,0,0,0,0,0,0,0,0,0,0,0,0,0,0,0,0,0,0,0,0,0,0,0,0,0,0,0,0,0,0,0,0,0,0,0,0,0,0,0,0,0,0,0,0,0,0
112,국내증권사,10139,흥국증권주식회사,D,SF037,투자일임 현황(투자일임 계약 현황),A,고객수,,,,,,,,,,,,,,0,0,0,0,0,0,0,0,0,0,0,0,0,0,0,0,0,0,0,0,0,0,0,0,0,0,,,,,,,,0,,,,,,,,,,,,,,,,,,
113,국내증권사,10139,흥국증권주식회사,D,SF037,투자일임 현황(투자일임 계약 현황),B,일임계약 건수,,,,,,,,,,,,,,0,0,0,0,0,0,0,0,0,0,0,0,0,0,0,0,0,0,0,0,0,0,0,0,0,0,,,,,,,,0,,,,,,,,,,,,,,,,,,
114,국내증권사,10139,흥국증권주식회사,D,SF037,투자일임 현황(투자일임 계약 현황),C,일임계약 자산총액(계약금액),,,,,,,,,,,,,,0,0,0,0,0,0,0,0,0,0,0,0,0,0,0,0,0,0,0,0,0,0,0,0,0,0,,,,,,,,0,,,,,,,,,,,,,,,,,,
115,국내증권사,10139,흥국증권주식회사,D,SF037,투자일임 현황(투자일임 계약 현황),D,일임계약 자산총액(평가금액),,,,,,,,,,,,,,0,0,0,0,0,0,0,0,0,0,0,0,0,0,0,0,0,0,0,0,0,0,0,0,0,0,,,,,,,,0,,,,,,,,,,,,,,,,,,
116,국내증권사,10169,도이치증권,D,SF037,투자일임 현황(투자일임 계약 현황),A,고객수,,,,,,,,,,,,,,0,0,0,0,0,0,0,0,0,0,0,0,0,0,,,,,,,,,,,,,,,,,,,,,,,,,,,,,,,,,,,,,,
117,국내증권사,10169,도이치증권,D,SF037,투자일임 현황(투자일임 계약 현황),B,일임계약 건수,,,,,,,,,,,,,,0,0,0,0,0,0,0,0,0,0,0,0,0,0,,,,,,,,,,,,,,,,,,,,,,,,,,,,,,,,,,,,,,
118,국내증권사,10169,도이치증권,D,SF037,투자일임 현황(투자일임 계약 현황),C,일임계약 자산총액(계약금액),,,,,,,,,,,,,,0,0,0,0,0,0,0,0,0,0,0,0,0,0,,,,,,,,,,,,,,,,,,,,,,,,,,,,,,,,,,,,,,
119,국내증권사,10169,도이치증권,D,SF037,투자일임 현황(투자일임 계약 현황),D,일임계약 자산총액(평가금액),,,,,,,,,,,,,,0,0,0,0,0,0,0,0,0,0,0,0,0,0,,,,,,,,,,,,,,,,,,,,,,,,,,,,,,,,,,,,,,
120,국내증권사,10659,케이아이디비채권중개(주),D,SF037,투자일임 현황(투자일임 계약 현황),A,고객수,,,,,,,,,,,,,,0,0,0,0,0,0,0,0,0,0,0,,,,,,,,,,,,,,,,,,,,,,,,,,,,,,,,,,,,,,,,,
121,국내증권사,10659,케이아이디비채권중개(주),D,SF037,투자일임 현황(투자일임 계약 현황),B,일임계약 건수,,,,,,,,,,,,,,0,0,0,0,0,0,0,0,0,0,0,,,,,,,,,,,,,,,,,,,,,,,,,,,,,,,,,,,,,,,,,
122,국내증권사,10659,케이아이디비채권중개(주),D,SF037,투자일임 현황(투자일임 계약 현황),C,일임계약 자산총액(계약금액),,,,,,,,,,,,,,0,0,0,0,0,0,0,0,0,0,0,,,,,,,,,,,,,,,,,,,,,,,,,,,,,,,,,,,,,,,,,
123,국내증권사,10659,케이아이디비채권중개(주),D,SF037,투자일임 현황(투자일임 계약 현황),D,일임계약 자산총액(평가금액),,,,,,,,,,,,,,0,0,0,0,0,0,0,0,0,0,0,,,,,,,,,,,,,,,,,,,,,,,,,,,,,,,,,,,,,,,,,
124,국내증권사,10897,케이알투자증권주식회사,D,SF037,투자일임 현황(투자일임 계약 현황),A,고객수,0,0,16,20,30,23,5,7,7,,,,,0,0,0,0,0,0,0,0,0,0,,,,0,11,12,6,5,6,7,7,6,3,,,,,,,,,,,,,,,,,,,,,,,,,,,,0,0
125,국내증권사,10897,케이알투자증권주식회사,D,SF037,투자일임 현황(투자일임 계약 현황),B,일임계약 건수,0,0,16,26,30,23,5,7,7,,,,,0,0,0,0,0,0,0,0,0,0,,,,0,14,17,10,11,11,11,11,10,5,,,,,,,,,,,,,,,,,,,,,,,,,,,,0,0
126,국내증권사,10897,케이알투자증권주식회사,D,SF037,투자일임 현황(투자일임 계약 현황),C,일임계약 자산총액(계약금액),0,0,2969000000,3219000000,4519000000,4027000000,1090000000,1272000000,1495000000,,,,,0,0,0,0,0,0,0,0,0,0,,,,0,239247209,771275914,784747209,819000000,617500000,716500000,784500000,724500000,389530736,,,,,,,,,,,,,,,,,,,,,,,,,,,,0,0
127,국내증권사,10897,케이알투자증권주식회사,D,SF037,투자일임 현황(투자일임 계약 현황),D,일임계약 자산총액(평가금액),0,0,3532723304,3898290833,4960610861,4334743949,1003125820,1876742896,1610343467,,,,,0,0,0,0,0,0,0,0,0,0,,,,0,233300701,765039082,805858386,847415648,662236586,785476262,875367016,853947755,390803463,,,,,,,,,,,,,,,,,,,,,,,,,,,,0,0
128,국내증권사,11221,비엔피파리바증권주식회사,D,SF037,투자일임 현황(투자일임 계약 현황),A,고객수,,,,,,,,,,,,,,0,0,0,0,,,,,,,,,,,,,,,,,,,,,,,,,,,,,,,,,,,,,,,,,,,,,,,,
129,국내증권사,11221,비엔피파리바증권주식회사,D,SF037,투자일임 현황(투자일임 계약 현황),B,일임계약 건수,,,,,,,,,,,,,,0,0,0,0,,,,,,,,,,,,,,,,,,,,,,,,,,,,,,,,,,,,,,,,,,,,,,,,
130,국내증권사,11221,비엔피파리바증권주식회사,D,SF037,투자일임 현황(투자일임 계약 현황),C,일임계약 자산총액(계약금액),,,,,,,,,,,,,,0,0,0,0,,,,,,,,,,,,,,,,,,,,,,,,,,,,,,,,,,,,,,,,,,,,,,,,
131,국내증권사,11221,비엔피파리바증권주식회사,D,SF037,투자일임 현황(투자일임 계약 현황),D,일임계약 자산총액(평가금액),,,,,,,,,,,,,,0,0,0,0,,,,,,,,,,,,,,,,,,,,,,,,,,,,,,,,,,,,,,,,,,,,,,,,
132,국내증권사,11238,씨엘에스에이코리아증권(주),D,SF037,투자일임 현황(투자일임 계약 현황),A,고객수,,,,,,,,,,,,,,0,0,0,0,0,0,0,0,0,0,0,0,0,0,,,,,,,,,,,,,,,,,,,,,,,,,,,,,,,,,,,,,,
133,국내증권사,11238,씨엘에스에이코리아증권(주),D,SF037,투자일임 현황(투자일임 계약 현황),B,일임계약 건수,,,,,,,,,,,,,,0,0,0,0,0,0,0,0,0,0,0,0,0,0,,,,,,,,,,,,,,,,,,,,,,,,,,,,,,,,,,,,,,
134,국내증권사,11238,씨엘에스에이코리아증권(주),D,SF037,투자일임 현황(투자일임 계약 현황),C,일임계약 자산총액(계약금액),,,,,,,,,,,,,,0,0,0,0,0,0,0,0,0,0,0,0,0,0,,,,,,,,,,,,,,,,,,,,,,,,,,,,,,,,,,,,,,
135,국내증권사,11238,씨엘에스에이코리아증권(주),D,SF037,투자일임 현황(투자일임 계약 현황),D,일임계약 자산총액(평가금액),,,,,,,,,,,,,,0,0,0,0,0,0,0,0,0,0,0,0,0,0,,,,,,,,,,,,,,,,,,,,,,,,,,,,,,,,,,,,,,
136,국내증권사,11611,맥쿼리증권,D,SF037,투자일임 현황(투자일임 계약 현황),A,고객수,,,,,,,,,,,,,,0,0,,,,,,,,,,,,,,,,,,,,,,,,,,,,,,,,,,,,,,,,,,,,,,,,,,
137,국내증권사,11611,맥쿼리증권,D,SF037,투자일임 현황(투자일임 계약 현황),B,일임계약 건수,,,,,,,,,,,,,,0,0,,,,,,,,,,,,,,,,,,,,,,,,,,,,,,,,,,,,,,,,,,,,,,,,,,
138,국내증권사,11611,맥쿼리증권,D,SF037,투자일임 현황(투자일임 계약 현황),C,일임계약 자산총액(계약금액),,,,,,,,,,,,,,0,0,,,,,,,,,,,,,,,,,,,,,,,,,,,,,,,,,,,,,,,,,,,,,,,,,,
139,국내증권사,11611,맥쿼리증권,D,SF037,투자일임 현황(투자일임 계약 현황),D,일임계약 자산총액(평가금액),,,,,,,,,,,,,,0,0,,,,,,,,,,,,,,,,,,,,,,,,,,,,,,,,,,,,,,,,,,,,,,,,,,
140,국내증권사,11978,케이프투자증권,D,SF037,투자일임 현황(투자일임 계약 현황),A,고객수,,,11,0,,21,92,185,138,113,105,91,70,65,63,53,57,53,107,76,67,56,40,36,31,31,31,31,23,23,23,23,23,23,23,23,23,22,22,22,22,22,22,22,22,22,22,22,22,22,22,22,22,22,22,22,22,22,22,22,22,22,22,22,22
141,국내증권사,11978,케이프투자증권,D,SF037,투자일임 현황(투자일임 계약 현황),B,일임계약 건수,,,11,0,,21,92,185,138,126,117,94,75,69,68,56,59,55,109,78,69,58,42,38,33,33,33,33,24,24,24,24,24,24,24,24,24,23,23,23,23,23,23,23,23,23,23,23,23,23,23,23,23,23,23,23,23,23,23,23,23,23,23,23,23
142,국내증권사,11978,케이프투자증권,D,SF037,투자일임 현황(투자일임 계약 현황),C,일임계약 자산총액(계약금액),,,18928182527,0,,3755162562,11997938040,14485983251,15831100447,11056992780,9208932025,10294417917,6735832578,55453590381,57158400030,32883283739,8037811552,4747107178,2801402124,3033380082,5115004097,7878078151,1607055718,1306011606,0,0,0,0,0,0,0,0,0,0,0,0,0,0,0,0,0,0,0,0,0,0,0,0,0,0,0,0,0,0,0,0,0,0,0,0,0,0,0,0,0
143,국내증권사,11978,케이프투자증권,D,SF037,투자일임 현황(투자일임 계약 현황),D,일임계약 자산총액(평가금액),,,18928182527,0,,3985162562,12070653951,15302030194,15721069600,9696455329,8102212360,9770220678,5913123702,54904236073,56857686610,32644998487,7652771869,4521848211,2589506468,2860070889,4931813705,7680076098,1339144168,1108534315,0,0,0,0,0,0,0,0,0,0,0,0,0,0,0,0,0,0,0,0,0,0,0,0,0,0,0,0,0,0,0,0,0,0,0,0,0,0,0,0,0
144,국내증권사,11980,디에스투자증권,D,SF037,투자일임 현황(투자일임 계약 현황),A,고객수,19,147,177,217,266,315,363,474,515,496,484,486,478,418,414,419,405,408,461,394,397,401,397,394,396,394,0,,,,,,,,,,,,,,,,,,,,,,,,,,,,,,1,,,,,,,,
145,국내증권사,11980,디에스투자증권,D,SF037,투자일임 현황(투자일임 계약 현황),B,일임계약 건수,19,172,206,246,296,356,418,547,590,565,549,547,543,474,471,476,458,460,513,434,438,442,437,436,442,440,0,,,,,,,,,,,,,,,,,,,,,,,,,,,,,,1,,,,,,,,
146,국내증권사,11980,디에스투자증권,D,SF037,투자일임 현황(투자일임 계약 현황),C,일임계약 자산총액(계약금액),26824679836,80863486359,150181631519,59178059115,92711860172,128090254060,151330751744,128555643032,167448720518,150319829062,111459358352,93346834315,100261149176,65248167429,56846766241,57037433615,59185166232,81125596893,112114307067,94494080879,103613159742,98058963843,56093256009,140567777148,98643250772,137152684698,0,,,,,,,,,,,,,,,,,,,,,,,,,,,,,,10000000,,,,,,,,
147,국내증권사,11980,디에스투자증권,D,SF037,투자일임 현황(투자일임 계약 현황),D,일임계약 자산총액(평가금액),26564264856,83085576330,152130959178,61009138245,93674449887,131265662670,156219897805,135429756862,174037318994,141970202725,104790368944,90879573886,94812255681,63644310740,55894894639,55442842797,59270965779,81167023888,113046510052,95195448918,103984701350,98785353474,56437455232,139741801202,95957774425,138841160324,0,,,,,,,,,,,,,,,,,,,,,,,,,,,,,,10000000,,,,,,,,
148,국내증권사,11981,다올투자증권 주식회사,D,SF037,투자일임 현황(투자일임 계약 현황),A,고객수,0,0,0,13,17,19,22,22,27,4,34,43,57,63,61,55,63,67,1,1,0,0,0,,,,,,,,,,8,27,34,66,66,65,65,66,69,72,63,65,51,51,51,53,59,63,63,64,64,63,47,46,45,45,48,57,10,10,8,8,8
149,국내증권사,11981,다올투자증권 주식회사,D,SF037,투자일임 현황(투자일임 계약 현황),B,일임계약 건수,0,0,0,13,17,19,22,22,27,4,34,43,57,63,61,55,63,67,1,1,0,0,0,,,,,,,,,,8,28,36,72,74,72,72,73,75,79,69,71,57,56,57,59,64,68,69,70,70,68,52,51,50,50,54,63,10,10,8,8,8
150,국내증권사,11981,다올투자증권 주식회사,D,SF037,투자일임 현황(투자일임 계약 현황),C,일임계약 자산총액(계약금액),0,0,0,11522327811,12772333933,22863695375,23763695375,16286505628,17303505628,13055169659,16068672385,10977110983,31556395672,59874156225,65418138731,71853887510,67712852332,66349145950,1610568469,1590514096,0,0,0,,,,,,,,,,3487910789,4881083895,13958628811,19931034808,20064078804,18974251183,9011028716,9072484574,9402484574,9042484574,7969001464,8065502187,7344564601,7489764601,7639764601,7699764601,9479764601,10409764601,10459764601,10559764601,10533764601,10257584668,8808297942,8728293655,8478293655,8377581137,8537581137,10697581137,3485000000,3485000000,2390000000,3390000000,3390000000
151,국내증권사,11981,다올투자증권 주식회사,D,SF037,투자일임 현황(투자일임 계약 현황),D,일임계약 자산총액(평가금액),0,0,0,11969506800,13537369721,28927183307,33945434573,17393468676,18879235550,10949773673,14129650709,14450867969,31255265858,61567406163,75389734908,76403409807,70767976096,68958428274,1806318329,1803912911,0,0,0,,,,,,,,,,3412719216,5671240400,14494588687,21458572953,20671669531,20358119729,9676904113,11261337570,11305229589,8873549844,7399580979,6585278031,8127546297,8980459013,11125429016,11413448275,15227261552,16199790165,17157735807,15301466275,12235407485,10782436480,11941343836,15621145920,17475878197,15913500583,16857506706,21378691670,6192677017,6154994436,4796330645,6152631389,6547903995
152,국내증권사,11982,주식회사 카카오페이증권,D,SF037,투자일임 현황(투자일임 계약 현황),A,고객수,,,,,,,,,,,,,,0,0,0,0,0,0,0,0,0,0,0,0,0,0,0,0,0,0,0,0,,,,,,,,,,,,,,,,,,,,,,,,,,,,,,,,
153,국내증권사,11982,주식회사 카카오페이증권,D,SF037,투자일임 현황(투자일임 계약 현황),B,일임계약 건수,,,,,,,,,,,,,,0,0,0,0,0,0,0,0,0,0,0,0,0,0,0,0,0,0,0,0,,,,,,,,,,,,,,,,,,,,,,,,,,,,,,,,
154,국내증권사,11982,주식회사 카카오페이증권,D,SF037,투자일임 현황(투자일임 계약 현황),C,일임계약 자산총액(계약금액),,,,,,,,,,,,,,0,0,0,0,0,0,0,0,0,0,0,0,0,0,0,0,0,0,0,0,,,,,,,,,,,,,,,,,,,,,,,,,,,,,,,,
155,국내증권사,11982,주식회사 카카오페이증권,D,SF037,투자일임 현황(투자일임 계약 현황),D,일임계약 자산총액(평가금액),,,,,,,,,,,,,,0,0,0,0,0,0,0,0,0,0,0,0,0,0,0,0,0,0,0,0,,,,,,,,,,,,,,,,,,,,,,,,,,,,,,,,
156,국내증권사,12001,IBK투자증권,D,SF037,투자일임 현황(투자일임 계약 현황),A,고객수,,,,,,,,,107,87,74,84,91,82,82,138,142,152,143,144,139,128,127,138,104,116,145,153,203,231,237,240,236,238,235,214,198,199,188,162,362,541,592,556,544,489,448,407,348,327,298,284,380,516,469,457,499,527,629,675,657,646,572,568,566
157,국내증권사,12001,IBK투자증권,D,SF037,투자일임 현황(투자일임 계약 현황),B,일임계약 건수,,,,,,,,,114,93,80,89,99,90,89,172,221,267,258,241,224,207,187,197,149,162,194,186,239,287,278,280,264,274,277,248,234,255,240,220,412,610,675,633,621,566,533,507,457,426,402,361,469,594,545,525,570,592,689,731,699,679,589,585,586
158,국내증권사,12001,IBK투자증권,D,SF037,투자일임 현황(투자일임 계약 현황),C,일임계약 자산총액(계약금액),,,,,,,,,8590873742,7954136050,6450134050,6789209011,5365943580,4558833580,27771572270,310238743599,1229218927129,2119392211316,2085001543534,1685256932921,1483727688630,1497573540591,1403572388417,1618752646976,1357822026329,1077794888815,1054812848205,974477073652,751748426341,992091875894,848054359907,782948284017,654909879664,1174523070548,1680347358577,1699388049702,1163629530929,1915711103446,1909641049822,1858423107360,1403597089249,2040355243912,2791635944485,2551427280518,2433571436468,2397943165353,2258663982759,2384913443052,2277653058603,2369478187617,2830449576456,2306319890363,2478370531277,2414128678627,2286634335743,1744977455251,1442024463270,1354559187919,1255632649761,1105134207596,1064832380111,654030431628,591145914403,156089762950,342478343364
159,국내증권사,12001,IBK투자증권,D,SF037,투자일임 현황(투자일임 계약 현황),D,일임계약 자산총액(평가금액),,,,,,,,,8457059360,6270652577,5188652819,6084607827,4496979909,3953308003,26991051875,309558269986,1227893612329,2118331704692,2102856925856,1703909455692,1493279652910,1513197857457,1416811582772,1632371226234,1364371525719,1102555776293,1062196070528,1000598795277,755431765915,996199673168,851982651243,788433349931,661845621899,1184476823031,1696427190851,1716300827094,1176867457978,1931272036843,1923138953227,1867478122624,1415401789374,2024223623603,2802978347679,2563765017893,2451645500748,2412672943565,2274929500946,2397576945512,2292586670632,2380104852162,2797368131861,2313399539549,2476419287593,2415813382355,2298550516113,1752074712656,1454720878704,1365263402841,1270203075764,1119502066021,1075846069723,663572059516,592698450115,158538879932,345093042266
160,국내증권사,12002,한국스탠다드차타드증권,D,SF037,투자일임 현황(투자일임 계약 현황),A,고객수,,,,,,,,,,,,,,0,0,0,0,0,0,0,0,0,0,0,0,0,0,0,0,0,0,0,0,,,,,,,,,,,,,,,,,,,,,,,,,,,,,,,,
161,국내증권사,12002,한국스탠다드차타드증권,D,SF037,투자일임 현황(투자일임 계약 현황),B,일임계약 건수,,,,,,,,,,,,,,0,0,0,0,0,0,0,0,0,0,0,0,0,0,0,0,0,0,0,0,,,,,,,,,,,,,,,,,,,,,,,,,,,,,,,,
162,국내증권사,12002,한국스탠다드차타드증권,D,SF037,투자일임 현황(투자일임 계약 현황),C,일임계약 자산총액(계약금액),,,,,,,,,,,,,,0,0,0,0,0,0,0,0,0,0,0,0,0,0,0,0,0,0,0,0,,,,,,,,,,,,,,,,,,,,,,,,,,,,,,,,
163,국내증권사,12002,한국스탠다드차타드증권,D,SF037,투자일임 현황(투자일임 계약 현황),D,일임계약 자산총액(평가금액),,,,,,,,,,,,,,0,0,0,0,0,0,0,0,0,0,0,0,0,0,0,0,0,0,0,0,,,,,,,,,,,,,,,,,,,,,,,,,,,,,,,,
164,국내증권사,12334,(주)비엔케이투자증권,D,SF037,투자일임 현황(투자일임 계약 현황),A,고객수,,,,,,,,,,,,,,0,0,0,0,0,4,7,7,7,14,73,115,97,73,57,62,43,37,35,24,18,15,19,21,23,23,23,69,75,71,58,30,26,15,23,28,33,42,53,50,53,50,45,43,40,37,42,64,67,64,61,64
165,국내증권사,12334,(주)비엔케이투자증권,D,SF037,투자일임 현황(투자일임 계약 현황),B,일임계약 건수,,,,,,,,,,,,,,0,0,0,0,0,2,20,10,15,11,70,110,97,73,57,73,52,51,44,31,22,19,23,22,24,24,23,69,75,71,58,30,26,15,23,28,33,42,53,52,55,52,47,45,40,37,42,64,67,64,62,65
166,국내증권사,12334,(주)비엔케이투자증권,D,SF037,투자일임 현황(투자일임 계약 현황),C,일임계약 자산총액(계약금액),,,,,,,,,,,,,,0,0,0,0,0,40000000000,335000000000,155000000000,185000000000,76076678317,125659675763,210489666273,180662507930,19848811382,34151553306,183042522777,222303598225,416005778873,320598764010,180413752206,30232680097,29931706828,30291194171,11728252766,11892640206,12206036593,11717164141,6041519301,6276515028,5835695752,14323629918,12319981438,11894088833,10927273139,11855786585,20170786595,11786151740,15159160332,16165160345,15965160322,16469831285,15109819193,14067315693,13776475115,12215048381,61232181977,12877370281,20783370671,21705395510,18757814237,16267815237,16055815237
167,국내증권사,12334,(주)비엔케이투자증권,D,SF037,투자일임 현황(투자일임 계약 현황),D,일임계약 자산총액(평가금액),,,,,,,,,,,,,,0,0,0,0,0,40073095890,335868304098,155739493146,186051202732,78532985987,126162454278,211373032723,182502290792,20315559519,34328128078,183156223248,223034596434,416588162630,321368061637,181165401349,31112589444,31018746990,31594914831,12175841444,12410505877,12341925200,11999673037,6274140905,6512679028,6084387543,14530127663,12552473552,12268232288,11335307883,12632274895,21428794531,13948199263,17651423930,18889951984,18456547399,18379118667,17136873412,16314954955,16177990145,14674945897,64088297221,16198073346,24371195164,25460998492,22755940572,20277039267,20184840014
168,국내증권사,12390,노무라금융투자주식회사,D,SF037,투자일임 현황(투자일임 계약 현황),A,고객수,,,,,,,,,,,,,,0,0,0,0,0,0,0,0,0,0,0,,,,,,,,,,,,,,,,,,,,,,,,,,,,,,,,,,,,,,,,,
169,국내증권사,12390,노무라금융투자주식회사,D,SF037,투자일임 현황(투자일임 계약 현황),B,일임계약 건수,,,,,,,,,,,,,,0,0,0,0,0,0,0,0,0,0,0,,,,,,,,,,,,,,,,,,,,,,,,,,,,,,,,,,,,,,,,,
170,국내증권사,12390,노무라금융투자주식회사,D,SF037,투자일임 현황(투자일임 계약 현황),C,일임계약 자산총액(계약금액),,,,,,,,,,,,,,0,0,0,0,0,0,0,0,0,0,0,,,,,,,,,,,,,,,,,,,,,,,,,,,,,,,,,,,,,,,,,
171,국내증권사,12390,노무라금융투자주식회사,D,SF037,투자일임 현황(투자일임 계약 현황),D,일임계약 자산총액(평가금액),,,,,,,,,,,,,,0,0,0,0,0,0,0,0,0,0,0,,,,,,,,,,,,,,,,,,,,,,,,,,,,,,,,,,,,,,,,,
172,국내증권사,13003,다이와증권캐피탈마켓코리아 주식회사,D,SF037,투자일임 현황(투자일임 계약 현황),A,고객수,,,,,,,,,,,,,,0,0,0,0,0,0,0,0,0,0,0,0,0,0,0,0,0,0,0,0,0,0,0,0,0,0,0,0,0,0,0,0,0,0,0,0,0,0,0,0,0,0,0,0,0,0,0,0,0,0,0,
173,국내증권사,13003,다이와증권캐피탈마켓코리아 주식회사,D,SF037,투자일임 현황(투자일임 계약 현황),B,일임계약 건수,,,,,,,,,,,,,,0,0,0,0,0,0,0,0,0,0,0,0,0,0,0,0,0,0,0,0,0,0,0,0,0,0,0,0,0,0,0,0,0,0,0,0,0,0,0,0,0,0,0,0,0,0,0,0,0,0,0,
174,국내증권사,13003,다이와증권캐피탈마켓코리아 주식회사,D,SF037,투자일임 현황(투자일임 계약 현황),C,일임계약 자산총액(계약금액),,,,,,,,,,,,,,0,0,0,0,0,0,0,0,0,0,0,0,0,0,0,0,0,0,0,0,0,0,0,0,0,0,0,0,0,0,0,0,0,0,0,0,0,0,0,0,0,0,0,0,0,0,0,0,0,0,0,
175,국내증권사,13003,다이와증권캐피탈마켓코리아 주식회사,D,SF037,투자일임 현황(투자일임 계약 현황),D,일임계약 자산총액(평가금액),,,,,,,,,,,,,,0,0,0,0,0,0,0,0,0,0,0,0,0,0,0,0,0,0,0,0,0,0,0,0,0,0,0,0,0,0,0,0,0,0,0,0,0,0,0,0,0,0,0,0,0,0,0,0,0,0,0,
176,외국계증권사,10145,크레디트스위스증권서울지점,D,SF037,투자일임 현황(투자일임 계약 현황),A,고객수,,,,,,,,,,,,,,0,0,,,,,,,,,,,,,,,,,,,,,,,,,,,,,,,,,,,,,,,,,,,,,,,,,,
177,외국계증권사,10145,크레디트스위스증권서울지점,D,SF037,투자일임 현황(투자일임 계약 현황),B,일임계약 건수,,,,,,,,,,,,,,0,0,,,,,,,,,,,,,,,,,,,,,,,,,,,,,,,,,,,,,,,,,,,,,,,,,,
178,외국계증권사,10145,크레디트스위스증권서울지점,D,SF037,투자일임 현황(투자일임 계약 현황),C,일임계약 자산총액(계약금액),,,,,,,,,,,,,,0,0,,,,,,,,,,,,,,,,,,,,,,,,,,,,,,,,,,,,,,,,,,,,,,,,,,
179,외국계증권사,10145,크레디트스위스증권서울지점,D,SF037,투자일임 현황(투자일임 계약 현황),D,일임계약 자산총액(평가금액),,,,,,,,,,,,,,0,0,,,,,,,,,,,,,,,,,,,,,,,,,,,,,,,,,,,,,,,,,,,,,,,,,,
180,외국계증권사,10149,골드만삭스증권회사서울지점,D,SF037,투자일임 현황(투자일임 계약 현황),A,고객수,,,,,,,,,,,,,,,0,0,0,0,0,0,0,0,0,0,,,,0,0,0,0,0,0,0,0,0,0,0,0,0,0,0,0,0,0,0,0,0,0,0,0,0,0,0,0,0,0,0,0,0,0,0,0,0,0
181,외국계증권사,10149,골드만삭스증권회사서울지점,D,SF037,투자일임 현황(투자일임 계약 현황),B,일임계약 건수,,,,,,,,,,,,,,,0,0,0,0,0,0,0,0,0,0,,,,0,0,0,0,0,0,0,0,0,0,0,0,0,0,0,0,0,0,0,0,0,0,0,0,0,0,0,0,0,0,0,0,0,0,0,0,0,0
182,외국계증권사,10149,골드만삭스증권회사서울지점,D,SF037,투자일임 현황(투자일임 계약 현황),C,일임계약 자산총액(계약금액),,,,,,,,,,,,,,,0,0,0,0,0,0,0,0,0,0,,,,0,0,0,0,0,0,0,0,0,0,0,0,0,0,0,0,0,0,0,0,0,0,0,0,0,0,0,0,0,0,0,0,0,0,0,0,0,0
183,외국계증권사,10149,골드만삭스증권회사서울지점,D,SF037,투자일임 현황(투자일임 계약 현황),D,일임계약 자산총액(평가금액),,,,,,,,,,,,,,,0,0,0,0,0,0,0,0,0,0,,,,0,0,0,0,0,0,0,0,0,0,0,0,0,0,0,0,0,0,0,0,0,0,0,0,0,0,0,0,0,0,0,0,0,0,0,0,0,0
184,외국계증권사,10153,메릴린치인터내셔날엘엘씨증권 서울지점,D,SF037,투자일임 현황(투자일임 계약 현황),A,고객수,,,,,,,,,,,,,,0,0,,,,,,,,,,,,,,,,,,,,,,,,,,,,,,,,,,,,,,,,,,,,,,,,,,
185,외국계증권사,10153,메릴린치인터내셔날엘엘씨증권 서울지점,D,SF037,투자일임 현황(투자일임 계약 현황),B,일임계약 건수,,,,,,,,,,,,,,0,0,,,,,,,,,,,,,,,,,,,,,,,,,,,,,,,,,,,,,,,,,,,,,,,,,,
186,외국계증권사,10153,메릴린치인터내셔날엘엘씨증권 서울지점,D,SF037,투자일임 현황(투자일임 계약 현황),C,일임계약 자산총액(계약금액),,,,,,,,,,,,,,0,0,,,,,,,,,,,,,,,,,,,,,,,,,,,,,,,,,,,,,,,,,,,,,,,,,,
187,외국계증권사,10153,메릴린치인터내셔날엘엘씨증권 서울지점,D,SF037,투자일임 현황(투자일임 계약 현황),D,일임계약 자산총액(평가금액),,,,,,,,,,,,,,0,0,,,,,,,,,,,,,,,,,,,,,,,,,,,,,,,,,,,,,,,,,,,,,,,,,,
188,외국계증권사,10154,모간스탠리인터내셔날증권회사서울지점,D,SF037,투자일임 현황(투자일임 계약 현황),A,고객수,,,,,,,,,,,,,,0,0,0,0,0,0,0,0,0,0,0,0,0,0,0,0,0,,,,,,0,0,0,0,0,0,0,0,0,0,0,0,0,0,0,0,0,0,0,0,0,,,,,,,,,
189,외국계증권사,10154,모간스탠리인터내셔날증권회사서울지점,D,SF037,투자일임 현황(투자일임 계약 현황),B,일임계약 건수,,,,,,,,,,,,,,0,0,0,0,0,0,0,0,0,0,0,0,0,0,0,0,0,,,,,,0,0,0,0,0,0,0,0,0,0,0,0,0,0,0,0,0,0,0,0,0,,,,,,,,,
190,외국계증권사,10154,모간스탠리인터내셔날증권회사서울지점,D,SF037,투자일임 현황(투자일임 계약 현황),C,일임계약 자산총액(계약금액),,,,,,,,,,,,,,0,0,0,0,0,0,0,0,0,0,0,0,0,0,0,0,0,,,,,,0,0,0,0,0,0,0,0,0,0,0,0,0,0,0,0,0,0,0,0,0,,,,,,,,,
191,외국계증권사,10154,모간스탠리인터내셔날증권회사서울지점,D,SF037,투자일임 현황(투자일임 계약 현황),D,일임계약 자산총액(평가금액),,,,,,,,,,,,,,0,0,0,0,0,0,0,0,0,0,0,0,0,0,0,0,0,,,,,,0,0,0,0,0,0,0,0,0,0,0,0,0,0,0,0,0,0,0,0,0,,,,,,,,,
192,외국계증권사,10158,제이피모간증권회사서울지점,D,SF037,투자일임 현황(투자일임 계약 현황),A,고객수,,,,,,,,,,,,,,0,0,0,0,0,0,0,0,0,0,0,0,0,,,,,0,,0,0,0,0,0,0,0,0,,,0,0,0,0,,,,,,,,,,,,,,,,,,,
193,외국계증권사,10158,제이피모간증권회사서울지점,D,SF037,투자일임 현황(투자일임 계약 현황),B,일임계약 건수,,,,,,,,,,,,,,0,0,0,0,0,0,0,0,0,0,0,0,0,,,,,0,,0,0,0,0,0,0,0,0,,,0,0,0,0,,,,,,,,,,,,,,,,,,,
194,외국계증권사,10158,제이피모간증권회사서울지점,D,SF037,투자일임 현황(투자일임 계약 현황),C,일임계약 자산총액(계약금액),,,,,,,,,,,,,,0,0,0,0,0,0,0,0,0,0,0,0,0,,,,,0,,0,0,0,0,0,0,0,0,,,0,0,0,0,,,,,,,,,,,,,,,,,,,
195,외국계증권사,10158,제이피모간증권회사서울지점,D,SF037,투자일임 현황(투자일임 계약 현황),D,일임계약 자산총액(평가금액),,,,,,,,,,,,,,0,0,0,0,0,0,0,0,0,0,0,0,0,,,,,0,,0,0,0,0,0,0,0,0,,,0,0,0,0,,,,,,,,,,,,,,,,,,,
196,외국계증권사,10162,크레디 아그리콜 아시아증권 서울지점,D,SF037,투자일임 현황(투자일임 계약 현황),A,고객수,,,,,,,,,,,,,,0,0,0,0,0,0,0,0,0,0,,,,,,,,,,,,,,,,,,,,,,,,,,,,,,,,,,,,,,,,,,
197,외국계증권사,10162,크레디 아그리콜 아시아증권 서울지점,D,SF037,투자일임 현황(투자일임 계약 현황),B,일임계약 건수,,,,,,,,,,,,,,0,0,0,0,0,0,0,0,0,0,,,,,,,,,,,,,,,,,,,,,,,,,,,,,,,,,,,,,,,,,,
198,외국계증권사,10162,크레디 아그리콜 아시아증권 서울지점,D,SF037,투자일임 현황(투자일임 계약 현황),C,일임계약 자산총액(계약금액),,,,,,,,,,,,,,0,0,0,0,0,0,0,0,0,0,,,,,,,,,,,,,,,,,,,,,,,,,,,,,,,,,,,,,,,,,,
199,외국계증권사,10162,크레디 아그리콜 아시아증권 서울지점,D,SF037,투자일임 현황(투자일임 계약 현황),D,일임계약 자산총액(평가금액),,,,,,,,,,,,,,0,0,0,0,0,0,0,0,0,0,,,,,,,,,,,,,,,,,,,,,,,,,,,,,,,,,,,,,,,,,,
200,외국계증권사,11218,홍콩상하이증권서울지점,D,SF037,투자일임 현황(투자일임 계약 현황),A,고객수,,,,,,,,,,,,,,0,0,0,0,0,0,0,0,0,0,0,0,0,0,0,0,0,0,0,0,0,0,0,,,,,,,,,,,,,,,,,,,,,,,,,,,,,
201,외국계증권사,11218,홍콩상하이증권서울지점,D,SF037,투자일임 현황(투자일임 계약 현황),B,일임계약 건수,,,,,,,,,,,,,,0,0,0,0,0,0,0,0,0,0,0,0,0,0,0,0,0,0,0,0,0,0,0,,,,,,,,,,,,,,,,,,,,,,,,,,,,,
202,외국계증권사,11218,홍콩상하이증권서울지점,D,SF037,투자일임 현황(투자일임 계약 현황),C,일임계약 자산총액(계약금액),,,,,,,,,,,,,,0,0,0,0,0,0,0,0,0,0,0,0,0,0,0,0,0,0,0,0,0,0,0,,,,,,,,,,,,,,,,,,,,,,,,,,,,,
203,외국계증권사,11218,홍콩상하이증권서울지점,D,SF037,투자일임 현황(투자일임 계약 현황),D,일임계약 자산총액(평가금액),,,,,,,,,,,,,,0,0,0,0,0,0,0,0,0,0,0,0,0,0,0,0,0,0,0,0,0,0,0,,,,,,,,,,,,,,,,,,,,,,,,,,,,,
204,외국계증권사,11612,유비에스증권리미티드서울지점,D,SF037,투자일임 현황(투자일임 계약 현황),A,고객수,,,,,,,,,,,,,,0,0,0,0,0,0,0,0,0,,,,,,,,,,,,,,,,,,,,,,,,,,,,,,,,,,,,,,,,,,,
205,외국계증권사,11612,유비에스증권리미티드서울지점,D,SF037,투자일임 현황(투자일임 계약 현황),B,일임계약 건수,,,,,,,,,,,,,,0,0,0,0,0,0,0,0,0,,,,,,,,,,,,,,,,,,,,,,,,,,,,,,,,,,,,,,,,,,,
206,외국계증권사,11612,유비에스증권리미티드서울지점,D,SF037,투자일임 현황(투자일임 계약 현황),C,일임계약 자산총액(계약금액),,,,,,,,,,,,,,0,0,0,0,0,0,0,0,0,,,,,,,,,,,,,,,,,,,,,,,,,,,,,,,,,,,,,,,,,,,
207,외국계증권사,11612,유비에스증권리미티드서울지점,D,SF037,투자일임 현황(투자일임 계약 현황),D,일임계약 자산총액(평가금액),,,,,,,,,,,,,,0,0,0,0,0,0,0,0,0,,,,,,,,,,,,,,,,,,,,,,,,,,,,,,,,,,,,,,,,,,,
