,금융구분,금융회사코드,금융회사명,통계분류,통계표코드,통계표명,코드,구분,202303,202306,202309,202312,202403,202406,202409,202412
0,국내생보사,10593,한화생명보험주식회사,B,SH156,책임준비금 적립현황(23.3월 이후),A,책임준비금,81347664459000,79006297736000,76392859940000,83363601510000,82924270092000,86641283509000,90674493381000,92334594495000
1,국내생보사,10593,한화생명보험주식회사,B,SH156,책임준비금 적립현황(23.3월 이후),A1,책임준비금_보험계약부채,73080331713000,70858444255000,68346651531000,74286795675000,74358469073000,77814678194000,81898203042000,83046177335000
2,국내생보사,10593,한화생명보험주식회사,B,SH156,책임준비금 적립현황(23.3월 이후),A11,책임준비금_보험계약부채_잔여보장요소,70318683471000,68183846198000,65643357420000,71582856845000,71593932721000,75068220079000,79106602969000,80183038192000
3,국내생보사,10593,한화생명보험주식회사,B,SH156,책임준비금 적립현황(23.3월 이후),A111,책임준비금_보험계약부채_잔여보장요소_최선추정,58795375836000,56393910887000,54203199164000,60718676791000,60699398676000,64237398776000,68289859267000,69201974444000
4,국내생보사,10593,한화생명보험주식회사,B,SH156,책임준비금 적립현황(23.3월 이후),A112,책임준비금_보험계약부채_잔여보장요소_위험조정,1631816333000,1652466383000,1625408960000,1621304563000,1643384784000,1669391586000,1680211603000,1868075693000
5,국내생보사,10593,한화생명보험주식회사,B,SH156,책임준비금 적립현황(23.3월 이후),A113,책임준비금_보험계약부채_잔여보장요소_보험계약마진,9879106846000,10122696223000,9799115670000,9238488040000,9243587730000,9153705102000,9129749553000,9109141013000
6,국내생보사,10593,한화생명보험주식회사,B,SH156,책임준비금 적립현황(23.3월 이후),A114,책임준비금_보험계약부채_잔여보장요소_보험료배분접근법 적용,12384456000,14772705000,15633626000,4387451000,7561531000,7724615000,6782546000,3847042000
7,국내생보사,10593,한화생명보험주식회사,B,SH156,책임준비금 적립현황(23.3월 이후),A12,책임준비금_보험계약부채_발생사고요소,2761648242000,2674598057000,2703294111000,2703938830000,2764536352000,2746458115000,2791600073000,2863139143000
8,국내생보사,10593,한화생명보험주식회사,B,SH156,책임준비금 적립현황(23.3월 이후),A121,책임준비금_보험계약부채_발생사고요소_최선추정,2734312601000,2652509726000,2678559032000,2681507832000,2738427885000,2722660257000,2766275780000,2832420290000
9,국내생보사,10593,한화생명보험주식회사,B,SH156,책임준비금 적립현황(23.3월 이후),A122,책임준비금_보험계약부채_발생사고요소_위험조정,27335641000,22088331000,24735079000,22430998000,26108467000,23797858000,25324293000,30718853000
10,국내생보사,10593,한화생명보험주식회사,B,SH156,책임준비금 적립현황(23.3월 이후),A13,책임준비금_보험계약부채_사전인식 보험취득현금흐름, , ,0,0,0,0,0,0
11,국내생보사,10593,한화생명보험주식회사,B,SH156,책임준비금 적립현황(23.3월 이후),A2,책임준비금_재보험계약부채,28151959000,25334221000,24557615000,28036358000,24520068000,28107300000,33386802000,34140119000
12,국내생보사,10593,한화생명보험주식회사,B,SH156,책임준비금 적립현황(23.3월 이후),A21,책임준비금_재보험계약부채_잔여보장요소,35853940000,35137199000,31701674000,38771086000,32762348000,37512669000,41977696000,45513782000
13,국내생보사,10593,한화생명보험주식회사,B,SH156,책임준비금 적립현황(23.3월 이후),A211,책임준비금_재보험계약부채_잔여보장요소_최선추정,81762853000,83456491000,82830032000,105831608000,106368911000,113483086000,116517750000,117872414000
14,국내생보사,10593,한화생명보험주식회사,B,SH156,책임준비금 적립현황(23.3월 이후),A212,책임준비금_재보험계약부채_잔여보장요소_위험조정,-8877827000,-8718428000,-7770919000,-6735120000,-6728848000,-7035713000,-7280956000,-7419118000
15,국내생보사,10593,한화생명보험주식회사,B,SH156,책임준비금 적립현황(23.3월 이후),A213,책임준비금_재보험계약부채_잔여보장요소_보험계약마진,-37031086000,-39600864000,-43357439000,-67645698000,-66882715000,-68944704000,-67264098000,-64944514000
16,국내생보사,10593,한화생명보험주식회사,B,SH156,책임준비금 적립현황(23.3월 이후),A214,책임준비금_재보험계약부채_잔여보장요소_보험료배분접근법 적용, , ,0,7320296000,5000000,10000000,5000000,5000000
17,국내생보사,10593,한화생명보험주식회사,B,SH156,책임준비금 적립현황(23.3월 이후),A22,책임준비금_재보험계약부채_발생사고요소,-7701981000,-9802978000,-7144059000,-10734728000,-8242280000,-9405369000,-8590894000,-11373663000
18,국내생보사,10593,한화생명보험주식회사,B,SH156,책임준비금 적립현황(23.3월 이후),A221,책임준비금_재보험계약부채_발생사고요소_최선추정,-7535027000,-9664967000,-6996833000,-10610720000,-8099601000,-9286088000,-8452129000,-11178413000
19,국내생보사,10593,한화생명보험주식회사,B,SH156,책임준비금 적립현황(23.3월 이후),A222,책임준비금_재보험계약부채_발생사고요소_위험조정,-166954000,-138011000,-147226000,-124008000,-142679000,-119281000,-138765000,-195250000
20,국내생보사,10593,한화생명보험주식회사,B,SH156,책임준비금 적립현황(23.3월 이후),A3,책임준비금_투자계약부채,8239180787000,8122519260000,8021650794000,9048769477000,8541280951000,8798498015000,8742903537000,9254277041000
21,국내생보사,10595,삼성생명보험주식회사,B,SH156,책임준비금 적립현황(23.3월 이후),A,책임준비금,186153363134000,182329945238000,177562734265000,192391323362000,193023901895000,198648379817000,204837880069000,207602643278000
22,국내생보사,10595,삼성생명보험주식회사,B,SH156,책임준비금 적립현황(23.3월 이후),A1,책임준비금_보험계약부채,157613395945000,153725870633000,149156719691000,162477075913000,163282694544000,168827225326000,175303234889000,176622412195000
23,국내생보사,10595,삼성생명보험주식회사,B,SH156,책임준비금 적립현황(23.3월 이후),A11,책임준비금_보험계약부채_잔여보장요소,153278156793000,149446252292000,144837513816000,158043526248000,158699496944000,164206579779000,170569701903000,171724548072000
24,국내생보사,10595,삼성생명보험주식회사,B,SH156,책임준비금 적립현황(23.3월 이후),A111,책임준비금_보험계약부채_잔여보장요소_최선추정,139061671932000,134501350702000,130061968033000,142958555547000,143320643967000,148654983880000,154771414441000,155874724679000
25,국내생보사,10595,삼성생명보험주식회사,B,SH156,책임준비금 적립현황(23.3월 이후),A112,책임준비금_보험계약부채_잔여보장요소_위험조정,2981526141000,3032061994000,3123552309000,2837598343000,2873975652000,2854065257000,2834821186000,2947801799000
26,국내생보사,10595,삼성생명보험주식회사,B,SH156,책임준비금 적립현황(23.3월 이후),A113,책임준비금_보험계약부채_잔여보장요소_보험계약마진,11234958720000,11912839596000,11651993474000,12247372358000,12504877325000,12697530642000,12963466276000,12902021594000
27,국내생보사,10595,삼성생명보험주식회사,B,SH156,책임준비금 적립현황(23.3월 이후),A114,책임준비금_보험계약부채_잔여보장요소_보험료배분접근법 적용, , , ,0,0, , , 
28,국내생보사,10595,삼성생명보험주식회사,B,SH156,책임준비금 적립현황(23.3월 이후),A12,책임준비금_보험계약부채_발생사고요소,4335239152000,4279618341000,4319205875000,4433549665000,4583197600000,4620645547000,4733532986000,4897864123000
29,국내생보사,10595,삼성생명보험주식회사,B,SH156,책임준비금 적립현황(23.3월 이후),A121,책임준비금_보험계약부채_발생사고요소_최선추정,4303927534000,4250276411000,4292249049000,4406458118000,4556465331000,4598173433000,4714153336000,4876632740000
30,국내생보사,10595,삼성생명보험주식회사,B,SH156,책임준비금 적립현황(23.3월 이후),A122,책임준비금_보험계약부채_발생사고요소_위험조정,31311618000,29341930000,26956826000,27091547000,26732269000,22472114000,19379650000,21231383000
31,국내생보사,10595,삼성생명보험주식회사,B,SH156,책임준비금 적립현황(23.3월 이후),A13,책임준비금_보험계약부채_사전인식 보험취득현금흐름, , , ,0,0, , , 
32,국내생보사,10595,삼성생명보험주식회사,B,SH156,책임준비금 적립현황(23.3월 이후),A2,책임준비금_재보험계약부채,539303398000,493907032000,432476692000,520741522000,558447341000,588178925000,615685010000,591969725000
33,국내생보사,10595,삼성생명보험주식회사,B,SH156,책임준비금 적립현황(23.3월 이후),A21,책임준비금_재보험계약부채_잔여보장요소,633333591000,585045789000,534885197000,686724596000,687555725000,710355675000,741425701000,796389385000
34,국내생보사,10595,삼성생명보험주식회사,B,SH156,책임준비금 적립현황(23.3월 이후),A211,책임준비금_재보험계약부채_잔여보장요소_최선추정,1041458665000,1009553140000,942247169000,1132923239000,1109905266000,1132485171000,1214933060000,1365767710000
35,국내생보사,10595,삼성생명보험주식회사,B,SH156,책임준비금 적립현황(23.3월 이후),A212,책임준비금_재보험계약부채_잔여보장요소_위험조정,-67513740000,-66425719000,-64023769000,-75041809000,-71669333000,-72790552000,-73132998000,-74023763000
36,국내생보사,10595,삼성생명보험주식회사,B,SH156,책임준비금 적립현황(23.3월 이후),A213,책임준비금_재보험계약부채_잔여보장요소_보험계약마진,-340611334000,-358081632000,-343338203000,-371156834000,-350680208000,-349338944000,-400374361000,-495354562000
37,국내생보사,10595,삼성생명보험주식회사,B,SH156,책임준비금 적립현황(23.3월 이후),A214,책임준비금_재보험계약부채_잔여보장요소_보험료배분접근법 적용, , , ,0,0, , , 
38,국내생보사,10595,삼성생명보험주식회사,B,SH156,책임준비금 적립현황(23.3월 이후),A22,책임준비금_재보험계약부채_발생사고요소,-94030193000,-91138757000,-102408505000,-165983074000,-129108384000,-122176750000,-125740691000,-204419660000
39,국내생보사,10595,삼성생명보험주식회사,B,SH156,책임준비금 적립현황(23.3월 이후),A221,책임준비금_재보험계약부채_발생사고요소_최선추정,-90663890000,-87698898000,-99384416000,-163214339000,-125651920000,-119222548000,-123402389000,-201954425000
40,국내생보사,10595,삼성생명보험주식회사,B,SH156,책임준비금 적립현황(23.3월 이후),A222,책임준비금_재보험계약부채_발생사고요소_위험조정,-3366303000,-3439859000,-3024089000,-2768735000,-3456464000,-2954202000,-2338302000,-2465235000
41,국내생보사,10595,삼성생명보험주식회사,B,SH156,책임준비금 적립현황(23.3월 이후),A3,책임준비금_투자계약부채,28000663791000,28110167573000,27973537882000,29393505927000,29182760010000,29232975566000,28918960170000,30388261358000
42,국내생보사,10596,흥국생명보험주식회사,B,SH156,책임준비금 적립현황(23.3월 이후),A,책임준비금,21851363013000,20907884453000,20281107786000,20822602548000,20375698042000,20651257241000,20819629086000,20253193072000
43,국내생보사,10596,흥국생명보험주식회사,B,SH156,책임준비금 적립현황(23.3월 이후),A1,책임준비금_보험계약부채,18175509879000,17499348358000,16805737563000,17928201473000,17649075343000,17821073082000,18006965905000,17734732956000
44,국내생보사,10596,흥국생명보험주식회사,B,SH156,책임준비금 적립현황(23.3월 이후),A11,책임준비금_보험계약부채_잔여보장요소,16207377303000,15586455922000,14969187478000,16118243035000,15912738899000,16132591700000,16399446530000,16211219884000
45,국내생보사,10596,흥국생명보험주식회사,B,SH156,책임준비금 적립현황(23.3월 이후),A111,책임준비금_보험계약부채_잔여보장요소_최선추정,13972413938000,13041749716000,12491104477000,13558685631000,13316786156000,13599941684000,13798424344000,13633965445000
46,국내생보사,10596,흥국생명보험주식회사,B,SH156,책임준비금 적립현황(23.3월 이후),A112,책임준비금_보험계약부채_잔여보장요소_위험조정,316663938000,325774005000,308013788000,316858436000,320082751000,322476970000,333763760000,362050291000
47,국내생보사,10596,흥국생명보험주식회사,B,SH156,책임준비금 적립현황(23.3월 이후),A113,책임준비금_보험계약부채_잔여보장요소_보험계약마진,1918299427000,2218932201000,2170069213000,2242698968000,2275869992000,2210173046000,2267258426000,2215204148000
48,국내생보사,10596,흥국생명보험주식회사,B,SH156,책임준비금 적립현황(23.3월 이후),A114,책임준비금_보험계약부채_잔여보장요소_보험료배분접근법 적용,0,0,0, , ,0,0,0
49,국내생보사,10596,흥국생명보험주식회사,B,SH156,책임준비금 적립현황(23.3월 이후),A12,책임준비금_보험계약부채_발생사고요소,1968132576000,1912892436000,1836550085000,1809958438000,1736336444000,1688481382000,1607519375000,1523513072000
50,국내생보사,10596,흥국생명보험주식회사,B,SH156,책임준비금 적립현황(23.3월 이후),A121,책임준비금_보험계약부채_발생사고요소_최선추정,1963917924000,1909117951000,1833577179000,1806506120000,1732627793000,1685327429000,1604229027000,1519443905000
51,국내생보사,10596,흥국생명보험주식회사,B,SH156,책임준비금 적립현황(23.3월 이후),A122,책임준비금_보험계약부채_발생사고요소_위험조정,4214652000,3774485000,2972906000,3452318000,3708651000,3153953000,3290348000,4069167000
52,국내생보사,10596,흥국생명보험주식회사,B,SH156,책임준비금 적립현황(23.3월 이후),A13,책임준비금_보험계약부채_사전인식 보험취득현금흐름,0,0,0, , ,0,0,0
53,국내생보사,10596,흥국생명보험주식회사,B,SH156,책임준비금 적립현황(23.3월 이후),A2,책임준비금_재보험계약부채,93010189000,90972716000,68054433000,85267170000,81580492000,89781859000,110199320000,110695448000
54,국내생보사,10596,흥국생명보험주식회사,B,SH156,책임준비금 적립현황(23.3월 이후),A21,책임준비금_재보험계약부채_잔여보장요소,106193649000,102790583000,129593793000,133571643000,131750569000,142736908000,156496694000,194916772000
55,국내생보사,10596,흥국생명보험주식회사,B,SH156,책임준비금 적립현황(23.3월 이후),A211,책임준비금_재보험계약부채_잔여보장요소_최선추정,162559318000,147337647000,318292775000,298321714000,293342716000,296982673000,271001523000,326111431000
56,국내생보사,10596,흥국생명보험주식회사,B,SH156,책임준비금 적립현황(23.3월 이후),A212,책임준비금_재보험계약부채_잔여보장요소_위험조정,-12020249000,-11511552000,-20332693000,-18702469000,-18566645000,-24024157000,-20354354000,-21680606000
57,국내생보사,10596,흥국생명보험주식회사,B,SH156,책임준비금 적립현황(23.3월 이후),A213,책임준비금_재보험계약부채_잔여보장요소_보험계약마진,-44345420000,-33035512000,-168366289000,-146047602000,-143025502000,-130221608000,-94150475000,-109514053000
58,국내생보사,10596,흥국생명보험주식회사,B,SH156,책임준비금 적립현황(23.3월 이후),A214,책임준비금_재보험계약부채_잔여보장요소_보험료배분접근법 적용,0,0,0, , ,0,0,0
59,국내생보사,10596,흥국생명보험주식회사,B,SH156,책임준비금 적립현황(23.3월 이후),A22,책임준비금_재보험계약부채_발생사고요소,-13183460000,-11817867000,-61539360000,-48304473000,-50170077000,-52955049000,-46297374000,-84221324000
60,국내생보사,10596,흥국생명보험주식회사,B,SH156,책임준비금 적립현황(23.3월 이후),A221,책임준비금_재보험계약부채_발생사고요소_최선추정,-12943377000,-11623387000,-60919109000,-47437395000,-49044327000,-51838443000,-45448757000,-83193475000
61,국내생보사,10596,흥국생명보험주식회사,B,SH156,책임준비금 적립현황(23.3월 이후),A222,책임준비금_재보험계약부채_발생사고요소_위험조정,-240083000,-194480000,-620251000,-867078000,-1125750000,-1116606000,-848617000,-1027849000
62,국내생보사,10596,흥국생명보험주식회사,B,SH156,책임준비금 적립현황(23.3월 이후),A3,책임준비금_투자계약부채,3582842945000,3317563379000,3407315790000,2809133905000,2645042207000,2740402300000,2702463861000,2407764668000
63,국내생보사,10597,교보생명보험주식회사,B,SH156,책임준비금 적립현황(23.3월 이후),A,책임준비금,79017098075588,78062912500179,76838584412020,87438204304286,89107614704456,91684347910251,95089017052110,96010708683547
64,국내생보사,10597,교보생명보험주식회사,B,SH156,책임준비금 적립현황(23.3월 이후),A1,책임준비금_보험계약부채,68015067536803,66467387878552,65092982938008,71942542048877,73325269125644,75764925882406,79003485682015,79889308748288
65,국내생보사,10597,교보생명보험주식회사,B,SH156,책임준비금 적립현황(23.3월 이후),A11,책임준비금_보험계약부채_잔여보장요소,65232874163181,63726307922740,62324918086016,69176860066538,70608877309130,73056086715303,76292491052057,77207043968444
66,국내생보사,10597,교보생명보험주식회사,B,SH156,책임준비금 적립현황(23.3월 이후),A111,책임준비금_보험계약부채_잔여보장요소_최선추정,58112573306010,56483367454669,54898357544962,62133309484792,63472688302372,66029135872192,69099987046965,69443724670206
67,국내생보사,10597,교보생명보험주식회사,B,SH156,책임준비금 적립현황(23.3월 이후),A112,책임준비금_보험계약부채_잔여보장요소_위험조정,1365654250564,1353711307246,1198885139557,1218627395850,1250196326447,1258126730646,1270575492898,1325261320363
68,국내생보사,10597,교보생명보험주식회사,B,SH156,책임준비금 적립현황(23.3월 이후),A113,책임준비금_보험계약부채_잔여보장요소_보험계약마진,5754646606607,5889229160825,6227675401497,5824923185896,5885992680311,5768824112465,5921928512194,6438057977875
69,국내생보사,10597,교보생명보험주식회사,B,SH156,책임준비금 적립현황(23.3월 이후),A114,책임준비금_보험계약부채_잔여보장요소_보험료배분접근법 적용,0,0,0,0,0,0,0,0
70,국내생보사,10597,교보생명보험주식회사,B,SH156,책임준비금 적립현황(23.3월 이후),A12,책임준비금_보험계약부채_발생사고요소,2782193373622,2741079955812,2768064851992,2765681982339,2716391816514,2708839167103,2710994629958,2682264779844
71,국내생보사,10597,교보생명보험주식회사,B,SH156,책임준비금 적립현황(23.3월 이후),A121,책임준비금_보험계약부채_발생사고요소_최선추정,2759175021461,2721725923562,2743998867733,2742411239548,2694066199248,2692269623081,2695166877512,2665188176462
72,국내생보사,10597,교보생명보험주식회사,B,SH156,책임준비금 적립현황(23.3월 이후),A122,책임준비금_보험계약부채_발생사고요소_위험조정,23018352161,19354032250,24065984259,23270742791,22325617266,16569544022,15827752446,17076603382
73,국내생보사,10597,교보생명보험주식회사,B,SH156,책임준비금 적립현황(23.3월 이후),A13,책임준비금_보험계약부채_사전인식 보험취득현금흐름,0,0,0,0,0,0,0,0
74,국내생보사,10597,교보생명보험주식회사,B,SH156,책임준비금 적립현황(23.3월 이후),A2,책임준비금_재보험계약부채,208679807105,231886569063,213701222689,255240639692,237863483144,274944052979,258922790678,272808210343
75,국내생보사,10597,교보생명보험주식회사,B,SH156,책임준비금 적립현황(23.3월 이후),A21,책임준비금_재보험계약부채_잔여보장요소,229047140652,253109699737,235056445298,278678673882,262346453713,296925935656,277614998523,292381513645
76,국내생보사,10597,교보생명보험주식회사,B,SH156,책임준비금 적립현황(23.3월 이후),A211,책임준비금_재보험계약부채_잔여보장요소_최선추정,253654154653,227010597429,186828823428,222392666137,213303352840,161530294840,135722198641,187629597563
77,국내생보사,10597,교보생명보험주식회사,B,SH156,책임준비금 적립현황(23.3월 이후),A212,책임준비금_재보험계약부채_잔여보장요소_위험조정,-6191254357,-7642722599,-5486151526,-7591201777,-8449711693,-3122807925,-3056992818,-3478596652
78,국내생보사,10597,교보생명보험주식회사,B,SH156,책임준비금 적립현황(23.3월 이후),A213,책임준비금_재보험계약부채_잔여보장요소_보험계약마진,-18415759644,33741824907,53713773396,63877209522,57492812566,138518448741,144949792700,108230512734
79,국내생보사,10597,교보생명보험주식회사,B,SH156,책임준비금 적립현황(23.3월 이후),A214,책임준비금_재보험계약부채_잔여보장요소_보험료배분접근법 적용,0,0,0,0,0,0,0,0
80,국내생보사,10597,교보생명보험주식회사,B,SH156,책임준비금 적립현황(23.3월 이후),A22,책임준비금_재보험계약부채_발생사고요소,-20367333547,-21223130674,-21355222609,-23438034190,-24482970569,-21981882677,-18692207845,-19573303302
81,국내생보사,10597,교보생명보험주식회사,B,SH156,책임준비금 적립현황(23.3월 이후),A221,책임준비금_재보험계약부채_발생사고요소_최선추정,-19355020774,-19848097641,-20089263943,-21971669701,-23045025799,-20394030680,-17421961612,-18231553176
82,국내생보사,10597,교보생명보험주식회사,B,SH156,책임준비금 적립현황(23.3월 이후),A222,책임준비금_재보험계약부채_발생사고요소_위험조정,-1012312773,-1375033033,-1265958666,-1466364489,-1437944770,-1587851997,-1270246233,-1341750126
83,국내생보사,10597,교보생명보험주식회사,B,SH156,책임준비금 적립현황(23.3월 이후),A3,책임준비금_투자계약부채,10793350731680,11363638052564,11531900251323,15240421615717,15544482095668,15644477974866,15826608579417,15848591724916
84,국내생보사,10599,신한라이프생명보험주식회사,B,SH156,책임준비금 적립현황(23.3월 이후),A,책임준비금,40606248438000,39491710106285,38243323120285,41480394009649,41352097111267,42650567893679,44355534981159,44317107035954
85,국내생보사,10599,신한라이프생명보험주식회사,B,SH156,책임준비금 적립현황(23.3월 이후),A1,책임준비금_보험계약부채,38041650559000,37034722423827,35790177120899,39566060106888,39608557244009,40926241155965,42636195276868,42900876922292
86,국내생보사,10599,신한라이프생명보험주식회사,B,SH156,책임준비금 적립현황(23.3월 이후),A11,책임준비금_보험계약부채_잔여보장요소,36223914886000,35236092991326,33990913389729,37738029875262,37771084985858,39105206595301,40828925535978,41085763762332
87,국내생보사,10599,신한라이프생명보험주식회사,B,SH156,책임준비금 적립현황(23.3월 이후),A111,책임준비금_보험계약부채_잔여보장요소_최선추정,28023703354000,27027796085135,25664515263486,29436270776451,29349278422299,30892046202259,32634965921860,32529419971758
88,국내생보사,10599,신한라이프생명보험주식회사,B,SH156,책임준비금 적립현황(23.3월 이후),A112,책임준비금_보험계약부채_잔여보장요소_위험조정,1172150574000,1166655746128,1123208168639,1132936033344,1143612242159,1141853919296,1163326999879,1332058355861
89,국내생보사,10599,신한라이프생명보험주식회사,B,SH156,책임준비금 적립현황(23.3월 이후),A113,책임준비금_보험계약부채_잔여보장요소_보험계약마진,7027676073000,7041330447518,7202960078381,7168725373733,7277609645553,7070876224194,7030332079444,7224114061504
90,국내생보사,10599,신한라이프생명보험주식회사,B,SH156,책임준비금 적립현황(23.3월 이후),A114,책임준비금_보험계약부채_잔여보장요소_보험료배분접근법 적용,384885000,310712545,229879223,97691734,584675847,430249552,300534795,171373209
91,국내생보사,10599,신한라이프생명보험주식회사,B,SH156,책임준비금 적립현황(23.3월 이후),A12,책임준비금_보험계약부채_발생사고요소,1817735673000,1798629432501,1799263731170,1828030231626,1837472258151,1821034560664,1807269740890,1815113159960
92,국내생보사,10599,신한라이프생명보험주식회사,B,SH156,책임준비금 적립현황(23.3월 이후),A121,책임준비금_보험계약부채_발생사고요소_최선추정,1796457207000,1776374374315,1779864120984,1809425760810,1822117889741,1802356854985,1790450136993,1801072027944
93,국내생보사,10599,신한라이프생명보험주식회사,B,SH156,책임준비금 적립현황(23.3월 이후),A122,책임준비금_보험계약부채_발생사고요소_위험조정,21278466000,22255058186,19399610186,18604470816,15354368410,18677705679,16819603897,14041132016
94,국내생보사,10599,신한라이프생명보험주식회사,B,SH156,책임준비금 적립현황(23.3월 이후),A13,책임준비금_보험계약부채_사전인식 보험취득현금흐름, , , , , , , , 
95,국내생보사,10599,신한라이프생명보험주식회사,B,SH156,책임준비금 적립현황(23.3월 이후),A2,책임준비금_재보험계약부채,94745126000,75659681490,67235958920,93120433819,108666134962,116410329491,116574131145,98057589328
96,국내생보사,10599,신한라이프생명보험주식회사,B,SH156,책임준비금 적립현황(23.3월 이후),A21,책임준비금_재보험계약부채_잔여보장요소,112292026000,96457693228,92095759792,120049009876,123908881639,135987012361,141340194874,135967985550
97,국내생보사,10599,신한라이프생명보험주식회사,B,SH156,책임준비금 적립현황(23.3월 이후),A211,책임준비금_재보험계약부채_잔여보장요소_최선추정,220511932000,223162254359,209005518144,207794479317,206794785713,269398920176,250943248370,360616499753
98,국내생보사,10599,신한라이프생명보험주식회사,B,SH156,책임준비금 적립현황(23.3월 이후),A212,책임준비금_재보험계약부채_잔여보장요소_위험조정,-25979104000,-25049113835,-24374942634,-27710134615,-27924765431,-28025588435,-29218599862,-38867739023
99,국내생보사,10599,신한라이프생명보험주식회사,B,SH156,책임준비금 적립현황(23.3월 이후),A213,책임준비금_재보험계약부채_잔여보장요소_보험계약마진,-82240802000,-101655447296,-92534815718,-60035334826,-54961138643,-105386319380,-80384453634,-185780775180
100,국내생보사,10599,신한라이프생명보험주식회사,B,SH156,책임준비금 적립현황(23.3월 이후),A214,책임준비금_재보험계약부채_잔여보장요소_보험료배분접근법 적용, , , , , , , , 
101,국내생보사,10599,신한라이프생명보험주식회사,B,SH156,책임준비금 적립현황(23.3월 이후),A22,책임준비금_재보험계약부채_발생사고요소,-17546900000,-20798011738,-24859800872,-26928576057,-15242746677,-19576682870,-24766063729,-37910396222
102,국내생보사,10599,신한라이프생명보험주식회사,B,SH156,책임준비금 적립현황(23.3월 이후),A221,책임준비금_재보험계약부채_발생사고요소_최선추정,-16262283000,-19370984290,-23665201836,-26070466230,-14323260899,-18515596655,-23915425542,-37342153367
103,국내생보사,10599,신한라이프생명보험주식회사,B,SH156,책임준비금 적립현황(23.3월 이후),A222,책임준비금_재보험계약부채_발생사고요소_위험조정,-1284617000,-1427027448,-1194599036,-858109827,-919485778,-1061086215,-850638187,-568242855
104,국내생보사,10599,신한라이프생명보험주식회사,B,SH156,책임준비금 적립현황(23.3월 이후),A3,책임준비금_투자계약부채,2469852753000,2381328000968,2385910040466,1821213468942,1634873732296,1607916408223,1602765573146,1318172524334
105,국내생보사,10605,아이엠라이프생명보험 주식회사,B,SH156,책임준비금 적립현황(23.3월 이후),A,책임준비금,4157414307000,3994960667000,3790584892000,4217047043000,4234785336000,4406760268000,4617447301000,4681048049000
106,국내생보사,10605,아이엠라이프생명보험 주식회사,B,SH156,책임준비금 적립현황(23.3월 이후),A1,책임준비금_보험계약부채,4149583861000,3988052808000,3785281290000,4206167857000,4226272141000,4396773831000,4606776377000,4669026000000
107,국내생보사,10605,아이엠라이프생명보험 주식회사,B,SH156,책임준비금 적립현황(23.3월 이후),A11,책임준비금_보험계약부채_잔여보장요소,4039026336000,3881169233000,3673473195000,4100823464000,4117137902000,4291529702000,4503682446000,4568285323000
108,국내생보사,10605,아이엠라이프생명보험 주식회사,B,SH156,책임준비금 적립현황(23.3월 이후),A111,책임준비금_보험계약부채_잔여보장요소_최선추정,3261094320000,3049762006000,2790800517000,3266016750000,3249861436000,3405609097000,3635360505000,3777664801000
109,국내생보사,10605,아이엠라이프생명보험 주식회사,B,SH156,책임준비금 적립현황(23.3월 이후),A112,책임준비금_보험계약부채_잔여보장요소_위험조정,79346241000,83121783000,88518424000,77703257000,77976892000,75581610000,72001346000,84567537000
110,국내생보사,10605,아이엠라이프생명보험 주식회사,B,SH156,책임준비금 적립현황(23.3월 이후),A113,책임준비금_보험계약부채_잔여보장요소_보험계약마진,698585775000,748285444000,794154254000,757103457000,789299574000,810338995000,796320595000,706052985000
111,국내생보사,10605,아이엠라이프생명보험 주식회사,B,SH156,책임준비금 적립현황(23.3월 이후),A114,책임준비금_보험계약부채_잔여보장요소_보험료배분접근법 적용, , , , , , , , 
112,국내생보사,10605,아이엠라이프생명보험 주식회사,B,SH156,책임준비금 적립현황(23.3월 이후),A12,책임준비금_보험계약부채_발생사고요소,110557525000,106883575000,111808095000,105344393000,109134239000,105244129000,103093931000,100740677000
113,국내생보사,10605,아이엠라이프생명보험 주식회사,B,SH156,책임준비금 적립현황(23.3월 이후),A121,책임준비금_보험계약부채_발생사고요소_최선추정,109939490000,106329669000,111136862000,104741164000,108186177000,104209303000,102211186000,99604630000
114,국내생보사,10605,아이엠라이프생명보험 주식회사,B,SH156,책임준비금 적립현황(23.3월 이후),A122,책임준비금_보험계약부채_발생사고요소_위험조정,618035000,553906000,671233000,603229000,948062000,1034826000,882745000,1136047000
115,국내생보사,10605,아이엠라이프생명보험 주식회사,B,SH156,책임준비금 적립현황(23.3월 이후),A13,책임준비금_보험계약부채_사전인식 보험취득현금흐름, , , , , , , , 
116,국내생보사,10605,아이엠라이프생명보험 주식회사,B,SH156,책임준비금 적립현황(23.3월 이후),A2,책임준비금_재보험계약부채,7830446000,6907859000,5303602000,10879186000,8513195000,9986437000,10670924000,12022049000
117,국내생보사,10605,아이엠라이프생명보험 주식회사,B,SH156,책임준비금 적립현황(23.3월 이후),A21,책임준비금_재보험계약부채_잔여보장요소,12590803000,11441102000,15553677000,21168220000,17888794000,18013188000,18014042000,19169994000
118,국내생보사,10605,아이엠라이프생명보험 주식회사,B,SH156,책임준비금 적립현황(23.3월 이후),A211,책임준비금_재보험계약부채_잔여보장요소_최선추정,20075899000,18668081000,13404725000,26342504000,16544777000,16242872000,16314338000,16109338000
119,국내생보사,10605,아이엠라이프생명보험 주식회사,B,SH156,책임준비금 적립현황(23.3월 이후),A212,책임준비금_재보험계약부채_잔여보장요소_위험조정,-1198618000,-1139987000,-2621437000,-1063166000,-460519000,-471181000,-493309000,-524666000
120,국내생보사,10605,아이엠라이프생명보험 주식회사,B,SH156,책임준비금 적립현황(23.3월 이후),A213,책임준비금_재보험계약부채_잔여보장요소_보험계약마진,-6286478000,-6086992000,4770389000,-4111118000,1804536000,2241497000,2193013000,3585322000
121,국내생보사,10605,아이엠라이프생명보험 주식회사,B,SH156,책임준비금 적립현황(23.3월 이후),A214,책임준비금_재보험계약부채_잔여보장요소_보험료배분접근법 적용, , , , , , , , 
122,국내생보사,10605,아이엠라이프생명보험 주식회사,B,SH156,책임준비금 적립현황(23.3월 이후),A22,책임준비금_재보험계약부채_발생사고요소,-4760357000,-4533243000,-10250075000,-10289034000,-9375599000,-8026751000,-7343118000,-7147945000
123,국내생보사,10605,아이엠라이프생명보험 주식회사,B,SH156,책임준비금 적립현황(23.3월 이후),A221,책임준비금_재보험계약부채_발생사고요소_최선추정,-4638830000,-4421720000,-10115672000,-10171514000,-9106393000,-7763274000,-7152257000,-6890554000
124,국내생보사,10605,아이엠라이프생명보험 주식회사,B,SH156,책임준비금 적립현황(23.3월 이후),A222,책임준비금_재보험계약부채_발생사고요소_위험조정,-121527000,-111523000,-134403000,-117520000,-269206000,-263477000,-190861000,-257391000
125,국내생보사,10605,아이엠라이프생명보험 주식회사,B,SH156,책임준비금 적립현황(23.3월 이후),A3,책임준비금_투자계약부채, , , , , , , , 
126,국내생보사,10607,케이디비생명보험주식회사,B,SH156,책임준비금 적립현황(23.3월 이후),A,책임준비금,15230778918000,14799076146000,14421111748000,15634896480000,15535382306000,16004921212000,16257487449000,16041151225000
127,국내생보사,10607,케이디비생명보험주식회사,B,SH156,책임준비금 적립현황(23.3월 이후),A1,책임준비금_보험계약부채,15202143145000,14772645380000,14399317086000,15607319050000,15511809370000,15976025402000,16234030306000,16030850257000
128,국내생보사,10607,케이디비생명보험주식회사,B,SH156,책임준비금 적립현황(23.3월 이후),A11,책임준비금_보험계약부채_잔여보장요소,14224796073000,13801524092000,13430782359000,14639716310000,14537839657000,15001732346000,15273408156000,15096518162000
129,국내생보사,10607,케이디비생명보험주식회사,B,SH156,책임준비금 적립현황(23.3월 이후),A111,책임준비금_보험계약부채_잔여보장요소_최선추정,13504389346000,12986713556000,12642450426000,13870596721000,13765797488000,13887460182000,14176807672000,14035999726000
130,국내생보사,10607,케이디비생명보험주식회사,B,SH156,책임준비금 적립현황(23.3월 이후),A112,책임준비금_보험계약부채_잔여보장요소_위험조정,206586952000,210475109000,204648358000,186072293000,186613414000,190505389000,182873752000,195473790000
131,국내생보사,10607,케이디비생명보험주식회사,B,SH156,책임준비금 적립현황(23.3월 이후),A113,책임준비금_보험계약부채_잔여보장요소_보험계약마진,513819775000,604335427000,583683575000,583047296000,585428755000,923766775000,913726732000,865044646000
132,국내생보사,10607,케이디비생명보험주식회사,B,SH156,책임준비금 적립현황(23.3월 이후),A114,책임준비금_보험계약부채_잔여보장요소_보험료배분접근법 적용,0,0,0,0,0,0,0,0
133,국내생보사,10607,케이디비생명보험주식회사,B,SH156,책임준비금 적립현황(23.3월 이후),A12,책임준비금_보험계약부채_발생사고요소,977347072000,971121288000,968534727000,967602740000,973969713000,974293056000,960622150000,934332095000
134,국내생보사,10607,케이디비생명보험주식회사,B,SH156,책임준비금 적립현황(23.3월 이후),A121,책임준비금_보험계약부채_발생사고요소_최선추정,974954599000,968731653000,966015022000,965006057000,971290199000,972053317000,958374672000,932036277000
135,국내생보사,10607,케이디비생명보험주식회사,B,SH156,책임준비금 적립현황(23.3월 이후),A122,책임준비금_보험계약부채_발생사고요소_위험조정,2392473000,2389635000,2519705000,2596683000,2679514000,2239739000,2247478000,2295818000
136,국내생보사,10607,케이디비생명보험주식회사,B,SH156,책임준비금 적립현황(23.3월 이후),A13,책임준비금_보험계약부채_사전인식 보험취득현금흐름,0,0,0,0,0,0,0,0
137,국내생보사,10607,케이디비생명보험주식회사,B,SH156,책임준비금 적립현황(23.3월 이후),A2,책임준비금_재보험계약부채,28635682000,26430674000,21794662000,27577430000,23572936000,28895810000,23457143000,10300968000
138,국내생보사,10607,케이디비생명보험주식회사,B,SH156,책임준비금 적립현황(23.3월 이후),A21,책임준비금_재보험계약부채_잔여보장요소,41324701000,39005381000,34428456000,39580163000,36721041000,39965376000,37472607000,31835647000
139,국내생보사,10607,케이디비생명보험주식회사,B,SH156,책임준비금 적립현황(23.3월 이후),A211,책임준비금_재보험계약부채_잔여보장요소_최선추정,39878309000,37009241000,36112832000,35891664000,34020126000,39238583000,41780474000,25904647000
140,국내생보사,10607,케이디비생명보험주식회사,B,SH156,책임준비금 적립현황(23.3월 이후),A212,책임준비금_재보험계약부채_잔여보장요소_위험조정,-3659469000,-2718651000,-2610199000,-2866305000,-2915064000,-1988006000,-8480608000,-28991202000
141,국내생보사,10607,케이디비생명보험주식회사,B,SH156,책임준비금 적립현황(23.3월 이후),A213,책임준비금_재보험계약부채_잔여보장요소_보험계약마진,5105861000,4714791000,925823000,6554804000,5615979000,2714799000,4172741000,34922202000
142,국내생보사,10607,케이디비생명보험주식회사,B,SH156,책임준비금 적립현황(23.3월 이후),A214,책임준비금_재보험계약부채_잔여보장요소_보험료배분접근법 적용,0,0,0,0,0,0,0,0
143,국내생보사,10607,케이디비생명보험주식회사,B,SH156,책임준비금 적립현황(23.3월 이후),A22,책임준비금_재보험계약부채_발생사고요소,-12689019000,-12574707000,-12633794000,-12002733000,-13148105000,-11069566000,-14015464000,-21534679000
144,국내생보사,10607,케이디비생명보험주식회사,B,SH156,책임준비금 적립현황(23.3월 이후),A221,책임준비금_재보험계약부채_발생사고요소_최선추정,-12564099000,-12459717000,-12503535000,-11868781000,-13015799000,-10948657000,-13804567000,-21139174000
145,국내생보사,10607,케이디비생명보험주식회사,B,SH156,책임준비금 적립현황(23.3월 이후),A222,책임준비금_재보험계약부채_발생사고요소_위험조정,-124920000,-114990000,-130259000,-133952000,-132306000,-120909000,-210897000,-395505000
146,국내생보사,10607,케이디비생명보험주식회사,B,SH156,책임준비금 적립현황(23.3월 이후),A3,책임준비금_투자계약부채,91000,92000,0,0,0,0,0,0
147,국내생보사,10608,미래에셋생명보험주식회사,B,SH156,책임준비금 적립현황(23.3월 이후),A,책임준비금,17150128062000,16564833108000,16131479244281,16653801040898,16412610042010,16726943573081,17220214494339,16595414888565
148,국내생보사,10608,미래에셋생명보험주식회사,B,SH156,책임준비금 적립현황(23.3월 이후),A1,책임준비금_보험계약부채,13300537607000,12830607964000,12398076247213,13657561225544,13613198051232,14079537110394,14599584731821,14408062454478
149,국내생보사,10608,미래에셋생명보험주식회사,B,SH156,책임준비금 적립현황(23.3월 이후),A11,책임준비금_보험계약부채_잔여보장요소,12904545008000,12447073153000,12010132809220,13270520308033,13205891323822,13676177171531,14194028208950,14002864422813
150,국내생보사,10608,미래에셋생명보험주식회사,B,SH156,책임준비금 적립현황(23.3월 이후),A111,책임준비금_보험계약부채_잔여보장요소_최선추정,10497577871000,9951146208000,9676333568091,10873363184291,10733347610821,11209423790769,11753529275071,11541365291696
151,국내생보사,10608,미래에셋생명보험주식회사,B,SH156,책임준비금 적립현황(23.3월 이후),A112,책임준비금_보험계약부채_잔여보장요소_위험조정,400109816000,401772942000,389814708114,375706268938,380908983812,377304283181,375938324497,383287062138
152,국내생보사,10608,미래에셋생명보험주식회사,B,SH156,책임준비금 적립현황(23.3월 이후),A113,책임준비금_보험계약부채_잔여보장요소_보험계약마진,2006857321000,2094154003000,1943984533015,2021450854804,2091634729189,2089449097581,2064560609382,2078212068979
153,국내생보사,10608,미래에셋생명보험주식회사,B,SH156,책임준비금 적립현황(23.3월 이후),A114,책임준비금_보험계약부채_잔여보장요소_보험료배분접근법 적용, , , , , , , , 
154,국내생보사,10608,미래에셋생명보험주식회사,B,SH156,책임준비금 적립현황(23.3월 이후),A12,책임준비금_보험계약부채_발생사고요소,395992599000,383534811000,387943437993,387040917511,407306727410,403359938863,405556522871,405198031665
155,국내생보사,10608,미래에셋생명보험주식회사,B,SH156,책임준비금 적립현황(23.3월 이후),A121,책임준비금_보험계약부채_발생사고요소_최선추정,392142789000,379751478000,382657717350,382247807837,402097813784,399499257027,401188691158,401772409262
156,국내생보사,10608,미래에셋생명보험주식회사,B,SH156,책임준비금 적립현황(23.3월 이후),A122,책임준비금_보험계약부채_발생사고요소_위험조정,3849810000,3783333000,5285720643,4793109674,5208913626,3860681836,4367831713,3425622403
157,국내생보사,10608,미래에셋생명보험주식회사,B,SH156,책임준비금 적립현황(23.3월 이후),A13,책임준비금_보험계약부채_사전인식 보험취득현금흐름, , , , , , , , 
158,국내생보사,10608,미래에셋생명보험주식회사,B,SH156,책임준비금 적립현황(23.3월 이후),A2,책임준비금_재보험계약부채,5709026000,4562152000,446205263,847926609,5926704663,4724709313,3543138142,1370826673
159,국내생보사,10608,미래에셋생명보험주식회사,B,SH156,책임준비금 적립현황(23.3월 이후),A21,책임준비금_재보험계약부채_잔여보장요소,12745861000,12020547000,9419493507,12249832638,11060821761,11146099201,10997574740,10710239519
160,국내생보사,10608,미래에셋생명보험주식회사,B,SH156,책임준비금 적립현황(23.3월 이후),A211,책임준비금_재보험계약부채_잔여보장요소_최선추정,16657039000,16162715000,16165859641,17230290114,17490082822,17457798913,17541083785,16252808703
161,국내생보사,10608,미래에셋생명보험주식회사,B,SH156,책임준비금 적립현황(23.3월 이후),A212,책임준비금_재보험계약부채_잔여보장요소_위험조정,-740225000,-1030658000,-1135178117,-1304988393,-1554512860,-1685065660,-2100958803,-2545613920
162,국내생보사,10608,미래에셋생명보험주식회사,B,SH156,책임준비금 적립현황(23.3월 이후),A213,책임준비금_재보험계약부채_잔여보장요소_보험계약마진,-3170953000,-3111510000,-5611188017,-3675469083,-4874748201,-4626634052,-4442550242,-2996955264
163,국내생보사,10608,미래에셋생명보험주식회사,B,SH156,책임준비금 적립현황(23.3월 이후),A214,책임준비금_재보험계약부채_잔여보장요소_보험료배분접근법 적용, , , , , , , , 
164,국내생보사,10608,미래에셋생명보험주식회사,B,SH156,책임준비금 적립현황(23.3월 이후),A22,책임준비금_재보험계약부채_발생사고요소,-7036835000,-7458395000,-8973288244,-11401906029,-5134117098,-6421389888,-7454436598,-9339412846
165,국내생보사,10608,미래에셋생명보험주식회사,B,SH156,책임준비금 적립현황(23.3월 이후),A221,책임준비금_재보험계약부채_발생사고요소_최선추정,-6876059000,-7301999000,-8738381648,-11192671828,-4973829461,-6271309991,-7257594524,-9194005281
166,국내생보사,10608,미래에셋생명보험주식회사,B,SH156,책임준비금 적립현황(23.3월 이후),A222,책임준비금_재보험계약부채_발생사고요소_위험조정,-160776000,-156396000,-234906596,-209234201,-160287637,-150079897,-196842074,-145407565
167,국내생보사,10608,미래에셋생명보험주식회사,B,SH156,책임준비금 적립현황(23.3월 이후),A3,책임준비금_투자계약부채,3843881429000,3729662992000,3732956791805,2995391888745,2793485286115,2642681753374,2617086624376,2185981607414
168,국내생보사,10616,KB라이프생명보험,B,SH156,책임준비금 적립현황(23.3월 이후),A,책임준비금,17806799810604,17389668529695,16725156041962,19013017565000,19336101705000,20472972720000,21637815024000,22074686225000
169,국내생보사,10616,KB라이프생명보험,B,SH156,책임준비금 적립현황(23.3월 이후),A1,책임준비금_보험계약부채,17190848938660,16727227272570,16057369764880,18290394933000,18600402660000,19742235838000,20910535692000,21488936126000
170,국내생보사,10616,KB라이프생명보험,B,SH156,책임준비금 적립현황(23.3월 이후),A11,책임준비금_보험계약부채_잔여보장요소,16948790068500,16495797784100,15820691054300,18066166985000,18369853679000,19483215526000,20660464476000,21246278805000
171,국내생보사,10616,KB라이프생명보험,B,SH156,책임준비금 적립현황(23.3월 이후),A111,책임준비금_보험계약부채_잔여보장요소_최선추정,13171610538000,12603387449000,11855540445000,14448765663000,14680917032000,15787251655000,17044351879000,17735101948000
172,국내생보사,10616,KB라이프생명보험,B,SH156,책임준비금 적립현황(23.3월 이후),A112,책임준비금_보험계약부채_잔여보장요소_위험조정,423191204500,433553463100,445546184300,437575485000,450386195000,454611874000,469844659000,500668049000
173,국내생보사,10616,KB라이프생명보험,B,SH156,책임준비금 적립현황(23.3월 이후),A113,책임준비금_보험계약부채_잔여보장요소_보험계약마진,3353988326000,3458856872000,3519604425000,3179825837000,3238550452000,3241351997000,3146267938000,3010508808000
174,국내생보사,10616,KB라이프생명보험,B,SH156,책임준비금 적립현황(23.3월 이후),A114,책임준비금_보험계약부채_잔여보장요소_보험료배분접근법 적용,0,0,0, , , , , 
175,국내생보사,10616,KB라이프생명보험,B,SH156,책임준비금 적립현황(23.3월 이후),A12,책임준비금_보험계약부채_발생사고요소,242058870160,231429488470,236678710580,224227948000,230548981000,259020312000,250071216000,242657321000
176,국내생보사,10616,KB라이프생명보험,B,SH156,책임준비금 적립현황(23.3월 이후),A121,책임준비금_보험계약부채_발생사고요소_최선추정,231698934100,220435926700,225875340700,213240162000,221307111000,248943270000,240256245000,232569464000
177,국내생보사,10616,KB라이프생명보험,B,SH156,책임준비금 적립현황(23.3월 이후),A122,책임준비금_보험계약부채_발생사고요소_위험조정,10359936060,10993561770,10803369880,10987786000,9241870000,10077042000,9814971000,10087857000
178,국내생보사,10616,KB라이프생명보험,B,SH156,책임준비금 적립현황(23.3월 이후),A13,책임준비금_보험계약부채_사전인식 보험취득현금흐름,0,0,0, , , , , 
179,국내생보사,10616,KB라이프생명보험,B,SH156,책임준비금 적립현황(23.3월 이후),A2,책임준비금_재보험계약부채,7728297144,7380194825,5783399482,9836038000,11274214000,12833710000,14090989000,11946650000
180,국내생보사,10616,KB라이프생명보험,B,SH156,책임준비금 적립현황(23.3월 이후),A21,책임준비금_재보험계약부채_잔여보장요소,10568531937,11170341076,10706625130,15789380000,16084136000,18063175000,19947303000,19134014000
181,국내생보사,10616,KB라이프생명보험,B,SH156,책임준비금 적립현황(23.3월 이후),A211,책임준비금_재보험계약부채_잔여보장요소_최선추정,46610598020,45746745160,43040781600,47159581000,47331001000,48384931000,49631304000,46676796000
182,국내생보사,10616,KB라이프생명보험,B,SH156,책임준비금 적립현황(23.3월 이후),A212,책임준비금_재보험계약부채_잔여보장요소_위험조정,-2881047893,-2707083224,-2362851850,-2866361000,-3013475000,-3066922000,-3189399000,-2911957000
183,국내생보사,10616,KB라이프생명보험,B,SH156,책임준비금 적립현황(23.3월 이후),A213,책임준비금_재보험계약부채_잔여보장요소_보험계약마진,-33161018190,-31869320860,-29971304620,-28503840000,-28233390000,-27254834000,-26494602000,-24630825000
184,국내생보사,10616,KB라이프생명보험,B,SH156,책임준비금 적립현황(23.3월 이후),A214,책임준비금_재보험계약부채_잔여보장요소_보험료배분접근법 적용,0,0,0, , , , , 
185,국내생보사,10616,KB라이프생명보험,B,SH156,책임준비금 적립현황(23.3월 이후),A22,책임준비금_재보험계약부채_발생사고요소,-2840234793,-3790146251,-4923225648,-5953342000,-4809922000,-5229465000,-5856314000,-7187364000
186,국내생보사,10616,KB라이프생명보험,B,SH156,책임준비금 적립현황(23.3월 이후),A221,책임준비금_재보험계약부채_발생사고요소_최선추정,-2753003298,-3702013114,-4838383412,-5853290000,-4682041000,-5074935000,-5688247000,-6920137000
187,국내생보사,10616,KB라이프생명보험,B,SH156,책임준비금 적립현황(23.3월 이후),A222,책임준비금_재보험계약부채_발생사고요소_위험조정,-87231495,-88133137,-84842236,-100052000,-127881000,-154530000,-168067000,-267227000
188,국내생보사,10616,KB라이프생명보험,B,SH156,책임준비금 적립현황(23.3월 이후),A3,책임준비금_투자계약부채,608222574800,655061062300,662002877600,712786594000,724424831000,717903172000,713188343000,573803449000
189,국내생보사,10618,하나생명보험주식회사,B,SH156,책임준비금 적립현황(23.3월 이후),A,책임준비금,4646339122000,4601809247000,4448374176000,4470613623000,4257651793000,4344527937000,4479065490000,4838106996000
190,국내생보사,10618,하나생명보험주식회사,B,SH156,책임준비금 적립현황(23.3월 이후),A1,책임준비금_보험계약부채,3612916891000,3482279214000,3358902471000,3445890882000,3248657759000,3332551889000,3461324154000,3531836266000
191,국내생보사,10618,하나생명보험주식회사,B,SH156,책임준비금 적립현황(23.3월 이후),A11,책임준비금_보험계약부채_잔여보장요소,3552416287000,3419999479000,3291102150000,3371769908000,3150274320000,3248087962000,3385059489000,3460004139000
192,국내생보사,10618,하나생명보험주식회사,B,SH156,책임준비금 적립현황(23.3월 이후),A111,책임준비금_보험계약부채_잔여보장요소_최선추정,3310937733000,3153853374000,2979765854000,3032155134000,2734533444000,2761784889000,2802890588000,2952125598000
193,국내생보사,10618,하나생명보험주식회사,B,SH156,책임준비금 적립현황(23.3월 이후),A112,책임준비금_보험계약부채_잔여보장요소_위험조정,25376979000,28932963000,33694419000,38193096000,50039062000,55060731000,60043326000,68935125000
194,국내생보사,10618,하나생명보험주식회사,B,SH156,책임준비금 적립현황(23.3월 이후),A113,책임준비금_보험계약부채_잔여보장요소_보험계약마진,212588481000,235165918000,276846459000,301609289000,365964888000,431401440000,522178902000,438955662000
195,국내생보사,10618,하나생명보험주식회사,B,SH156,책임준비금 적립현황(23.3월 이후),A114,책임준비금_보험계약부채_잔여보장요소_보험료배분접근법 적용,3513094000,2047224000,795418000,-187611000,-263074000,-159098000,-53327000,-12246000
196,국내생보사,10618,하나생명보험주식회사,B,SH156,책임준비금 적립현황(23.3월 이후),A12,책임준비금_보험계약부채_발생사고요소,60500604000,62279735000,67800321000,74120974000,98383439000,84463927000,76264665000,71832127000
197,국내생보사,10618,하나생명보험주식회사,B,SH156,책임준비금 적립현황(23.3월 이후),A121,책임준비금_보험계약부채_발생사고요소_최선추정,59826612000,61625033000,67208474000,73769466000,97966406000,83977209000,75895008000,71242241000
198,국내생보사,10618,하나생명보험주식회사,B,SH156,책임준비금 적립현황(23.3월 이후),A122,책임준비금_보험계약부채_발생사고요소_위험조정,673992000,654702000,591847000,351508000,417033000,486718000,369657000,589886000
199,국내생보사,10618,하나생명보험주식회사,B,SH156,책임준비금 적립현황(23.3월 이후),A13,책임준비금_보험계약부채_사전인식 보험취득현금흐름,0,0,0,0,0,0,0,0
200,국내생보사,10618,하나생명보험주식회사,B,SH156,책임준비금 적립현황(23.3월 이후),A2,책임준비금_재보험계약부채,6779735000,5957453000,5501073000,6436336000,6960307000,7094840000,7893723000,7645231000
201,국내생보사,10618,하나생명보험주식회사,B,SH156,책임준비금 적립현황(23.3월 이후),A21,책임준비금_재보험계약부채_잔여보장요소,7770568000,7027625000,6434120000,7593546000,7867428000,8076581000,8910722000,9057635000
202,국내생보사,10618,하나생명보험주식회사,B,SH156,책임준비금 적립현황(23.3월 이후),A211,책임준비금_재보험계약부채_잔여보장요소_최선추정,12423501000,11969392000,11162407000,14584682000,14916316000,15563176000,16895803000,18785411000
203,국내생보사,10618,하나생명보험주식회사,B,SH156,책임준비금 적립현황(23.3월 이후),A212,책임준비금_재보험계약부채_잔여보장요소_위험조정,-951163000,-854614000,-798810000,-962150000,-860778000,-915896000,-1008606000,-1112627000
204,국내생보사,10618,하나생명보험주식회사,B,SH156,책임준비금 적립현황(23.3월 이후),A213,책임준비금_재보험계약부채_잔여보장요소_보험계약마진,-3701770000,-4087153000,-3929477000,-6028986000,-6188110000,-6570699000,-6976475000,-8615149000
205,국내생보사,10618,하나생명보험주식회사,B,SH156,책임준비금 적립현황(23.3월 이후),A214,책임준비금_재보험계약부채_잔여보장요소_보험료배분접근법 적용,0,0,0,0,0,0,0,0
206,국내생보사,10618,하나생명보험주식회사,B,SH156,책임준비금 적립현황(23.3월 이후),A22,책임준비금_재보험계약부채_발생사고요소,-990833000,-1070172000,-933047000,-1157210000,-907121000,-981741000,-1016999000,-1412404000
207,국내생보사,10618,하나생명보험주식회사,B,SH156,책임준비금 적립현황(23.3월 이후),A221,책임준비금_재보험계약부채_발생사고요소_최선추정,-907402000,-974319000,-854741000,-1111663000,-849914000,-887741000,-927467000,-1324057000
208,국내생보사,10618,하나생명보험주식회사,B,SH156,책임준비금 적립현황(23.3월 이후),A222,책임준비금_재보험계약부채_발생사고요소_위험조정,-83431000,-95853000,-78306000,-45547000,-57207000,-94000000,-89532000,-88347000
209,국내생보사,10618,하나생명보험주식회사,B,SH156,책임준비금 적립현황(23.3월 이후),A3,책임준비금_투자계약부채,1026642496000,1113572580000,1083970632000,1018286405000,1002033727000,1004881208000,1009847613000,1298625499000
210,국내생보사,10619,DB생명보험주식회사,B,SH156,책임준비금 적립현황(23.3월 이후),A,책임준비금,6151575698000,5963485998000,5718427824000,6819467901000,6908057599000,7432691903000,8038455631000,8398411514000
211,국내생보사,10619,DB생명보험주식회사,B,SH156,책임준비금 적립현황(23.3월 이후),A1,책임준비금_보험계약부채,5698296917000,5523526204000,5267573447000,6303409561000,6397231875000,6898653883000,7499949055000,7567425593000
212,국내생보사,10619,DB생명보험주식회사,B,SH156,책임준비금 적립현황(23.3월 이후),A11,책임준비금_보험계약부채_잔여보장요소,5510173283000,5344521345000,5090471730000,6138458955000,6234160584000,6726882601000,7328091469000,7377162729000
213,국내생보사,10619,DB생명보험주식회사,B,SH156,책임준비금 적립현황(23.3월 이후),A111,책임준비금_보험계약부채_잔여보장요소_최선추정,3588172620000,3363838651000,3064639696000,4219258718000,4290799102000,4745457107000,5273399318000,5300480502000
214,국내생보사,10619,DB생명보험주식회사,B,SH156,책임준비금 적립현황(23.3월 이후),A112,책임준비금_보험계약부채_잔여보장요소_위험조정,257097012000,263402505000,264465745000,264309247000,273763403000,278300714000,288390819000,306196061000
215,국내생보사,10619,DB생명보험주식회사,B,SH156,책임준비금 적립현황(23.3월 이후),A113,책임준비금_보험계약부채_잔여보장요소_보험계약마진,1664903651000,1717280189000,1761366289000,1654890990000,1669598079000,1703124780000,1766301332000,1770486166000
216,국내생보사,10619,DB생명보험주식회사,B,SH156,책임준비금 적립현황(23.3월 이후),A114,책임준비금_보험계약부채_잔여보장요소_보험료배분접근법 적용,0,0,0,0,0,0,0,0
217,국내생보사,10619,DB생명보험주식회사,B,SH156,책임준비금 적립현황(23.3월 이후),A12,책임준비금_보험계약부채_발생사고요소,188123634000,179004859000,177101717000,164950606000,163071291000,171771282000,171857586000,190262864000
218,국내생보사,10619,DB생명보험주식회사,B,SH156,책임준비금 적립현황(23.3월 이후),A121,책임준비금_보험계약부채_발생사고요소_최선추정,186610811000,177300098000,175153776000,163191779000,161296434000,169969679000,170026027000,188171706000
219,국내생보사,10619,DB생명보험주식회사,B,SH156,책임준비금 적립현황(23.3월 이후),A122,책임준비금_보험계약부채_발생사고요소_위험조정,1512823000,1704761000,1947941000,1758827000,1774857000,1801603000,1831559000,2091158000
220,국내생보사,10619,DB생명보험주식회사,B,SH156,책임준비금 적립현황(23.3월 이후),A13,책임준비금_보험계약부채_사전인식 보험취득현금흐름,0,0,0,0,0,0,0,0
221,국내생보사,10619,DB생명보험주식회사,B,SH156,책임준비금 적립현황(23.3월 이후),A2,책임준비금_재보험계약부채,44811338000,43068758000,37539741000,39443621000,42973175000,46436243000,51829800000,49221141000
222,국내생보사,10619,DB생명보험주식회사,B,SH156,책임준비금 적립현황(23.3월 이후),A21,책임준비금_재보험계약부채_잔여보장요소,63320848000,60498434000,54383056000,60189255000,59101676000,61822626000,67486590000,71371375000
223,국내생보사,10619,DB생명보험주식회사,B,SH156,책임준비금 적립현황(23.3월 이후),A211,책임준비금_재보험계약부채_잔여보장요소_최선추정,117531319000,113951370000,107389593000,128995110000,125739650000,129235988000,125163189000,124863606000
224,국내생보사,10619,DB생명보험주식회사,B,SH156,책임준비금 적립현황(23.3월 이후),A212,책임준비금_재보험계약부채_잔여보장요소_위험조정,-6364444000,-6150673000,-5817574000,-7346333000,-7226547000,-7418869000,-7207447000,-6990522000
225,국내생보사,10619,DB생명보험주식회사,B,SH156,책임준비금 적립현황(23.3월 이후),A213,책임준비금_재보험계약부채_잔여보장요소_보험계약마진,-47846027000,-47302263000,-47188963000,-61459522000,-59411427000,-59994493000,-50469152000,-46501709000
226,국내생보사,10619,DB생명보험주식회사,B,SH156,책임준비금 적립현황(23.3월 이후),A214,책임준비금_재보험계약부채_잔여보장요소_보험료배분접근법 적용,0,0,0,0,0,0,0,0
227,국내생보사,10619,DB생명보험주식회사,B,SH156,책임준비금 적립현황(23.3월 이후),A22,책임준비금_재보험계약부채_발생사고요소,-18509510000,-17429676000,-16843315000,-20745634000,-16128501000,-15386383000,-15656790000,-22150234000
228,국내생보사,10619,DB생명보험주식회사,B,SH156,책임준비금 적립현황(23.3월 이후),A221,책임준비금_재보험계약부채_발생사고요소_최선추정,-18264162000,-17155281000,-16512225000,-20464470000,-15848046000,-15107166000,-15388964000,-21837902000
229,국내생보사,10619,DB생명보험주식회사,B,SH156,책임준비금 적립현황(23.3월 이후),A222,책임준비금_재보험계약부채_발생사고요소_위험조정,-245348000,-274395000,-331090000,-281164000,-280455000,-279217000,-267826000,-312332000
230,국내생보사,10619,DB생명보험주식회사,B,SH156,책임준비금 적립현황(23.3월 이후),A3,책임준비금_투자계약부채,408467443000,396891036000,413314636000,476614719000,467852549000,487601777000,486676776000,781764780000
231,국내생보사,12455,아이비케이연금보험 주식회사,B,SH156,책임준비금 적립현황(23.3월 이후),A,책임준비금,9992389879000,9910379015000,9934225646000,10306650492000,10129700309000,10438825715000,10678572310000,10895647187000
232,국내생보사,12455,아이비케이연금보험 주식회사,B,SH156,책임준비금 적립현황(23.3월 이후),A1,책임준비금_보험계약부채,6868042186000,6748201192000,6808000594000,7277676099000,7172404049000,7418000071000,7645443127000,7755178402000
233,국내생보사,12455,아이비케이연금보험 주식회사,B,SH156,책임준비금 적립현황(23.3월 이후),A11,책임준비금_보험계약부채_잔여보장요소,6836512709000,6716036084000,6773100148000,7244421169000,7135281564000,7381570400000,7604939819000,7716183237000
234,국내생보사,12455,아이비케이연금보험 주식회사,B,SH156,책임준비금 적립현황(23.3월 이후),A111,책임준비금_보험계약부채_잔여보장요소_최선추정,6492193832000,6368127482000,6417786001000,6750595697000,6708226364000,6899666955000,7097608037000,7225262489000
235,국내생보사,12455,아이비케이연금보험 주식회사,B,SH156,책임준비금 적립현황(23.3월 이후),A112,책임준비금_보험계약부채_잔여보장요소_위험조정,37318971000,43549007000,42541287000,37985850000,40022447000,37802029000,38408302000,40808835000
236,국내생보사,12455,아이비케이연금보험 주식회사,B,SH156,책임준비금 적립현황(23.3월 이후),A113,책임준비금_보험계약부채_잔여보장요소_보험계약마진,306999906000,304359595000,312772860000,455839622000,387032753000,444101416000,468923480000,450111913000
237,국내생보사,12455,아이비케이연금보험 주식회사,B,SH156,책임준비금 적립현황(23.3월 이후),A114,책임준비금_보험계약부채_잔여보장요소_보험료배분접근법 적용,0,0,0,0,0,0,0,0
238,국내생보사,12455,아이비케이연금보험 주식회사,B,SH156,책임준비금 적립현황(23.3월 이후),A12,책임준비금_보험계약부채_발생사고요소,31529477000,32165108000,34900446000,33254930000,37122485000,36429671000,40503308000,38995165000
239,국내생보사,12455,아이비케이연금보험 주식회사,B,SH156,책임준비금 적립현황(23.3월 이후),A121,책임준비금_보험계약부채_발생사고요소_최선추정,31529477000,32165108000,34900446000,33254930000,37122485000,36429671000,40503308000,38995165000
240,국내생보사,12455,아이비케이연금보험 주식회사,B,SH156,책임준비금 적립현황(23.3월 이후),A122,책임준비금_보험계약부채_발생사고요소_위험조정,0,0,0,0,0,0,0,0
241,국내생보사,12455,아이비케이연금보험 주식회사,B,SH156,책임준비금 적립현황(23.3월 이후),A13,책임준비금_보험계약부채_사전인식 보험취득현금흐름, , , , , , , , 
242,국내생보사,12455,아이비케이연금보험 주식회사,B,SH156,책임준비금 적립현황(23.3월 이후),A2,책임준비금_재보험계약부채,0,0,0,0,0,0,0,0
243,국내생보사,12455,아이비케이연금보험 주식회사,B,SH156,책임준비금 적립현황(23.3월 이후),A21,책임준비금_재보험계약부채_잔여보장요소,0,0,0,0,0,0,0,0
244,국내생보사,12455,아이비케이연금보험 주식회사,B,SH156,책임준비금 적립현황(23.3월 이후),A211,책임준비금_재보험계약부채_잔여보장요소_최선추정,0,0,0,0,0,0,0,0
245,국내생보사,12455,아이비케이연금보험 주식회사,B,SH156,책임준비금 적립현황(23.3월 이후),A212,책임준비금_재보험계약부채_잔여보장요소_위험조정,0,0,0,0,0,0,0,0
246,국내생보사,12455,아이비케이연금보험 주식회사,B,SH156,책임준비금 적립현황(23.3월 이후),A213,책임준비금_재보험계약부채_잔여보장요소_보험계약마진,0,0,0,0,0,0,0,0
247,국내생보사,12455,아이비케이연금보험 주식회사,B,SH156,책임준비금 적립현황(23.3월 이후),A214,책임준비금_재보험계약부채_잔여보장요소_보험료배분접근법 적용,0,0,0,0,0,0,0,0
248,국내생보사,12455,아이비케이연금보험 주식회사,B,SH156,책임준비금 적립현황(23.3월 이후),A22,책임준비금_재보험계약부채_발생사고요소,0,0,0,0,0,0,0,0
249,국내생보사,12455,아이비케이연금보험 주식회사,B,SH156,책임준비금 적립현황(23.3월 이후),A221,책임준비금_재보험계약부채_발생사고요소_최선추정,0,0,0,0,0,0,0,0
250,국내생보사,12455,아이비케이연금보험 주식회사,B,SH156,책임준비금 적립현황(23.3월 이후),A222,책임준비금_재보험계약부채_발생사고요소_위험조정,0,0,0,0,0,0,0,0
251,국내생보사,12455,아이비케이연금보험 주식회사,B,SH156,책임준비금 적립현황(23.3월 이후),A3,책임준비금_투자계약부채,3124347693000,3162177823000,3126225052000,3028974393000,2957296260000,3020825644000,3033129183000,3140468785000
252,국내생보사,13173,농협생명보험주식회사,B,SH156,책임준비금 적립현황(23.3월 이후),A,책임준비금,46313972928000,44752333572000,44212009845000,46013366566000,46111562082000,46211818714000,46738851775000,46195938879000
253,국내생보사,13173,농협생명보험주식회사,B,SH156,책임준비금 적립현황(23.3월 이후),A1,책임준비금_보험계약부채,46243517731000,44696095286000,44169566410000,45958814064000,46037234972000,46140791116000,46668525744000,46128470207000
254,국내생보사,13173,농협생명보험주식회사,B,SH156,책임준비금 적립현황(23.3월 이후),A11,책임준비금_보험계약부채_잔여보장요소,45162303905000,43650031928000,43149496699000,44974743306000,44866856071000,45022910473000,45624641898000,45124432824000
255,국내생보사,13173,농협생명보험주식회사,B,SH156,책임준비금 적립현황(23.3월 이후),A111,책임준비금_보험계약부채_잔여보장요소_최선추정,40249374946000,38637824796000,38128130451000,40077613204000,39515939075000,39772363993000,40269675023000,40082056796000
256,국내생보사,13173,농협생명보험주식회사,B,SH156,책임준비금 적립현황(23.3월 이후),A112,책임준비금_보험계약부채_잔여보장요소_위험조정,381433818000,387426293000,415116795000,419733170000,442042337000,440790426000,452003571000,450833522000
257,국내생보사,13173,농협생명보험주식회사,B,SH156,책임준비금 적립현황(23.3월 이후),A113,책임준비금_보험계약부채_잔여보장요소_보험계약마진,4531488988000,4624773858000,4606242854000,4477393631000,4908869672000,4809748163000,4902955950000,4591537199000
258,국내생보사,13173,농협생명보험주식회사,B,SH156,책임준비금 적립현황(23.3월 이후),A114,책임준비금_보험계약부채_잔여보장요소_보험료배분접근법 적용,6153000,6981000,6599000,3301000,4987000,7891000,7354000,5307000
259,국내생보사,13173,농협생명보험주식회사,B,SH156,책임준비금 적립현황(23.3월 이후),A12,책임준비금_보험계약부채_발생사고요소,1081213826000,1046063358000,1020069711000,984070758000,1170378901000,1117880643000,1043883846000,1004037383000
260,국내생보사,13173,농협생명보험주식회사,B,SH156,책임준비금 적립현황(23.3월 이후),A121,책임준비금_보험계약부채_발생사고요소_최선추정,1075437438000,1041252542000,1014157929000,977429655000,1159904861000,1107328778000,1035440190000,992233329000
261,국내생보사,13173,농협생명보험주식회사,B,SH156,책임준비금 적립현황(23.3월 이후),A122,책임준비금_보험계약부채_발생사고요소_위험조정,5776388000,4810816000,5911782000,6641103000,10474040000,10551865000,8443656000,11804054000
262,국내생보사,13173,농협생명보험주식회사,B,SH156,책임준비금 적립현황(23.3월 이후),A13,책임준비금_보험계약부채_사전인식 보험취득현금흐름,0,0,0,0,0,0,0,0
263,국내생보사,13173,농협생명보험주식회사,B,SH156,책임준비금 적립현황(23.3월 이후),A2,책임준비금_재보험계약부채,70455197000,56238286000,42443435000,54552502000,74327110000,71027598000,70326031000,67468672000
264,국내생보사,13173,농협생명보험주식회사,B,SH156,책임준비금 적립현황(23.3월 이후),A21,책임준비금_재보험계약부채_잔여보장요소,104492841000,95086216000,86794335000,102008920000,107844086000,109603426000,111746927000,113227944000
265,국내생보사,13173,농협생명보험주식회사,B,SH156,책임준비금 적립현황(23.3월 이후),A211,책임준비금_재보험계약부채_잔여보장요소_최선추정,150726195000,141274355000,140631935000,147954422000,151227362000,151814314000,154775600000,147575925000
266,국내생보사,13173,농협생명보험주식회사,B,SH156,책임준비금 적립현황(23.3월 이후),A212,책임준비금_재보험계약부채_잔여보장요소_위험조정,-5614336000,-5348850000,-5135776000,-5852062000,-5818294000,-5838388000,-6115199000,-5863215000
267,국내생보사,13173,농협생명보험주식회사,B,SH156,책임준비금 적립현황(23.3월 이후),A213,책임준비금_재보험계약부채_잔여보장요소_보험계약마진,-40619018000,-40839289000,-48701824000,-40093440000,-37564982000,-36372500000,-36913474000,-28484766000
268,국내생보사,13173,농협생명보험주식회사,B,SH156,책임준비금 적립현황(23.3월 이후),A214,책임준비금_재보험계약부채_잔여보장요소_보험료배분접근법 적용,0,0,0,0,0,0,0,0
269,국내생보사,13173,농협생명보험주식회사,B,SH156,책임준비금 적립현황(23.3월 이후),A22,책임준비금_재보험계약부채_발생사고요소,-34037644000,-38847930000,-44350900000,-47456418000,-33516976000,-38575828000,-41420896000,-45759272000
270,국내생보사,13173,농협생명보험주식회사,B,SH156,책임준비금 적립현황(23.3월 이후),A221,책임준비금_재보험계약부채_발생사고요소_최선추정,-33535992000,-38404637000,-43767882000,-46850591000,-32693068000,-37727997000,-40807435000,-45044064000
271,국내생보사,13173,농협생명보험주식회사,B,SH156,책임준비금 적립현황(23.3월 이후),A222,책임준비금_재보험계약부채_발생사고요소_위험조정,-501652000,-443293000,-583018000,-605827000,-823908000,-847831000,-613461000,-715208000
272,국내생보사,13173,농협생명보험주식회사,B,SH156,책임준비금 적립현황(23.3월 이후),A3,책임준비금_투자계약부채,0,0,0,0,0,0,0,0
273,국내생보사,13436,교보라이프플래닛생명보험주식회사,B,SH156,책임준비금 적립현황(23.3월 이후),A,책임준비금,576498290000,548503420000,535556304000,582168751499,573354551567,565599044053,577310719102,582119000979
274,국내생보사,13436,교보라이프플래닛생명보험주식회사,B,SH156,책임준비금 적립현황(23.3월 이후),A1,책임준비금_보험계약부채,575863315000,547959453000,535057190000,581601123506,572916732536,565131347276,576834066497,581675025683
275,국내생보사,13436,교보라이프플래닛생명보험주식회사,B,SH156,책임준비금 적립현황(23.3월 이후),A11,책임준비금_보험계약부채_잔여보장요소,571431205000,543540431000,529763253000,574762677206,565280170327,554199327330,566335650255,573242859066
276,국내생보사,13436,교보라이프플래닛생명보험주식회사,B,SH156,책임준비금 적립현황(23.3월 이후),A111,책임준비금_보험계약부채_잔여보장요소_최선추정,494320037000,461404740000,446690572000,515687241700,507009057214,496807999577,510459827049,542535339335
277,국내생보사,13436,교보라이프플래닛생명보험주식회사,B,SH156,책임준비금 적립현황(23.3월 이후),A112,책임준비금_보험계약부채_잔여보장요소_위험조정,7419763000,8256398000,8487369000,9743763776,9886897106,10353831086,10588023891,10508399209
278,국내생보사,13436,교보라이프플래닛생명보험주식회사,B,SH156,책임준비금 적립현황(23.3월 이후),A113,책임준비금_보험계약부채_잔여보장요소_보험계약마진,69691405000,73879293000,74585312000,49331671730,48384216007,47037496667,45287799315,20199120522
279,국내생보사,13436,교보라이프플래닛생명보험주식회사,B,SH156,책임준비금 적립현황(23.3월 이후),A114,책임준비금_보험계약부채_잔여보장요소_보험료배분접근법 적용,0,0,0,0,0,0,0,0
280,국내생보사,13436,교보라이프플래닛생명보험주식회사,B,SH156,책임준비금 적립현황(23.3월 이후),A12,책임준비금_보험계약부채_발생사고요소,4432110000,4419022000,5293937000,6838446300,7636562209,10932019946,10498416242,8432166617
281,국내생보사,13436,교보라이프플래닛생명보험주식회사,B,SH156,책임준비금 적립현황(23.3월 이후),A121,책임준비금_보험계약부채_발생사고요소_최선추정,4285676000,4284515000,5147578000,6681487323,7467155981,10754715783,10307816913,8335715562
282,국내생보사,13436,교보라이프플래닛생명보험주식회사,B,SH156,책임준비금 적립현황(23.3월 이후),A122,책임준비금_보험계약부채_발생사고요소_위험조정,146434000,134507000,146359000,156958977,169406228,177304163,190599329,96451055
283,국내생보사,13436,교보라이프플래닛생명보험주식회사,B,SH156,책임준비금 적립현황(23.3월 이후),A13,책임준비금_보험계약부채_사전인식 보험취득현금흐름, ,0,0,0,0,0,0,0
284,국내생보사,13436,교보라이프플래닛생명보험주식회사,B,SH156,책임준비금 적립현황(23.3월 이후),A2,책임준비금_재보험계약부채,634975000,543967000,499114000,567627993,437819031,467696777,476652605,443975296
285,국내생보사,13436,교보라이프플래닛생명보험주식회사,B,SH156,책임준비금 적립현황(23.3월 이후),A21,책임준비금_재보험계약부채_잔여보장요소,1080898000,834140000,859436000,1537154059,560356884,698464603,744990109,1108592083
286,국내생보사,13436,교보라이프플래닛생명보험주식회사,B,SH156,책임준비금 적립현황(23.3월 이후),A211,책임준비금_재보험계약부채_잔여보장요소_최선추정,3643045000,1560785000,1562625000,4556894394,1576566572,1927952701,1783130235,2558370061
287,국내생보사,13436,교보라이프플래닛생명보험주식회사,B,SH156,책임준비금 적립현황(23.3월 이후),A212,책임준비금_재보험계약부채_잔여보장요소_위험조정,-313196000,-102286000,-96015000,-212676753,-101327731,-115880958,-107252322,-127868034
288,국내생보사,13436,교보라이프플래닛생명보험주식회사,B,SH156,책임준비금 적립현황(23.3월 이후),A213,책임준비금_재보험계약부채_잔여보장요소_보험계약마진,-2248951000,-624359000,-607174000,-2807063582,-914881957,-1113607140,-930887804,-1321909944
289,국내생보사,13436,교보라이프플래닛생명보험주식회사,B,SH156,책임준비금 적립현황(23.3월 이후),A214,책임준비금_재보험계약부채_잔여보장요소_보험료배분접근법 적용,0,0,0,0,0,0,0,0
290,국내생보사,13436,교보라이프플래닛생명보험주식회사,B,SH156,책임준비금 적립현황(23.3월 이후),A22,책임준비금_재보험계약부채_발생사고요소,-445923000,-290173000,-360322000,-969526066,-122537853,-230767826,-268337504,-664616787
291,국내생보사,13436,교보라이프플래닛생명보험주식회사,B,SH156,책임준비금 적립현황(23.3월 이후),A221,책임준비금_재보험계약부채_발생사고요소_최선추정,-413243000,-279918000,-349388000,-939202629,-116294587,-220711239,-263197512,-642672254
292,국내생보사,13436,교보라이프플래닛생명보험주식회사,B,SH156,책임준비금 적립현황(23.3월 이후),A222,책임준비금_재보험계약부채_발생사고요소_위험조정,-32680000,-10255000,-10934000,-30323437,-6243266,-10056587,-5139992,-21944533
293,국내생보사,13436,교보라이프플래닛생명보험주식회사,B,SH156,책임준비금 적립현황(23.3월 이후),A3,책임준비금_투자계약부채, ,0,0,0,0,0,0,0
294,외국생보사,10594,에이비엘생명보험주식회사,B,SH156,책임준비금 적립현황(23.3월 이후),A,책임준비금,12897340689000,12788422218000,12533867033000,13463384159000,13862226028000,14247625121000,14933752225000,15118726694000
295,외국생보사,10594,에이비엘생명보험주식회사,B,SH156,책임준비금 적립현황(23.3월 이후),A1,책임준비금_보험계약부채,12845917540000,12743497186000,12493880852000,13402039994000,13794998650000,14171071918000,14848358367000,15035425726000
296,외국생보사,10594,에이비엘생명보험주식회사,B,SH156,책임준비금 적립현황(23.3월 이후),A11,책임준비금_보험계약부채_잔여보장요소,12216899845000,12122954371000,11859666724000,12796394373000,13170175369000,13539978352000,14217048918000,14406809164000
297,외국생보사,10594,에이비엘생명보험주식회사,B,SH156,책임준비금 적립현황(23.3월 이후),A111,책임준비금_보험계약부채_잔여보장요소_최선추정,11211749096000,11034769100000,10794406531000,11709434989000,12053379329000,12398673538000,13015134662000,13207781596000
298,외국생보사,10594,에이비엘생명보험주식회사,B,SH156,책임준비금 적립현황(23.3월 이후),A112,책임준비금_보험계약부채_잔여보장요소_위험조정,215304992000,221583761000,221383327000,217415987000,222552834000,222891687000,232068778000,261564881000
299,외국생보사,10594,에이비엘생명보험주식회사,B,SH156,책임준비금 적립현황(23.3월 이후),A113,책임준비금_보험계약부채_잔여보장요소_보험계약마진,789845757000,866601510000,843876866000,869543397000,894243206000,918413127000,969845478000,937462687000
300,외국생보사,10594,에이비엘생명보험주식회사,B,SH156,책임준비금 적립현황(23.3월 이후),A114,책임준비금_보험계약부채_잔여보장요소_보험료배분접근법 적용,0,0,0,0,0,0,0,0
301,외국생보사,10594,에이비엘생명보험주식회사,B,SH156,책임준비금 적립현황(23.3월 이후),A12,책임준비금_보험계약부채_발생사고요소,629017695000,620542815000,634214128000,605645621000,624823281000,631093566000,631309449000,628616562000
302,외국생보사,10594,에이비엘생명보험주식회사,B,SH156,책임준비금 적립현황(23.3월 이후),A121,책임준비금_보험계약부채_발생사고요소_최선추정,627205485000,618609546000,631885568000,603771325000,622603480000,628325148000,628641574000,626229839000
303,외국생보사,10594,에이비엘생명보험주식회사,B,SH156,책임준비금 적립현황(23.3월 이후),A122,책임준비금_보험계약부채_발생사고요소_위험조정,1812210000,1933269000,2328560000,1874296000,2219801000,2768418000,2667875000,2386723000
304,외국생보사,10594,에이비엘생명보험주식회사,B,SH156,책임준비금 적립현황(23.3월 이후),A13,책임준비금_보험계약부채_사전인식 보험취득현금흐름,0,0,0,0,0,0,0,0
305,외국생보사,10594,에이비엘생명보험주식회사,B,SH156,책임준비금 적립현황(23.3월 이후),A2,책임준비금_재보험계약부채,50539245000,44036081000,39092146000,60444719000,66322811000,75643588000,84479159000,82380858000
306,외국생보사,10594,에이비엘생명보험주식회사,B,SH156,책임준비금 적립현황(23.3월 이후),A21,책임준비금_재보험계약부채_잔여보장요소,73846282000,69210821000,65552590000,88569897000,93034548000,102962581000,112736407000,114596070000
307,외국생보사,10594,에이비엘생명보험주식회사,B,SH156,책임준비금 적립현황(23.3월 이후),A211,책임준비금_재보험계약부채_잔여보장요소_최선추정,177773340000,175806110000,175428429000,197628220000,196993963000,203388858000,217759192000,242504374000
308,외국생보사,10594,에이비엘생명보험주식회사,B,SH156,책임준비금 적립현황(23.3월 이후),A212,책임준비금_재보험계약부채_잔여보장요소_위험조정,-16357480000,-16438881000,-14443380000,-16359136000,-17214716000,-17356863000,-18248524000,-18888045000
309,외국생보사,10594,에이비엘생명보험주식회사,B,SH156,책임준비금 적립현황(23.3월 이후),A213,책임준비금_재보험계약부채_잔여보장요소_보험계약마진,-87569578000,-90156408000,-95432459000,-92699187000,-86744699000,-83069414000,-86774261000,-109020259000
310,외국생보사,10594,에이비엘생명보험주식회사,B,SH156,책임준비금 적립현황(23.3월 이후),A214,책임준비금_재보험계약부채_잔여보장요소_보험료배분접근법 적용,0,0,0,0,0,0,0,0
311,외국생보사,10594,에이비엘생명보험주식회사,B,SH156,책임준비금 적립현황(23.3월 이후),A22,책임준비금_재보험계약부채_발생사고요소,-23307037000,-25174740000,-26460444000,-28125178000,-26711737000,-27318993000,-28257248000,-32215212000
312,외국생보사,10594,에이비엘생명보험주식회사,B,SH156,책임준비금 적립현황(23.3월 이후),A221,책임준비금_재보험계약부채_발생사고요소_최선추정,-23024341000,-24893235000,-26143307000,-27859335000,-26358832000,-26888205000,-27889039000,-31864240000
313,외국생보사,10594,에이비엘생명보험주식회사,B,SH156,책임준비금 적립현황(23.3월 이후),A222,책임준비금_재보험계약부채_발생사고요소_위험조정,-282696000,-281505000,-317137000,-265843000,-352905000,-430788000,-368209000,-350972000
314,외국생보사,10594,에이비엘생명보험주식회사,B,SH156,책임준비금 적립현황(23.3월 이후),A3,책임준비금_투자계약부채,883904000,888951000,894035000,899446000,904567000,909615000,914699000,920110000
315,외국생보사,10615,에이아이에이생명보험 주식회사,B,SH156,책임준비금 적립현황(23.3월 이후),A,책임준비금,11132006223000,11011579595000,10808306810000,12249854301000,12459359915000,13129708789000,13859611263000,14354136656000
316,외국생보사,10615,에이아이에이생명보험 주식회사,B,SH156,책임준비금 적립현황(23.3월 이후),A1,책임준비금_보험계약부채,10909512518000,10789965677000,10591365824000,12011562066000,12205573221000,12846574221000,13554124456000,14041855630000
317,외국생보사,10615,에이아이에이생명보험 주식회사,B,SH156,책임준비금 적립현황(23.3월 이후),A11,책임준비금_보험계약부채_잔여보장요소,10404550227000,10286272908000,10094465550000,11434866323000,11646524929000,12283358275000,12989136528000,13462835742000
318,외국생보사,10615,에이아이에이생명보험 주식회사,B,SH156,책임준비금 적립현황(23.3월 이후),A111,책임준비금_보험계약부채_잔여보장요소_최선추정,8508529780000,8366220935000,8181774683000,9591079866000,9789945351000,10216208374000,10929465367000,11551056398000
319,외국생보사,10615,에이아이에이생명보험 주식회사,B,SH156,책임준비금 적립현황(23.3월 이후),A112,책임준비금_보험계약부채_잔여보장요소_위험조정,372952679000,367651080000,357214052000,366319531000,366779605000,367456131000,376440758000,401806631000
320,외국생보사,10615,에이아이에이생명보험 주식회사,B,SH156,책임준비금 적립현황(23.3월 이후),A113,책임준비금_보험계약부채_잔여보장요소_보험계약마진,1521922045000,1551606567000,1554744610000,1477067220000,1488644830000,1698902317000,1682609264000,1509649765000
321,외국생보사,10615,에이아이에이생명보험 주식회사,B,SH156,책임준비금 적립현황(23.3월 이후),A114,책임준비금_보험계약부채_잔여보장요소_보험료배분접근법 적용,1145723000,794326000,732205000,399706000,1155143000,791453000,621139000,322948000
322,외국생보사,10615,에이아이에이생명보험 주식회사,B,SH156,책임준비금 적립현황(23.3월 이후),A12,책임준비금_보험계약부채_발생사고요소,504962291000,503692769000,496900274000,576695743000,559048292000,563215946000,564987928000,579019888000
323,외국생보사,10615,에이아이에이생명보험 주식회사,B,SH156,책임준비금 적립현황(23.3월 이후),A121,책임준비금_보험계약부채_발생사고요소_최선추정,493653439000,492375289000,485573855000,562019609000,544257996000,548528279000,550410179000,564823115000
324,외국생보사,10615,에이아이에이생명보험 주식회사,B,SH156,책임준비금 적립현황(23.3월 이후),A122,책임준비금_보험계약부채_발생사고요소_위험조정,11308852000,11317480000,11326419000,14676134000,14790296000,14687667000,14577749000,14196773000
325,외국생보사,10615,에이아이에이생명보험 주식회사,B,SH156,책임준비금 적립현황(23.3월 이후),A13,책임준비금_보험계약부채_사전인식 보험취득현금흐름,0,0,0,0,0,0,0,0
326,외국생보사,10615,에이아이에이생명보험 주식회사,B,SH156,책임준비금 적립현황(23.3월 이후),A2,책임준비금_재보험계약부채,222493705000,221613918000,216940986000,238292235000,253786694000,283134568000,305486807000,312281026000
327,외국생보사,10615,에이아이에이생명보험 주식회사,B,SH156,책임준비금 적립현황(23.3월 이후),A21,책임준비금_재보험계약부채_잔여보장요소,390709146000,368894828000,373030274000,401409431000,439545278000,445203198000,477524740000,495847133000
328,외국생보사,10615,에이아이에이생명보험 주식회사,B,SH156,책임준비금 적립현황(23.3월 이후),A211,책임준비금_재보험계약부채_잔여보장요소_최선추정,478119406000,455877042000,454628110000,499881070000,532014493000,687564489000,709252187000,1089499918000
329,외국생보사,10615,에이아이에이생명보험 주식회사,B,SH156,책임준비금 적립현황(23.3월 이후),A212,책임준비금_재보험계약부채_잔여보장요소_위험조정,-64001389000,-64985683000,-64839386000,-64705378000,-65915415000,-60219614000,-60723570000,-72252010000
330,외국생보사,10615,에이아이에이생명보험 주식회사,B,SH156,책임준비금 적립현황(23.3월 이후),A213,책임준비금_재보험계약부채_잔여보장요소_보험계약마진,-23408871000,-21996531000,-16758450000,-33766261000,-26553800000,-182141677000,-171003877000,-521400775000
331,외국생보사,10615,에이아이에이생명보험 주식회사,B,SH156,책임준비금 적립현황(23.3월 이후),A214,책임준비금_재보험계약부채_잔여보장요소_보험료배분접근법 적용,0,0,0,0,0,0,0,0
332,외국생보사,10615,에이아이에이생명보험 주식회사,B,SH156,책임준비금 적립현황(23.3월 이후),A22,책임준비금_재보험계약부채_발생사고요소,-168215441000,-147280910000,-156089288000,-163117196000,-185758584000,-162068630000,-172037933000,-183566107000
333,외국생보사,10615,에이아이에이생명보험 주식회사,B,SH156,책임준비금 적립현황(23.3월 이후),A221,책임준비금_재보험계약부채_발생사고요소_최선추정,-164324234000,-143321373000,-152047602000,-157808609000,-180525876000,-156811402000,-166774792000,-178300759000
334,외국생보사,10615,에이아이에이생명보험 주식회사,B,SH156,책임준비금 적립현황(23.3월 이후),A222,책임준비금_재보험계약부채_발생사고요소_위험조정,-3891207000,-3959537000,-4041686000,-5308587000,-5232708000,-5257228000,-5263141000,-5265348000
335,외국생보사,10615,에이아이에이생명보험 주식회사,B,SH156,책임준비금 적립현황(23.3월 이후),A3,책임준비금_투자계약부채,0,0,0,0,0,0,0,0
336,외국생보사,10620,메트라이프생명보험(주),B,SH156,책임준비금 적립현황(23.3월 이후),A,책임준비금,5508909573000,5427212022000,5152003022000,6387357004000,6598856368000,7198089241000,8277112941000,8780715903000
337,외국생보사,10620,메트라이프생명보험(주),B,SH156,책임준비금 적립현황(23.3월 이후),A1,책임준비금_보험계약부채,5465850300000,5394687008000,5112161695000,6338055960000,6547659750000,7142348642000,8216139766000,8713514860000
338,외국생보사,10620,메트라이프생명보험(주),B,SH156,책임준비금 적립현황(23.3월 이후),A11,책임준비금_보험계약부채_잔여보장요소,5353472661000,5274470279000,5012252087000,6206058941000,6407986773000,6998585838000,8078402705000,8572654856000
339,외국생보사,10620,메트라이프생명보험(주),B,SH156,책임준비금 적립현황(23.3월 이후),A111,책임준비금_보험계약부채_잔여보장요소_최선추정,3166003922000,3037563731000,2561515024000,3818403436000,3978935866000,4514393199000,5607765492000,5915443021000
340,외국생보사,10620,메트라이프생명보험(주),B,SH156,책임준비금 적립현황(23.3월 이후),A112,책임준비금_보험계약부채_잔여보장요소_위험조정,308635080000,304156294000,312513584000,316568436000,321041443000,323492132000,318829669000,342568454000
341,외국생보사,10620,메트라이프생명보험(주),B,SH156,책임준비금 적립현황(23.3월 이후),A113,책임준비금_보험계약부채_잔여보장요소_보험계약마진,1878814048000,1932730990000,2138215236000,2071075970000,2107992205000,2160683325000,2151791271000,2314609276000
342,외국생보사,10620,메트라이프생명보험(주),B,SH156,책임준비금 적립현황(23.3월 이후),A114,책임준비금_보험계약부채_잔여보장요소_보험료배분접근법 적용,19611000,19264000,8243000,11099000,17259000,17182000,16273000,34105000
343,외국생보사,10620,메트라이프생명보험(주),B,SH156,책임준비금 적립현황(23.3월 이후),A12,책임준비금_보험계약부채_발생사고요소,112377639000,120216729000,99909608000,131997019000,139672977000,143762804000,137737061000,140860004000
344,외국생보사,10620,메트라이프생명보험(주),B,SH156,책임준비금 적립현황(23.3월 이후),A121,책임준비금_보험계약부채_발생사고요소_최선추정,109486326000,117431346000,96801043000,128970404000,136231146000,139813440000,134321942000,137588790000
345,외국생보사,10620,메트라이프생명보험(주),B,SH156,책임준비금 적립현황(23.3월 이후),A122,책임준비금_보험계약부채_발생사고요소_위험조정,2891313000,2785383000,3108565000,3026615000,3441831000,3949364000,3415119000,3271214000
346,외국생보사,10620,메트라이프생명보험(주),B,SH156,책임준비금 적립현황(23.3월 이후),A13,책임준비금_보험계약부채_사전인식 보험취득현금흐름, , ,0,0,0,0,0, 
347,외국생보사,10620,메트라이프생명보험(주),B,SH156,책임준비금 적립현황(23.3월 이후),A2,책임준비금_재보험계약부채,42963394000,32434544000,39747118000,49206232000,51109669000,55653347000,60885405000,67112733000
348,외국생보사,10620,메트라이프생명보험(주),B,SH156,책임준비금 적립현황(23.3월 이후),A21,책임준비금_재보험계약부채_잔여보장요소,52963859000,42368427000,50099544000,61412095000,63257284000,68121246000,64744548000,80321849000
349,외국생보사,10620,메트라이프생명보험(주),B,SH156,책임준비금 적립현황(23.3월 이후),A211,책임준비금_재보험계약부채_잔여보장요소_최선추정,85773103000,83170619000,76211275000,87071584000,91098146000,93792001000,84538961000,143534591000
350,외국생보사,10620,메트라이프생명보험(주),B,SH156,책임준비금 적립현황(23.3월 이후),A212,책임준비금_재보험계약부채_잔여보장요소_위험조정,-4702165000,-5402529000,-5113178000,-6343581000,-6518501000,-6763044000,-4836283000,-8275405000
351,외국생보사,10620,메트라이프생명보험(주),B,SH156,책임준비금 적립현황(23.3월 이후),A213,책임준비금_재보험계약부채_잔여보장요소_보험계약마진,-28107079000,-35399663000,-20998553000,-19315908000,-21322361000,-18907711000,-14958130000,-54937337000
352,외국생보사,10620,메트라이프생명보험(주),B,SH156,책임준비금 적립현황(23.3월 이후),A214,책임준비금_재보험계약부채_잔여보장요소_보험료배분접근법 적용, , ,0,0,0,0,0, 
353,외국생보사,10620,메트라이프생명보험(주),B,SH156,책임준비금 적립현황(23.3월 이후),A22,책임준비금_재보험계약부채_발생사고요소,-10000465000,-9933883000,-10352426000,-12205863000,-12147615000,-12467899000,-3859143000,-13209116000
354,외국생보사,10620,메트라이프생명보험(주),B,SH156,책임준비금 적립현황(23.3월 이후),A221,책임준비금_재보험계약부채_발생사고요소_최선추정,-9808686000,-9747088000,-10149024000,-11940445000,-11835269000,-12113195000,-3789452000,-12921202000
355,외국생보사,10620,메트라이프생명보험(주),B,SH156,책임준비금 적립현황(23.3월 이후),A222,책임준비금_재보험계약부채_발생사고요소_위험조정,-191779000,-186795000,-203402000,-265418000,-312346000,-354704000,-69691000,-287914000
356,외국생보사,10620,메트라이프생명보험(주),B,SH156,책임준비금 적립현황(23.3월 이후),A3,책임준비금_투자계약부채,95879000,90470000,94209000,94812000,86949000,87252000,87770000,88310000
357,외국생보사,10622,동양생명보험주식회사,B,SH156,책임준비금 적립현황(23.3월 이후),A,책임준비금,27435856270000,26500916691000,25831592556000,28329460140000,28404729651000,29501022518000,30430757837000,30650036616000
358,외국생보사,10622,동양생명보험주식회사,B,SH156,책임준비금 적립현황(23.3월 이후),A1,책임준비금_보험계약부채,24998280758000,24014547403000,23203629212000,25267585192000,25242426572000,26255832545000,27129979036000,27176268377000
359,외국생보사,10622,동양생명보험주식회사,B,SH156,책임준비금 적립현황(23.3월 이후),A11,책임준비금_보험계약부채_잔여보장요소,22996015939000,22056936575000,21289879669000,23369654274000,23324939599000,24397412977000,25277256863000,25413151198000
360,외국생보사,10622,동양생명보험주식회사,B,SH156,책임준비금 적립현황(23.3월 이후),A111,책임준비금_보험계약부채_잔여보장요소_최선추정,20062874975000,19096387603000,18268003500000,20394943253000,20190992142000,21201481724000,21958644659000,22275726320000
361,외국생보사,10622,동양생명보험주식회사,B,SH156,책임준비금 적립현황(23.3월 이후),A112,책임준비금_보험계약부채_잔여보장요소_위험조정,447437675000,455036730000,447046813000,432908820000,442794394000,441900930000,459563296000,466336010000
362,외국생보사,10622,동양생명보험주식회사,B,SH156,책임준비금 적립현황(23.3월 이후),A113,책임준비금_보험계약부채_잔여보장요소_보험계약마진,2485703289000,2505512242000,2574829356000,2541802201000,2691153063000,2754030323000,2859048908000,2671088868000
363,외국생보사,10622,동양생명보험주식회사,B,SH156,책임준비금 적립현황(23.3월 이후),A114,책임준비금_보험계약부채_잔여보장요소_보험료배분접근법 적용,0,0,0,0,0,0,0,0
364,외국생보사,10622,동양생명보험주식회사,B,SH156,책임준비금 적립현황(23.3월 이후),A12,책임준비금_보험계약부채_발생사고요소,2002264819000,1957610828000,1913749543000,1897930918000,1917486973000,1858419568000,1852722173000,1763117179000
365,외국생보사,10622,동양생명보험주식회사,B,SH156,책임준비금 적립현황(23.3월 이후),A121,책임준비금_보험계약부채_발생사고요소_최선추정,1997134346000,1953041887000,1908317644000,1893447573000,1911653038000,1852300804000,1846078859000,1758051748000
366,외국생보사,10622,동양생명보험주식회사,B,SH156,책임준비금 적립현황(23.3월 이후),A122,책임준비금_보험계약부채_발생사고요소_위험조정,5130473000,4568941000,5431899000,4483345000,5833935000,6118764000,6643314000,5065431000
367,외국생보사,10622,동양생명보험주식회사,B,SH156,책임준비금 적립현황(23.3월 이후),A13,책임준비금_보험계약부채_사전인식 보험취득현금흐름,0,0,0,0,0,0,0,0
368,외국생보사,10622,동양생명보험주식회사,B,SH156,책임준비금 적립현황(23.3월 이후),A2,책임준비금_재보험계약부채,8380531000,7951429000,14427382000,8909176000,9476847000,10351843000,10752328000,11136161000
369,외국생보사,10622,동양생명보험주식회사,B,SH156,책임준비금 적립현황(23.3월 이후),A21,책임준비금_재보험계약부채_잔여보장요소,8869593000,8483536000,30362415000,9743755000,10229661000,10928362000,11412109000,11360022000
370,외국생보사,10622,동양생명보험주식회사,B,SH156,책임준비금 적립현황(23.3월 이후),A211,책임준비금_재보험계약부채_잔여보장요소_최선추정,12501641000,11834377000,-43797374000,12276335000,12423399000,12766066000,13527806000,11364514000
371,외국생보사,10622,동양생명보험주식회사,B,SH156,책임준비금 적립현황(23.3월 이후),A212,책임준비금_재보험계약부채_잔여보장요소_위험조정,-759470000,-729016000,-20404758000,-922411000,-896335000,-879214000,-927691000,-702244000
372,외국생보사,10622,동양생명보험주식회사,B,SH156,책임준비금 적립현황(23.3월 이후),A213,책임준비금_재보험계약부채_잔여보장요소_보험계약마진,-2872578000,-2621825000,94564547000,-1623036000,-1437087000,-1234389000,-1188006000,697752000
373,외국생보사,10622,동양생명보험주식회사,B,SH156,책임준비금 적립현황(23.3월 이후),A214,책임준비금_재보험계약부채_잔여보장요소_보험료배분접근법 적용,0,0,0,12867000,139684000,275899000,0,0
374,외국생보사,10622,동양생명보험주식회사,B,SH156,책임준비금 적립현황(23.3월 이후),A22,책임준비금_재보험계약부채_발생사고요소,-489062000,-532107000,-15935033000,-834579000,-752814000,-576519000,-659781000,-223861000
375,외국생보사,10622,동양생명보험주식회사,B,SH156,책임준비금 적립현황(23.3월 이후),A221,책임준비금_재보험계약부채_발생사고요소_최선추정,-480979000,-524452000,-15287016000,-813051000,-724736000,-549023000,-632893000,-217053000
376,외국생보사,10622,동양생명보험주식회사,B,SH156,책임준비금 적립현황(23.3월 이후),A222,책임준비금_재보험계약부채_발생사고요소_위험조정,-8083000,-7655000,-648017000,-21528000,-28078000,-27496000,-26888000,-6808000
377,외국생보사,10622,동양생명보험주식회사,B,SH156,책임준비금 적립현황(23.3월 이후),A3,책임준비금_투자계약부채,2429194981000,2478417859000,2613535962000,3052965772000,3152826232000,3234838130000,3290026473000,3462632078000
378,외국생보사,10625,처브라이프생명보험주식회사,B,SH156,책임준비금 적립현황(23.3월 이후),A,책임준비금,866574253685,856778452998,833569979228,929682329111,947201288519,984183178958,1028356220902,1040211036095
379,외국생보사,10625,처브라이프생명보험주식회사,B,SH156,책임준비금 적립현황(23.3월 이후),A1,책임준비금_보험계약부채,842161838280,834652641113,814272030956,906447518062,921654878542,957919799083,1001261488868,1013938851959
380,외국생보사,10625,처브라이프생명보험주식회사,B,SH156,책임준비금 적립현황(23.3월 이후),A11,책임준비금_보험계약부채_잔여보장요소,821082221932,813901028052,792814623660,884165189462,898422436475,934377455666,977840406334,988934039930
381,외국생보사,10625,처브라이프생명보험주식회사,B,SH156,책임준비금 적립현황(23.3월 이후),A111,책임준비금_보험계약부채_잔여보장요소_최선추정,634773391532,643364225824,624737058418,748118094874,764652467233,805041318022,851949738252,867915560838
382,외국생보사,10625,처브라이프생명보험주식회사,B,SH156,책임준비금 적립현황(23.3월 이후),A112,책임준비금_보험계약부채_잔여보장요소_위험조정,26560176100,25960602601,24443535685,23665082190,23016648431,22599350793,22007378918,22997875584
383,외국생보사,10625,처브라이프생명보험주식회사,B,SH156,책임준비금 적립현황(23.3월 이후),A113,책임준비금_보험계약부채_잔여보장요소_보험계약마진,159748654300,144576199627,143634029557,112382012398,110753320811,106736786851,103883289164,98020603508
384,외국생보사,10625,처브라이프생명보험주식회사,B,SH156,책임준비금 적립현황(23.3월 이후),A114,책임준비금_보험계약부채_잔여보장요소_보험료배분접근법 적용,0,0,0,0,0,0,0,0
385,외국생보사,10625,처브라이프생명보험주식회사,B,SH156,책임준비금 적립현황(23.3월 이후),A12,책임준비금_보험계약부채_발생사고요소,21079616348,20751613061,21457407296,22282328600,23232442067,23542343417,23421082534,25004812029
386,외국생보사,10625,처브라이프생명보험주식회사,B,SH156,책임준비금 적립현황(23.3월 이후),A121,책임준비금_보험계약부채_발생사고요소_최선추정,20872556949,20543589256,21236790393,21803009875,22730669281,23045519225,22913107371,24396800080
387,외국생보사,10625,처브라이프생명보험주식회사,B,SH156,책임준비금 적립현황(23.3월 이후),A122,책임준비금_보험계약부채_발생사고요소_위험조정,207059399,208023805,220616903,479318725,501772786,496824192,507975163,608011949
388,외국생보사,10625,처브라이프생명보험주식회사,B,SH156,책임준비금 적립현황(23.3월 이후),A13,책임준비금_보험계약부채_사전인식 보험취득현금흐름,0,0,0,0,0,0,0,0
389,외국생보사,10625,처브라이프생명보험주식회사,B,SH156,책임준비금 적립현황(23.3월 이후),A2,책임준비금_재보험계약부채,24412415405,22125811885,19297948272,23234811049,25546409977,26263379875,27094732034,26272184136
390,외국생보사,10625,처브라이프생명보험주식회사,B,SH156,책임준비금 적립현황(23.3월 이후),A21,책임준비금_재보험계약부채_잔여보장요소,30346608767,29137360543,27163628635,31355828954,31706420424,33038122294,34517303537,30087845773
391,외국생보사,10625,처브라이프생명보험주식회사,B,SH156,책임준비금 적립현황(23.3월 이후),A211,책임준비금_재보험계약부채_잔여보장요소_최선추정,49609420102,47042892068,45125454085,48776955189,48322735408,48006874683,50788938336,43239360339
392,외국생보사,10625,처브라이프생명보험주식회사,B,SH156,책임준비금 적립현황(23.3월 이후),A212,책임준비금_재보험계약부채_잔여보장요소_위험조정,-2943821607,-2762500255,-2048999395,-2224672894,-2200111178,-2218364666,-2299705152,-1738205941
393,외국생보사,10625,처브라이프생명보험주식회사,B,SH156,책임준비금 적립현황(23.3월 이후),A213,책임준비금_재보험계약부채_잔여보장요소_보험계약마진,-16318989728,-15143031270,-15912826055,-15196453341,-14416203806,-12750387723,-13971929647,-11413308625
394,외국생보사,10625,처브라이프생명보험주식회사,B,SH156,책임준비금 적립현황(23.3월 이후),A214,책임준비금_재보험계약부채_잔여보장요소_보험료배분접근법 적용,0,0,0,0,0,0,0,0
395,외국생보사,10625,처브라이프생명보험주식회사,B,SH156,책임준비금 적립현황(23.3월 이후),A22,책임준비금_재보험계약부채_발생사고요소,-5934193362,-7011548658,-7865680363,-8121017905,-6160010447,-6774742419,-7422571503,-3815661637
396,외국생보사,10625,처브라이프생명보험주식회사,B,SH156,책임준비금 적립현황(23.3월 이후),A221,책임준비금_재보험계약부채_발생사고요소_최선추정,-5889768519,-6967591079,-7814090387,-7982685247,-6002711342,-6616780363,-7265804452,-3745510261
397,외국생보사,10625,처브라이프생명보험주식회사,B,SH156,책임준비금 적립현황(23.3월 이후),A222,책임준비금_재보험계약부채_발생사고요소_위험조정,-44424843,-43957579,-51589976,-138332658,-157299105,-157962056,-156767051,-70151376
398,외국생보사,10625,처브라이프생명보험주식회사,B,SH156,책임준비금 적립현황(23.3월 이후),A3,책임준비금_투자계약부채,0,0,0,0,0,0,0,0
399,외국생보사,11226,비엔피파리바카디프생명보험주식회사,B,SH156,책임준비금 적립현황(23.3월 이후),A,책임준비금,924018183000,1083450127000,1462391922000,1463843586000,1406825270000,1373637066000,1389838537000,1388122627000
400,외국생보사,11226,비엔피파리바카디프생명보험주식회사,B,SH156,책임준비금 적립현황(23.3월 이후),A1,책임준비금_보험계약부채,923168220000,1082224646000,1461135467000,1462496534000,1395847531000,1362623344000,1378831473000,1386943101000
401,외국생보사,11226,비엔피파리바카디프생명보험주식회사,B,SH156,책임준비금 적립현황(23.3월 이후),A11,책임준비금_보험계약부채_잔여보장요소,852698749000,1019828813000,1405549998000,1405952692000,1343296128000,1311867875000,1336780587000,1352648991000
402,외국생보사,11226,비엔피파리바카디프생명보험주식회사,B,SH156,책임준비금 적립현황(23.3월 이후),A111,책임준비금_보험계약부채_잔여보장요소_최선추정,814768415000,974390213000,1363269815000,1364062418000,1303104436000,1275042317000,1301296401000,1315932307000
403,외국생보사,11226,비엔피파리바카디프생명보험주식회사,B,SH156,책임준비금 적립현황(23.3월 이후),A112,책임준비금_보험계약부채_잔여보장요소_위험조정,8247001000,8678832000,8739030000,7699398000,7716464000,7606703000,7629896000,7841098000
404,외국생보사,11226,비엔피파리바카디프생명보험주식회사,B,SH156,책임준비금 적립현황(23.3월 이후),A113,책임준비금_보험계약부채_잔여보장요소_보험계약마진,29683333000,36759768000,33541153000,34190876000,32475228000,29218855000,27854290000,28875586000
405,외국생보사,11226,비엔피파리바카디프생명보험주식회사,B,SH156,책임준비금 적립현황(23.3월 이후),A114,책임준비금_보험계약부채_잔여보장요소_보험료배분접근법 적용,0,0, ,0,0,0,0,0
406,외국생보사,11226,비엔피파리바카디프생명보험주식회사,B,SH156,책임준비금 적립현황(23.3월 이후),A12,책임준비금_보험계약부채_발생사고요소,70469471000,62395833000,55585469000,56543842000,52551403000,50755469000,42050886000,34294110000
407,외국생보사,11226,비엔피파리바카디프생명보험주식회사,B,SH156,책임준비금 적립현황(23.3월 이후),A121,책임준비금_보험계약부채_발생사고요소_최선추정,70226648000,62212467000,55384654000,56392578000,52440711000,50658951000,41951078000,34166939000
408,외국생보사,11226,비엔피파리바카디프생명보험주식회사,B,SH156,책임준비금 적립현황(23.3월 이후),A122,책임준비금_보험계약부채_발생사고요소_위험조정,242823000,183366000,200815000,151264000,110692000,96518000,99808000,127171000
409,외국생보사,11226,비엔피파리바카디프생명보험주식회사,B,SH156,책임준비금 적립현황(23.3월 이후),A13,책임준비금_보험계약부채_사전인식 보험취득현금흐름,0,0, ,0,0,0,0,0
410,외국생보사,11226,비엔피파리바카디프생명보험주식회사,B,SH156,책임준비금 적립현황(23.3월 이후),A2,책임준비금_재보험계약부채,849963000,1225481000,1256455000,1347052000,10977739000,11013722000,11007064000,1179526000
411,외국생보사,11226,비엔피파리바카디프생명보험주식회사,B,SH156,책임준비금 적립현황(23.3월 이후),A21,책임준비금_재보험계약부채_잔여보장요소,949718000,1405922000,1351417000,1486539000,11011921000,11039715000,11078059000,1336973000
412,외국생보사,11226,비엔피파리바카디프생명보험주식회사,B,SH156,책임준비금 적립현황(23.3월 이후),A211,책임준비금_재보험계약부채_잔여보장요소_최선추정,1097226000,1093176000,1055040000,760908000,-440398000,-422595000,-412034000,688642000
413,외국생보사,11226,비엔피파리바카디프생명보험주식회사,B,SH156,책임준비금 적립현황(23.3월 이후),A212,책임준비금_재보험계약부채_잔여보장요소_위험조정,-61280000,-60351000,-59583000,-30082000,-101153000,-105273000,-107662000,-27411000
414,외국생보사,11226,비엔피파리바카디프생명보험주식회사,B,SH156,책임준비금 적립현황(23.3월 이후),A213,책임준비금_재보험계약부채_잔여보장요소_보험계약마진,-86228000,373097000,355960000,755713000,11553472000,11567583000,11597755000,675742000
415,외국생보사,11226,비엔피파리바카디프생명보험주식회사,B,SH156,책임준비금 적립현황(23.3월 이후),A214,책임준비금_재보험계약부채_잔여보장요소_보험료배분접근법 적용,0,0, ,0,0,0,0,0
416,외국생보사,11226,비엔피파리바카디프생명보험주식회사,B,SH156,책임준비금 적립현황(23.3월 이후),A22,책임준비금_재보험계약부채_발생사고요소,-99755000,-180441000,-94962000,-139487000,-34182000,-25993000,-70995000,-157447000
417,외국생보사,11226,비엔피파리바카디프생명보험주식회사,B,SH156,책임준비금 적립현황(23.3월 이후),A221,책임준비금_재보험계약부채_발생사고요소_최선추정,-91257000,-173096000,-84265000,-132235000,-41940000,-34749000,-76694000,-147041000
418,외국생보사,11226,비엔피파리바카디프생명보험주식회사,B,SH156,책임준비금 적립현황(23.3월 이후),A222,책임준비금_재보험계약부채_발생사고요소_위험조정,-8498000,-7345000,-10697000,-7252000,7758000,8756000,5699000,-10406000
419,외국생보사,11226,비엔피파리바카디프생명보험주식회사,B,SH156,책임준비금 적립현황(23.3월 이후),A3,책임준비금_투자계약부채,0,0,0,0,0,0,0,0
420,외국생보사,11320,푸본현대생명보험주식회사,B,SH156,책임준비금 적립현황(23.3월 이후),A,책임준비금,16573328353000,16410145259000,16211653502000,15742687565000,15703832680000,16311820381109,16389023272127,15923464084304
421,외국생보사,11320,푸본현대생명보험주식회사,B,SH156,책임준비금 적립현황(23.3월 이후),A1,책임준비금_보험계약부채,7572216597000,7586889377000,7440597609000,8029302699000,8287697770000,8313498416206,8396732853024,8455387713768
422,외국생보사,11320,푸본현대생명보험주식회사,B,SH156,책임준비금 적립현황(23.3월 이후),A11,책임준비금_보험계약부채_잔여보장요소,7446992650000,7458695138000,7326246963000,7915356221000,8164823238000,8177167110295,8261272473331,8324278778359
423,외국생보사,11320,푸본현대생명보험주식회사,B,SH156,책임준비금 적립현황(23.3월 이후),A111,책임준비금_보험계약부채_잔여보장요소_최선추정,7241910440000,7218794096000,7079356935000,7678975491000,7913390417000,7927326183788,8008882356666,8104663170301
424,외국생보사,11320,푸본현대생명보험주식회사,B,SH156,책임준비금 적립현황(23.3월 이후),A112,책임준비금_보험계약부채_잔여보장요소_위험조정,65890910000,69736322000,72180128000,70554805000,73236381000,72572978027,73287330057,77265974063
425,외국생보사,11320,푸본현대생명보험주식회사,B,SH156,책임준비금 적립현황(23.3월 이후),A113,책임준비금_보험계약부채_잔여보장요소_보험계약마진,139191300000,170164720000,174709900000,165825925000,178196440000,177267948480,179102786608,142349633995
426,외국생보사,11320,푸본현대생명보험주식회사,B,SH156,책임준비금 적립현황(23.3월 이후),A114,책임준비금_보험계약부채_잔여보장요소_보험료배분접근법 적용,0,0,0,0,0,0,0,0
427,외국생보사,11320,푸본현대생명보험주식회사,B,SH156,책임준비금 적립현황(23.3월 이후),A12,책임준비금_보험계약부채_발생사고요소,125223947000,128194239000,114350646000,113946478000,122874532000,136331305911,135460379693,131108935409
428,외국생보사,11320,푸본현대생명보험주식회사,B,SH156,책임준비금 적립현황(23.3월 이후),A121,책임준비금_보험계약부채_발생사고요소_최선추정,123992551000,127116904000,113168685000,112814711000,121561206000,134824034085,134003393723,129903316367
429,외국생보사,11320,푸본현대생명보험주식회사,B,SH156,책임준비금 적립현황(23.3월 이후),A122,책임준비금_보험계약부채_발생사고요소_위험조정,1231396000,1077335000,1181961000,1131767000,1313326000,1507271826,1456985970,1205619042
430,외국생보사,11320,푸본현대생명보험주식회사,B,SH156,책임준비금 적립현황(23.3월 이후),A13,책임준비금_보험계약부채_사전인식 보험취득현금흐름,0,0,0,0,0,0,0,0
431,외국생보사,11320,푸본현대생명보험주식회사,B,SH156,책임준비금 적립현황(23.3월 이후),A2,책임준비금_재보험계약부채,0,0,0,0,210177000,0,760187217,0
432,외국생보사,11320,푸본현대생명보험주식회사,B,SH156,책임준비금 적립현황(23.3월 이후),A21,책임준비금_재보험계약부채_잔여보장요소,0,0,0,0,6692754000,0,6919790013,0
433,외국생보사,11320,푸본현대생명보험주식회사,B,SH156,책임준비금 적립현황(23.3월 이후),A211,책임준비금_재보험계약부채_잔여보장요소_최선추정,0,0,0,0,12967375000, ,12924384862, 
434,외국생보사,11320,푸본현대생명보험주식회사,B,SH156,책임준비금 적립현황(23.3월 이후),A212,책임준비금_재보험계약부채_잔여보장요소_위험조정,0,0,0,0,-565326000, ,-652952700, 
435,외국생보사,11320,푸본현대생명보험주식회사,B,SH156,책임준비금 적립현황(23.3월 이후),A213,책임준비금_재보험계약부채_잔여보장요소_보험계약마진,0,0,0,0,-5709295000, ,-5351642149, 
436,외국생보사,11320,푸본현대생명보험주식회사,B,SH156,책임준비금 적립현황(23.3월 이후),A214,책임준비금_재보험계약부채_잔여보장요소_보험료배분접근법 적용,0,0,0,0,0, , , 
437,외국생보사,11320,푸본현대생명보험주식회사,B,SH156,책임준비금 적립현황(23.3월 이후),A22,책임준비금_재보험계약부채_발생사고요소,0,0,0,0,-6482577000,0,-6159602796,0
438,외국생보사,11320,푸본현대생명보험주식회사,B,SH156,책임준비금 적립현황(23.3월 이후),A221,책임준비금_재보험계약부채_발생사고요소_최선추정,0,0,0,0,-6302114000, ,-5958834243, 
439,외국생보사,11320,푸본현대생명보험주식회사,B,SH156,책임준비금 적립현황(23.3월 이후),A222,책임준비금_재보험계약부채_발생사고요소_위험조정,0,0,0,0,-180463000, ,-200768553, 
440,외국생보사,11320,푸본현대생명보험주식회사,B,SH156,책임준비금 적립현황(23.3월 이후),A3,책임준비금_투자계약부채,9001111756000,8823255882000,8771055893000,7713384866000,7415924733000,7998321964903,7991530231886,7468076370536
441,외국생보사,11434,라이나생명보험주식회사,B,SH156,책임준비금 적립현황(23.3월 이후),A,책임준비금,270568703000,279113394000,259683544000,497541329000,579087178000,717165277000,871043287000,1046768236000
442,외국생보사,11434,라이나생명보험주식회사,B,SH156,책임준비금 적립현황(23.3월 이후),A1,책임준비금_보험계약부채,205558497000,218735355000,204079315000,435388427000,525921195000,663426282000,818983202000,1036550836000
443,외국생보사,11434,라이나생명보험주식회사,B,SH156,책임준비금 적립현황(23.3월 이후),A11,책임준비금_보험계약부채_잔여보장요소,148683356000,163120676000,149473948000,379494362000,467861389000,603238201000,754743673000,968891365000
444,외국생보사,11434,라이나생명보험주식회사,B,SH156,책임준비금 적립현황(23.3월 이후),A111,책임준비금_보험계약부채_잔여보장요소_최선추정,-414261864000,-420013189000,-457808015000,-160663662000,-87126817000,16042241000,140573529000,743974073000
445,외국생보사,11434,라이나생명보험주식회사,B,SH156,책임준비금 적립현황(23.3월 이후),A112,책임준비금_보험계약부채_잔여보장요소_위험조정,55085674000,55521922000,56841340000,64895767000,66758746000,71243524000,76534670000,78404597000
446,외국생보사,11434,라이나생명보험주식회사,B,SH156,책임준비금 적립현황(23.3월 이후),A113,책임준비금_보험계약부채_잔여보장요소_보험계약마진,507859546000,527611943000,550440623000,475262257000,488229460000,515952436000,537635474000,146512695000
447,외국생보사,11434,라이나생명보험주식회사,B,SH156,책임준비금 적립현황(23.3월 이후),A114,책임준비금_보험계약부채_잔여보장요소_보험료배분접근법 적용,0,0,0,0,0,0,0,0
448,외국생보사,11434,라이나생명보험주식회사,B,SH156,책임준비금 적립현황(23.3월 이후),A12,책임준비금_보험계약부채_발생사고요소,56875141000,55614679000,54605367000,55894065000,58059806000,60188081000,64239529000,67659471000
449,외국생보사,11434,라이나생명보험주식회사,B,SH156,책임준비금 적립현황(23.3월 이후),A121,책임준비금_보험계약부채_발생사고요소_최선추정,55552000000,54193729000,53512134000,54733871000,56963866000,58966849000,62585365000,65768295000
450,외국생보사,11434,라이나생명보험주식회사,B,SH156,책임준비금 적립현황(23.3월 이후),A122,책임준비금_보험계약부채_발생사고요소_위험조정,1323141000,1420950000,1093233000,1160194000,1095940000,1221232000,1654164000,1891176000
451,외국생보사,11434,라이나생명보험주식회사,B,SH156,책임준비금 적립현황(23.3월 이후),A13,책임준비금_보험계약부채_사전인식 보험취득현금흐름,0,0,0,0,0,0,0,0
452,외국생보사,11434,라이나생명보험주식회사,B,SH156,책임준비금 적립현황(23.3월 이후),A2,책임준비금_재보험계약부채,65010206000,60378039000,55604229000,62152902000,53165983000,53738995000,52060085000,10217400000
453,외국생보사,11434,라이나생명보험주식회사,B,SH156,책임준비금 적립현황(23.3월 이후),A21,책임준비금_재보험계약부채_잔여보장요소,114617112000,108417282000,101836955000,108694992000,101565775000,123462767000,129241346000,11412860000
454,외국생보사,11434,라이나생명보험주식회사,B,SH156,책임준비금 적립현황(23.3월 이후),A211,책임준비금_재보험계약부채_잔여보장요소_최선추정,205337468000,193277934000,180638720000,161363799000,295622540000,318342005000,315269281000,19109970000
455,외국생보사,11434,라이나생명보험주식회사,B,SH156,책임준비금 적립현황(23.3월 이후),A212,책임준비금_재보험계약부채_잔여보장요소_위험조정,-24472999000,-23190676000,-21840975000,-23281403000,-53419624000,-52021573000,-52089823000,-1373887000
456,외국생보사,11434,라이나생명보험주식회사,B,SH156,책임준비금 적립현황(23.3월 이후),A213,책임준비금_재보험계약부채_잔여보장요소_보험계약마진,-66247357000,-61669976000,-56960790000,-29387404000,-140637141000,-142857665000,-133938112000,-6323223000
457,외국생보사,11434,라이나생명보험주식회사,B,SH156,책임준비금 적립현황(23.3월 이후),A214,책임준비금_재보험계약부채_잔여보장요소_보험료배분접근법 적용,0,0,0,0,0,0,0,0
458,외국생보사,11434,라이나생명보험주식회사,B,SH156,책임준비금 적립현황(23.3월 이후),A22,책임준비금_재보험계약부채_발생사고요소,-49606906000,-48039243000,-46232726000,-46542090000,-48399792000,-69723772000,-77181261000,-1195460000
459,외국생보사,11434,라이나생명보험주식회사,B,SH156,책임준비금 적립현황(23.3월 이후),A221,책임준비금_재보험계약부채_발생사고요소_최선추정,-48845260000,-47272524000,-45657724000,-45977094000,-47870633000,-69086578000,-76355773000,-1143154000
460,외국생보사,11434,라이나생명보험주식회사,B,SH156,책임준비금 적립현황(23.3월 이후),A222,책임준비금_재보험계약부채_발생사고요소_위험조정,-761646000,-766719000,-575002000,-564996000,-529159000,-637194000,-825488000,-52306000
461,외국생보사,11434,라이나생명보험주식회사,B,SH156,책임준비금 적립현황(23.3월 이후),A3,책임준비금_투자계약부채,0,0,0,0,0,0,0,0
