,년월,금융회사코드,금융회사명,코드,구분,금액,금융구분,통계분류,통계표코드,통계표명
0,200903,0010903,KB부동산신탁(주),A,잔존만기 3개월 이내 원화유동성자산,345221295146,부동산신탁,E,SM010,유동성
1,200903,0010903,KB부동산신탁(주),B,잔존만기 3개월 이내 원화유동성부채,451753077921,부동산신탁,E,SM010,유동성
2,200903,0010903,KB부동산신탁(주),C,유동비율,76.42,부동산신탁,E,SM010,유동성
3,200906,0010903,KB부동산신탁(주),A,잔존만기 3개월 이내 원화유동성자산,368493922302,부동산신탁,E,SM010,유동성
4,200906,0010903,KB부동산신탁(주),B,잔존만기 3개월 이내 원화유동성부채,419983185814,부동산신탁,E,SM010,유동성
5,200906,0010903,KB부동산신탁(주),C,유동비율,87.74,부동산신탁,E,SM010,유동성
6,200909,0010903,KB부동산신탁(주),A,잔존만기 3개월 이내 원화유동성자산,368693710316,부동산신탁,E,SM010,유동성
7,200909,0010903,KB부동산신탁(주),B,잔존만기 3개월 이내 원화유동성부채,613374249835,부동산신탁,E,SM010,유동성
8,200909,0010903,KB부동산신탁(주),C,유동비율,60.11,부동산신탁,E,SM010,유동성
9,200912,0010903,KB부동산신탁(주),A,잔존만기 3개월 이내 원화유동성자산,501591042032,부동산신탁,E,SM010,유동성
10,200912,0010903,KB부동산신탁(주),B,잔존만기 3개월 이내 원화유동성부채,410669156193,부동산신탁,E,SM010,유동성
11,200912,0010903,KB부동산신탁(주),C,유동비율,122.14,부동산신탁,E,SM010,유동성
12,201003,0010903,KB부동산신탁(주),A,잔존만기 3개월 이내 원화유동성자산,1944239952747,부동산신탁,E,SM010,유동성
13,201003,0010903,KB부동산신탁(주),B,잔존만기 3개월 이내 원화유동성부채,423934105291,부동산신탁,E,SM010,유동성
14,201003,0010903,KB부동산신탁(주),C,유동비율,458.62,부동산신탁,E,SM010,유동성
15,201006,0010903,KB부동산신탁(주),A,잔존만기 3개월 이내 원화유동성자산,1840301035391,부동산신탁,E,SM010,유동성
16,201006,0010903,KB부동산신탁(주),B,잔존만기 3개월 이내 원화유동성부채,421634284848,부동산신탁,E,SM010,유동성
17,201006,0010903,KB부동산신탁(주),C,유동비율,436.47,부동산신탁,E,SM010,유동성
18,201009,0010903,KB부동산신탁(주),A,잔존만기 3개월 이내 원화유동성자산,1913264154752,부동산신탁,E,SM010,유동성
19,201009,0010903,KB부동산신탁(주),B,잔존만기 3개월 이내 원화유동성부채,429192893315,부동산신탁,E,SM010,유동성
20,201009,0010903,KB부동산신탁(주),C,유동비율,445.78,부동산신탁,E,SM010,유동성
21,201012,0010903,KB부동산신탁(주),A,잔존만기 3개월 이내 원화유동성자산,1736450803193,부동산신탁,E,SM010,유동성
22,201012,0010903,KB부동산신탁(주),B,잔존만기 3개월 이내 원화유동성부채,464676699832,부동산신탁,E,SM010,유동성
23,201012,0010903,KB부동산신탁(주),C,유동비율,373.69,부동산신탁,E,SM010,유동성
24,201103,0010903,KB부동산신탁(주),A,잔존만기 3개월 이내 원화유동성자산,1831134437982,부동산신탁,E,SM010,유동성
25,201103,0010903,KB부동산신탁(주),B,잔존만기 3개월 이내 원화유동성부채,703868604163,부동산신탁,E,SM010,유동성
26,201103,0010903,KB부동산신탁(주),C,유동비율,260.15,부동산신탁,E,SM010,유동성
27,201106,0010903,KB부동산신탁(주),A,잔존만기 3개월 이내 원화유동성자산,1946549866789,부동산신탁,E,SM010,유동성
28,201106,0010903,KB부동산신탁(주),B,잔존만기 3개월 이내 원화유동성부채,720322492659,부동산신탁,E,SM010,유동성
29,201106,0010903,KB부동산신탁(주),C,유동비율,270.23,부동산신탁,E,SM010,유동성
30,201109,0010903,KB부동산신탁(주),A,잔존만기 3개월 이내 원화유동성자산,2182174830026,부동산신탁,E,SM010,유동성
31,201109,0010903,KB부동산신탁(주),B,잔존만기 3개월 이내 원화유동성부채,745155621971,부동산신탁,E,SM010,유동성
32,201109,0010903,KB부동산신탁(주),C,유동비율,292.85,부동산신탁,E,SM010,유동성
33,201112,0010903,KB부동산신탁(주),A,잔존만기 3개월 이내 원화유동성자산,2414417161475,부동산신탁,E,SM010,유동성
34,201112,0010903,KB부동산신탁(주),B,잔존만기 3개월 이내 원화유동성부채,713168495454,부동산신탁,E,SM010,유동성
35,201112,0010903,KB부동산신탁(주),C,유동비율,338.55,부동산신탁,E,SM010,유동성
36,201203,0010903,KB부동산신탁(주),A,잔존만기 3개월 이내 원화유동성자산,2696114301835,부동산신탁,E,SM010,유동성
37,201203,0010903,KB부동산신탁(주),B,잔존만기 3개월 이내 원화유동성부채,491910150986,부동산신탁,E,SM010,유동성
38,201203,0010903,KB부동산신탁(주),C,유동비율,548.09,부동산신탁,E,SM010,유동성
39,201206,0010903,KB부동산신탁(주),A,잔존만기 3개월 이내 원화유동성자산,2379722697858,부동산신탁,E,SM010,유동성
40,201206,0010903,KB부동산신탁(주),B,잔존만기 3개월 이내 원화유동성부채,269900829255,부동산신탁,E,SM010,유동성
41,201206,0010903,KB부동산신탁(주),C,유동비율,881.7,부동산신탁,E,SM010,유동성
42,201209,0010903,KB부동산신탁(주),A,잔존만기 3개월 이내 원화유동성자산,2545316751975,부동산신탁,E,SM010,유동성
43,201209,0010903,KB부동산신탁(주),B,잔존만기 3개월 이내 원화유동성부채,326703128778,부동산신탁,E,SM010,유동성
44,201209,0010903,KB부동산신탁(주),C,유동비율,779.09,부동산신탁,E,SM010,유동성
45,201212,0010903,KB부동산신탁(주),A,잔존만기 3개월 이내 원화유동성자산,3122332738384,부동산신탁,E,SM010,유동성
46,201212,0010903,KB부동산신탁(주),B,잔존만기 3개월 이내 원화유동성부채,288655057873,부동산신탁,E,SM010,유동성
47,201212,0010903,KB부동산신탁(주),C,유동비율,1081.68,부동산신탁,E,SM010,유동성
48,201303,0010903,KB부동산신탁(주),A,잔존만기 3개월 이내 원화유동성자산,8930181702,부동산신탁,E,SM010,유동성
49,201303,0010903,KB부동산신탁(주),B,잔존만기 3개월 이내 원화유동성부채,6559661291,부동산신탁,E,SM010,유동성
50,201303,0010903,KB부동산신탁(주),C,유동비율,136.14,부동산신탁,E,SM010,유동성
51,201306,0010903,KB부동산신탁(주),A,잔존만기 3개월 이내 원화유동성자산,12224379135,부동산신탁,E,SM010,유동성
52,201306,0010903,KB부동산신탁(주),B,잔존만기 3개월 이내 원화유동성부채,977889303,부동산신탁,E,SM010,유동성
53,201306,0010903,KB부동산신탁(주),C,유동비율,1250.08,부동산신탁,E,SM010,유동성
54,201309,0010903,KB부동산신탁(주),A,잔존만기 3개월 이내 원화유동성자산,33995559885,부동산신탁,E,SM010,유동성
55,201309,0010903,KB부동산신탁(주),B,잔존만기 3개월 이내 원화유동성부채,2085704343,부동산신탁,E,SM010,유동성
56,201309,0010903,KB부동산신탁(주),C,유동비율,1629.93,부동산신탁,E,SM010,유동성
57,201312,0010903,KB부동산신탁(주),A,잔존만기 3개월 이내 원화유동성자산,21772538663,부동산신탁,E,SM010,유동성
58,201312,0010903,KB부동산신탁(주),B,잔존만기 3개월 이내 원화유동성부채,1852106885,부동산신탁,E,SM010,유동성
59,201312,0010903,KB부동산신탁(주),C,유동비율,1175.56,부동산신탁,E,SM010,유동성
60,201403,0010903,KB부동산신탁(주),A,잔존만기 3개월 이내 원화유동성자산,24850835906,부동산신탁,E,SM010,유동성
61,201403,0010903,KB부동산신탁(주),B,잔존만기 3개월 이내 원화유동성부채,1433183282,부동산신탁,E,SM010,유동성
62,201403,0010903,KB부동산신탁(주),C,유동비율,1733.96,부동산신탁,E,SM010,유동성
63,201406,0010903,KB부동산신탁(주),A,잔존만기 3개월 이내 원화유동성자산,32272191317,부동산신탁,E,SM010,유동성
64,201406,0010903,KB부동산신탁(주),B,잔존만기 3개월 이내 원화유동성부채,2532926814,부동산신탁,E,SM010,유동성
65,201406,0010903,KB부동산신탁(주),C,유동비율,1274.11,부동산신탁,E,SM010,유동성
66,201409,0010903,KB부동산신탁(주),A,잔존만기 3개월 이내 원화유동성자산,43278467385,부동산신탁,E,SM010,유동성
67,201409,0010903,KB부동산신탁(주),B,잔존만기 3개월 이내 원화유동성부채,3516315560,부동산신탁,E,SM010,유동성
68,201409,0010903,KB부동산신탁(주),C,유동비율,1230.79,부동산신탁,E,SM010,유동성
69,201412,0010903,KB부동산신탁(주),A,잔존만기 3개월 이내 원화유동성자산,66469650045,부동산신탁,E,SM010,유동성
70,201412,0010903,KB부동산신탁(주),B,잔존만기 3개월 이내 원화유동성부채,3820220157,부동산신탁,E,SM010,유동성
71,201412,0010903,KB부동산신탁(주),C,유동비율,1739.94,부동산신탁,E,SM010,유동성
72,201503,0010903,KB부동산신탁(주),A,잔존만기 3개월 이내 원화유동성자산,78094047722,부동산신탁,E,SM010,유동성
73,201503,0010903,KB부동산신탁(주),B,잔존만기 3개월 이내 원화유동성부채,7922135937,부동산신탁,E,SM010,유동성
74,201503,0010903,KB부동산신탁(주),C,유동비율,985.77,부동산신탁,E,SM010,유동성
75,201506,0010903,KB부동산신탁(주),A,잔존만기 3개월 이내 원화유동성자산,95262311510,부동산신탁,E,SM010,유동성
76,201506,0010903,KB부동산신탁(주),B,잔존만기 3개월 이내 원화유동성부채,5330492490,부동산신탁,E,SM010,유동성
77,201506,0010903,KB부동산신탁(주),C,유동비율,1787.12,부동산신탁,E,SM010,유동성
78,201509,0010903,KB부동산신탁(주),A,잔존만기 3개월 이내 원화유동성자산,76364053905,부동산신탁,E,SM010,유동성
79,201509,0010903,KB부동산신탁(주),B,잔존만기 3개월 이내 원화유동성부채,5483233865,부동산신탁,E,SM010,유동성
80,201509,0010903,KB부동산신탁(주),C,유동비율,1392.68,부동산신탁,E,SM010,유동성
81,201512,0010903,KB부동산신탁(주),A,잔존만기 3개월 이내 원화유동성자산,112378290642,부동산신탁,E,SM010,유동성
82,201512,0010903,KB부동산신탁(주),B,잔존만기 3개월 이내 원화유동성부채,3586350788,부동산신탁,E,SM010,유동성
83,201512,0010903,KB부동산신탁(주),C,유동비율,3133.5,부동산신탁,E,SM010,유동성
84,201603,0010903,KB부동산신탁(주),A,잔존만기 3개월 이내 원화유동성자산,84506028927,부동산신탁,E,SM010,유동성
85,201603,0010903,KB부동산신탁(주),B,잔존만기 3개월 이내 원화유동성부채,6596428441,부동산신탁,E,SM010,유동성
86,201603,0010903,KB부동산신탁(주),C,유동비율,1281.09,부동산신탁,E,SM010,유동성
87,201606,0010903,KB부동산신탁(주),A,잔존만기 3개월 이내 원화유동성자산,61213272843,부동산신탁,E,SM010,유동성
88,201606,0010903,KB부동산신탁(주),B,잔존만기 3개월 이내 원화유동성부채,10978901340,부동산신탁,E,SM010,유동성
89,201606,0010903,KB부동산신탁(주),C,유동비율,557.55,부동산신탁,E,SM010,유동성
90,201609,0010903,KB부동산신탁(주),A,잔존만기 3개월 이내 원화유동성자산,93478961557,부동산신탁,E,SM010,유동성
91,201609,0010903,KB부동산신탁(주),B,잔존만기 3개월 이내 원화유동성부채,7280003642,부동산신탁,E,SM010,유동성
92,201609,0010903,KB부동산신탁(주),C,유동비율,1284.05,부동산신탁,E,SM010,유동성
93,201612,0010903,KB부동산신탁(주),A,잔존만기 3개월 이내 원화유동성자산,82258679999,부동산신탁,E,SM010,유동성
94,201612,0010903,KB부동산신탁(주),B,잔존만기 3개월 이내 원화유동성부채,7012536891,부동산신탁,E,SM010,유동성
95,201612,0010903,KB부동산신탁(주),C,유동비율,1173.02,부동산신탁,E,SM010,유동성
96,200903,0010905,교보자산신탁,A,잔존만기 3개월 이내 원화유동성자산,354611179983,부동산신탁,E,SM010,유동성
97,200903,0010905,교보자산신탁,B,잔존만기 3개월 이내 원화유동성부채,18166111969,부동산신탁,E,SM010,유동성
98,200903,0010905,교보자산신탁,C,유동비율,1952.05,부동산신탁,E,SM010,유동성
99,200906,0010905,교보자산신탁,A,잔존만기 3개월 이내 원화유동성자산,328633602826,부동산신탁,E,SM010,유동성
100,200906,0010905,교보자산신탁,B,잔존만기 3개월 이내 원화유동성부채,25214544478,부동산신탁,E,SM010,유동성
101,200906,0010905,교보자산신탁,C,유동비율,1303.35,부동산신탁,E,SM010,유동성
102,200909,0010905,교보자산신탁,A,잔존만기 3개월 이내 원화유동성자산,335743911928,부동산신탁,E,SM010,유동성
103,200909,0010905,교보자산신탁,B,잔존만기 3개월 이내 원화유동성부채,30734068740,부동산신탁,E,SM010,유동성
104,200909,0010905,교보자산신탁,C,유동비율,1092.42,부동산신탁,E,SM010,유동성
105,200912,0010905,교보자산신탁,A,잔존만기 3개월 이내 원화유동성자산,422562800582,부동산신탁,E,SM010,유동성
106,200912,0010905,교보자산신탁,B,잔존만기 3개월 이내 원화유동성부채,136183129709,부동산신탁,E,SM010,유동성
107,200912,0010905,교보자산신탁,C,유동비율,310.29,부동산신탁,E,SM010,유동성
108,201003,0010905,교보자산신탁,A,잔존만기 3개월 이내 원화유동성자산,1401489763392,부동산신탁,E,SM010,유동성
109,201003,0010905,교보자산신탁,B,잔존만기 3개월 이내 원화유동성부채,132584160427,부동산신탁,E,SM010,유동성
110,201003,0010905,교보자산신탁,C,유동비율,1057.06,부동산신탁,E,SM010,유동성
111,201006,0010905,교보자산신탁,A,잔존만기 3개월 이내 원화유동성자산,1746703648506,부동산신탁,E,SM010,유동성
112,201006,0010905,교보자산신탁,B,잔존만기 3개월 이내 원화유동성부채,170246056291,부동산신탁,E,SM010,유동성
113,201006,0010905,교보자산신탁,C,유동비율,1025.99,부동산신탁,E,SM010,유동성
114,201009,0010905,교보자산신탁,A,잔존만기 3개월 이내 원화유동성자산,1783709512549,부동산신탁,E,SM010,유동성
115,201009,0010905,교보자산신탁,B,잔존만기 3개월 이내 원화유동성부채,278694350109,부동산신탁,E,SM010,유동성
116,201009,0010905,교보자산신탁,C,유동비율,640.02,부동산신탁,E,SM010,유동성
117,201012,0010905,교보자산신탁,A,잔존만기 3개월 이내 원화유동성자산,1858213399361,부동산신탁,E,SM010,유동성
118,201012,0010905,교보자산신탁,B,잔존만기 3개월 이내 원화유동성부채,290479695964,부동산신탁,E,SM010,유동성
119,201012,0010905,교보자산신탁,C,유동비율,639.71,부동산신탁,E,SM010,유동성
120,201103,0010905,교보자산신탁,A,잔존만기 3개월 이내 원화유동성자산,2270322080169,부동산신탁,E,SM010,유동성
121,201103,0010905,교보자산신탁,B,잔존만기 3개월 이내 원화유동성부채,320815621868,부동산신탁,E,SM010,유동성
122,201103,0010905,교보자산신탁,C,유동비율,707.67,부동산신탁,E,SM010,유동성
123,201106,0010905,교보자산신탁,A,잔존만기 3개월 이내 원화유동성자산,2481046190648,부동산신탁,E,SM010,유동성
124,201106,0010905,교보자산신탁,B,잔존만기 3개월 이내 원화유동성부채,244518510525,부동산신탁,E,SM010,유동성
125,201106,0010905,교보자산신탁,C,유동비율,1014.67,부동산신탁,E,SM010,유동성
126,201109,0010905,교보자산신탁,A,잔존만기 3개월 이내 원화유동성자산,2706841189814,부동산신탁,E,SM010,유동성
127,201109,0010905,교보자산신탁,B,잔존만기 3개월 이내 원화유동성부채,255134823594,부동산신탁,E,SM010,유동성
128,201109,0010905,교보자산신탁,C,유동비율,1060.95,부동산신탁,E,SM010,유동성
129,201112,0010905,교보자산신탁,A,잔존만기 3개월 이내 원화유동성자산,2489180234192,부동산신탁,E,SM010,유동성
130,201112,0010905,교보자산신탁,B,잔존만기 3개월 이내 원화유동성부채,337446662639,부동산신탁,E,SM010,유동성
131,201112,0010905,교보자산신탁,C,유동비율,737.65,부동산신탁,E,SM010,유동성
132,201203,0010905,교보자산신탁,A,잔존만기 3개월 이내 원화유동성자산,2805909329544,부동산신탁,E,SM010,유동성
133,201203,0010905,교보자산신탁,B,잔존만기 3개월 이내 원화유동성부채,325692547608,부동산신탁,E,SM010,유동성
134,201203,0010905,교보자산신탁,C,유동비율,861.52,부동산신탁,E,SM010,유동성
135,201206,0010905,교보자산신탁,A,잔존만기 3개월 이내 원화유동성자산,3303520165016,부동산신탁,E,SM010,유동성
136,201206,0010905,교보자산신탁,B,잔존만기 3개월 이내 원화유동성부채,358409269864,부동산신탁,E,SM010,유동성
137,201206,0010905,교보자산신탁,C,유동비율,921.72,부동산신탁,E,SM010,유동성
138,201209,0010905,교보자산신탁,A,잔존만기 3개월 이내 원화유동성자산,3743441632895,부동산신탁,E,SM010,유동성
139,201209,0010905,교보자산신탁,B,잔존만기 3개월 이내 원화유동성부채,384423803125,부동산신탁,E,SM010,유동성
140,201209,0010905,교보자산신탁,C,유동비율,973.78,부동산신탁,E,SM010,유동성
141,201212,0010905,교보자산신탁,A,잔존만기 3개월 이내 원화유동성자산,3193578323432,부동산신탁,E,SM010,유동성
142,201212,0010905,교보자산신탁,B,잔존만기 3개월 이내 원화유동성부채,429238208967,부동산신탁,E,SM010,유동성
143,201212,0010905,교보자산신탁,C,유동비율,744.01,부동산신탁,E,SM010,유동성
144,201303,0010905,교보자산신탁,A,잔존만기 3개월 이내 원화유동성자산,7393406404,부동산신탁,E,SM010,유동성
145,201303,0010905,교보자산신탁,B,잔존만기 3개월 이내 원화유동성부채,1135257164,부동산신탁,E,SM010,유동성
146,201303,0010905,교보자산신탁,C,유동비율,651.25,부동산신탁,E,SM010,유동성
147,201306,0010905,교보자산신탁,A,잔존만기 3개월 이내 원화유동성자산,9040781901,부동산신탁,E,SM010,유동성
148,201306,0010905,교보자산신탁,B,잔존만기 3개월 이내 원화유동성부채,471516686,부동산신탁,E,SM010,유동성
149,201306,0010905,교보자산신탁,C,유동비율,1917.38,부동산신탁,E,SM010,유동성
150,201309,0010905,교보자산신탁,A,잔존만기 3개월 이내 원화유동성자산,19620516476,부동산신탁,E,SM010,유동성
151,201309,0010905,교보자산신탁,B,잔존만기 3개월 이내 원화유동성부채,310211760,부동산신탁,E,SM010,유동성
152,201309,0010905,교보자산신탁,C,유동비율,6324.88,부동산신탁,E,SM010,유동성
153,201312,0010905,교보자산신탁,A,잔존만기 3개월 이내 원화유동성자산,13673789900,부동산신탁,E,SM010,유동성
154,201312,0010905,교보자산신탁,B,잔존만기 3개월 이내 원화유동성부채,1188797451,부동산신탁,E,SM010,유동성
155,201312,0010905,교보자산신탁,C,유동비율,1150.22,부동산신탁,E,SM010,유동성
156,201403,0010905,교보자산신탁,A,잔존만기 3개월 이내 원화유동성자산,8781065378,부동산신탁,E,SM010,유동성
157,201403,0010905,교보자산신탁,B,잔존만기 3개월 이내 원화유동성부채,653718729,부동산신탁,E,SM010,유동성
158,201403,0010905,교보자산신탁,C,유동비율,1343.25,부동산신탁,E,SM010,유동성
159,201406,0010905,교보자산신탁,A,잔존만기 3개월 이내 원화유동성자산,14193858733,부동산신탁,E,SM010,유동성
160,201406,0010905,교보자산신탁,B,잔존만기 3개월 이내 원화유동성부채,950344696,부동산신탁,E,SM010,유동성
161,201406,0010905,교보자산신탁,C,유동비율,1493.55,부동산신탁,E,SM010,유동성
162,201409,0010905,교보자산신탁,A,잔존만기 3개월 이내 원화유동성자산,22726549524,부동산신탁,E,SM010,유동성
163,201409,0010905,교보자산신탁,B,잔존만기 3개월 이내 원화유동성부채,1437378672,부동산신탁,E,SM010,유동성
164,201409,0010905,교보자산신탁,C,유동비율,1581.11,부동산신탁,E,SM010,유동성
165,201412,0010905,교보자산신탁,A,잔존만기 3개월 이내 원화유동성자산,12023543349,부동산신탁,E,SM010,유동성
166,201412,0010905,교보자산신탁,B,잔존만기 3개월 이내 원화유동성부채,2429335827,부동산신탁,E,SM010,유동성
167,201412,0010905,교보자산신탁,C,유동비율,494.93,부동산신탁,E,SM010,유동성
168,201503,0010905,교보자산신탁,A,잔존만기 3개월 이내 원화유동성자산,8400557601,부동산신탁,E,SM010,유동성
169,201503,0010905,교보자산신탁,B,잔존만기 3개월 이내 원화유동성부채,2785220348,부동산신탁,E,SM010,유동성
170,201503,0010905,교보자산신탁,C,유동비율,301.61,부동산신탁,E,SM010,유동성
171,201506,0010905,교보자산신탁,A,잔존만기 3개월 이내 원화유동성자산,19183043654,부동산신탁,E,SM010,유동성
172,201506,0010905,교보자산신탁,B,잔존만기 3개월 이내 원화유동성부채,2827659308,부동산신탁,E,SM010,유동성
173,201506,0010905,교보자산신탁,C,유동비율,678.41,부동산신탁,E,SM010,유동성
174,201509,0010905,교보자산신탁,A,잔존만기 3개월 이내 원화유동성자산,27210257090,부동산신탁,E,SM010,유동성
175,201509,0010905,교보자산신탁,B,잔존만기 3개월 이내 원화유동성부채,3204999526,부동산신탁,E,SM010,유동성
176,201509,0010905,교보자산신탁,C,유동비율,848.99,부동산신탁,E,SM010,유동성
177,201512,0010905,교보자산신탁,A,잔존만기 3개월 이내 원화유동성자산,17930984548,부동산신탁,E,SM010,유동성
178,201512,0010905,교보자산신탁,B,잔존만기 3개월 이내 원화유동성부채,5959997135,부동산신탁,E,SM010,유동성
179,201512,0010905,교보자산신탁,C,유동비율,300.86,부동산신탁,E,SM010,유동성
180,201603,0010905,교보자산신탁,A,잔존만기 3개월 이내 원화유동성자산,10248291990,부동산신탁,E,SM010,유동성
181,201603,0010905,교보자산신탁,B,잔존만기 3개월 이내 원화유동성부채,9568117140,부동산신탁,E,SM010,유동성
182,201603,0010905,교보자산신탁,C,유동비율,107.11,부동산신탁,E,SM010,유동성
183,201606,0010905,교보자산신탁,A,잔존만기 3개월 이내 원화유동성자산,23587268324,부동산신탁,E,SM010,유동성
184,201606,0010905,교보자산신탁,B,잔존만기 3개월 이내 원화유동성부채,4220411046,부동산신탁,E,SM010,유동성
185,201606,0010905,교보자산신탁,C,유동비율,558.89,부동산신탁,E,SM010,유동성
186,201609,0010905,교보자산신탁,A,잔존만기 3개월 이내 원화유동성자산,35804790986,부동산신탁,E,SM010,유동성
187,201609,0010905,교보자산신탁,B,잔존만기 3개월 이내 원화유동성부채,3812699361,부동산신탁,E,SM010,유동성
188,201609,0010905,교보자산신탁,C,유동비율,939.09,부동산신탁,E,SM010,유동성
189,201612,0010905,교보자산신탁,A,잔존만기 3개월 이내 원화유동성자산,14439140775,부동산신탁,E,SM010,유동성
190,201612,0010905,교보자산신탁,B,잔존만기 3개월 이내 원화유동성부채,9163392411,부동산신탁,E,SM010,유동성
191,201612,0010905,교보자산신탁,C,유동비율,157.57,부동산신탁,E,SM010,유동성
192,200903,0010904,대한토지신탁,A,잔존만기 3개월 이내 원화유동성자산,596137556233,부동산신탁,E,SM010,유동성
193,200903,0010904,대한토지신탁,B,잔존만기 3개월 이내 원화유동성부채,493555394799,부동산신탁,E,SM010,유동성
194,200903,0010904,대한토지신탁,C,유동비율,120.78,부동산신탁,E,SM010,유동성
195,200906,0010904,대한토지신탁,A,잔존만기 3개월 이내 원화유동성자산,580395498253,부동산신탁,E,SM010,유동성
196,200906,0010904,대한토지신탁,B,잔존만기 3개월 이내 원화유동성부채,481380574035,부동산신탁,E,SM010,유동성
197,200906,0010904,대한토지신탁,C,유동비율,120.57,부동산신탁,E,SM010,유동성
198,200909,0010904,대한토지신탁,A,잔존만기 3개월 이내 원화유동성자산,611508506314,부동산신탁,E,SM010,유동성
199,200909,0010904,대한토지신탁,B,잔존만기 3개월 이내 원화유동성부채,539824559729,부동산신탁,E,SM010,유동성
200,200909,0010904,대한토지신탁,C,유동비율,113.28,부동산신탁,E,SM010,유동성
201,200912,0010904,대한토지신탁,A,잔존만기 3개월 이내 원화유동성자산,658197267541,부동산신탁,E,SM010,유동성
202,200912,0010904,대한토지신탁,B,잔존만기 3개월 이내 원화유동성부채,570646639548,부동산신탁,E,SM010,유동성
203,200912,0010904,대한토지신탁,C,유동비율,115.34,부동산신탁,E,SM010,유동성
204,201003,0010904,대한토지신탁,A,잔존만기 3개월 이내 원화유동성자산,566732009077,부동산신탁,E,SM010,유동성
205,201003,0010904,대한토지신탁,B,잔존만기 3개월 이내 원화유동성부채,565287258511,부동산신탁,E,SM010,유동성
206,201003,0010904,대한토지신탁,C,유동비율,100.26,부동산신탁,E,SM010,유동성
207,201006,0010904,대한토지신탁,A,잔존만기 3개월 이내 원화유동성자산,734400615595,부동산신탁,E,SM010,유동성
208,201006,0010904,대한토지신탁,B,잔존만기 3개월 이내 원화유동성부채,517703955606,부동산신탁,E,SM010,유동성
209,201006,0010904,대한토지신탁,C,유동비율,141.86,부동산신탁,E,SM010,유동성
210,201009,0010904,대한토지신탁,A,잔존만기 3개월 이내 원화유동성자산,612789504471,부동산신탁,E,SM010,유동성
211,201009,0010904,대한토지신탁,B,잔존만기 3개월 이내 원화유동성부채,449268466602,부동산신탁,E,SM010,유동성
212,201009,0010904,대한토지신탁,C,유동비율,136.4,부동산신탁,E,SM010,유동성
213,201012,0010904,대한토지신탁,A,잔존만기 3개월 이내 원화유동성자산,697782240810,부동산신탁,E,SM010,유동성
214,201012,0010904,대한토지신탁,B,잔존만기 3개월 이내 원화유동성부채,427887050054,부동산신탁,E,SM010,유동성
215,201012,0010904,대한토지신탁,C,유동비율,163.08,부동산신탁,E,SM010,유동성
216,201103,0010904,대한토지신탁,A,잔존만기 3개월 이내 원화유동성자산,706251860996,부동산신탁,E,SM010,유동성
217,201103,0010904,대한토지신탁,B,잔존만기 3개월 이내 원화유동성부채,572436741273,부동산신탁,E,SM010,유동성
218,201103,0010904,대한토지신탁,C,유동비율,123.38,부동산신탁,E,SM010,유동성
219,201106,0010904,대한토지신탁,A,잔존만기 3개월 이내 원화유동성자산,3304328734949,부동산신탁,E,SM010,유동성
220,201106,0010904,대한토지신탁,B,잔존만기 3개월 이내 원화유동성부채,568830066565,부동산신탁,E,SM010,유동성
221,201106,0010904,대한토지신탁,C,유동비율,580.9,부동산신탁,E,SM010,유동성
222,201109,0010904,대한토지신탁,A,잔존만기 3개월 이내 원화유동성자산,3364090431166,부동산신탁,E,SM010,유동성
223,201109,0010904,대한토지신탁,B,잔존만기 3개월 이내 원화유동성부채,541985311558,부동산신탁,E,SM010,유동성
224,201109,0010904,대한토지신탁,C,유동비율,620.7,부동산신탁,E,SM010,유동성
225,201112,0010904,대한토지신탁,A,잔존만기 3개월 이내 원화유동성자산,3618716856575,부동산신탁,E,SM010,유동성
226,201112,0010904,대한토지신탁,B,잔존만기 3개월 이내 원화유동성부채,420183172239,부동산신탁,E,SM010,유동성
227,201112,0010904,대한토지신탁,C,유동비율,861.22,부동산신탁,E,SM010,유동성
228,201206,0010904,대한토지신탁,A,잔존만기 3개월 이내 원화유동성자산,3662638657435,부동산신탁,E,SM010,유동성
229,201206,0010904,대한토지신탁,B,잔존만기 3개월 이내 원화유동성부채,400535706386,부동산신탁,E,SM010,유동성
230,201206,0010904,대한토지신탁,C,유동비율,914.43,부동산신탁,E,SM010,유동성
231,201209,0010904,대한토지신탁,A,잔존만기 3개월 이내 원화유동성자산,3015522820662,부동산신탁,E,SM010,유동성
232,201209,0010904,대한토지신탁,B,잔존만기 3개월 이내 원화유동성부채,356366444553,부동산신탁,E,SM010,유동성
233,201209,0010904,대한토지신탁,C,유동비율,846.19,부동산신탁,E,SM010,유동성
234,201212,0010904,대한토지신탁,A,잔존만기 3개월 이내 원화유동성자산,3135249161880,부동산신탁,E,SM010,유동성
235,201212,0010904,대한토지신탁,B,잔존만기 3개월 이내 원화유동성부채,329346330058,부동산신탁,E,SM010,유동성
236,201212,0010904,대한토지신탁,C,유동비율,951.96,부동산신탁,E,SM010,유동성
237,201303,0010904,대한토지신탁,A,잔존만기 3개월 이내 원화유동성자산,11997188716,부동산신탁,E,SM010,유동성
238,201303,0010904,대한토지신탁,B,잔존만기 3개월 이내 원화유동성부채,3548026321,부동산신탁,E,SM010,유동성
239,201303,0010904,대한토지신탁,C,유동비율,338.14,부동산신탁,E,SM010,유동성
240,201306,0010904,대한토지신탁,A,잔존만기 3개월 이내 원화유동성자산,25883514632,부동산신탁,E,SM010,유동성
241,201306,0010904,대한토지신탁,B,잔존만기 3개월 이내 원화유동성부채,10299124136,부동산신탁,E,SM010,유동성
242,201306,0010904,대한토지신탁,C,유동비율,251.32,부동산신탁,E,SM010,유동성
243,201309,0010904,대한토지신탁,A,잔존만기 3개월 이내 원화유동성자산,24133355778,부동산신탁,E,SM010,유동성
244,201309,0010904,대한토지신탁,B,잔존만기 3개월 이내 원화유동성부채,3526372531,부동산신탁,E,SM010,유동성
245,201309,0010904,대한토지신탁,C,유동비율,684.37,부동산신탁,E,SM010,유동성
246,201312,0010904,대한토지신탁,A,잔존만기 3개월 이내 원화유동성자산,30021165249,부동산신탁,E,SM010,유동성
247,201312,0010904,대한토지신탁,B,잔존만기 3개월 이내 원화유동성부채,2510332404,부동산신탁,E,SM010,유동성
248,201312,0010904,대한토지신탁,C,유동비율,1195.9,부동산신탁,E,SM010,유동성
249,201403,0010904,대한토지신탁,A,잔존만기 3개월 이내 원화유동성자산,32077599496,부동산신탁,E,SM010,유동성
250,201403,0010904,대한토지신탁,B,잔존만기 3개월 이내 원화유동성부채,13747099612,부동산신탁,E,SM010,유동성
251,201403,0010904,대한토지신탁,C,유동비율,233.34,부동산신탁,E,SM010,유동성
252,201406,0010904,대한토지신탁,A,잔존만기 3개월 이내 원화유동성자산,51980081114,부동산신탁,E,SM010,유동성
253,201406,0010904,대한토지신탁,B,잔존만기 3개월 이내 원화유동성부채,6725012294,부동산신탁,E,SM010,유동성
254,201406,0010904,대한토지신탁,C,유동비율,772.94,부동산신탁,E,SM010,유동성
255,201409,0010904,대한토지신탁,A,잔존만기 3개월 이내 원화유동성자산,55748711037,부동산신탁,E,SM010,유동성
256,201409,0010904,대한토지신탁,B,잔존만기 3개월 이내 원화유동성부채,4724571756,부동산신탁,E,SM010,유동성
257,201409,0010904,대한토지신탁,C,유동비율,1179.97,부동산신탁,E,SM010,유동성
258,201412,0010904,대한토지신탁,A,잔존만기 3개월 이내 원화유동성자산,76470532219,부동산신탁,E,SM010,유동성
259,201412,0010904,대한토지신탁,B,잔존만기 3개월 이내 원화유동성부채,20349676137,부동산신탁,E,SM010,유동성
260,201412,0010904,대한토지신탁,C,유동비율,375.78,부동산신탁,E,SM010,유동성
261,201503,0010904,대한토지신탁,A,잔존만기 3개월 이내 원화유동성자산,66684063787,부동산신탁,E,SM010,유동성
262,201503,0010904,대한토지신탁,B,잔존만기 3개월 이내 원화유동성부채,10674178959,부동산신탁,E,SM010,유동성
263,201503,0010904,대한토지신탁,C,유동비율,624.72,부동산신탁,E,SM010,유동성
264,201506,0010904,대한토지신탁,A,잔존만기 3개월 이내 원화유동성자산,47337129424,부동산신탁,E,SM010,유동성
265,201506,0010904,대한토지신탁,B,잔존만기 3개월 이내 원화유동성부채,4684435360,부동산신탁,E,SM010,유동성
266,201506,0010904,대한토지신탁,C,유동비율,1010.52,부동산신탁,E,SM010,유동성
267,201509,0010904,대한토지신탁,A,잔존만기 3개월 이내 원화유동성자산,121293318134,부동산신탁,E,SM010,유동성
268,201509,0010904,대한토지신탁,B,잔존만기 3개월 이내 원화유동성부채,6389175227,부동산신탁,E,SM010,유동성
269,201509,0010904,대한토지신탁,C,유동비율,1898.42,부동산신탁,E,SM010,유동성
270,201512,0010904,대한토지신탁,A,잔존만기 3개월 이내 원화유동성자산,143828596927,부동산신탁,E,SM010,유동성
271,201512,0010904,대한토지신탁,B,잔존만기 3개월 이내 원화유동성부채,2063071380,부동산신탁,E,SM010,유동성
272,201512,0010904,대한토지신탁,C,유동비율,6971.58,부동산신탁,E,SM010,유동성
273,201603,0010904,대한토지신탁,A,잔존만기 3개월 이내 원화유동성자산,126519305185,부동산신탁,E,SM010,유동성
274,201603,0010904,대한토지신탁,B,잔존만기 3개월 이내 원화유동성부채,9914466112,부동산신탁,E,SM010,유동성
275,201603,0010904,대한토지신탁,C,유동비율,1276.11,부동산신탁,E,SM010,유동성
276,201606,0010904,대한토지신탁,A,잔존만기 3개월 이내 원화유동성자산,92913684434,부동산신탁,E,SM010,유동성
277,201606,0010904,대한토지신탁,B,잔존만기 3개월 이내 원화유동성부채,3570870810,부동산신탁,E,SM010,유동성
278,201606,0010904,대한토지신탁,C,유동비율,2601.99,부동산신탁,E,SM010,유동성
279,201609,0010904,대한토지신탁,A,잔존만기 3개월 이내 원화유동성자산,94366392558,부동산신탁,E,SM010,유동성
280,201609,0010904,대한토지신탁,B,잔존만기 3개월 이내 원화유동성부채,8995034112,부동산신탁,E,SM010,유동성
281,201609,0010904,대한토지신탁,C,유동비율,1049.09,부동산신탁,E,SM010,유동성
282,201612,0010904,대한토지신탁,A,잔존만기 3개월 이내 원화유동성자산,70925528011,부동산신탁,E,SM010,유동성
283,201612,0010904,대한토지신탁,B,잔존만기 3개월 이내 원화유동성부채,4752991588,부동산신탁,E,SM010,유동성
284,201612,0010904,대한토지신탁,C,유동비율,1492.23,부동산신탁,E,SM010,유동성
285,200909,0012279,무궁화신탁,A,잔존만기 3개월 이내 원화유동성자산,8276469607,부동산신탁,E,SM010,유동성
286,200909,0012279,무궁화신탁,B,잔존만기 3개월 이내 원화유동성부채,80534868,부동산신탁,E,SM010,유동성
287,200909,0012279,무궁화신탁,C,유동비율,10276.88,부동산신탁,E,SM010,유동성
288,200912,0012279,무궁화신탁,A,잔존만기 3개월 이내 원화유동성자산,436570180569,부동산신탁,E,SM010,유동성
289,200912,0012279,무궁화신탁,B,잔존만기 3개월 이내 원화유동성부채,278684165,부동산신탁,E,SM010,유동성
290,200912,0012279,무궁화신탁,C,유동비율,156654.1,부동산신탁,E,SM010,유동성
291,201003,0012279,무궁화신탁,A,잔존만기 3개월 이내 원화유동성자산,435196010569,부동산신탁,E,SM010,유동성
292,201003,0012279,무궁화신탁,B,잔존만기 3개월 이내 원화유동성부채,524036469,부동산신탁,E,SM010,유동성
293,201003,0012279,무궁화신탁,C,유동비율,83046.89,부동산신탁,E,SM010,유동성
294,201006,0012279,무궁화신탁,A,잔존만기 3개월 이내 원화유동성자산,504928834203,부동산신탁,E,SM010,유동성
295,201006,0012279,무궁화신탁,B,잔존만기 3개월 이내 원화유동성부채,1084972283,부동산신탁,E,SM010,유동성
296,201006,0012279,무궁화신탁,C,유동비율,46538.41,부동산신탁,E,SM010,유동성
297,201009,0012279,무궁화신탁,A,잔존만기 3개월 이내 원화유동성자산,608654436912,부동산신탁,E,SM010,유동성
298,201009,0012279,무궁화신탁,B,잔존만기 3개월 이내 원화유동성부채,1538982366,부동산신탁,E,SM010,유동성
299,201009,0012279,무궁화신탁,C,유동비율,39549.15,부동산신탁,E,SM010,유동성
300,201012,0012279,무궁화신탁,A,잔존만기 3개월 이내 원화유동성자산,701562066715,부동산신탁,E,SM010,유동성
301,201012,0012279,무궁화신탁,B,잔존만기 3개월 이내 원화유동성부채,3017220455,부동산신탁,E,SM010,유동성
302,201012,0012279,무궁화신탁,C,유동비율,23251.93,부동산신탁,E,SM010,유동성
303,201103,0012279,무궁화신탁,A,잔존만기 3개월 이내 원화유동성자산,730614057140,부동산신탁,E,SM010,유동성
304,201103,0012279,무궁화신탁,B,잔존만기 3개월 이내 원화유동성부채,6652074359,부동산신탁,E,SM010,유동성
305,201103,0012279,무궁화신탁,C,유동비율,10983.25,부동산신탁,E,SM010,유동성
306,201106,0012279,무궁화신탁,A,잔존만기 3개월 이내 원화유동성자산,892671079794,부동산신탁,E,SM010,유동성
307,201106,0012279,무궁화신탁,B,잔존만기 3개월 이내 원화유동성부채,8751763348,부동산신탁,E,SM010,유동성
308,201106,0012279,무궁화신탁,C,유동비율,10199.9,부동산신탁,E,SM010,유동성
309,201109,0012279,무궁화신탁,A,잔존만기 3개월 이내 원화유동성자산,925368270888,부동산신탁,E,SM010,유동성
310,201109,0012279,무궁화신탁,B,잔존만기 3개월 이내 원화유동성부채,9534966881,부동산신탁,E,SM010,유동성
311,201109,0012279,무궁화신탁,C,유동비율,9705,부동산신탁,E,SM010,유동성
312,201112,0012279,무궁화신탁,A,잔존만기 3개월 이내 원화유동성자산,1045206763455,부동산신탁,E,SM010,유동성
313,201112,0012279,무궁화신탁,B,잔존만기 3개월 이내 원화유동성부채,9900367528,부동산신탁,E,SM010,유동성
314,201112,0012279,무궁화신탁,C,유동비율,10557.25,부동산신탁,E,SM010,유동성
315,201203,0012279,무궁화신탁,A,잔존만기 3개월 이내 원화유동성자산,1147576846834,부동산신탁,E,SM010,유동성
316,201203,0012279,무궁화신탁,B,잔존만기 3개월 이내 원화유동성부채,11609423117,부동산신탁,E,SM010,유동성
317,201203,0012279,무궁화신탁,C,유동비율,9884.87,부동산신탁,E,SM010,유동성
318,201206,0012279,무궁화신탁,A,잔존만기 3개월 이내 원화유동성자산,900759151631,부동산신탁,E,SM010,유동성
319,201206,0012279,무궁화신탁,B,잔존만기 3개월 이내 원화유동성부채,47607137339,부동산신탁,E,SM010,유동성
320,201206,0012279,무궁화신탁,C,유동비율,1892.07,부동산신탁,E,SM010,유동성
321,201209,0012279,무궁화신탁,A,잔존만기 3개월 이내 원화유동성자산,948075268951,부동산신탁,E,SM010,유동성
322,201209,0012279,무궁화신탁,B,잔존만기 3개월 이내 원화유동성부채,75835584226,부동산신탁,E,SM010,유동성
323,201209,0012279,무궁화신탁,C,유동비율,1250.17,부동산신탁,E,SM010,유동성
324,201212,0012279,무궁화신탁,A,잔존만기 3개월 이내 원화유동성자산,1147180369492,부동산신탁,E,SM010,유동성
325,201212,0012279,무궁화신탁,B,잔존만기 3개월 이내 원화유동성부채,69530296577,부동산신탁,E,SM010,유동성
326,201212,0012279,무궁화신탁,C,유동비율,1649.9,부동산신탁,E,SM010,유동성
327,201303,0012279,무궁화신탁,A,잔존만기 3개월 이내 원화유동성자산,8904671926,부동산신탁,E,SM010,유동성
328,201303,0012279,무궁화신탁,B,잔존만기 3개월 이내 원화유동성부채,1088710826,부동산신탁,E,SM010,유동성
329,201303,0012279,무궁화신탁,C,유동비율,817.91,부동산신탁,E,SM010,유동성
330,201306,0012279,무궁화신탁,A,잔존만기 3개월 이내 원화유동성자산,2760699590,부동산신탁,E,SM010,유동성
331,201306,0012279,무궁화신탁,B,잔존만기 3개월 이내 원화유동성부채,829222550,부동산신탁,E,SM010,유동성
332,201306,0012279,무궁화신탁,C,유동비율,332.93,부동산신탁,E,SM010,유동성
333,201309,0012279,무궁화신탁,A,잔존만기 3개월 이내 원화유동성자산,1921100005,부동산신탁,E,SM010,유동성
334,201309,0012279,무궁화신탁,B,잔존만기 3개월 이내 원화유동성부채,1090441722,부동산신탁,E,SM010,유동성
335,201309,0012279,무궁화신탁,C,유동비율,176.18,부동산신탁,E,SM010,유동성
336,201312,0012279,무궁화신탁,A,잔존만기 3개월 이내 원화유동성자산,9171315425,부동산신탁,E,SM010,유동성
337,201312,0012279,무궁화신탁,B,잔존만기 3개월 이내 원화유동성부채,1286474814,부동산신탁,E,SM010,유동성
338,201312,0012279,무궁화신탁,C,유동비율,712.9,부동산신탁,E,SM010,유동성
339,201403,0012279,무궁화신탁,A,잔존만기 3개월 이내 원화유동성자산,9147264119,부동산신탁,E,SM010,유동성
340,201403,0012279,무궁화신탁,B,잔존만기 3개월 이내 원화유동성부채,1419390267,부동산신탁,E,SM010,유동성
341,201403,0012279,무궁화신탁,C,유동비율,644.45,부동산신탁,E,SM010,유동성
342,201406,0012279,무궁화신탁,A,잔존만기 3개월 이내 원화유동성자산,10169954063,부동산신탁,E,SM010,유동성
343,201406,0012279,무궁화신탁,B,잔존만기 3개월 이내 원화유동성부채,2826926550,부동산신탁,E,SM010,유동성
344,201406,0012279,무궁화신탁,C,유동비율,359.75,부동산신탁,E,SM010,유동성
345,201409,0012279,무궁화신탁,A,잔존만기 3개월 이내 원화유동성자산,10110234949,부동산신탁,E,SM010,유동성
346,201409,0012279,무궁화신탁,B,잔존만기 3개월 이내 원화유동성부채,1952624266,부동산신탁,E,SM010,유동성
347,201409,0012279,무궁화신탁,C,유동비율,517.78,부동산신탁,E,SM010,유동성
348,201412,0012279,무궁화신탁,A,잔존만기 3개월 이내 원화유동성자산,11380143002,부동산신탁,E,SM010,유동성
349,201412,0012279,무궁화신탁,B,잔존만기 3개월 이내 원화유동성부채,2436081940,부동산신탁,E,SM010,유동성
350,201412,0012279,무궁화신탁,C,유동비율,467.15,부동산신탁,E,SM010,유동성
351,201503,0012279,무궁화신탁,A,잔존만기 3개월 이내 원화유동성자산,11533363580,부동산신탁,E,SM010,유동성
352,201503,0012279,무궁화신탁,B,잔존만기 3개월 이내 원화유동성부채,2698713251,부동산신탁,E,SM010,유동성
353,201503,0012279,무궁화신탁,C,유동비율,427.37,부동산신탁,E,SM010,유동성
354,201506,0012279,무궁화신탁,A,잔존만기 3개월 이내 원화유동성자산,9101323277,부동산신탁,E,SM010,유동성
355,201506,0012279,무궁화신탁,B,잔존만기 3개월 이내 원화유동성부채,2258851742,부동산신탁,E,SM010,유동성
356,201506,0012279,무궁화신탁,C,유동비율,402.92,부동산신탁,E,SM010,유동성
357,201509,0012279,무궁화신탁,A,잔존만기 3개월 이내 원화유동성자산,9324265677,부동산신탁,E,SM010,유동성
358,201509,0012279,무궁화신탁,B,잔존만기 3개월 이내 원화유동성부채,2190243783,부동산신탁,E,SM010,유동성
359,201509,0012279,무궁화신탁,C,유동비율,425.72,부동산신탁,E,SM010,유동성
360,201512,0012279,무궁화신탁,A,잔존만기 3개월 이내 원화유동성자산,8600209709,부동산신탁,E,SM010,유동성
361,201512,0012279,무궁화신탁,B,잔존만기 3개월 이내 원화유동성부채,2937963315,부동산신탁,E,SM010,유동성
362,201512,0012279,무궁화신탁,C,유동비율,292.73,부동산신탁,E,SM010,유동성
363,201603,0012279,무궁화신탁,A,잔존만기 3개월 이내 원화유동성자산,17080510896,부동산신탁,E,SM010,유동성
364,201603,0012279,무궁화신탁,B,잔존만기 3개월 이내 원화유동성부채,5370360978,부동산신탁,E,SM010,유동성
365,201603,0012279,무궁화신탁,C,유동비율,318.05,부동산신탁,E,SM010,유동성
366,201606,0012279,무궁화신탁,A,잔존만기 3개월 이내 원화유동성자산,23433027627,부동산신탁,E,SM010,유동성
367,201606,0012279,무궁화신탁,B,잔존만기 3개월 이내 원화유동성부채,2571920204,부동산신탁,E,SM010,유동성
368,201606,0012279,무궁화신탁,C,유동비율,911.11,부동산신탁,E,SM010,유동성
369,201609,0012279,무궁화신탁,A,잔존만기 3개월 이내 원화유동성자산,25090308614,부동산신탁,E,SM010,유동성
370,201609,0012279,무궁화신탁,B,잔존만기 3개월 이내 원화유동성부채,2409845721,부동산신탁,E,SM010,유동성
371,201609,0012279,무궁화신탁,C,유동비율,1041.16,부동산신탁,E,SM010,유동성
372,201612,0012279,무궁화신탁,A,잔존만기 3개월 이내 원화유동성자산,28597612005,부동산신탁,E,SM010,유동성
373,201612,0012279,무궁화신탁,B,잔존만기 3개월 이내 원화유동성부채,7069920301,부동산신탁,E,SM010,유동성
374,201612,0012279,무궁화신탁,C,유동비율,404.5,부동산신탁,E,SM010,유동성
375,200903,0011877,신한자산신탁주식회사,A,잔존만기 3개월 이내 원화유동성자산,393893456692,부동산신탁,E,SM010,유동성
376,200903,0011877,신한자산신탁주식회사,B,잔존만기 3개월 이내 원화유동성부채,8229524930,부동산신탁,E,SM010,유동성
377,200903,0011877,신한자산신탁주식회사,C,유동비율,4786.35,부동산신탁,E,SM010,유동성
378,200906,0011877,신한자산신탁주식회사,A,잔존만기 3개월 이내 원화유동성자산,982121975320,부동산신탁,E,SM010,유동성
379,200906,0011877,신한자산신탁주식회사,B,잔존만기 3개월 이내 원화유동성부채,3472055423,부동산신탁,E,SM010,유동성
380,200906,0011877,신한자산신탁주식회사,C,유동비율,28286.47,부동산신탁,E,SM010,유동성
381,200909,0011877,신한자산신탁주식회사,A,잔존만기 3개월 이내 원화유동성자산,2560300793978,부동산신탁,E,SM010,유동성
382,200909,0011877,신한자산신탁주식회사,B,잔존만기 3개월 이내 원화유동성부채,4801680225,부동산신탁,E,SM010,유동성
383,200909,0011877,신한자산신탁주식회사,C,유동비율,53320.94,부동산신탁,E,SM010,유동성
384,200912,0011877,신한자산신탁주식회사,A,잔존만기 3개월 이내 원화유동성자산,4249255697784,부동산신탁,E,SM010,유동성
385,200912,0011877,신한자산신탁주식회사,B,잔존만기 3개월 이내 원화유동성부채,6820141252,부동산신탁,E,SM010,유동성
386,200912,0011877,신한자산신탁주식회사,C,유동비율,62304.51,부동산신탁,E,SM010,유동성
387,201003,0011877,신한자산신탁주식회사,A,잔존만기 3개월 이내 원화유동성자산,4493535525244,부동산신탁,E,SM010,유동성
388,201003,0011877,신한자산신탁주식회사,B,잔존만기 3개월 이내 원화유동성부채,7438107118,부동산신탁,E,SM010,유동성
389,201003,0011877,신한자산신탁주식회사,C,유동비율,60412.35,부동산신탁,E,SM010,유동성
390,201006,0011877,신한자산신탁주식회사,A,잔존만기 3개월 이내 원화유동성자산,4236659626437,부동산신탁,E,SM010,유동성
391,201006,0011877,신한자산신탁주식회사,B,잔존만기 3개월 이내 원화유동성부채,7657358459,부동산신탁,E,SM010,유동성
392,201006,0011877,신한자산신탁주식회사,C,유동비율,55327.95,부동산신탁,E,SM010,유동성
393,201009,0011877,신한자산신탁주식회사,A,잔존만기 3개월 이내 원화유동성자산,5028632619396,부동산신탁,E,SM010,유동성
394,201009,0011877,신한자산신탁주식회사,B,잔존만기 3개월 이내 원화유동성부채,5413914708,부동산신탁,E,SM010,유동성
395,201009,0011877,신한자산신탁주식회사,C,유동비율,92883.48,부동산신탁,E,SM010,유동성
396,201012,0011877,신한자산신탁주식회사,A,잔존만기 3개월 이내 원화유동성자산,5282998610555,부동산신탁,E,SM010,유동성
397,201012,0011877,신한자산신탁주식회사,B,잔존만기 3개월 이내 원화유동성부채,8198498905,부동산신탁,E,SM010,유동성
398,201012,0011877,신한자산신탁주식회사,C,유동비율,64438.61,부동산신탁,E,SM010,유동성
399,201103,0011877,신한자산신탁주식회사,A,잔존만기 3개월 이내 원화유동성자산,5698836764394,부동산신탁,E,SM010,유동성
400,201103,0011877,신한자산신탁주식회사,B,잔존만기 3개월 이내 원화유동성부채,7646832695,부동산신탁,E,SM010,유동성
401,201103,0011877,신한자산신탁주식회사,C,유동비율,74525.45,부동산신탁,E,SM010,유동성
402,201106,0011877,신한자산신탁주식회사,A,잔존만기 3개월 이내 원화유동성자산,5705285342861,부동산신탁,E,SM010,유동성
403,201106,0011877,신한자산신탁주식회사,B,잔존만기 3개월 이내 원화유동성부채,234422522694,부동산신탁,E,SM010,유동성
404,201106,0011877,신한자산신탁주식회사,C,유동비율,2433.76,부동산신탁,E,SM010,유동성
405,201109,0011877,신한자산신탁주식회사,A,잔존만기 3개월 이내 원화유동성자산,6240008777210,부동산신탁,E,SM010,유동성
406,201109,0011877,신한자산신탁주식회사,B,잔존만기 3개월 이내 원화유동성부채,237893480346,부동산신탁,E,SM010,유동성
407,201109,0011877,신한자산신탁주식회사,C,유동비율,2623.03,부동산신탁,E,SM010,유동성
408,201112,0011877,신한자산신탁주식회사,A,잔존만기 3개월 이내 원화유동성자산,6801079625929,부동산신탁,E,SM010,유동성
409,201112,0011877,신한자산신탁주식회사,B,잔존만기 3개월 이내 원화유동성부채,291133064662,부동산신탁,E,SM010,유동성
410,201112,0011877,신한자산신탁주식회사,C,유동비율,2336.07,부동산신탁,E,SM010,유동성
411,201203,0011877,신한자산신탁주식회사,A,잔존만기 3개월 이내 원화유동성자산,6558552827761,부동산신탁,E,SM010,유동성
412,201203,0011877,신한자산신탁주식회사,B,잔존만기 3개월 이내 원화유동성부채,220837475781,부동산신탁,E,SM010,유동성
413,201203,0011877,신한자산신탁주식회사,C,유동비율,2969.86,부동산신탁,E,SM010,유동성
414,201206,0011877,신한자산신탁주식회사,A,잔존만기 3개월 이내 원화유동성자산,6645748108359,부동산신탁,E,SM010,유동성
415,201206,0011877,신한자산신탁주식회사,B,잔존만기 3개월 이내 원화유동성부채,220704634052,부동산신탁,E,SM010,유동성
416,201206,0011877,신한자산신탁주식회사,C,유동비율,3011.15,부동산신탁,E,SM010,유동성
417,201209,0011877,신한자산신탁주식회사,A,잔존만기 3개월 이내 원화유동성자산,6620405007872,부동산신탁,E,SM010,유동성
418,201209,0011877,신한자산신탁주식회사,B,잔존만기 3개월 이내 원화유동성부채,240886291426,부동산신탁,E,SM010,유동성
419,201209,0011877,신한자산신탁주식회사,C,유동비율,2748.35,부동산신탁,E,SM010,유동성
420,201212,0011877,신한자산신탁주식회사,A,잔존만기 3개월 이내 원화유동성자산,6008829791852,부동산신탁,E,SM010,유동성
421,201212,0011877,신한자산신탁주식회사,B,잔존만기 3개월 이내 원화유동성부채,221080443078,부동산신탁,E,SM010,유동성
422,201212,0011877,신한자산신탁주식회사,C,유동비율,2717.94,부동산신탁,E,SM010,유동성
423,201303,0011877,신한자산신탁주식회사,A,잔존만기 3개월 이내 원화유동성자산,11137507617,부동산신탁,E,SM010,유동성
424,201303,0011877,신한자산신탁주식회사,B,잔존만기 3개월 이내 원화유동성부채,2467290099,부동산신탁,E,SM010,유동성
425,201303,0011877,신한자산신탁주식회사,C,유동비율,451.41,부동산신탁,E,SM010,유동성
426,201306,0011877,신한자산신탁주식회사,A,잔존만기 3개월 이내 원화유동성자산,13136335626,부동산신탁,E,SM010,유동성
427,201306,0011877,신한자산신탁주식회사,B,잔존만기 3개월 이내 원화유동성부채,3843057263,부동산신탁,E,SM010,유동성
428,201306,0011877,신한자산신탁주식회사,C,유동비율,341.82,부동산신탁,E,SM010,유동성
429,201309,0011877,신한자산신탁주식회사,A,잔존만기 3개월 이내 원화유동성자산,13889762109,부동산신탁,E,SM010,유동성
430,201309,0011877,신한자산신탁주식회사,B,잔존만기 3개월 이내 원화유동성부채,2474448388,부동산신탁,E,SM010,유동성
431,201309,0011877,신한자산신탁주식회사,C,유동비율,561.33,부동산신탁,E,SM010,유동성
432,201312,0011877,신한자산신탁주식회사,A,잔존만기 3개월 이내 원화유동성자산,14803857501,부동산신탁,E,SM010,유동성
433,201312,0011877,신한자산신탁주식회사,B,잔존만기 3개월 이내 원화유동성부채,4449097188,부동산신탁,E,SM010,유동성
434,201312,0011877,신한자산신탁주식회사,C,유동비율,332.74,부동산신탁,E,SM010,유동성
435,201403,0011877,신한자산신탁주식회사,A,잔존만기 3개월 이내 원화유동성자산,11714117102,부동산신탁,E,SM010,유동성
436,201403,0011877,신한자산신탁주식회사,B,잔존만기 3개월 이내 원화유동성부채,5599062439,부동산신탁,E,SM010,유동성
437,201403,0011877,신한자산신탁주식회사,C,유동비율,209.22,부동산신탁,E,SM010,유동성
438,201406,0011877,신한자산신탁주식회사,A,잔존만기 3개월 이내 원화유동성자산,9368607771,부동산신탁,E,SM010,유동성
439,201406,0011877,신한자산신탁주식회사,B,잔존만기 3개월 이내 원화유동성부채,2172456222,부동산신탁,E,SM010,유동성
440,201406,0011877,신한자산신탁주식회사,C,유동비율,431.24,부동산신탁,E,SM010,유동성
441,201409,0011877,신한자산신탁주식회사,A,잔존만기 3개월 이내 원화유동성자산,9009297257,부동산신탁,E,SM010,유동성
442,201409,0011877,신한자산신탁주식회사,B,잔존만기 3개월 이내 원화유동성부채,878985531,부동산신탁,E,SM010,유동성
443,201409,0011877,신한자산신탁주식회사,C,유동비율,1024.97,부동산신탁,E,SM010,유동성
444,201412,0011877,신한자산신탁주식회사,A,잔존만기 3개월 이내 원화유동성자산,14041887393,부동산신탁,E,SM010,유동성
445,201412,0011877,신한자산신탁주식회사,B,잔존만기 3개월 이내 원화유동성부채,6097847764,부동산신탁,E,SM010,유동성
446,201412,0011877,신한자산신탁주식회사,C,유동비율,230.28,부동산신탁,E,SM010,유동성
447,201503,0011877,신한자산신탁주식회사,A,잔존만기 3개월 이내 원화유동성자산,12064849781,부동산신탁,E,SM010,유동성
448,201503,0011877,신한자산신탁주식회사,B,잔존만기 3개월 이내 원화유동성부채,2577325754,부동산신탁,E,SM010,유동성
449,201503,0011877,신한자산신탁주식회사,C,유동비율,468.12,부동산신탁,E,SM010,유동성
450,201506,0011877,신한자산신탁주식회사,A,잔존만기 3개월 이내 원화유동성자산,15309363931,부동산신탁,E,SM010,유동성
451,201506,0011877,신한자산신탁주식회사,B,잔존만기 3개월 이내 원화유동성부채,8484205501,부동산신탁,E,SM010,유동성
452,201506,0011877,신한자산신탁주식회사,C,유동비율,180.45,부동산신탁,E,SM010,유동성
453,201509,0011877,신한자산신탁주식회사,A,잔존만기 3개월 이내 원화유동성자산,14604416149,부동산신탁,E,SM010,유동성
454,201509,0011877,신한자산신탁주식회사,B,잔존만기 3개월 이내 원화유동성부채,1490851635,부동산신탁,E,SM010,유동성
455,201509,0011877,신한자산신탁주식회사,C,유동비율,979.6,부동산신탁,E,SM010,유동성
456,201512,0011877,신한자산신탁주식회사,A,잔존만기 3개월 이내 원화유동성자산,24380979475,부동산신탁,E,SM010,유동성
457,201512,0011877,신한자산신탁주식회사,B,잔존만기 3개월 이내 원화유동성부채,4390343366,부동산신탁,E,SM010,유동성
458,201512,0011877,신한자산신탁주식회사,C,유동비율,555.33,부동산신탁,E,SM010,유동성
459,201603,0011877,신한자산신탁주식회사,A,잔존만기 3개월 이내 원화유동성자산,21391319793,부동산신탁,E,SM010,유동성
460,201603,0011877,신한자산신탁주식회사,B,잔존만기 3개월 이내 원화유동성부채,3897378009,부동산신탁,E,SM010,유동성
461,201603,0011877,신한자산신탁주식회사,C,유동비율,548.86,부동산신탁,E,SM010,유동성
462,201606,0011877,신한자산신탁주식회사,A,잔존만기 3개월 이내 원화유동성자산,28347586833,부동산신탁,E,SM010,유동성
463,201606,0011877,신한자산신탁주식회사,B,잔존만기 3개월 이내 원화유동성부채,6950401669,부동산신탁,E,SM010,유동성
464,201606,0011877,신한자산신탁주식회사,C,유동비율,407.86,부동산신탁,E,SM010,유동성
465,201609,0011877,신한자산신탁주식회사,A,잔존만기 3개월 이내 원화유동성자산,34351677889,부동산신탁,E,SM010,유동성
466,201609,0011877,신한자산신탁주식회사,B,잔존만기 3개월 이내 원화유동성부채,3381498630,부동산신탁,E,SM010,유동성
467,201609,0011877,신한자산신탁주식회사,C,유동비율,1015.87,부동산신탁,E,SM010,유동성
468,201612,0011877,신한자산신탁주식회사,A,잔존만기 3개월 이내 원화유동성자산,62935546090,부동산신탁,E,SM010,유동성
469,201612,0011877,신한자산신탁주식회사,B,잔존만기 3개월 이내 원화유동성부채,5484881194,부동산신탁,E,SM010,유동성
470,201612,0011877,신한자산신탁주식회사,C,유동비율,1147.44,부동산신탁,E,SM010,유동성
471,200903,0011892,우리자산신탁,A,잔존만기 3개월 이내 원화유동성자산,27162302017,부동산신탁,E,SM010,유동성
472,200903,0011892,우리자산신탁,B,잔존만기 3개월 이내 원화유동성부채,5597943731,부동산신탁,E,SM010,유동성
473,200903,0011892,우리자산신탁,C,유동비율,485.22,부동산신탁,E,SM010,유동성
474,200906,0011892,우리자산신탁,A,잔존만기 3개월 이내 원화유동성자산,36873352325,부동산신탁,E,SM010,유동성
475,200906,0011892,우리자산신탁,B,잔존만기 3개월 이내 원화유동성부채,6127946111,부동산신탁,E,SM010,유동성
476,200906,0011892,우리자산신탁,C,유동비율,601.72,부동산신탁,E,SM010,유동성
477,200909,0011892,우리자산신탁,A,잔존만기 3개월 이내 원화유동성자산,100663347716,부동산신탁,E,SM010,유동성
478,200909,0011892,우리자산신탁,B,잔존만기 3개월 이내 원화유동성부채,6380787336,부동산신탁,E,SM010,유동성
479,200909,0011892,우리자산신탁,C,유동비율,1577.6,부동산신탁,E,SM010,유동성
480,200912,0011892,우리자산신탁,A,잔존만기 3개월 이내 원화유동성자산,130971238054,부동산신탁,E,SM010,유동성
481,200912,0011892,우리자산신탁,B,잔존만기 3개월 이내 원화유동성부채,8720500831,부동산신탁,E,SM010,유동성
482,200912,0011892,우리자산신탁,C,유동비율,1501.88,부동산신탁,E,SM010,유동성
483,201003,0011892,우리자산신탁,A,잔존만기 3개월 이내 원화유동성자산,1149879302572,부동산신탁,E,SM010,유동성
484,201003,0011892,우리자산신탁,B,잔존만기 3개월 이내 원화유동성부채,9377514801,부동산신탁,E,SM010,유동성
485,201003,0011892,우리자산신탁,C,유동비율,12262.09,부동산신탁,E,SM010,유동성
486,201006,0011892,우리자산신탁,A,잔존만기 3개월 이내 원화유동성자산,1209933353131,부동산신탁,E,SM010,유동성
487,201006,0011892,우리자산신탁,B,잔존만기 3개월 이내 원화유동성부채,10058964317,부동산신탁,E,SM010,유동성
488,201006,0011892,우리자산신탁,C,유동비율,12028.41,부동산신탁,E,SM010,유동성
489,201009,0011892,우리자산신탁,A,잔존만기 3개월 이내 원화유동성자산,1333753900384,부동산신탁,E,SM010,유동성
490,201009,0011892,우리자산신탁,B,잔존만기 3개월 이내 원화유동성부채,10270879337,부동산신탁,E,SM010,유동성
491,201009,0011892,우리자산신탁,C,유동비율,12985.78,부동산신탁,E,SM010,유동성
492,201012,0011892,우리자산신탁,A,잔존만기 3개월 이내 원화유동성자산,1386345914240,부동산신탁,E,SM010,유동성
493,201012,0011892,우리자산신탁,B,잔존만기 3개월 이내 원화유동성부채,9799843996,부동산신탁,E,SM010,유동성
494,201012,0011892,우리자산신탁,C,유동비율,14146.61,부동산신탁,E,SM010,유동성
495,201103,0011892,우리자산신탁,A,잔존만기 3개월 이내 원화유동성자산,1607997028373,부동산신탁,E,SM010,유동성
496,201103,0011892,우리자산신탁,B,잔존만기 3개월 이내 원화유동성부채,10733811003,부동산신탁,E,SM010,유동성
497,201103,0011892,우리자산신탁,C,유동비율,14980.67,부동산신탁,E,SM010,유동성
498,201106,0011892,우리자산신탁,A,잔존만기 3개월 이내 원화유동성자산,1728041117381,부동산신탁,E,SM010,유동성
499,201106,0011892,우리자산신탁,B,잔존만기 3개월 이내 원화유동성부채,11282780806,부동산신탁,E,SM010,유동성
500,201106,0011892,우리자산신탁,C,유동비율,15315.74,부동산신탁,E,SM010,유동성
501,201109,0011892,우리자산신탁,A,잔존만기 3개월 이내 원화유동성자산,1795490982531,부동산신탁,E,SM010,유동성
502,201109,0011892,우리자산신탁,B,잔존만기 3개월 이내 원화유동성부채,10222362734,부동산신탁,E,SM010,유동성
503,201109,0011892,우리자산신탁,C,유동비율,17564.34,부동산신탁,E,SM010,유동성
504,201112,0011892,우리자산신탁,A,잔존만기 3개월 이내 원화유동성자산,2063383454864,부동산신탁,E,SM010,유동성
505,201112,0011892,우리자산신탁,B,잔존만기 3개월 이내 원화유동성부채,12662933354,부동산신탁,E,SM010,유동성
506,201112,0011892,우리자산신탁,C,유동비율,16294.67,부동산신탁,E,SM010,유동성
507,201203,0011892,우리자산신탁,A,잔존만기 3개월 이내 원화유동성자산,2216694352255,부동산신탁,E,SM010,유동성
508,201203,0011892,우리자산신탁,B,잔존만기 3개월 이내 원화유동성부채,11581914463,부동산신탁,E,SM010,유동성
509,201203,0011892,우리자산신탁,C,유동비율,19139.27,부동산신탁,E,SM010,유동성
510,201206,0011892,우리자산신탁,A,잔존만기 3개월 이내 원화유동성자산,2356884349556,부동산신탁,E,SM010,유동성
511,201206,0011892,우리자산신탁,B,잔존만기 3개월 이내 원화유동성부채,15682408399,부동산신탁,E,SM010,유동성
512,201206,0011892,우리자산신탁,C,유동비율,15028.84,부동산신탁,E,SM010,유동성
513,201209,0011892,우리자산신탁,A,잔존만기 3개월 이내 원화유동성자산,1217025431155,부동산신탁,E,SM010,유동성
514,201209,0011892,우리자산신탁,B,잔존만기 3개월 이내 원화유동성부채,11431226744,부동산신탁,E,SM010,유동성
515,201209,0011892,우리자산신탁,C,유동비율,10646.5,부동산신탁,E,SM010,유동성
516,201212,0011892,우리자산신탁,A,잔존만기 3개월 이내 원화유동성자산,1395633140059,부동산신탁,E,SM010,유동성
517,201212,0011892,우리자산신탁,B,잔존만기 3개월 이내 원화유동성부채,12372087765,부동산신탁,E,SM010,유동성
518,201212,0011892,우리자산신탁,C,유동비율,11280.5,부동산신탁,E,SM010,유동성
519,201303,0011892,우리자산신탁,A,잔존만기 3개월 이내 원화유동성자산,15695826172,부동산신탁,E,SM010,유동성
520,201303,0011892,우리자산신탁,B,잔존만기 3개월 이내 원화유동성부채,3572618681,부동산신탁,E,SM010,유동성
521,201303,0011892,우리자산신탁,C,유동비율,439.34,부동산신탁,E,SM010,유동성
522,201306,0011892,우리자산신탁,A,잔존만기 3개월 이내 원화유동성자산,12540669648,부동산신탁,E,SM010,유동성
523,201306,0011892,우리자산신탁,B,잔존만기 3개월 이내 원화유동성부채,1341631888,부동산신탁,E,SM010,유동성
524,201306,0011892,우리자산신탁,C,유동비율,934.73,부동산신탁,E,SM010,유동성
525,201309,0011892,우리자산신탁,A,잔존만기 3개월 이내 원화유동성자산,11159349852,부동산신탁,E,SM010,유동성
526,201309,0011892,우리자산신탁,B,잔존만기 3개월 이내 원화유동성부채,917534329,부동산신탁,E,SM010,유동성
527,201309,0011892,우리자산신탁,C,유동비율,1216.23,부동산신탁,E,SM010,유동성
528,201312,0011892,우리자산신탁,A,잔존만기 3개월 이내 원화유동성자산,18493244203,부동산신탁,E,SM010,유동성
529,201312,0011892,우리자산신탁,B,잔존만기 3개월 이내 원화유동성부채,1871772774,부동산신탁,E,SM010,유동성
530,201312,0011892,우리자산신탁,C,유동비율,988.01,부동산신탁,E,SM010,유동성
531,201403,0011892,우리자산신탁,A,잔존만기 3개월 이내 원화유동성자산,18770241871,부동산신탁,E,SM010,유동성
532,201403,0011892,우리자산신탁,B,잔존만기 3개월 이내 원화유동성부채,1929718505,부동산신탁,E,SM010,유동성
533,201403,0011892,우리자산신탁,C,유동비율,972.69,부동산신탁,E,SM010,유동성
534,201406,0011892,우리자산신탁,A,잔존만기 3개월 이내 원화유동성자산,20768840551,부동산신탁,E,SM010,유동성
535,201406,0011892,우리자산신탁,B,잔존만기 3개월 이내 원화유동성부채,1923519714,부동산신탁,E,SM010,유동성
536,201406,0011892,우리자산신탁,C,유동비율,1079.73,부동산신탁,E,SM010,유동성
537,201409,0011892,우리자산신탁,A,잔존만기 3개월 이내 원화유동성자산,19081403473,부동산신탁,E,SM010,유동성
538,201409,0011892,우리자산신탁,B,잔존만기 3개월 이내 원화유동성부채,1565852348,부동산신탁,E,SM010,유동성
539,201409,0011892,우리자산신탁,C,유동비율,1218.6,부동산신탁,E,SM010,유동성
540,201412,0011892,우리자산신탁,A,잔존만기 3개월 이내 원화유동성자산,22014195851,부동산신탁,E,SM010,유동성
541,201412,0011892,우리자산신탁,B,잔존만기 3개월 이내 원화유동성부채,6764688006,부동산신탁,E,SM010,유동성
542,201412,0011892,우리자산신탁,C,유동비율,325.43,부동산신탁,E,SM010,유동성
543,201503,0011892,우리자산신탁,A,잔존만기 3개월 이내 원화유동성자산,17950739023,부동산신탁,E,SM010,유동성
544,201503,0011892,우리자산신탁,B,잔존만기 3개월 이내 원화유동성부채,3054065309,부동산신탁,E,SM010,유동성
545,201503,0011892,우리자산신탁,C,유동비율,587.77,부동산신탁,E,SM010,유동성
546,201506,0011892,우리자산신탁,A,잔존만기 3개월 이내 원화유동성자산,22251850402,부동산신탁,E,SM010,유동성
547,201506,0011892,우리자산신탁,B,잔존만기 3개월 이내 원화유동성부채,2226379078,부동산신탁,E,SM010,유동성
548,201506,0011892,우리자산신탁,C,유동비율,999.46,부동산신탁,E,SM010,유동성
549,201509,0011892,우리자산신탁,A,잔존만기 3개월 이내 원화유동성자산,30757992565,부동산신탁,E,SM010,유동성
550,201509,0011892,우리자산신탁,B,잔존만기 3개월 이내 원화유동성부채,2431515833,부동산신탁,E,SM010,유동성
551,201509,0011892,우리자산신탁,C,유동비율,1264.97,부동산신탁,E,SM010,유동성
552,201512,0011892,우리자산신탁,A,잔존만기 3개월 이내 원화유동성자산,35104822814,부동산신탁,E,SM010,유동성
553,201512,0011892,우리자산신탁,B,잔존만기 3개월 이내 원화유동성부채,5196479685,부동산신탁,E,SM010,유동성
554,201512,0011892,우리자산신탁,C,유동비율,675.55,부동산신탁,E,SM010,유동성
555,201603,0011892,우리자산신탁,A,잔존만기 3개월 이내 원화유동성자산,44526116363,부동산신탁,E,SM010,유동성
556,201603,0011892,우리자산신탁,B,잔존만기 3개월 이내 원화유동성부채,6026792623,부동산신탁,E,SM010,유동성
557,201603,0011892,우리자산신탁,C,유동비율,738.8,부동산신탁,E,SM010,유동성
558,201606,0011892,우리자산신탁,A,잔존만기 3개월 이내 원화유동성자산,49651569324,부동산신탁,E,SM010,유동성
559,201606,0011892,우리자산신탁,B,잔존만기 3개월 이내 원화유동성부채,4170539038,부동산신탁,E,SM010,유동성
560,201606,0011892,우리자산신탁,C,유동비율,1190.53,부동산신탁,E,SM010,유동성
561,201609,0011892,우리자산신탁,A,잔존만기 3개월 이내 원화유동성자산,50280648022,부동산신탁,E,SM010,유동성
562,201609,0011892,우리자산신탁,B,잔존만기 3개월 이내 원화유동성부채,6225925919,부동산신탁,E,SM010,유동성
563,201609,0011892,우리자산신탁,C,유동비율,807.6,부동산신탁,E,SM010,유동성
564,201612,0011892,우리자산신탁,A,잔존만기 3개월 이내 원화유동성자산,62962105194,부동산신탁,E,SM010,유동성
565,201612,0011892,우리자산신탁,B,잔존만기 3개월 이내 원화유동성부채,7261540021,부동산신탁,E,SM010,유동성
566,201612,0011892,우리자산신탁,C,유동비율,867.06,부동산신탁,E,SM010,유동성
567,200903,0011643,코람코자산신탁,A,잔존만기 3개월 이내 원화유동성자산,67667181677,부동산신탁,E,SM010,유동성
568,200903,0011643,코람코자산신탁,B,잔존만기 3개월 이내 원화유동성부채,14830492670,부동산신탁,E,SM010,유동성
569,200903,0011643,코람코자산신탁,C,유동비율,456.27,부동산신탁,E,SM010,유동성
570,200906,0011643,코람코자산신탁,A,잔존만기 3개월 이내 원화유동성자산,111988645008,부동산신탁,E,SM010,유동성
571,200906,0011643,코람코자산신탁,B,잔존만기 3개월 이내 원화유동성부채,9127616720,부동산신탁,E,SM010,유동성
572,200906,0011643,코람코자산신탁,C,유동비율,1226.92,부동산신탁,E,SM010,유동성
573,200909,0011643,코람코자산신탁,A,잔존만기 3개월 이내 원화유동성자산,130621973433,부동산신탁,E,SM010,유동성
574,200909,0011643,코람코자산신탁,B,잔존만기 3개월 이내 원화유동성부채,10883723251,부동산신탁,E,SM010,유동성
575,200909,0011643,코람코자산신탁,C,유동비율,1200.16,부동산신탁,E,SM010,유동성
576,200912,0011643,코람코자산신탁,A,잔존만기 3개월 이내 원화유동성자산,208137935523,부동산신탁,E,SM010,유동성
577,200912,0011643,코람코자산신탁,B,잔존만기 3개월 이내 원화유동성부채,10948557263,부동산신탁,E,SM010,유동성
578,200912,0011643,코람코자산신탁,C,유동비율,1901.05,부동산신탁,E,SM010,유동성
579,201003,0011643,코람코자산신탁,A,잔존만기 3개월 이내 원화유동성자산,2583491194910,부동산신탁,E,SM010,유동성
580,201003,0011643,코람코자산신탁,B,잔존만기 3개월 이내 원화유동성부채,8579317673,부동산신탁,E,SM010,유동성
581,201003,0011643,코람코자산신탁,C,유동비율,30113.01,부동산신탁,E,SM010,유동성
582,201006,0011643,코람코자산신탁,A,잔존만기 3개월 이내 원화유동성자산,2645528561507,부동산신탁,E,SM010,유동성
583,201006,0011643,코람코자산신탁,B,잔존만기 3개월 이내 원화유동성부채,7298376702,부동산신탁,E,SM010,유동성
584,201006,0011643,코람코자산신탁,C,유동비율,36248.18,부동산신탁,E,SM010,유동성
585,201009,0011643,코람코자산신탁,A,잔존만기 3개월 이내 원화유동성자산,2806664495144,부동산신탁,E,SM010,유동성
586,201009,0011643,코람코자산신탁,B,잔존만기 3개월 이내 원화유동성부채,6431188995,부동산신탁,E,SM010,유동성
587,201009,0011643,코람코자산신탁,C,유동비율,43641.46,부동산신탁,E,SM010,유동성
588,201012,0011643,코람코자산신탁,A,잔존만기 3개월 이내 원화유동성자산,3019014460772,부동산신탁,E,SM010,유동성
589,201012,0011643,코람코자산신탁,B,잔존만기 3개월 이내 원화유동성부채,13552404569,부동산신탁,E,SM010,유동성
590,201012,0011643,코람코자산신탁,C,유동비율,22276.6,부동산신탁,E,SM010,유동성
591,201103,0011643,코람코자산신탁,A,잔존만기 3개월 이내 원화유동성자산,3095624611294,부동산신탁,E,SM010,유동성
592,201103,0011643,코람코자산신탁,B,잔존만기 3개월 이내 원화유동성부채,6393115036,부동산신탁,E,SM010,유동성
593,201103,0011643,코람코자산신탁,C,유동비율,48421.22,부동산신탁,E,SM010,유동성
594,201106,0011643,코람코자산신탁,A,잔존만기 3개월 이내 원화유동성자산,3469694862616,부동산신탁,E,SM010,유동성
595,201106,0011643,코람코자산신탁,B,잔존만기 3개월 이내 원화유동성부채,17975025321,부동산신탁,E,SM010,유동성
596,201106,0011643,코람코자산신탁,C,유동비율,19302.86,부동산신탁,E,SM010,유동성
597,201109,0011643,코람코자산신탁,A,잔존만기 3개월 이내 원화유동성자산,3611060067788,부동산신탁,E,SM010,유동성
598,201109,0011643,코람코자산신탁,B,잔존만기 3개월 이내 원화유동성부채,7100402974,부동산신탁,E,SM010,유동성
599,201109,0011643,코람코자산신탁,C,유동비율,50857.11,부동산신탁,E,SM010,유동성
600,201112,0011643,코람코자산신탁,A,잔존만기 3개월 이내 원화유동성자산,4121736962758,부동산신탁,E,SM010,유동성
601,201112,0011643,코람코자산신탁,B,잔존만기 3개월 이내 원화유동성부채,31326893265,부동산신탁,E,SM010,유동성
602,201112,0011643,코람코자산신탁,C,유동비율,13157.18,부동산신탁,E,SM010,유동성
603,201203,0011643,코람코자산신탁,A,잔존만기 3개월 이내 원화유동성자산,3773223181342,부동산신탁,E,SM010,유동성
604,201203,0011643,코람코자산신탁,B,잔존만기 3개월 이내 원화유동성부채,165041336891,부동산신탁,E,SM010,유동성
605,201203,0011643,코람코자산신탁,C,유동비율,2286.23,부동산신탁,E,SM010,유동성
606,201206,0011643,코람코자산신탁,A,잔존만기 3개월 이내 원화유동성자산,3775949294168,부동산신탁,E,SM010,유동성
607,201206,0011643,코람코자산신탁,B,잔존만기 3개월 이내 원화유동성부채,112318499756,부동산신탁,E,SM010,유동성
608,201206,0011643,코람코자산신탁,C,유동비율,3361.82,부동산신탁,E,SM010,유동성
609,201209,0011643,코람코자산신탁,A,잔존만기 3개월 이내 원화유동성자산,3666944230496,부동산신탁,E,SM010,유동성
610,201209,0011643,코람코자산신탁,B,잔존만기 3개월 이내 원화유동성부채,81281011989,부동산신탁,E,SM010,유동성
611,201209,0011643,코람코자산신탁,C,유동비율,4511.44,부동산신탁,E,SM010,유동성
612,201212,0011643,코람코자산신탁,A,잔존만기 3개월 이내 원화유동성자산,2967304027272,부동산신탁,E,SM010,유동성
613,201212,0011643,코람코자산신탁,B,잔존만기 3개월 이내 원화유동성부채,98487024806,부동산신탁,E,SM010,유동성
614,201212,0011643,코람코자산신탁,C,유동비율,3012.89,부동산신탁,E,SM010,유동성
615,201303,0011643,코람코자산신탁,A,잔존만기 3개월 이내 원화유동성자산,48648528123,부동산신탁,E,SM010,유동성
616,201303,0011643,코람코자산신탁,B,잔존만기 3개월 이내 원화유동성부채,18122162145,부동산신탁,E,SM010,유동성
617,201303,0011643,코람코자산신탁,C,유동비율,268.45,부동산신탁,E,SM010,유동성
618,201306,0011643,코람코자산신탁,A,잔존만기 3개월 이내 원화유동성자산,53482991946,부동산신탁,E,SM010,유동성
619,201306,0011643,코람코자산신탁,B,잔존만기 3개월 이내 원화유동성부채,1323849439,부동산신탁,E,SM010,유동성
620,201306,0011643,코람코자산신탁,C,유동비율,4039.96,부동산신탁,E,SM010,유동성
621,201309,0011643,코람코자산신탁,A,잔존만기 3개월 이내 원화유동성자산,29875029199,부동산신탁,E,SM010,유동성
622,201309,0011643,코람코자산신탁,B,잔존만기 3개월 이내 원화유동성부채,2236219247,부동산신탁,E,SM010,유동성
623,201309,0011643,코람코자산신탁,C,유동비율,1335.96,부동산신탁,E,SM010,유동성
624,201312,0011643,코람코자산신탁,A,잔존만기 3개월 이내 원화유동성자산,49406373055,부동산신탁,E,SM010,유동성
625,201312,0011643,코람코자산신탁,B,잔존만기 3개월 이내 원화유동성부채,20884848781,부동산신탁,E,SM010,유동성
626,201312,0011643,코람코자산신탁,C,유동비율,236.57,부동산신탁,E,SM010,유동성
627,201403,0011643,코람코자산신탁,A,잔존만기 3개월 이내 원화유동성자산,39233103302,부동산신탁,E,SM010,유동성
628,201403,0011643,코람코자산신탁,B,잔존만기 3개월 이내 원화유동성부채,24371261905,부동산신탁,E,SM010,유동성
629,201403,0011643,코람코자산신탁,C,유동비율,160.98,부동산신탁,E,SM010,유동성
630,201406,0011643,코람코자산신탁,A,잔존만기 3개월 이내 원화유동성자산,45677409171,부동산신탁,E,SM010,유동성
631,201406,0011643,코람코자산신탁,B,잔존만기 3개월 이내 원화유동성부채,8511747990,부동산신탁,E,SM010,유동성
632,201406,0011643,코람코자산신탁,C,유동비율,536.64,부동산신탁,E,SM010,유동성
633,201409,0011643,코람코자산신탁,A,잔존만기 3개월 이내 원화유동성자산,33706077988,부동산신탁,E,SM010,유동성
634,201409,0011643,코람코자산신탁,B,잔존만기 3개월 이내 원화유동성부채,16711949124,부동산신탁,E,SM010,유동성
635,201409,0011643,코람코자산신탁,C,유동비율,201.69,부동산신탁,E,SM010,유동성
636,201412,0011643,코람코자산신탁,A,잔존만기 3개월 이내 원화유동성자산,32275946200,부동산신탁,E,SM010,유동성
637,201412,0011643,코람코자산신탁,B,잔존만기 3개월 이내 원화유동성부채,9985297756,부동산신탁,E,SM010,유동성
638,201412,0011643,코람코자산신탁,C,유동비율,323.23,부동산신탁,E,SM010,유동성
639,201503,0011643,코람코자산신탁,A,잔존만기 3개월 이내 원화유동성자산,22665111670,부동산신탁,E,SM010,유동성
640,201503,0011643,코람코자산신탁,B,잔존만기 3개월 이내 원화유동성부채,2601597677,부동산신탁,E,SM010,유동성
641,201503,0011643,코람코자산신탁,C,유동비율,871.2,부동산신탁,E,SM010,유동성
642,201506,0011643,코람코자산신탁,A,잔존만기 3개월 이내 원화유동성자산,36033485365,부동산신탁,E,SM010,유동성
643,201506,0011643,코람코자산신탁,B,잔존만기 3개월 이내 원화유동성부채,4377794550,부동산신탁,E,SM010,유동성
644,201506,0011643,코람코자산신탁,C,유동비율,823.1,부동산신탁,E,SM010,유동성
645,201509,0011643,코람코자산신탁,A,잔존만기 3개월 이내 원화유동성자산,36215395858,부동산신탁,E,SM010,유동성
646,201509,0011643,코람코자산신탁,B,잔존만기 3개월 이내 원화유동성부채,10916831414,부동산신탁,E,SM010,유동성
647,201509,0011643,코람코자산신탁,C,유동비율,331.74,부동산신탁,E,SM010,유동성
648,201512,0011643,코람코자산신탁,A,잔존만기 3개월 이내 원화유동성자산,64971711784,부동산신탁,E,SM010,유동성
649,201512,0011643,코람코자산신탁,B,잔존만기 3개월 이내 원화유동성부채,8779647884,부동산신탁,E,SM010,유동성
650,201512,0011643,코람코자산신탁,C,유동비율,740.03,부동산신탁,E,SM010,유동성
651,201603,0011643,코람코자산신탁,A,잔존만기 3개월 이내 원화유동성자산,45691626576,부동산신탁,E,SM010,유동성
652,201603,0011643,코람코자산신탁,B,잔존만기 3개월 이내 원화유동성부채,5865421511,부동산신탁,E,SM010,유동성
653,201603,0011643,코람코자산신탁,C,유동비율,779,부동산신탁,E,SM010,유동성
654,201606,0011643,코람코자산신탁,A,잔존만기 3개월 이내 원화유동성자산,53464444608,부동산신탁,E,SM010,유동성
655,201606,0011643,코람코자산신탁,B,잔존만기 3개월 이내 원화유동성부채,7460289292,부동산신탁,E,SM010,유동성
656,201606,0011643,코람코자산신탁,C,유동비율,716.65,부동산신탁,E,SM010,유동성
657,201609,0011643,코람코자산신탁,A,잔존만기 3개월 이내 원화유동성자산,57401832845,부동산신탁,E,SM010,유동성
658,201609,0011643,코람코자산신탁,B,잔존만기 3개월 이내 원화유동성부채,28344455089,부동산신탁,E,SM010,유동성
659,201609,0011643,코람코자산신탁,C,유동비율,202.52,부동산신탁,E,SM010,유동성
660,201612,0011643,코람코자산신탁,A,잔존만기 3개월 이내 원화유동성자산,78058488456,부동산신탁,E,SM010,유동성
661,201612,0011643,코람코자산신탁,B,잔존만기 3개월 이내 원화유동성부채,32899524339,부동산신탁,E,SM010,유동성
662,201612,0011643,코람코자산신탁,C,유동비율,237.26,부동산신탁,E,SM010,유동성
663,201003,0012306,코리아신탁,A,잔존만기 3개월 이내 원화유동성자산,7531456122,부동산신탁,E,SM010,유동성
664,201003,0012306,코리아신탁,B,잔존만기 3개월 이내 원화유동성부채,535348010,부동산신탁,E,SM010,유동성
665,201003,0012306,코리아신탁,C,유동비율,1406.83,부동산신탁,E,SM010,유동성
666,201006,0012306,코리아신탁,A,잔존만기 3개월 이내 원화유동성자산,6867334618,부동산신탁,E,SM010,유동성
667,201006,0012306,코리아신탁,B,잔존만기 3개월 이내 원화유동성부채,407714150,부동산신탁,E,SM010,유동성
668,201006,0012306,코리아신탁,C,유동비율,1684.35,부동산신탁,E,SM010,유동성
669,201009,0012306,코리아신탁,A,잔존만기 3개월 이내 원화유동성자산,6253874098,부동산신탁,E,SM010,유동성
670,201009,0012306,코리아신탁,B,잔존만기 3개월 이내 원화유동성부채,543899884,부동산신탁,E,SM010,유동성
671,201009,0012306,코리아신탁,C,유동비율,1149.82,부동산신탁,E,SM010,유동성
672,201012,0012306,코리아신탁,A,잔존만기 3개월 이내 원화유동성자산,6152775339,부동산신탁,E,SM010,유동성
673,201012,0012306,코리아신탁,B,잔존만기 3개월 이내 원화유동성부채,683701082,부동산신탁,E,SM010,유동성
674,201012,0012306,코리아신탁,C,유동비율,899.92,부동산신탁,E,SM010,유동성
675,201106,0012306,코리아신탁,A,잔존만기 3개월 이내 원화유동성자산,7054565428,부동산신탁,E,SM010,유동성
676,201106,0012306,코리아신탁,B,잔존만기 3개월 이내 원화유동성부채,1332096219,부동산신탁,E,SM010,유동성
677,201106,0012306,코리아신탁,C,유동비율,529.58,부동산신탁,E,SM010,유동성
678,201109,0012306,코리아신탁,A,잔존만기 3개월 이내 원화유동성자산,7415666111,부동산신탁,E,SM010,유동성
679,201109,0012306,코리아신탁,B,잔존만기 3개월 이내 원화유동성부채,1470163728,부동산신탁,E,SM010,유동성
680,201109,0012306,코리아신탁,C,유동비율,504.41,부동산신탁,E,SM010,유동성
681,201112,0012306,코리아신탁,A,잔존만기 3개월 이내 원화유동성자산,8624694894,부동산신탁,E,SM010,유동성
682,201112,0012306,코리아신탁,B,잔존만기 3개월 이내 원화유동성부채,1836240772,부동산신탁,E,SM010,유동성
683,201112,0012306,코리아신탁,C,유동비율,469.69,부동산신탁,E,SM010,유동성
684,201203,0012306,코리아신탁,A,잔존만기 3개월 이내 원화유동성자산,8780086636,부동산신탁,E,SM010,유동성
685,201203,0012306,코리아신탁,B,잔존만기 3개월 이내 원화유동성부채,2063515153,부동산신탁,E,SM010,유동성
686,201203,0012306,코리아신탁,C,유동비율,425.49,부동산신탁,E,SM010,유동성
687,201206,0012306,코리아신탁,A,잔존만기 3개월 이내 원화유동성자산,9978468557,부동산신탁,E,SM010,유동성
688,201206,0012306,코리아신탁,B,잔존만기 3개월 이내 원화유동성부채,2678261318,부동산신탁,E,SM010,유동성
689,201206,0012306,코리아신탁,C,유동비율,372.57,부동산신탁,E,SM010,유동성
690,201209,0012306,코리아신탁,A,잔존만기 3개월 이내 원화유동성자산,11429138241,부동산신탁,E,SM010,유동성
691,201209,0012306,코리아신탁,B,잔존만기 3개월 이내 원화유동성부채,3158016716,부동산신탁,E,SM010,유동성
692,201209,0012306,코리아신탁,C,유동비율,361.91,부동산신탁,E,SM010,유동성
693,201212,0012306,코리아신탁,A,잔존만기 3개월 이내 원화유동성자산,12682194657,부동산신탁,E,SM010,유동성
694,201212,0012306,코리아신탁,B,잔존만기 3개월 이내 원화유동성부채,3752116023,부동산신탁,E,SM010,유동성
695,201212,0012306,코리아신탁,C,유동비율,338,부동산신탁,E,SM010,유동성
696,201303,0012306,코리아신탁,A,잔존만기 3개월 이내 원화유동성자산,9947650184,부동산신탁,E,SM010,유동성
697,201303,0012306,코리아신탁,B,잔존만기 3개월 이내 원화유동성부채,1068631063,부동산신탁,E,SM010,유동성
698,201303,0012306,코리아신탁,C,유동비율,930.88,부동산신탁,E,SM010,유동성
699,201306,0012306,코리아신탁,A,잔존만기 3개월 이내 원화유동성자산,13891529023,부동산신탁,E,SM010,유동성
700,201306,0012306,코리아신탁,B,잔존만기 3개월 이내 원화유동성부채,683892254,부동산신탁,E,SM010,유동성
701,201306,0012306,코리아신탁,C,유동비율,2031.25,부동산신탁,E,SM010,유동성
702,201309,0012306,코리아신탁,A,잔존만기 3개월 이내 원화유동성자산,10966833423,부동산신탁,E,SM010,유동성
703,201309,0012306,코리아신탁,B,잔존만기 3개월 이내 원화유동성부채,725023476,부동산신탁,E,SM010,유동성
704,201309,0012306,코리아신탁,C,유동비율,1512.62,부동산신탁,E,SM010,유동성
705,201312,0012306,코리아신탁,A,잔존만기 3개월 이내 원화유동성자산,11435154565,부동산신탁,E,SM010,유동성
706,201312,0012306,코리아신탁,B,잔존만기 3개월 이내 원화유동성부채,1606498416,부동산신탁,E,SM010,유동성
707,201312,0012306,코리아신탁,C,유동비율,711.81,부동산신탁,E,SM010,유동성
708,201403,0012306,코리아신탁,A,잔존만기 3개월 이내 원화유동성자산,11419456102,부동산신탁,E,SM010,유동성
709,201403,0012306,코리아신탁,B,잔존만기 3개월 이내 원화유동성부채,966698614,부동산신탁,E,SM010,유동성
710,201403,0012306,코리아신탁,C,유동비율,1181.28,부동산신탁,E,SM010,유동성
711,201406,0012306,코리아신탁,A,잔존만기 3개월 이내 원화유동성자산,10670598530,부동산신탁,E,SM010,유동성
712,201406,0012306,코리아신탁,B,잔존만기 3개월 이내 원화유동성부채,625251758,부동산신탁,E,SM010,유동성
713,201406,0012306,코리아신탁,C,유동비율,1706.61,부동산신탁,E,SM010,유동성
714,201409,0012306,코리아신탁,A,잔존만기 3개월 이내 원화유동성자산,12527795727,부동산신탁,E,SM010,유동성
715,201409,0012306,코리아신탁,B,잔존만기 3개월 이내 원화유동성부채,424363709,부동산신탁,E,SM010,유동성
716,201409,0012306,코리아신탁,C,유동비율,2952.14,부동산신탁,E,SM010,유동성
717,201412,0012306,코리아신탁,A,잔존만기 3개월 이내 원화유동성자산,11571283738,부동산신탁,E,SM010,유동성
718,201412,0012306,코리아신탁,B,잔존만기 3개월 이내 원화유동성부채,601679676,부동산신탁,E,SM010,유동성
719,201412,0012306,코리아신탁,C,유동비율,1923.16,부동산신탁,E,SM010,유동성
720,201503,0012306,코리아신탁,A,잔존만기 3개월 이내 원화유동성자산,14581153103,부동산신탁,E,SM010,유동성
721,201503,0012306,코리아신탁,B,잔존만기 3개월 이내 원화유동성부채,630295877,부동산신탁,E,SM010,유동성
722,201503,0012306,코리아신탁,C,유동비율,2313.38,부동산신탁,E,SM010,유동성
723,201506,0012306,코리아신탁,A,잔존만기 3개월 이내 원화유동성자산,15658848945,부동산신탁,E,SM010,유동성
724,201506,0012306,코리아신탁,B,잔존만기 3개월 이내 원화유동성부채,1626716423,부동산신탁,E,SM010,유동성
725,201506,0012306,코리아신탁,C,유동비율,962.6,부동산신탁,E,SM010,유동성
726,201509,0012306,코리아신탁,A,잔존만기 3개월 이내 원화유동성자산,17056901338,부동산신탁,E,SM010,유동성
727,201509,0012306,코리아신탁,B,잔존만기 3개월 이내 원화유동성부채,1830122993,부동산신탁,E,SM010,유동성
728,201509,0012306,코리아신탁,C,유동비율,932.01,부동산신탁,E,SM010,유동성
729,201512,0012306,코리아신탁,A,잔존만기 3개월 이내 원화유동성자산,22672709216,부동산신탁,E,SM010,유동성
730,201512,0012306,코리아신탁,B,잔존만기 3개월 이내 원화유동성부채,2958881311,부동산신탁,E,SM010,유동성
731,201512,0012306,코리아신탁,C,유동비율,766.26,부동산신탁,E,SM010,유동성
732,201603,0012306,코리아신탁,A,잔존만기 3개월 이내 원화유동성자산,19116784342,부동산신탁,E,SM010,유동성
733,201603,0012306,코리아신탁,B,잔존만기 3개월 이내 원화유동성부채,3856151677,부동산신탁,E,SM010,유동성
734,201603,0012306,코리아신탁,C,유동비율,495.75,부동산신탁,E,SM010,유동성
735,201606,0012306,코리아신탁,A,잔존만기 3개월 이내 원화유동성자산,27954729429,부동산신탁,E,SM010,유동성
736,201606,0012306,코리아신탁,B,잔존만기 3개월 이내 원화유동성부채,2971197139,부동산신탁,E,SM010,유동성
737,201606,0012306,코리아신탁,C,유동비율,940.86,부동산신탁,E,SM010,유동성
738,201609,0012306,코리아신탁,A,잔존만기 3개월 이내 원화유동성자산,28541035432,부동산신탁,E,SM010,유동성
739,201609,0012306,코리아신탁,B,잔존만기 3개월 이내 원화유동성부채,3497711790,부동산신탁,E,SM010,유동성
740,201609,0012306,코리아신탁,C,유동비율,815.99,부동산신탁,E,SM010,유동성
741,201612,0012306,코리아신탁,A,잔존만기 3개월 이내 원화유동성자산,37888526728,부동산신탁,E,SM010,유동성
742,201612,0012306,코리아신탁,B,잔존만기 3개월 이내 원화유동성부채,5199064165,부동산신탁,E,SM010,유동성
743,201612,0012306,코리아신탁,C,유동비율,728.76,부동산신탁,E,SM010,유동성
744,200903,0011452,하나자산신탁,A,잔존만기 3개월 이내 원화유동성자산,105594369956,부동산신탁,E,SM010,유동성
745,200903,0011452,하나자산신탁,B,잔존만기 3개월 이내 원화유동성부채,334194856153,부동산신탁,E,SM010,유동성
746,200903,0011452,하나자산신탁,C,유동비율,31.6,부동산신탁,E,SM010,유동성
747,200906,0011452,하나자산신탁,A,잔존만기 3개월 이내 원화유동성자산,227120532953,부동산신탁,E,SM010,유동성
748,200906,0011452,하나자산신탁,B,잔존만기 3개월 이내 원화유동성부채,101463906530,부동산신탁,E,SM010,유동성
749,200906,0011452,하나자산신탁,C,유동비율,223.84,부동산신탁,E,SM010,유동성
750,200909,0011452,하나자산신탁,A,잔존만기 3개월 이내 원화유동성자산,233966844922,부동산신탁,E,SM010,유동성
751,200909,0011452,하나자산신탁,B,잔존만기 3개월 이내 원화유동성부채,80799405175,부동산신탁,E,SM010,유동성
752,200909,0011452,하나자산신탁,C,유동비율,289.57,부동산신탁,E,SM010,유동성
753,200912,0011452,하나자산신탁,A,잔존만기 3개월 이내 원화유동성자산,221367260305,부동산신탁,E,SM010,유동성
754,200912,0011452,하나자산신탁,B,잔존만기 3개월 이내 원화유동성부채,70573733803,부동산신탁,E,SM010,유동성
755,200912,0011452,하나자산신탁,C,유동비율,313.67,부동산신탁,E,SM010,유동성
756,201003,0011452,하나자산신탁,A,잔존만기 3개월 이내 원화유동성자산,1120918771298,부동산신탁,E,SM010,유동성
757,201003,0011452,하나자산신탁,B,잔존만기 3개월 이내 원화유동성부채,61400444377,부동산신탁,E,SM010,유동성
758,201003,0011452,하나자산신탁,C,유동비율,1825.59,부동산신탁,E,SM010,유동성
759,201006,0011452,하나자산신탁,A,잔존만기 3개월 이내 원화유동성자산,1156178701859,부동산신탁,E,SM010,유동성
760,201006,0011452,하나자산신탁,B,잔존만기 3개월 이내 원화유동성부채,57817682147,부동산신탁,E,SM010,유동성
761,201006,0011452,하나자산신탁,C,유동비율,1999.7,부동산신탁,E,SM010,유동성
762,201009,0011452,하나자산신탁,A,잔존만기 3개월 이내 원화유동성자산,1238751773474,부동산신탁,E,SM010,유동성
763,201009,0011452,하나자산신탁,B,잔존만기 3개월 이내 원화유동성부채,60038909093,부동산신탁,E,SM010,유동성
764,201009,0011452,하나자산신탁,C,유동비율,2063.25,부동산신탁,E,SM010,유동성
765,201012,0011452,하나자산신탁,A,잔존만기 3개월 이내 원화유동성자산,1636080075676,부동산신탁,E,SM010,유동성
766,201012,0011452,하나자산신탁,B,잔존만기 3개월 이내 원화유동성부채,64637874568,부동산신탁,E,SM010,유동성
767,201012,0011452,하나자산신탁,C,유동비율,2531.15,부동산신탁,E,SM010,유동성
768,201103,0011452,하나자산신탁,A,잔존만기 3개월 이내 원화유동성자산,1760618134405,부동산신탁,E,SM010,유동성
769,201103,0011452,하나자산신탁,B,잔존만기 3개월 이내 원화유동성부채,58185179428,부동산신탁,E,SM010,유동성
770,201103,0011452,하나자산신탁,C,유동비율,3025.89,부동산신탁,E,SM010,유동성
771,201106,0011452,하나자산신탁,A,잔존만기 3개월 이내 원화유동성자산,1691161976177,부동산신탁,E,SM010,유동성
772,201106,0011452,하나자산신탁,B,잔존만기 3개월 이내 원화유동성부채,62102922165,부동산신탁,E,SM010,유동성
773,201106,0011452,하나자산신탁,C,유동비율,2723.16,부동산신탁,E,SM010,유동성
774,201109,0011452,하나자산신탁,A,잔존만기 3개월 이내 원화유동성자산,2512290300587,부동산신탁,E,SM010,유동성
775,201109,0011452,하나자산신탁,B,잔존만기 3개월 이내 원화유동성부채,11988053110,부동산신탁,E,SM010,유동성
776,201109,0011452,하나자산신탁,C,유동비율,20956.62,부동산신탁,E,SM010,유동성
777,201112,0011452,하나자산신탁,A,잔존만기 3개월 이내 원화유동성자산,2430587073367,부동산신탁,E,SM010,유동성
778,201112,0011452,하나자산신탁,B,잔존만기 3개월 이내 원화유동성부채,28994671169,부동산신탁,E,SM010,유동성
779,201112,0011452,하나자산신탁,C,유동비율,8382.88,부동산신탁,E,SM010,유동성
780,201203,0011452,하나자산신탁,A,잔존만기 3개월 이내 원화유동성자산,2196332357818,부동산신탁,E,SM010,유동성
781,201203,0011452,하나자산신탁,B,잔존만기 3개월 이내 원화유동성부채,24504685538,부동산신탁,E,SM010,유동성
782,201203,0011452,하나자산신탁,C,유동비율,8962.91,부동산신탁,E,SM010,유동성
783,201206,0011452,하나자산신탁,A,잔존만기 3개월 이내 원화유동성자산,2868173942872,부동산신탁,E,SM010,유동성
784,201206,0011452,하나자산신탁,B,잔존만기 3개월 이내 원화유동성부채,29376529081,부동산신탁,E,SM010,유동성
785,201206,0011452,하나자산신탁,C,유동비율,9763.49,부동산신탁,E,SM010,유동성
786,201209,0011452,하나자산신탁,A,잔존만기 3개월 이내 원화유동성자산,3286020682779,부동산신탁,E,SM010,유동성
787,201209,0011452,하나자산신탁,B,잔존만기 3개월 이내 원화유동성부채,30410073590,부동산신탁,E,SM010,유동성
788,201209,0011452,하나자산신탁,C,유동비율,10805.7,부동산신탁,E,SM010,유동성
789,201212,0011452,하나자산신탁,A,잔존만기 3개월 이내 원화유동성자산,2985669359519,부동산신탁,E,SM010,유동성
790,201212,0011452,하나자산신탁,B,잔존만기 3개월 이내 원화유동성부채,23049564293,부동산신탁,E,SM010,유동성
791,201212,0011452,하나자산신탁,C,유동비율,12953.26,부동산신탁,E,SM010,유동성
792,201303,0011452,하나자산신탁,A,잔존만기 3개월 이내 원화유동성자산,22157447845,부동산신탁,E,SM010,유동성
793,201303,0011452,하나자산신탁,B,잔존만기 3개월 이내 원화유동성부채,3781011712,부동산신탁,E,SM010,유동성
794,201303,0011452,하나자산신탁,C,유동비율,586.02,부동산신탁,E,SM010,유동성
795,201306,0011452,하나자산신탁,A,잔존만기 3개월 이내 원화유동성자산,7530337681,부동산신탁,E,SM010,유동성
796,201306,0011452,하나자산신탁,B,잔존만기 3개월 이내 원화유동성부채,2001817708,부동산신탁,E,SM010,유동성
797,201306,0011452,하나자산신탁,C,유동비율,376.17,부동산신탁,E,SM010,유동성
798,201309,0011452,하나자산신탁,A,잔존만기 3개월 이내 원화유동성자산,31247624879,부동산신탁,E,SM010,유동성
799,201309,0011452,하나자산신탁,B,잔존만기 3개월 이내 원화유동성부채,2455688653,부동산신탁,E,SM010,유동성
800,201309,0011452,하나자산신탁,C,유동비율,1272.46,부동산신탁,E,SM010,유동성
801,201312,0011452,하나자산신탁,A,잔존만기 3개월 이내 원화유동성자산,41245853857,부동산신탁,E,SM010,유동성
802,201312,0011452,하나자산신탁,B,잔존만기 3개월 이내 원화유동성부채,2811110634,부동산신탁,E,SM010,유동성
803,201312,0011452,하나자산신탁,C,유동비율,1467.24,부동산신탁,E,SM010,유동성
804,201403,0011452,하나자산신탁,A,잔존만기 3개월 이내 원화유동성자산,42863590158,부동산신탁,E,SM010,유동성
805,201403,0011452,하나자산신탁,B,잔존만기 3개월 이내 원화유동성부채,2311924867,부동산신탁,E,SM010,유동성
806,201403,0011452,하나자산신탁,C,유동비율,1854.02,부동산신탁,E,SM010,유동성
807,201406,0011452,하나자산신탁,A,잔존만기 3개월 이내 원화유동성자산,41850308267,부동산신탁,E,SM010,유동성
808,201406,0011452,하나자산신탁,B,잔존만기 3개월 이내 원화유동성부채,2443116349,부동산신탁,E,SM010,유동성
809,201406,0011452,하나자산신탁,C,유동비율,1712.99,부동산신탁,E,SM010,유동성
810,201409,0011452,하나자산신탁,A,잔존만기 3개월 이내 원화유동성자산,45525143855,부동산신탁,E,SM010,유동성
811,201409,0011452,하나자산신탁,B,잔존만기 3개월 이내 원화유동성부채,1979012623,부동산신탁,E,SM010,유동성
812,201409,0011452,하나자산신탁,C,유동비율,2300.4,부동산신탁,E,SM010,유동성
813,201412,0011452,하나자산신탁,A,잔존만기 3개월 이내 원화유동성자산,43486276422,부동산신탁,E,SM010,유동성
814,201412,0011452,하나자산신탁,B,잔존만기 3개월 이내 원화유동성부채,3283634778,부동산신탁,E,SM010,유동성
815,201412,0011452,하나자산신탁,C,유동비율,1324.33,부동산신탁,E,SM010,유동성
816,201503,0011452,하나자산신탁,A,잔존만기 3개월 이내 원화유동성자산,44856969832,부동산신탁,E,SM010,유동성
817,201503,0011452,하나자산신탁,B,잔존만기 3개월 이내 원화유동성부채,3205718837,부동산신탁,E,SM010,유동성
818,201503,0011452,하나자산신탁,C,유동비율,1399.28,부동산신탁,E,SM010,유동성
819,201506,0011452,하나자산신탁,A,잔존만기 3개월 이내 원화유동성자산,51745556523,부동산신탁,E,SM010,유동성
820,201506,0011452,하나자산신탁,B,잔존만기 3개월 이내 원화유동성부채,2313634020,부동산신탁,E,SM010,유동성
821,201506,0011452,하나자산신탁,C,유동비율,2236.55,부동산신탁,E,SM010,유동성
822,201509,0011452,하나자산신탁,A,잔존만기 3개월 이내 원화유동성자산,30286263492,부동산신탁,E,SM010,유동성
823,201509,0011452,하나자산신탁,B,잔존만기 3개월 이내 원화유동성부채,3712270835,부동산신탁,E,SM010,유동성
824,201509,0011452,하나자산신탁,C,유동비율,815.84,부동산신탁,E,SM010,유동성
825,201512,0011452,하나자산신탁,A,잔존만기 3개월 이내 원화유동성자산,30181123778,부동산신탁,E,SM010,유동성
826,201512,0011452,하나자산신탁,B,잔존만기 3개월 이내 원화유동성부채,5820722444,부동산신탁,E,SM010,유동성
827,201512,0011452,하나자산신탁,C,유동비율,518.51,부동산신탁,E,SM010,유동성
828,201603,0011452,하나자산신탁,A,잔존만기 3개월 이내 원화유동성자산,23291994996,부동산신탁,E,SM010,유동성
829,201603,0011452,하나자산신탁,B,잔존만기 3개월 이내 원화유동성부채,5431501689,부동산신탁,E,SM010,유동성
830,201603,0011452,하나자산신탁,C,유동비율,428.83,부동산신탁,E,SM010,유동성
831,201606,0011452,하나자산신탁,A,잔존만기 3개월 이내 원화유동성자산,79957993215,부동산신탁,E,SM010,유동성
832,201606,0011452,하나자산신탁,B,잔존만기 3개월 이내 원화유동성부채,4236531487,부동산신탁,E,SM010,유동성
833,201606,0011452,하나자산신탁,C,유동비율,1887.35,부동산신탁,E,SM010,유동성
834,201609,0011452,하나자산신탁,A,잔존만기 3개월 이내 원화유동성자산,88627758808,부동산신탁,E,SM010,유동성
835,201609,0011452,하나자산신탁,B,잔존만기 3개월 이내 원화유동성부채,6845237402,부동산신탁,E,SM010,유동성
836,201609,0011452,하나자산신탁,C,유동비율,1294.74,부동산신탁,E,SM010,유동성
837,201612,0011452,하나자산신탁,A,잔존만기 3개월 이내 원화유동성자산,76196593939,부동산신탁,E,SM010,유동성
838,201612,0011452,하나자산신탁,B,잔존만기 3개월 이내 원화유동성부채,10448445646,부동산신탁,E,SM010,유동성
839,201612,0011452,하나자산신탁,C,유동비율,729.26,부동산신탁,E,SM010,유동성
840,200903,0010906,한국자산신탁,A,잔존만기 3개월 이내 원화유동성자산,500778945867,부동산신탁,E,SM010,유동성
841,200903,0010906,한국자산신탁,B,잔존만기 3개월 이내 원화유동성부채,491638376804,부동산신탁,E,SM010,유동성
842,200903,0010906,한국자산신탁,C,유동비율,101.86,부동산신탁,E,SM010,유동성
843,200906,0010906,한국자산신탁,A,잔존만기 3개월 이내 원화유동성자산,489080777540,부동산신탁,E,SM010,유동성
844,200906,0010906,한국자산신탁,B,잔존만기 3개월 이내 원화유동성부채,453749153122,부동산신탁,E,SM010,유동성
845,200906,0010906,한국자산신탁,C,유동비율,107.79,부동산신탁,E,SM010,유동성
846,200909,0010906,한국자산신탁,A,잔존만기 3개월 이내 원화유동성자산,530514341155,부동산신탁,E,SM010,유동성
847,200909,0010906,한국자산신탁,B,잔존만기 3개월 이내 원화유동성부채,8329997025,부동산신탁,E,SM010,유동성
848,200909,0010906,한국자산신탁,C,유동비율,6368.72,부동산신탁,E,SM010,유동성
849,200912,0010906,한국자산신탁,A,잔존만기 3개월 이내 원화유동성자산,1340737962385,부동산신탁,E,SM010,유동성
850,200912,0010906,한국자산신탁,B,잔존만기 3개월 이내 원화유동성부채,7606570233,부동산신탁,E,SM010,유동성
851,200912,0010906,한국자산신탁,C,유동비율,17626.05,부동산신탁,E,SM010,유동성
852,201003,0010906,한국자산신탁,A,잔존만기 3개월 이내 원화유동성자산,1647216528498,부동산신탁,E,SM010,유동성
853,201003,0010906,한국자산신탁,B,잔존만기 3개월 이내 원화유동성부채,8176099518,부동산신탁,E,SM010,유동성
854,201003,0010906,한국자산신탁,C,유동비율,20146.73,부동산신탁,E,SM010,유동성
855,201006,0010906,한국자산신탁,A,잔존만기 3개월 이내 원화유동성자산,1689345186795,부동산신탁,E,SM010,유동성
856,201006,0010906,한국자산신탁,B,잔존만기 3개월 이내 원화유동성부채,7974548368,부동산신탁,E,SM010,유동성
857,201006,0010906,한국자산신탁,C,유동비율,21184.21,부동산신탁,E,SM010,유동성
858,201009,0010906,한국자산신탁,A,잔존만기 3개월 이내 원화유동성자산,1766006647789,부동산신탁,E,SM010,유동성
859,201009,0010906,한국자산신탁,B,잔존만기 3개월 이내 원화유동성부채,12710783332,부동산신탁,E,SM010,유동성
860,201009,0010906,한국자산신탁,C,유동비율,13893.77,부동산신탁,E,SM010,유동성
861,201012,0010906,한국자산신탁,A,잔존만기 3개월 이내 원화유동성자산,1989116464545,부동산신탁,E,SM010,유동성
862,201012,0010906,한국자산신탁,B,잔존만기 3개월 이내 원화유동성부채,10494840272,부동산신탁,E,SM010,유동성
863,201012,0010906,한국자산신탁,C,유동비율,18953.28,부동산신탁,E,SM010,유동성
864,201103,0010906,한국자산신탁,A,잔존만기 3개월 이내 원화유동성자산,2312936149204,부동산신탁,E,SM010,유동성
865,201103,0010906,한국자산신탁,B,잔존만기 3개월 이내 원화유동성부채,15468608041,부동산신탁,E,SM010,유동성
866,201103,0010906,한국자산신탁,C,유동비율,14952.45,부동산신탁,E,SM010,유동성
867,201106,0010906,한국자산신탁,A,잔존만기 3개월 이내 원화유동성자산,2652125241375,부동산신탁,E,SM010,유동성
868,201106,0010906,한국자산신탁,B,잔존만기 3개월 이내 원화유동성부채,27645763886,부동산신탁,E,SM010,유동성
869,201106,0010906,한국자산신탁,C,유동비율,9593.24,부동산신탁,E,SM010,유동성
870,201109,0010906,한국자산신탁,A,잔존만기 3개월 이내 원화유동성자산,2625353561919,부동산신탁,E,SM010,유동성
871,201109,0010906,한국자산신탁,B,잔존만기 3개월 이내 원화유동성부채,12423053490,부동산신탁,E,SM010,유동성
872,201109,0010906,한국자산신탁,C,유동비율,21132.92,부동산신탁,E,SM010,유동성
873,201112,0010906,한국자산신탁,A,잔존만기 3개월 이내 원화유동성자산,3158289603195,부동산신탁,E,SM010,유동성
874,201112,0010906,한국자산신탁,B,잔존만기 3개월 이내 원화유동성부채,12123109341,부동산신탁,E,SM010,유동성
875,201112,0010906,한국자산신탁,C,유동비율,26051.81,부동산신탁,E,SM010,유동성
876,201203,0010906,한국자산신탁,A,잔존만기 3개월 이내 원화유동성자산,3481430821430,부동산신탁,E,SM010,유동성
877,201203,0010906,한국자산신탁,B,잔존만기 3개월 이내 원화유동성부채,10262613081,부동산신탁,E,SM010,유동성
878,201203,0010906,한국자산신탁,C,유동비율,33923.43,부동산신탁,E,SM010,유동성
879,201206,0010906,한국자산신탁,A,잔존만기 3개월 이내 원화유동성자산,3698685409318,부동산신탁,E,SM010,유동성
880,201206,0010906,한국자산신탁,B,잔존만기 3개월 이내 원화유동성부채,14580938038,부동산신탁,E,SM010,유동성
881,201206,0010906,한국자산신탁,C,유동비율,25366.58,부동산신탁,E,SM010,유동성
882,201209,0010906,한국자산신탁,A,잔존만기 3개월 이내 원화유동성자산,4032982272201,부동산신탁,E,SM010,유동성
883,201209,0010906,한국자산신탁,B,잔존만기 3개월 이내 원화유동성부채,13166588879,부동산신탁,E,SM010,유동성
884,201209,0010906,한국자산신탁,C,유동비율,30630.43,부동산신탁,E,SM010,유동성
885,201212,0010906,한국자산신탁,A,잔존만기 3개월 이내 원화유동성자산,4477345567747,부동산신탁,E,SM010,유동성
886,201212,0010906,한국자산신탁,B,잔존만기 3개월 이내 원화유동성부채,29374745706,부동산신탁,E,SM010,유동성
887,201212,0010906,한국자산신탁,C,유동비율,15242.16,부동산신탁,E,SM010,유동성
888,201303,0010906,한국자산신탁,A,잔존만기 3개월 이내 원화유동성자산,14783271468,부동산신탁,E,SM010,유동성
889,201303,0010906,한국자산신탁,B,잔존만기 3개월 이내 원화유동성부채,12772149241,부동산신탁,E,SM010,유동성
890,201303,0010906,한국자산신탁,C,유동비율,115.75,부동산신탁,E,SM010,유동성
891,201306,0010906,한국자산신탁,A,잔존만기 3개월 이내 원화유동성자산,63496507793,부동산신탁,E,SM010,유동성
892,201306,0010906,한국자산신탁,B,잔존만기 3개월 이내 원화유동성부채,6091364915,부동산신탁,E,SM010,유동성
893,201306,0010906,한국자산신탁,C,유동비율,1042.4,부동산신탁,E,SM010,유동성
894,201309,0010906,한국자산신탁,A,잔존만기 3개월 이내 원화유동성자산,56095523025,부동산신탁,E,SM010,유동성
895,201309,0010906,한국자산신탁,B,잔존만기 3개월 이내 원화유동성부채,1819128690,부동산신탁,E,SM010,유동성
896,201309,0010906,한국자산신탁,C,유동비율,3083.65,부동산신탁,E,SM010,유동성
897,201312,0010906,한국자산신탁,A,잔존만기 3개월 이내 원화유동성자산,59096387904,부동산신탁,E,SM010,유동성
898,201312,0010906,한국자산신탁,B,잔존만기 3개월 이내 원화유동성부채,971166928,부동산신탁,E,SM010,유동성
899,201312,0010906,한국자산신탁,C,유동비율,6085.09,부동산신탁,E,SM010,유동성
900,201403,0010906,한국자산신탁,A,잔존만기 3개월 이내 원화유동성자산,42875108897,부동산신탁,E,SM010,유동성
901,201403,0010906,한국자산신탁,B,잔존만기 3개월 이내 원화유동성부채,13045638464,부동산신탁,E,SM010,유동성
902,201403,0010906,한국자산신탁,C,유동비율,328.65,부동산신탁,E,SM010,유동성
903,201406,0010906,한국자산신탁,A,잔존만기 3개월 이내 원화유동성자산,45484698686,부동산신탁,E,SM010,유동성
904,201406,0010906,한국자산신탁,B,잔존만기 3개월 이내 원화유동성부채,5773019323,부동산신탁,E,SM010,유동성
905,201406,0010906,한국자산신탁,C,유동비율,787.88,부동산신탁,E,SM010,유동성
906,201409,0010906,한국자산신탁,A,잔존만기 3개월 이내 원화유동성자산,34137462322,부동산신탁,E,SM010,유동성
907,201409,0010906,한국자산신탁,B,잔존만기 3개월 이내 원화유동성부채,8193399533,부동산신탁,E,SM010,유동성
908,201409,0010906,한국자산신탁,C,유동비율,416.65,부동산신탁,E,SM010,유동성
909,201412,0010906,한국자산신탁,A,잔존만기 3개월 이내 원화유동성자산,63239301636,부동산신탁,E,SM010,유동성
910,201412,0010906,한국자산신탁,B,잔존만기 3개월 이내 원화유동성부채,4028756428,부동산신탁,E,SM010,유동성
911,201412,0010906,한국자산신탁,C,유동비율,1569.7,부동산신탁,E,SM010,유동성
912,201503,0010906,한국자산신탁,A,잔존만기 3개월 이내 원화유동성자산,46453448854,부동산신탁,E,SM010,유동성
913,201503,0010906,한국자산신탁,B,잔존만기 3개월 이내 원화유동성부채,16091856125,부동산신탁,E,SM010,유동성
914,201503,0010906,한국자산신탁,C,유동비율,288.68,부동산신탁,E,SM010,유동성
915,201506,0010906,한국자산신탁,A,잔존만기 3개월 이내 원화유동성자산,49037484224,부동산신탁,E,SM010,유동성
916,201506,0010906,한국자산신탁,B,잔존만기 3개월 이내 원화유동성부채,12523292311,부동산신탁,E,SM010,유동성
917,201506,0010906,한국자산신탁,C,유동비율,391.57,부동산신탁,E,SM010,유동성
918,201509,0010906,한국자산신탁,A,잔존만기 3개월 이내 원화유동성자산,73150373715,부동산신탁,E,SM010,유동성
919,201509,0010906,한국자산신탁,B,잔존만기 3개월 이내 원화유동성부채,4253717210,부동산신탁,E,SM010,유동성
920,201509,0010906,한국자산신탁,C,유동비율,1719.68,부동산신탁,E,SM010,유동성
921,201512,0010906,한국자산신탁,A,잔존만기 3개월 이내 원화유동성자산,75055858751,부동산신탁,E,SM010,유동성
922,201512,0010906,한국자산신탁,B,잔존만기 3개월 이내 원화유동성부채,6204232868,부동산신탁,E,SM010,유동성
923,201512,0010906,한국자산신탁,C,유동비율,1209.75,부동산신탁,E,SM010,유동성
924,201603,0010906,한국자산신탁,A,잔존만기 3개월 이내 원화유동성자산,88265961768,부동산신탁,E,SM010,유동성
925,201603,0010906,한국자산신탁,B,잔존만기 3개월 이내 원화유동성부채,25078611260,부동산신탁,E,SM010,유동성
926,201603,0010906,한국자산신탁,C,유동비율,351.96,부동산신탁,E,SM010,유동성
927,201606,0010906,한국자산신탁,A,잔존만기 3개월 이내 원화유동성자산,70727487156,부동산신탁,E,SM010,유동성
928,201606,0010906,한국자산신탁,B,잔존만기 3개월 이내 원화유동성부채,13892570392,부동산신탁,E,SM010,유동성
929,201606,0010906,한국자산신탁,C,유동비율,509.1,부동산신탁,E,SM010,유동성
930,201609,0010906,한국자산신탁,A,잔존만기 3개월 이내 원화유동성자산,128727341676,부동산신탁,E,SM010,유동성
931,201609,0010906,한국자산신탁,B,잔존만기 3개월 이내 원화유동성부채,1205753834,부동산신탁,E,SM010,유동성
932,201609,0010906,한국자산신탁,C,유동비율,10676.09,부동산신탁,E,SM010,유동성
933,201612,0010906,한국자산신탁,A,잔존만기 3개월 이내 원화유동성자산,80075385222,부동산신탁,E,SM010,유동성
934,201612,0010906,한국자산신탁,B,잔존만기 3개월 이내 원화유동성부채,7377420002,부동산신탁,E,SM010,유동성
935,201612,0010906,한국자산신탁,C,유동비율,1085.41,부동산신탁,E,SM010,유동성
936,200903,0010902,한국토지신탁,A,잔존만기 3개월 이내 원화유동성자산,2798412561828,부동산신탁,E,SM010,유동성
937,200903,0010902,한국토지신탁,B,잔존만기 3개월 이내 원화유동성부채,1666704057984,부동산신탁,E,SM010,유동성
938,200903,0010902,한국토지신탁,C,유동비율,167.9,부동산신탁,E,SM010,유동성
939,200906,0010902,한국토지신탁,A,잔존만기 3개월 이내 원화유동성자산,3263234488004,부동산신탁,E,SM010,유동성
940,200906,0010902,한국토지신탁,B,잔존만기 3개월 이내 원화유동성부채,1854792349446,부동산신탁,E,SM010,유동성
941,200906,0010902,한국토지신탁,C,유동비율,175.94,부동산신탁,E,SM010,유동성
942,200909,0010902,한국토지신탁,A,잔존만기 3개월 이내 원화유동성자산,3351885933851,부동산신탁,E,SM010,유동성
943,200909,0010902,한국토지신탁,B,잔존만기 3개월 이내 원화유동성부채,1926995948672,부동산신탁,E,SM010,유동성
944,200909,0010902,한국토지신탁,C,유동비율,173.94,부동산신탁,E,SM010,유동성
945,200912,0010902,한국토지신탁,A,잔존만기 3개월 이내 원화유동성자산,3323286045313,부동산신탁,E,SM010,유동성
946,200912,0010902,한국토지신탁,B,잔존만기 3개월 이내 원화유동성부채,1768200168263,부동산신탁,E,SM010,유동성
947,200912,0010902,한국토지신탁,C,유동비율,187.95,부동산신탁,E,SM010,유동성
948,201003,0010902,한국토지신탁,A,잔존만기 3개월 이내 원화유동성자산,3039159005437,부동산신탁,E,SM010,유동성
949,201003,0010902,한국토지신탁,B,잔존만기 3개월 이내 원화유동성부채,1832222686936,부동산신탁,E,SM010,유동성
950,201003,0010902,한국토지신탁,C,유동비율,165.87,부동산신탁,E,SM010,유동성
951,201006,0010902,한국토지신탁,A,잔존만기 3개월 이내 원화유동성자산,3071494074263,부동산신탁,E,SM010,유동성
952,201006,0010902,한국토지신탁,B,잔존만기 3개월 이내 원화유동성부채,1909540289711,부동산신탁,E,SM010,유동성
953,201006,0010902,한국토지신탁,C,유동비율,160.85,부동산신탁,E,SM010,유동성
954,201009,0010902,한국토지신탁,A,잔존만기 3개월 이내 원화유동성자산,2717277413300,부동산신탁,E,SM010,유동성
955,201009,0010902,한국토지신탁,B,잔존만기 3개월 이내 원화유동성부채,1715382853628,부동산신탁,E,SM010,유동성
956,201009,0010902,한국토지신탁,C,유동비율,158.41,부동산신탁,E,SM010,유동성
957,201012,0010902,한국토지신탁,A,잔존만기 3개월 이내 원화유동성자산,2660105066976,부동산신탁,E,SM010,유동성
958,201012,0010902,한국토지신탁,B,잔존만기 3개월 이내 원화유동성부채,1236942691016,부동산신탁,E,SM010,유동성
959,201012,0010902,한국토지신탁,C,유동비율,215.05,부동산신탁,E,SM010,유동성
960,201103,0010902,한국토지신탁,A,잔존만기 3개월 이내 원화유동성자산,2448423405729,부동산신탁,E,SM010,유동성
961,201103,0010902,한국토지신탁,B,잔존만기 3개월 이내 원화유동성부채,1158514416318,부동산신탁,E,SM010,유동성
962,201103,0010902,한국토지신탁,C,유동비율,211.34,부동산신탁,E,SM010,유동성
963,201106,0010902,한국토지신탁,A,잔존만기 3개월 이내 원화유동성자산,2177542220879,부동산신탁,E,SM010,유동성
964,201106,0010902,한국토지신탁,B,잔존만기 3개월 이내 원화유동성부채,1026823352746,부동산신탁,E,SM010,유동성
965,201106,0010902,한국토지신탁,C,유동비율,212.07,부동산신탁,E,SM010,유동성
966,201109,0010902,한국토지신탁,A,잔존만기 3개월 이내 원화유동성자산,2109693619835,부동산신탁,E,SM010,유동성
967,201109,0010902,한국토지신탁,B,잔존만기 3개월 이내 원화유동성부채,1079444282765,부동산신탁,E,SM010,유동성
968,201109,0010902,한국토지신탁,C,유동비율,195.44,부동산신탁,E,SM010,유동성
969,201112,0010902,한국토지신탁,A,잔존만기 3개월 이내 원화유동성자산,1895688124816,부동산신탁,E,SM010,유동성
970,201112,0010902,한국토지신탁,B,잔존만기 3개월 이내 원화유동성부채,935354070623,부동산신탁,E,SM010,유동성
971,201112,0010902,한국토지신탁,C,유동비율,202.67,부동산신탁,E,SM010,유동성
972,201203,0010902,한국토지신탁,A,잔존만기 3개월 이내 원화유동성자산,1957908725302,부동산신탁,E,SM010,유동성
973,201203,0010902,한국토지신탁,B,잔존만기 3개월 이내 원화유동성부채,1030745539173,부동산신탁,E,SM010,유동성
974,201203,0010902,한국토지신탁,C,유동비율,189.95,부동산신탁,E,SM010,유동성
975,201206,0010902,한국토지신탁,A,잔존만기 3개월 이내 원화유동성자산,2119901687380,부동산신탁,E,SM010,유동성
976,201206,0010902,한국토지신탁,B,잔존만기 3개월 이내 원화유동성부채,1114672386029,부동산신탁,E,SM010,유동성
977,201206,0010902,한국토지신탁,C,유동비율,190.18,부동산신탁,E,SM010,유동성
978,201209,0010902,한국토지신탁,A,잔존만기 3개월 이내 원화유동성자산,2275909759970,부동산신탁,E,SM010,유동성
979,201209,0010902,한국토지신탁,B,잔존만기 3개월 이내 원화유동성부채,1200804684155,부동산신탁,E,SM010,유동성
980,201209,0010902,한국토지신탁,C,유동비율,189.53,부동산신탁,E,SM010,유동성
981,201212,0010902,한국토지신탁,A,잔존만기 3개월 이내 원화유동성자산,2093894881859,부동산신탁,E,SM010,유동성
982,201212,0010902,한국토지신탁,B,잔존만기 3개월 이내 원화유동성부채,1144295962547,부동산신탁,E,SM010,유동성
983,201212,0010902,한국토지신탁,C,유동비율,182.99,부동산신탁,E,SM010,유동성
984,201303,0010902,한국토지신탁,A,잔존만기 3개월 이내 원화유동성자산,124420066051,부동산신탁,E,SM010,유동성
985,201303,0010902,한국토지신탁,B,잔존만기 3개월 이내 원화유동성부채,49638916104,부동산신탁,E,SM010,유동성
986,201303,0010902,한국토지신탁,C,유동비율,250.65,부동산신탁,E,SM010,유동성
987,201306,0010902,한국토지신탁,A,잔존만기 3개월 이내 원화유동성자산,107391858648,부동산신탁,E,SM010,유동성
988,201306,0010902,한국토지신탁,B,잔존만기 3개월 이내 원화유동성부채,14066663071,부동산신탁,E,SM010,유동성
989,201306,0010902,한국토지신탁,C,유동비율,763.45,부동산신탁,E,SM010,유동성
990,201309,0010902,한국토지신탁,A,잔존만기 3개월 이내 원화유동성자산,131688224207,부동산신탁,E,SM010,유동성
991,201309,0010902,한국토지신탁,B,잔존만기 3개월 이내 원화유동성부채,10996585653,부동산신탁,E,SM010,유동성
992,201309,0010902,한국토지신탁,C,유동비율,1197.54,부동산신탁,E,SM010,유동성
993,201312,0010902,한국토지신탁,A,잔존만기 3개월 이내 원화유동성자산,105733672253,부동산신탁,E,SM010,유동성
994,201312,0010902,한국토지신탁,B,잔존만기 3개월 이내 원화유동성부채,44673979050,부동산신탁,E,SM010,유동성
995,201312,0010902,한국토지신탁,C,유동비율,236.68,부동산신탁,E,SM010,유동성
996,201403,0010902,한국토지신탁,A,잔존만기 3개월 이내 원화유동성자산,73194692595,부동산신탁,E,SM010,유동성
997,201403,0010902,한국토지신탁,B,잔존만기 3개월 이내 원화유동성부채,42544335480,부동산신탁,E,SM010,유동성
998,201403,0010902,한국토지신탁,C,유동비율,172.04,부동산신탁,E,SM010,유동성
999,201406,0010902,한국토지신탁,A,잔존만기 3개월 이내 원화유동성자산,144484103203,부동산신탁,E,SM010,유동성
1000,201406,0010902,한국토지신탁,B,잔존만기 3개월 이내 원화유동성부채,805881093,부동산신탁,E,SM010,유동성
1001,201406,0010902,한국토지신탁,C,유동비율,17928.71,부동산신탁,E,SM010,유동성
1002,201409,0010902,한국토지신탁,A,잔존만기 3개월 이내 원화유동성자산,146874618797,부동산신탁,E,SM010,유동성
1003,201409,0010902,한국토지신탁,B,잔존만기 3개월 이내 원화유동성부채,2029913716,부동산신탁,E,SM010,유동성
1004,201409,0010902,한국토지신탁,C,유동비율,7235.51,부동산신탁,E,SM010,유동성
1005,201412,0010902,한국토지신탁,A,잔존만기 3개월 이내 원화유동성자산,252328518358,부동산신탁,E,SM010,유동성
1006,201412,0010902,한국토지신탁,B,잔존만기 3개월 이내 원화유동성부채,6411235707,부동산신탁,E,SM010,유동성
1007,201412,0010902,한국토지신탁,C,유동비율,3935.72,부동산신탁,E,SM010,유동성
1008,201503,0010902,한국토지신탁,A,잔존만기 3개월 이내 원화유동성자산,152812352065,부동산신탁,E,SM010,유동성
1009,201503,0010902,한국토지신탁,B,잔존만기 3개월 이내 원화유동성부채,34995441702,부동산신탁,E,SM010,유동성
1010,201503,0010902,한국토지신탁,C,유동비율,436.66,부동산신탁,E,SM010,유동성
1011,201506,0010902,한국토지신탁,A,잔존만기 3개월 이내 원화유동성자산,151883612896,부동산신탁,E,SM010,유동성
1012,201506,0010902,한국토지신탁,B,잔존만기 3개월 이내 원화유동성부채,10855986580,부동산신탁,E,SM010,유동성
1013,201506,0010902,한국토지신탁,C,유동비율,1399.08,부동산신탁,E,SM010,유동성
1014,201509,0010902,한국토지신탁,A,잔존만기 3개월 이내 원화유동성자산,181579496197,부동산신탁,E,SM010,유동성
1015,201509,0010902,한국토지신탁,B,잔존만기 3개월 이내 원화유동성부채,1584502896,부동산신탁,E,SM010,유동성
1016,201509,0010902,한국토지신탁,C,유동비율,11459.71,부동산신탁,E,SM010,유동성
1017,201512,0010902,한국토지신탁,A,잔존만기 3개월 이내 원화유동성자산,207449739235,부동산신탁,E,SM010,유동성
1018,201512,0010902,한국토지신탁,B,잔존만기 3개월 이내 원화유동성부채,8073777545,부동산신탁,E,SM010,유동성
1019,201512,0010902,한국토지신탁,C,유동비율,2569.43,부동산신탁,E,SM010,유동성
1020,201603,0010902,한국토지신탁,A,잔존만기 3개월 이내 원화유동성자산,319505516573,부동산신탁,E,SM010,유동성
1021,201603,0010902,한국토지신탁,B,잔존만기 3개월 이내 원화유동성부채,47003155525,부동산신탁,E,SM010,유동성
1022,201603,0010902,한국토지신탁,C,유동비율,679.75,부동산신탁,E,SM010,유동성
1023,201606,0010902,한국토지신탁,A,잔존만기 3개월 이내 원화유동성자산,306790255023,부동산신탁,E,SM010,유동성
1024,201606,0010902,한국토지신탁,B,잔존만기 3개월 이내 원화유동성부채,12092809400,부동산신탁,E,SM010,유동성
1025,201606,0010902,한국토지신탁,C,유동비율,2536.96,부동산신탁,E,SM010,유동성
1026,201609,0010902,한국토지신탁,A,잔존만기 3개월 이내 원화유동성자산,315447026502,부동산신탁,E,SM010,유동성
1027,201609,0010902,한국토지신탁,B,잔존만기 3개월 이내 원화유동성부채,19813554957,부동산신탁,E,SM010,유동성
1028,201609,0010902,한국토지신탁,C,유동비율,1592.08,부동산신탁,E,SM010,유동성
1029,201612,0010902,한국토지신탁,A,잔존만기 3개월 이내 원화유동성자산,247518647215,부동산신탁,E,SM010,유동성
1030,201612,0010902,한국토지신탁,B,잔존만기 3개월 이내 원화유동성부채,18875375401,부동산신탁,E,SM010,유동성
1031,201612,0010902,한국토지신탁,C,유동비율,1311.33,부동산신탁,E,SM010,유동성
