,금융구분,금융회사코드,금융회사명,통계분류,통계표코드,통계표명,코드,구분,200903,200906,200909,200912,201003,201006,201009,201012,201103,201106,201109,201112,201203,201206,201209,201212,201303,201306,201309,201312,201403,201406,201409,201412,201503,201506,201509,201512,201603,201606,201609,201612,201703,201706,201709,201712,201803,201806,201809,201812,201903,201906,201909,201912,202003,202006,202009,202012,202103,202106,202109,202112,202203,202206,202209,202212,202303,202306,202309,202312,202403,202406,202409,202412,202503
0,부동산신탁,10902,한국토지신탁,E,SM012,자본적정성(손실위험도가중자산비율),A,손실위험도가중자산,214975239484.0,208233889177.0,218292995758.0,178468502026.0,186896272910.0,160288801721.0,204053572593.0,187424543234.0,179859247777.0,164539747325.0,166027513433.0,153302236154.0,160824170684.0,119888996134.0,113589708430.0,112801965802.0,109734697014.0,108871027143.0,115942999379.0,82616679357.0,83658603937.0,88964352966.0,82436346748.0,71087962766.0,70694379408.0,103284207946.0,99142287535.0,43501700741.0,42057276624.0,41292831774.0,41154879534.0,19613672059.0,18160986396,13604117711,13053821313,17387094090,19066827025,19361103591,39874857731,43465367853,50289428840,66881786850,78680448163,92326089570,101567977173,119621709200,120883353860,120001426729,126840209888,112109752224,107986981205,93412017872,95459562326,99780166095,101030543019,106689835216,115409777712,122049639304,125176784643,126401327879,126600253905,129496541127,140203929560,141479213548,145508480025
1,부동산신탁,10902,한국토지신탁,E,SM012,자본적정성(손실위험도가중자산비율),B,자기자본,266912232007.0,267741703137.0,277543434481.0,280331145641.0,281419247895.0,266258147319.0,220171421043.0,208935483525.0,235524204246.0,250070044704.0,256930979959.0,273430453042.0,273532233944.0,277506119669.0,296703779412.0,309775260259.0,300504990384.0,333177619523.0,344178021197.0,345583659658.0,356542578664.0,378280861040.0,399243903648.0,413635969476.0,425447882522.0,443390756158.0,471400169825.0,485285607631.0,487960658094.0,503644500318.0,524387105559.0,527049470811.0,534612606601,570801994565,589568602579,614408159300,605819223399,630019854454,625276435950,651726236769,649360340336,654207297507,657706052486,655797871905,650351753661,658375692420,662190427425,710916540790,705715562381,752550516186,782682742343,783070053348,770531604922,786082115931,800156353301,804329943822,771327809254,776136098545,770665838523,784513266755,777487739804,790177297850,790023888538,788618625639,793740393976
2,부동산신탁,10902,한국토지신탁,E,SM012,자본적정성(손실위험도가중자산비율),C,대손충당금 등,274692906164.0,287513420269.0,293668578093.0,259399297447.0,262212800400.0,236826469179.0,251548806059.0,233924496869.0,201838841903.0,195510766850.0,196298652104.0,197180203682.0,164643561150.0,124335624612.0,119870999432.0,118712992993.0,143016319836.0,139161799846.0,169831055396.0,144492228375.0,142397517987.0,145664423793.0,140137532502.0,126946677482.0,123166364770.0,126829573962.0,118862387694.0,65824976737.0,58389506761.0,61644421866.0,64365767051.0,60755415142.0,61279595379,56015785919,70520473940,81368150325,79700197504,87468285806,126381601701,129079029615,134638319757,156828977096,178208307789,196342776333,199144789380,201278068535,207765603623,192274341601,184616134045,166270734146,159899502510,154481720154,153098083102,160353136056,159572298140,168982388779,188708037749,195365299993,211324157056,209912828474,212434070902,212590270320,222373333436,235303313650,240611249054
3,부동산신탁,10902,한국토지신탁,E,SM012,자본적정성(손실위험도가중자산비율),D,손실위험도가중자산비율,39.69,37.5,38.22,33.07,34.38,31.86,43.26,42.32,41.12,36.93,36.63,32.58,36.7,29.83,27.27,26.33,24.74,23.05,22.56,16.86,16.77,16.98,15.28,13.15,12.89,18.11,16.8,7.89,7.7,7.3,6.99,3.34,3.05,2.17,1.98,2.5,2.78,2.7,5.3,5.57,6.41,8.25,9.41,10.83,11.96,13.92,13.9,13.29,14.25,12.2,11.46,9.96,10.34,10.54,10.53,10.96,12.02,12.56,12.75,12.71,12.79,12.91,13.85,13.82,14.07
4,부동산신탁,10903,KB부동산신탁(주),E,SM012,자본적정성(손실위험도가중자산비율),A,손실위험도가중자산,19714305644.0,33489573690.0,30507770183.0,32649781602.0,37208622648.0,41068782761.0,41043173481.0,49705065600.0,41915284006.0,73148452876.0,77069062899.0,69649327958.0,68583654868.0,63514911291.0,58970356687.0,53079737973.0,54635280681.0,62273403642.0,34741967527.0,40339153956.0,40761077704.0,40828166993.0,35046990716.0,26493819198.0,26218159423.0,45979811357.0,4627026004.0,4187452649.0,4364042694.0,4468111441.0,3786641178.0,4108838871.0,4463643417, ,3972018403,3833707594,3842125052,12129448777,11428640580,12522159529,12612109827,12950126495,12814536510,12932775234,16657566098,28543598509,19369511401,21655102605,21554865659,21763417716,22541214890,25393402410,25202723962,24495682223,24460759217,29666253124,32628716427,38749385123,57726850443,108377368371,135492144243,181693957869,203550406750,256671986651,272896060809
5,부동산신탁,10903,KB부동산신탁(주),E,SM012,자본적정성(손실위험도가중자산비율),B,자기자본,101629911177.0,97686756923.0,112178115725.0,121302690488.0,125573689011.0,128569602965.0,130805324892.0,124847278377.0,133461677849.0,123549303265.0,121970544603.0,132898740905.0,139888321075.0,152561457389.0,160588093666.0,166209672522.0,159176429304.0,159670437567.0,156220470257.0,151862540536.0,154185342698.0,159067791100.0,170579730198.0,183957853415.0,189585083872.0,191517074291.0,195759877745.0,201267083316.0,156987257307.0,167460627621.0,174766144583.0,181089806879.0,168898579433, ,184420258624,196317293893,198342537255,204879858038,221096128189,231726244534,243359695356,256536645800,267501422208,288405578622,277873711600,287514335181,300442839519,312182612655,304780570689,321533229423,348098778267,363476369452,338801958045,356676990811,377367372271,387097001696,368894477515,374964557135,362623287261,269881374425,217616411854,343152944356,497361314802,469389029937,474655202630
6,부동산신탁,10903,KB부동산신탁(주),E,SM012,자본적정성(손실위험도가중자산비율),C,대손충당금 등,51044124933.0,65852582727.0,57122414053.0,54114653533.0,54996230176.0,58088858336.0,59115470853.0,75628305805.0,57593611530.0,73784299389.0,77086939001.0,70011838020.0,68921125489.0,63834014484.0,59222727009.0,57009745472.0,68510920979.0,73138305696.0,53607955261.0,62284132703.0,64165826919.0,65643604919.0,56111930625.0,47868433987.0,47188999319.0,50671204789.0,8536990667.0,6569030117.0,6269241336.0,6520558614.0,5102010654.0,5524841650.0,6497240859, ,8405347691,8104590170,11162586701,23486280212,26278670081,27124876115,23982979544,25231326741,27569343857,25483908225,29421619452,37196094438,30214747527,33187133155,33699442033,33971273610,35072559509,38817615735,39900825953,42661370682,43166512696,52321277508,56051036170,69023646872,99411117535,182500327559,220082851387,292674818611,334044332756,373945320970,432922279636
7,부동산신탁,10903,KB부동산신탁(주),E,SM012,자본적정성(손실위험도가중자산비율),D,손실위험도가중자산비율,12.91,20.48,18.02,18.61,20.61,22.0,21.61,24.79,21.94,37.07,38.72,34.33,32.85,29.35,26.83,23.78,24.0,26.75,16.56,18.84,18.67,18.17,15.46,11.43,11.07,18.99,2.26,2.01,2.67,2.57,2.11,2.2,2.54, ,2.06,1.88,1.83,5.31,4.62,4.84,4.72,4.6,4.34,4.12,5.42,8.79,5.86,6.27,6.37,6.12,5.88,6.31,6.66,6.13,5.82,6.75,7.68,8.73,12.49,23.96,30.96,28.58,24.48,30.44,30.07
8,부동산신탁,10904,대한토지신탁,E,SM012,자본적정성(손실위험도가중자산비율),A,손실위험도가중자산,34692038560.0,35842137511.0,35197116065.0,34338552694.0,35030833749.0,35039221753.0,22971251561.0,48667478961.0,46897099030.0,63330426950.0,60519246892.0,,88227445411.0,87777632631.0,89363900833.0,87779998628.0,85171898168.0,84197484307.0,77216039816.0,77699005209.0,76392332258.0,75254513191.0,74101672828.0,73208997936.0,46034186898.0,45949155143.0,45949155143.0,43973164379.0,43719628334.0,3077812714.0,3077812714.0,4854356714.0,7575437972,13356016352,9070686047,10873755897,7750407193,9275630198,43018861996,46665743184,44317368065,53028720817,70663439779,55105281532,68910937250,87042837486,81454046410,81566203376,76395866302,73385456651,76133573447,71574579765,68284173966,65408850861,54168430405,63118740095,76304781307,78958406208,92081999993,94544544171,105587283079,98604392360,106626460777,68053402075,84736241132
9,부동산신탁,10904,대한토지신탁,E,SM012,자본적정성(손실위험도가중자산비율),B,자기자본,161695492125.0,164573561276.0,166014094665.0,170453918039.0,170466202009.0,170971198926.0,165828915353.0,174281156699.0,165728039923.0,156138237552.0,152645914022.0,,124292687069.0,128592983450.0,131746767544.0,130143115655.0,130394552843.0,129408635106.0,147515363051.0,143841576114.0,142148854035.0,145324069849.0,148727550649.0,151623333594.0,149778900397.0,151334111530.0,155280295017.0,165559412543.0,164946649005.0,166144160506.0,174730592294.0,184644292548.0,180821755688,180968222908,230028461221,235018007369,227837785301,235875453894,207452690991,212151235554,226042843773,227757895488,222612070480,252665235465,246432923523,248337586249,268247392821,273466965863,292529072659,295860642751,317219863325,318154347990,319869324147,322101185725,363940385608,359479238216,347241618809,341957072433,327049308670,346988467614,341920311197,344075674775,346046657878,394237189582,397035292418
10,부동산신탁,10904,대한토지신탁,E,SM012,자본적정성(손실위험도가중자산비율),C,대손충당금 등,68153067767.0,71619308164.0,76634102977.0,77454889046.0,78937334788.0,81338397961.0,92320581284.0,87698939499.0,92655009436.0,105489001581.0,74073351931.0,,127479535363.0,128686152684.0,131014842361.0,132156691908.0,133739049158.0,133455944760.0,113216602870.0,121511272134.0,121720462866.0,122261149665.0,121213512989.0,121489097839.0,89780802561.0,90659638089.0,90289155849.0,89392005645.0,88745614649.0,13037769920.0,12186546540.0,15189529868.0,23745237192,34510886365,32515570868,40231476571,42201163607,49629029887,94868079793,104661262415,104842173248,116382451874,140923952048,120123246250,127747955865,147098332001,138566007353,137894444823,128740684690,120050588816,122830147538,115358805020,110515964122,104269745162,91756262439,105175152001,126885707712,133887418156,156310489070,164536652678,183104212671,179244030288,184183935395,149883344170,169286369147
11,부동산신탁,10904,대한토지신탁,E,SM012,자본적정성(손실위험도가중자산비율),D,손실위험도가중자산비율,15.09,15.17,14.51,13.85,14.05,13.89,8.9,18.58,18.15,24.21,26.69,,35.04,34.12,34.01,33.47,32.25,32.03,29.62,29.28,28.95,28.12,27.45,26.81,19.22,18.99,18.71,17.25,17.23,1.72,1.65,2.43,3.7,6.2,3.45,3.95,2.87,3.25,14.23,14.73,13.39,15.41,19.44,14.78,18.42,22.01,20.02,19.83,18.13,17.64,17.3,16.51,15.87,15.34,11.89,13.58,16.09,16.59,19.05,18.48,20.11,18.84,20.11,12.51,14.96
12,부동산신탁,10905,교보자산신탁,E,SM012,자본적정성(손실위험도가중자산비율),A,손실위험도가중자산,153299881.0,259247038.0,245070921.0,183213736.0,173864800.0,178319136.0,281097363.0,210462500.0,143525000.0,165825000.0,168637500.0,60877500.0,65957500.0,65957500.0,72963750.0,161073750.0,151243750.0,165788750.0,235303750.0,233653750.0,300313750.0,370303750.0,406714670.0,434014670.0,484854670.0,502264670.0,497414670.0,522384670.0,502877310.0,581277311.0,609457310.0,381297310.0,460007310,523487310,486297310,524947311,717537310,841344310,803912499,470650590,485123686,500553030,487311568,489786030,551009030,3690016165,4356973814,4291588193,4244477259,3114840009,2507793818,480298927,2135308541,6623824464,7172716890,10303040341,22325842826,36717642259,43288081547,69875356087,115043472130,144306552716,191960495419,230640063471,273614078095
13,부동산신탁,10905,교보자산신탁,E,SM012,자본적정성(손실위험도가중자산비율),B,자기자본,56325180540.0,58686198102.0,60870974890.0,62716725211.0,60657236917.0,62579361305.0,63161612701.0,63940104780.0,62946645481.0,64132967495.0,65089423312.0,65915571256.0,64715806050.0,65354538338.0,65507782755.0,64800723175.0,64426601431.0,64977404876.0,65551872840.0,64859633542.0,64538634630.0,65374609394.0,67123471182.0,66180786735.0,68362970388.0,71836104427.0,75376124837.0,75723756572.0,73714882232.0,79865892419.0,85590316130.0,89623778457.0,86565385436,92361323762,100856431934,103064803594,90973525516,99098556939,106940541980,110417951419,102947629120,112112883496,120371110189,122144014680,126080875968,129903981457,133789123786,138195011155,144354586924,152179986738,311553615814,313258546454,318826721328,324141259180,333550228923,332515593650,332620656225,323758741720,475593508066,433262200275,398171732945,352031487671,295981191006,493341151686,439582052409
14,부동산신탁,10905,교보자산신탁,E,SM012,자본적정성(손실위험도가중자산비율),C,대손충당금 등,186299020.0,280287530.0,266352841.0,201655672.0,197203507.0,199716658.0,307829510.0,234483910.0,97783525.0,195192792.0,206109908.0,88559204.0,93534125.0,98909651.0,95035203.0,146115496.0,174350891.0,197089654.0,271565781.0,309356330.0,354448561.0,415406588.0,411644529.0,421226567.0,465092239.0,471175227.0,446763623.0,427488091.0,438787231.0,484236859.0,536288083.0,136874064.0,175207214,199985566,127843042,232715766,345140576,510920160,307640658,332006663,328197683,355055215,475745584,385423432,439190005,433185482,4754799637,4570398411,5425169507,3536018125,2935708090,1368691399,4129084022,9280135393,15301433208,29342725746,45476363834,67824963969,86501314306,142464042014,204617161236,282350660320,359455732013,395806837497,471882445309
15,부동산신탁,10905,교보자산신탁,E,SM012,자본적정성(손실위험도가중자산비율),D,손실위험도가중자산비율,0.27,0.44,0.4,0.29,0.29,0.28,0.44,0.33,0.23,0.26,0.26,0.09,0.1,0.1,0.11,0.25,0.23,0.25,0.36,0.36,0.46,0.56,0.6,0.65,0.7,0.69,0.66,0.69,0.68,0.72,0.71,0.42,.53,.57,.48,.51,.79,.84,.75,.42,.47,.45,.4,.4,.44,2.83,3.14,3.01,2.83,2,.8,.15,.66,1.99,2.06,2.85,5.9,9.38,7.7,12.14,19.09,22.75,29.29,25.94,30.02
16,부동산신탁,10906,한국자산신탁,E,SM012,자본적정성(손실위험도가중자산비율),A,손실위험도가중자산,10601275591.0,10637150244.0,11914781050.0,11930437964.0,10281488329.0,10002221670.0,3531994874.0,3422077629.0,3048498047.0,2967821541.0,2684527461.0,3109858260.0,3526768193.0,3758015571.0,4274151012.0,3788827389.0,9288283262.0,9316276246.0,10545665190.0,10899229203.0,11267169082.0,12797705907.0,13800380688.0,12941885826.0,12897033520.0,15878316750.0,13074210244.0,11892419984.0,12183035492.0,16190012610.0,19468963929.0,20709440468.0,20709440468, ,34378806275,42647223967,41646909244,41646909244,94535864349,77551829256,112495338381,173053302571,157329922731,101106233592,98198611602,85736490306,70683185225,61668788418,45716897328,44480006117,46771028542,26498223452,24661665707,27107669736,28810862150,31366542116,45726513788,48670942946,60003852873,89473220953,120349870049,132591153807,141198308349,163215723386,166177809608
17,부동산신탁,10906,한국자산신탁,E,SM012,자본적정성(손실위험도가중자산비율),B,자기자본,75116956652.0,86262411567.0,87732960234.0,87387137117.0,90158127930.0,95481096468.0,97920187680.0,103448520771.0,107515875616.0,109209756150.0,109941830006.0,111671844257.0,115399840395.0,119335209430.0,122316853261.0,124543041720.0,117976087423.0,120627143263.0,121625479348.0,124803233156.0,126756529186.0,131267296334.0,134679386692.0,154854855125.0,162450947028.0,170368291474.0,180792092182.0,196688790045.0,200445323295.0,207398436023.0,333226085428.0,351236093733.0,355521858415, ,400349788239,417069703574,426857426223,402652000756,409982369468,459360141991,417264820896,365158139642,417530329021,494770590038,512155221821,583196929965,635522286129,686428516192,691426604483,718058067062,731880306334,753061004450,756763570998,773140292209,790761809423,802721352598,802501847717,807689971022,815197510803,786689045399,736577310090,724976185250,734858454224,711055386733,707706999156
18,부동산신탁,10906,한국자산신탁,E,SM012,자본적정성(손실위험도가중자산비율),C,대손충당금 등,10820944405.0,10852273287.0,12120358672.0,12131650077.0,10484093517.0,10210913496.0,3775160334.0,3644151994.0,3299891886.0,3273589101.0,2955059238.0,3540820013.0,3974066489.0,4395866694.0,4927537551.0,4606262724.0,13259671919.0,12769691007.0,16696862117.0,15746411076.0,16886150546.0,19362220733.0,20990997609.0,20193273997.0,20090538749.0,25662564814.0,21867103459.0,22114373103.0,23087759381.0,31968773029.0,41433826331.0,47930868424.0,54190150443, ,71000471999,79775456509,78056263470,133670198213,159365756854,142028037724,194667329860,282637630955,257962528922,206872499797,191570481157,153810544819,122913814807,97572665815,76991578273,70431417046,74452087672,50279874690,41408236067,43494363972,45182274171,49427357576,68268162901,77622843645,96183013125,135725847139,179443002536,200968186340,222773432870,259693108517,265322386999
19,부동산신탁,10906,한국자산신탁,E,SM012,자본적정성(손실위험도가중자산비율),D,손실위험도가중자산비율,12.34,10.95,11.93,11.99,10.22,9.46,3.47,3.2,2.75,2.64,2.38,2.7,2.95,3.04,3.36,2.93,7.08,6.98,7.62,7.75,7.84,8.5,8.87,7.39,7.07,8.1,6.45,5.44,5.45,6.76,5.2,5.19,5.05, ,7.29,8.58,8.25,7.77,16.6,12.9,18.38,26.71,23.29,14.41,13.95,11.63,9.32,7.87,5.95,5.64,5.8,3.3,3.09,3.32,3.45,3.68,5.25,5.5,6.58,9.7,13.14,14.32,14.74,16.81,17.08
20,부동산신탁,11452,하나자산신탁,E,SM012,자본적정성(손실위험도가중자산비율),A,손실위험도가중자산,51515559318.0,53108970113.0,5861014122.0,5423212982.0,5685931261.0,7196231373.0,3024544590.0,4164626062.0,4266774677.0,4375289957.0,4480501502.0,4501389018.0,4600638822.0,5625850810.0,4942697587.0,4759133595.0,5129982018.0,4472900091.0,4814853521.0,3854106941.0,3692427033.0,2606662538.0,2518418271.0,2514453578.0,1927217474.0,1574839764.0,1540196884.0,1273315358.0,1676411861.0,1388317494.0,1262345602.0,580494996.0,504794326,586928839,1244484496,1491996040,1672442913,1613197557,1597909747,1479205128,1236737484,1198983652,1222669073,1252661204,8956499261,8683199105,1230424224,1006872461,1184694334,1030251872,3623715683,3859697872,3305387364,3519637756,3128884056,3417198499,16329494538,18973229426,27733837267,28172594297,40000458348,50260222067,63269295239,71211454348,114868609615
21,부동산신탁,11452,하나자산신탁,E,SM012,자본적정성(손실위험도가중자산비율),B,자기자본,48819837245.0,46953441883.0,47761297901.0,47712532844.0,48850355778.0,52891125955.0,53989636533.0,54700142398.0,56846621107.0,59310036736.0,59603760947.0,66239447557.0,67351812859.0,67611480662.0,72098844847.0,75311768246.0,75574221478.0,77199811856.0,79809607744.0,82639845261.0,84433643318.0,87620455467.0,90406206431.0,92900178719.0,95857104458.0,98309983809.0,102144888516.0,103273117280.0,106154323962.0,152312260273.0,158678415986.0,160096969567.0,146396321068,154805577854,163251038602,165402330227,169461368529,185857840764,197268237791,207374840907,227038412214,244023888380,256359848039,275983115984,295344390811,314838583317,342537259479,356272366181,357190842980,380561219174,397508590336,421027181116,424278427614,449209996235,460153335120,467246204206,461108413522,484266423209,493126456001,509887544184,492965821176,498862497563,502571163298,524590629151,488793730262
22,부동산신탁,11452,하나자산신탁,E,SM012,자본적정성(손실위험도가중자산비율),C,대손충당금 등,4250750019.0,5329181892.0,5995416960.0,5598082281.0,5967825981.0,7257438926.0,3068559661.0,4223166637.0,4289885225.0,4399094587.0,4500046345.0,4527064908.0,4629820406.0,5670579487.0,5227389355.0,5180946661.0,5550705582.0,5343781444.0,5233612150.0,4123343258.0,4035975620.0,3345589739.0,2785372203.0,2787707837.0,2194983791.0,2130668148.0,2477794116.0,2790901566.0,4679474275.0,4431048650.0,5175421174.0,6986783116.0,8653836478,10357893219,10353657954,13556152379,12319116474,10376354012,12440079205,13831379056,12360296963,14021254793,20148978669,15913564851,16243896080,16454153510,15386407928,14911738476,13380530176,9481834718,9330250562,8466562145,8153877297,10654245567,10805793109,22785952801,38838087004,41853799212,54437203336,55722608717,74876521369,89694835302,109392778515,126723545064,177062100223
23,부동산신탁,11452,하나자산신탁,E,SM012,자본적정성(손실위험도가중자산비율),D,손실위험도가중자산비율,97.07,101.58,10.9,10.17,10.37,11.96,5.3,7.07,6.98,6.87,6.99,6.36,6.39,7.68,6.39,5.91,6.32,5.42,5.66,4.44,4.17,2.87,2.7,2.63,1.97,1.57,1.47,1.2,1.51,0.89,0.77,0.35,.33,.36,.72,.83,.92,.82,.76,.67,.52,.46,.44,.43,2.87,2.62,.34,.27,.32,.26,.89,.9,.76,.77,.66,.7,3.27,3.61,5.06,4.98,7.04,8.54,10.34,10.93,17.25
24,부동산신탁,11643,코람코자산신탁,E,SM012,자본적정성(손실위험도가중자산비율),A,손실위험도가중자산,36408600656.0,842448433.0,954948433.0,1527230200.0,1527563533.0,1578480200.0,1577480199.0,1736743532.0,1727396866.0,1664063533.0,1636563533.0,1357445886.0,1327445886.0,1327445886.0,1327445886.0,1327445886.0,1327445886.0,1327445886.0,1102445886.0,1097884072.0,1397884072.0,1410096430.0,1080846430.0,1080846430.0,1070846430.0,1058634072.0,1056411850.0,4158276850.0,3878276850.0,4454821604.0,937625617.0,6815325850.0,2067194650, ,2852194650,2993911850,2013911850,4385257988,7425911850,27282318924,30483593919,38074369545,44835624798,63297366222,65146536546,98848927901,105374954480,105157175575,116100103067,117181831461,84788744816,150010500660,154041665861,160269863876,167663097039,165464345570,172395528527,197221562425,197342044466,186458610778,186770109417,185832041688,181996316568,98700618687,99664907049
25,부동산신탁,11643,코람코자산신탁,E,SM012,자본적정성(손실위험도가중자산비율),B,자기자본,68449589023.0,69752183708.0,73909918499.0,75207093404.0,71723396828.0,72848383889.0,73325147956.0,77108344629.0,76621360441.0,78035608378.0,80529162548.0,84900153689.0,77004284432.0,79573280145.0,84967648639.0,85538935420.0,83890589184.0,95692944313.0,99741239956.0,96634442517.0,99475540421.0,105042775721.0,109593177294.0,109959424090.0,110902670618.0,116386940378.0,118346475199.0,136084546925.0,136920263820.0,146133978697.0,180647225936.0,170415640131.0,174965913312, ,195968953156,205004943175,222682185843,228607989909,246631801135,236252035573,242287440355,242865052854,241713255681,253284496266,263053289321,225241514741,217717435667,288202381309,301076532894,333170178674,353932864696,362350598983,397729010945,411888113135,422405593389,428919262947,433471159897,400310832097,414603414592,424146204131,426094417666,428334212551,471723635430,469303540228,472137688828
26,부동산신탁,11643,코람코자산신탁,E,SM012,자본적정성(손실위험도가중자산비율),C,대손충당금 등,1392661250.0,1298791957.0,1357734485.0,1579725300.0,1583746808.0,1613751792.0,1615671490.0,1741638214.0,1654566968.0,-1579063533.0,-1579063533.0,1254945886.0,-11094290072.0,-11094290072.0,-11094290072.0,-9857343945.0,-7541695662.0,1303336474.0,2834880801.0,8158696965.0,6834032807.0,5794700339.0,4077147129.0,5575457750.0,5808496487.0,6010103072.0,10415141916.0,7311429558.0,9323626224.0,9704092719.0,13284083472.0,14706849269.0,17580108281, ,25542741613,26465936786,21070724975,28973309737,40955170514,70336645422,74989412093,88354574263,102535064853,127946074983,132722300504,186330385813,200324036245,207761207930,237232506869,236914511702,235237577801,235779471839,238601358874,253447229007,255240478556,253580772744,256763477137,265748800374,265808268737,254819417090,255870228814,255172368066,259972391172,169444051874,169941973981
27,부동산신탁,11643,코람코자산신탁,E,SM012,자본적정성(손실위험도가중자산비율),D,손실위험도가중자산비율,52.13,1.19,1.27,1.99,2.08,2.12,2.1,2.2,2.21,2.18,2.07,1.58,2.01,1.94,1.8,1.75,1.74,1.37,1.07,1.05,1.31,1.27,0.95,0.94,0.92,0.86,0.82,2.9,2.65,2.86,0.48,3.68,1.07, ,1.29,1.29,.83,1.7,2.58,8.9,9.61,11.5,13.02,16.6,16.46,24.02,25.21,21.2,21.57,20.56,14.39,25.08,24.21,24.09,24.74,24.24,24.98,29.61,29,27.46,27.39,27.19,24.87,15.45,15.52
28,부동산신탁,11877,신한자산신탁주식회사,E,SM012,자본적정성(손실위험도가중자산비율),A,손실위험도가중자산,162600681.0,173714966.0,178900933.0,287028892.0,381380747.0,408679579.0,486973103.0,522339382.0,515851704.0,1052972020.0,1083767825.0,1140226778.0,1365614266.0,1517379685.0,2466831143.0,4915624857.0,4617316210.0,5029546419.0,5917111314.0,7545131035.0,8977915784.0,11020803973.0,11611539114.0,9473687748.0,9555017471.0,13229157584.0,13708573886.0,12601742872.0,12920935256.0,12888852187.0,13560457713.0,9547194475.0,7546102100,7426073196,7771276741,8374263352,8130597019,8355987680,14518808709,14746444945,14798335301,16670568969,12422995159,11231004277,11320041654,9499723192, ,9199723192,9100924652,9103124652,8307671752,7358994906,6064972056,6044007923,6726007923,8290995774,9296520774,11324622984,15533119884,32078173116,65630046509,106270688564,142624347294,172390133212,182824161278
29,부동산신탁,11877,신한자산신탁주식회사,E,SM012,자본적정성(손실위험도가중자산비율),B,자기자본,10160339020.0,10653961014.0,11391484142.0,13315154453.0,14350418608.0,16465922130.0,17670285687.0,15546180307.0,15392348990.0,16474224139.0,17862776220.0,19353301964.0,19710817351.0,21466729823.0,23111464150.0,22221715072.0,21235841408.0,22351600554.0,24431915435.0,24903612317.0,24649272943.0,25578350609.0,26252980142.0,28311394998.0,29247346009.0,29753524084.0,32197757864.0,35675006853.0,36179660106.0,40888795681.0,45288289063.0,58306903380.0,65412104008,73767730638,80539949918,89466937256,86269220011,94434536747,97087120007,101341684921,108338411720,114455391668,121005301344,128208423407,135259493569,146521790320,9320773444,174467882656,191214985352,209431145089,226519563300,250478889865,269102153370,291491097205,306162681393,324834689024,341365181474,356355120604,369129060319,344889113608,331167878551,281137873909,255016842124,270954054578,263826965465
30,부동산신탁,11877,신한자산신탁주식회사,E,SM012,자본적정성(손실위험도가중자산비율),C,대손충당금 등,162600681.0,173714966.0,178900932.0,287028891.0,389227883.0,425013407.0,500396888.0,531370621.0,528488896.0,1068099225.0,1099737953.0,993398611.0,1207339711.0,1649890022.0,2534868746.0,4941724903.0,5474461649.0,5977478255.0,6289436246.0,8346530477.0,8927167156.0,10979521969.0,11579680303.0,9453970570.0,9564804266.0,13223482481.0,13718089237.0,12604769328.0,12956310795.0,12952538678.0,13592135125.0,9541861425.0,7513755240,7419961906,7702856513,8734230441,9882324516,10117338972,14844644175,14844644175,14649873944,17766100334,17384488828,16649109884,16982983247,14182209954,158522108696,12948293289,12715381728,12690864047,12948673425,10061965810,9778997298,10154492317,9791029486,11531587459,11237771789,11239876034,14498872686,51784472965,57174817445,148627449458,183226592748,226963491375,239432457081
31,부동산신탁,11877,신한자산신탁주식회사,E,SM012,자본적정성(손실위험도가중자산비율),D,손실위험도가중자산비율,1.58,1.6,1.55,2.11,2.59,2.42,2.68,3.25,3.24,6.0,5.72,5.6,6.53,6.56,9.62,18.1,17.29,17.75,19.26,22.69,26.74,30.15,30.69,25.09,24.62,30.78,29.86,26.1,26.3,23.94,23.03,14.07,10.35,9.15,8.81,8.53,8.46,7.99,12.97,12.69,12.03,12.61,8.98,7.75,7.44,5.91,0,4.91,4.46,4.1,3.47,2.82,2.17,2,2.13,2.46,2.64,3.08,4.05,8.09,16.9,24.73,32.54,34.62,36.33
32,부동산신탁,11892,우리자산신탁,E,SM012,자본적정성(손실위험도가중자산비율),A,손실위험도가중자산,266556632.0,2746458796.0,2722582509.0,4497187911.0,4571530379.0,4606342707.0,4713805721.0,4675574776.0,4784444111.0,4622508748.0,4639151761.0,4620114775.0,4604903820.0,4103103820.0,4197555982.0,4201657103.0,4051184302.0,4049712708.0,4422431339.0,4835819297.0,5363018971.0,3240075904.0,3264175904.0,2694943834.0,2759012130.0,2839756140.0,2817976240.0,2734932734.0,2726132734.0,2761132734.0,2782246724.0,2610268403.0,2361812388,2328609768,2102237236,2108061962,2125661962,2221450715,2194991991,4377454577,4429194787,4618338658,4783596892,12014546462,10928665402,11130960199,13995121499,15519204012,15392860042,15452932020,22739113792,22628574096,10788862555,11160538785,12568984481,14996011032,14951639404,13940287836,16034369204,32348910927,48659788309,75339504596,98577931460,129021085863,156043950750
33,부동산신탁,11892,우리자산신탁,E,SM012,자본적정성(손실위험도가중자산비율),B,자기자본,5004006839.0,2832448178.0,3507181642.0,8449549929.0,8304263724.0,9507317282.0,9905636039.0,11548569700.0,15182672473.0,15354634059.0,15271898185.0,15294600000.0,15294600000.0,15711564249.0,16717566105.0,18621115650.0,17157836283.0,18592451901.0,18883739282.0,17824896799.0,18000661676.0,19968788068.0,20834027343.0,24061398928.0,24737847854.0,28340252044.0,31551314047.0,36905170250.0,41915873277.0,39974491237.0,41418270879.0,46351451640.0,42260880562,49433024141,51206906195,57456220587,53036734103,61299660489,67951622818,75287112638,72137730391,80603866084,87346203273,89270637468,96910681561,108107878853,113850275087,122535382234,130538570328,143064110760,144084576483,151655632425,187599334941,206784838610,222058324012,225059533396,241242511397,261592342628,274982098267,252595883096,449840654364,444438934084,444978868416,428402313185,413778311402
34,부동산신탁,11892,우리자산신탁,E,SM012,자본적정성(손실위험도가중자산비율),C,대손충당금 등,326776695.0,2772893058.0,2747452276.0,4507471985.0,4583470245.0,4615804930.0,4722993681.0,4685752762.0,2775562562.0,2824405886.0,2838461128.0,3443940328.0,3255943577.0,4127375752.0,4210300103.0,4216277053.0,4064692755.0,4104355055.0,4577459909.0,4853011216.0,5371239362.0,3249635323.0,3271553600.0,2739573486.0,2811457869.0,2887240826.0,2846858185.0,2726132734.0,2791784653.0,2777206764.0,2817372051.0,2642228308.0,2428372379,2421586275,2214394250,2348648455,3368138408,2954978730,4630515318,6730742282,7239410116,7702502977,9104208820,16052350757,17266879962,16472016271,19270914023,20463290621,20125627971,20404568507,31180078787,31161953480,11416434796,12580031056,14206640506,16532113323,16964207836,16757125374,21130406932,38727050875,57114024411,86340697867,111915013496,143673134201,170823933930
35,부동산신탁,11892,우리자산신탁,E,SM012,자본적정성(손실위험도가중자산비율),D,손실위험도가중자산비율,5.0,49.0,43.53,34.71,35.47,32.62,32.22,28.8,26.64,25.43,25.62,24.66,24.82,20.68,20.06,18.4,19.09,17.84,18.85,21.32,22.95,13.95,13.54,10.06,10.01,9.09,8.19,6.9,6.1,6.46,6.29,5.33,5.28,4.49,3.94,3.52,3.77,3.46,3.02,5.34,5.58,5.23,4.96,11.41,9.57,8.93,10.51,10.85,10.22,9.45,12.97,12.38,5.42,5.09,5.32,6.21,5.79,5.01,5.41,11.1,9.6,14.19,17.7,22.55,26.69
36,부동산신탁,12279,무궁화신탁,E,SM012,자본적정성(손실위험도가중자산비율),A,손실위험도가중자산,,,,0.0,0.0,0.0,0.0,2000000.0,6774310.0,22935429.0,19201500.0,67445723.0,21536799.0,80387235.0,151381876.0,291649818.0,405411914.0,398401388.0,592512658.0,636746310.0,568744763.0,934886169.0,372164978.0,377574502.0,365387002.0,377785949.0,420313244.0,895446062.0,719313405.0,395243409.0,652150748.0,654672651.0,864831116, ,1111889440,1071323832,1119732035,1399935918,1517698367,1366823004,1896811264,2728465354,6450720469,4939493548,4929187614,5934834713,6055447629,6542922417,7306525291,17089469604,20987270529,23480278586,28913066364,28855166152,30435557984,30689564400,31146626597,33296568100,35325203562,39236673124,40149772356,40609810718,52355085941,42375318145,28223793602
37,부동산신탁,12279,무궁화신탁,E,SM012,자본적정성(손실위험도가중자산비율),B,자기자본,,,,9413361612.0,9218940516.0,9506111298.0,9607592557.0,10378722694.0,10520239936.0,10548141107.0,10490850325.0,10856610595.0,10860076416.0,11395811639.0,11680306171.0,11690298119.0,10895318849.0,11389338344.0,11047091329.0,11538133352.0,11455994546.0,11623464745.0,12488842211.0,13479297172.0,13806435942.0,15429651300.0,17203649904.0,18279172938.0,18985207001.0,22791147955.0,24704721550.0,27072381747.0,27356850577, ,32945412161,38370828147,52419009949,56437264620,59541667021,65018448371,66451575864,69733819883,73563254753,108493268042,114444242563,118515682680,121351209560,132277401299,128693625247,125910251732,195897874632,203279196536,198348101519,210222221634,230529171659,235308261022,223358925222,224932935653,226804044721,246260821999,236666104918,225026806729,188739482390,89009882014,85911301084
38,부동산신탁,12279,무궁화신탁,E,SM012,자본적정성(손실위험도가중자산비율),C,대손충당금 등,,,,388881.0,675675.0,2415600.0,2209120.0,5469754.0,12558147.0,27695908.0,23433387.0,72371434.0,31010997.0,88493179.0,165504265.0,303252933.0,419323534.0,545438529.0,747490633.0,649211508.0,573264906.0,938510633.0,375801902.0,390171624.0,424133958.0,526360456.0,599105489.0,1114237063.0,1203590037.0,604848295.0,860919606.0,1181669500.0,1289422064, ,2040928220,1829824171,1234346022,4052550129,4162414489,4875326705,5886586027,6283329781,8425630017,8459914629,9418590938,9541801450,12833017724,10260497765,13874781906,30683200112,35489582450,41832403039,43038599060,43690469950,46902050615,47677765223,48824375740,53277109883,56853317292,56952720360,39505602415,63701231293,53843737726,141646391795,157883229613
39,부동산신탁,12279,무궁화신탁,E,SM012,자본적정성(손실위험도가중자산비율),D,손실위험도가중자산비율,,,,0.0,0.0,0.0,0.0,0.02,0.06,0.22,0.18,0.62,0.2,0.7,1.28,2.43,3.58,3.34,5.02,5.22,4.73,7.44,2.89,2.72,2.57,2.37,2.36,4.62,3.56,1.69,2.55,2.32,3.02, ,3.18,2.66,2.09,2.31,2.38,1.96,2.62,3.59,7.87,4.22,3.98,4.63,4.51,4.59,5.12,10.91,9.07,9.58,11.98,11.36,10.97,10.84,11.44,11.97,12.45,12.94,14.54,14.07,21.58,18.37,11.58
40,부동산신탁,12306,코리아신탁,E,SM012,자본적정성(손실위험도가중자산비율),A,손실위험도가중자산,,,,,0.0,0.0,0.0,0.0,,116488053.0,111297611.0,118473870.0,119681366.0,121358835.0,125607667.0,192157468.0,182494145.0,272044343.0,318234903.0,453282765.0,636093277.0,564856051.0,575413329.0,645695817.0,549607758.0,538201228.0,684605990.0,679161507.0,719922466.0,873573356.0,785326865.0,618742367.0,1098647944,1217696715,1544870470,2055452759,1934000989,2241012916,2093858172,2808137378,3147552986,3977500634,4989050046,4192543395,4945188233,6568280333,6890435545,8242647893,7800421753,8042382299,9337352519,5470210533,6680539705,7044092231,8194595061,9344178460,11001730475,15604510446,21975545874,26132858730,32547005407,58818933954,51993135108,65819240028,71613845469
41,부동산신탁,12306,코리아신탁,E,SM012,자본적정성(손실위험도가중자산비율),B,자기자본,,,,,9029537227.0,8407445075.0,8011379784.0,8039074144.0,,8272213012.0,8380553563.0,9227913847.0,92240355537.0,10098813507.0,10741853115.0,11370339662.0,11965783804.0,12832122633.0,14092917740.0,15128710176.0,15749211592.0,16889828913.0,17412281353.0,18024271339.0,19201511216.0,20213747524.0,21265927533.0,23883072333.0,25755391318.0,29745857313.0,34022749774.0,38770423725.0,42677548489,45142403243,51232550056,56038464053,60053471334,64509266826,71863568156,78480542216,80302414072,85582499720,91637871373,100917680797,104703780218,109928878955,117343041267,124419893916,128218814327,137362621255,149787677702,161998076492,165931037108,176806762604,186410114435,192713760850,196870458187,201448804712,200884294462,203904540360,199889293839,188924287426,182404685376,169306709670,165008948226
42,부동산신탁,12306,코리아신탁,E,SM012,자본적정성(손실위험도가중자산비율),C,대손충당금 등,,,,,952440.0,3871512.0,1355754.0,111688575.0,,116488053.0,116488053.0,148333456.0,153101482.0,153101482.0,172831720.0,225888810.0,208972930.0,272044343.0,342593806.0,453282765.0,636093277.0,564856051.0,575413329.0,645695817.0,549607758.0,538201228.0,684605990.0,1032431268.0,1176882083.0,1189693678.0,1150092461.0,963963810.0,1603592002,2207220831,3145508060,3859711840,4415725426,4843482515,4487447648,5253989224,6284169159,8838975864,12242291895,8390806979,8655187503,11272469577,10617965140,12929850710,12598119642,13079702747,12441414153,7466018755,8462041266,9160164836,10983641435,11872018153,14972021950,19459821060,29550880354,36729769862,45759967091,61881726022,72841510705,91950561581,100075246565
43,부동산신탁,12306,코리아신탁,E,SM012,자본적정성(손실위험도가중자산비율),D,손실위험도가중자산비율,,,,,0.0,0.0,0.0,0.0,,1.39,1.31,1.26,0.13,1.18,1.15,1.66,1.5,2.08,2.2,2.91,3.88,3.24,3.2,3.46,2.78,2.59,3.12,2.73,2.67,2.82,2.23,1.56,2.48,2.57,2.84,3.43,3,3.23,2.74,3.35,3.64,4.21,4.8,3.84,4.36,5.42,5.38,6,5.54,5.35,5.76,3.23,3.83,3.79,4.15,4.57,5.19,7.06,9.54,10.86,13.25,23.45,20.37,25.19,27.02
44,부동산신탁,16953,대신자산신탁,E,SM012,자본적정성(손실위험도가중자산비율),A,손실위험도가중자산,,,,,,,,,,,,,,,,,,,,,,,,,,,,,,,,,,,,,,,,,,,0,0,0,0,0,0,0,0,0,0,0,0,0,154859542,3017710181,20722635936,18771490329,17079429473,24021587441,18868308439,20153624407,30014655199,34880676891
45,부동산신탁,16953,대신자산신탁,E,SM012,자본적정성(손실위험도가중자산비율),B,자기자본,,,,,,,,,,,,,,,,,,,,,,,,,,,,,,,,,,,,,,,,,,,97340599312,96745100020,96458278719,96104338365,96694299409,97151853906,97878626023,148525600277,149857130587,150788758374,151962696541,156266001144,157467066390,156763816358,159834759780,159821325952,164357341244,167164406983,141019551316,148752030438,149168491611,148375590189,141745635467
46,부동산신탁,16953,대신자산신탁,E,SM012,자본적정성(손실위험도가중자산비율),C,대손충당금 등,,,,,,,,,,,,,,,,,,,,,,,,,,,,,,,,,,,,,,,,,,,0,0,0,0,0,0,0,0,0,0,0,0,0,388978016,3360943902,21431362063,19817522993,23300856219,36044697096,33308808392,35274044757,45099478863,49627004631
47,부동산신탁,16953,대신자산신탁,E,SM012,자본적정성(손실위험도가중자산비율),D,손실위험도가중자산비율,,,,,,,,,,,,,,,,,,,,,,,,,,,,,,,,,,,,,,,,,,,0,0,0,0,0,0,0,0,0,0,0,0,0,.1,1.85,11.43,10.19,8.97,13.57,10.36,10.93,15.51,18.23
48,부동산신탁,17106,한국투자부동산신탁,E,SM012,자본적정성(손실위험도가중자산비율),A,손실위험도가중자산,,,,,,,,,,,,,,,,,,,,,,,,,,,,,,,,,,,,,,,,,,,,0,0,0, ,0,0, , , , , , , ,7443044000,15833034156,16926183282,6751435942,20323591541,39289190769,36815263713,43242186111,56314725910
49,부동산신탁,17106,한국투자부동산신탁,E,SM012,자본적정성(손실위험도가중자산비율),B,자기자본,,,,,,,,,,,,,,,,,,,,,,,,,,,,,,,,,,,,,,,,,,,,44179694780,41795510741,39364353163,37455519274,36287432487,35403220767,184890462911,187389779611,187992230124,191903432165,195169605145,201554710343,202948792450,199669813394,199115676388,199115676388,207947854103,201519562258,201230842642,201230842642,201230842642,202424739560
50,부동산신탁,17106,한국투자부동산신탁,E,SM012,자본적정성(손실위험도가중자산비율),C,대손충당금 등,,,,,,,,,,,,,,,,,,,,,,,,,,,,,,,,,,,,,,,,,,,,0,0,0, ,73036065,38550935,72601780,75116213,105402563,235091122,469702935,1250460610,2326629629,13565235750,20203183211,27501429201,22283377193,39366479042,49025773979,63804253082,65415041623,74641300458
51,부동산신탁,17106,한국투자부동산신탁,E,SM012,자본적정성(손실위험도가중자산비율),D,손실위험도가중자산비율,,,,,,,,,,,,,,,,,,,,,,,,,,,,,,,,,,,,,,,,,,,,0,0,0,0,0,0,0,0,0,0,0,0,0,3.49,7.22,7.47,2.93,8.44,15.7,13.89,16.22,20.33
52,부동산신탁,17107,신영부동산신탁,E,SM012,자본적정성(손실위험도가중자산비율),A,손실위험도가중자산,,,,,,,,,,,,,,,,,,,,,,,,,,,,,,,,,,,,,,,,,,,,0,0,0,4400000,8000000,6160000,16060000,91400000,108960000,111376116,269340000,265278604,378012881,699459525,1439258841,2226185324,3188593681,5250028820,7346203726,8679695036,10161196871,12231226840
53,부동산신탁,17107,신영부동산신탁,E,SM012,자본적정성(손실위험도가중자산비율),B,자기자본,,,,,,,,,,,,,,,,,,,,,,,,,,,,,,,,,,,,,,,,,,,,25786859828,24454635152,24326688583,24747278024,26310980508,96791610108,98680321406,102154292910,105429251536,108431292992,112741802114,118126880947,123303163147,126258603155,124347515017,127708237838,130934066672,130699261565,126212214571,127713304222,128483384463,125909612875
54,부동산신탁,17107,신영부동산신탁,E,SM012,자본적정성(손실위험도가중자산비율),C,대손충당금 등,,,,,,,,,,,,,,,,,,,,,,,,,,,,,,,,,,,,,,,,,,,,935163,1820420,6577052,8579986,10978031,29232938,410743688,550974258,703899431,744976832,927854094,964320021,1096831193,1675476714,3067217269,4052409614,5578357357,7925508899,10917160560,12623839866,14744094751,17726782144
55,부동산신탁,17107,신영부동산신탁,E,SM012,자본적정성(손실위험도가중자산비율),D,손실위험도가중자산비율,,,,,,,,,,,,,,,,,,,,,,,,,,,,,,,,,,,,,,,,,,,,0,0,0,.02,.03,.01,.02,.09,.1,.1,.24,.22,.3,.55,1.13,1.69,2.34,3.79,5.36,6.18,7.09,8.52
