,금융구분,금융회사코드,금융회사명,통계분류,통계표코드,통계표명,코드,구분,200903,200906,200909,200912,201003,201006,201009,201012,201103,201106,201109,201112,201203,201206,201209,201212,201303,201306,201309,201312,201403,201406,201409,201412,201503,201506,201509,201512,201603,201606,201609,201612,201703,201706,201709,201712,201803,201806,201809,201812,201903,201906,201909,201912,202003,202006,202009,202012,202103,202106,202109,202112,202203,202206,202209,202212,202303,202306,202309,202312,202403,202406,202409,202412,202503,202506,202509,202512
0,부동산신탁,10902,한국토지신탁,E,SM011,자본적정성(고정장기적합비율),A,고정자산,455581072961,408832175810,371542821016,375495382174,323667495075,325085959041,275501594132,355637901456,334685086847,300783878086,272878711317,346772275653,336086397836,306920504874,307927380555,311380828111,298767458995,299720441866,264637423758,256007069270,227746937372,218736213957,246673360662,218544106419,206505484185,214217791942,182465867904,271238380186,272575971968,265260941345,391536819431,408182845306,354201636566,354029541287,377469664156,492657825032,423848867195,322656596313,341456750533,407112757876,463065422865,486363826012,508559902184,511364933621,502148668431,514421873181,591214769011,547823726778,643279056301,689242670011,856944241263,738173611862,766952556328,773935097789,778956896063,894851379966,836564349201,936572798260,961150103682,940795699525,1024031522421,1000788162695,1072878662498,1080789025770,1062479178062,1114435203567,1083487192718,1132243479079
1,부동산신탁,10902,한국토지신탁,E,SM011,자본적정성(고정장기적합비율),B,자기자본,266912232007,267741703137,277543434481,280331145641,281419247895,266258147319,220171421043,208935483525,235524204246,250070044704,256930979959,273430453042,273532233944,277506119669,296703779412,309775260259,300504990384,333177619523,344178021197,345583659658,356542578664,378280861040,399243903648,413635969476,425447882522,443390756158,471400169825,485285607631,487960658094,503644500318,524387105559,527049470811,534612606601,570801994565,589568602579,614408159300,605819223399,630019854454,625276435950,651726236769,649360340336,654207297507,657706052486,655797871905,650351753661,658375692420,662190427425,710916540790,705715562381,752550516186,782682742343,783070053348,770531604922,786082115931,800156353301,804329943822,771327809254,776136098545,770665838523,784513266755,777487739804,790177297850,790023888538,788618625639,793740393976,782857306471,771336217958,780955094053
2,부동산신탁,10902,한국토지신탁,E,SM011,자본적정성(고정장기적합비율),C,고정부채,315423095442,332497252981,279476179814,309214580246,251331245686,249926843400,274149364165,236602776713,217840523459,193681379311,157077237452,172622568161,159936991811,194525659574,179252620500,152739696324,139077010404,82279046265,77324411666,77420899478,57678449215,44092351307,35565956948,35931914624,36131510719,13926421460,10115538954,41267451613,71481165120,72752825137,172634032843,164506099651,311991913283,312366707889,313246587865,313595991070,261443526147,261776730184,221036087602,222477177394,73690265895,171751032722,167768273809,170678649024,368340879467,367471266934,373386782614,348429360973,349367828642,250257611964,309096647343,316687378203,222900702796,227151899715,226500945865,227278913312,309919604835,451089022245,457093131876,263311124260,341334112261,249049242900,310412433768,376440266066,308060491372,366875323672,367324177358,311738030278
3,부동산신탁,10902,한국토지신탁,E,SM011,자본적정성(고정장기적합비율),D,고정장기적합비율,78.23,68.11,66.7,63.69,60.75,62.98,55.73,79.82,73.82,67.78,65.91,77.74,77.53,65.02,64.7,67.32,67.97,72.14,62.78,60.52,54.98,51.79,56.73,48.61,44.74,46.84,37.89,51.51,48.72,46.02,56.17,59.02,41.84,40.09,41.81,53.09,48.87,36.18,40.35,46.57,64.04,58.88,61.61,61.87,49.29,50.15,57.09,51.71,60.97,68.73,78.49,67.12,77.2,76.38,75.87,86.74,77.37,76.32,78.28,89.79,91.53,96.3,97.5,92.77,96.43,96.93,95.15,103.62
4,부동산신탁,10903,KB부동산신탁(주),E,SM011,자본적정성(고정장기적합비율),A,고정자산,23790995594,32554829974,49341346479,50624363949,50833225914,31405436222,31107093164,31461811201,31887605136,31998512661,32158533438,31851887016,32514601614,33892903349,35064159450,35178713034,36346861766,37510115875,37895190012,37721119544,38027399961,41154850808,41883450236,43030737235,44742442141,25163770813,23766319117,24736990754,27299894265,27153388840,29337290434,28795207783,28496802439,28416654497,33809476469,29256717720,29304343145,36028925276,39165641682,44899072862,64187235208,66012727096,64484014254,64561389623,66336319426,67486379540,67775227053,72529728128,74269201056,74597751350,73870946148,72601388315,74256295347,77514922228,79408652007,214329608805,252769104904,330208560150,345774702477,358362282064,462645864969,489738277158,568120866445,721836810419,723780115333,693511865473,699117034094,620904791152
5,부동산신탁,10903,KB부동산신탁(주),E,SM011,자본적정성(고정장기적합비율),B,자기자본,101629911177,97686756923,112178115725,121302690488,125573689011,128569602965,130805324892,124847278377,133461677849,133496691263,139355813269,144644575371,150489099474,152561457389,160588093666,166209672522,159176429304,159670437567,156220470257,151862540536,154185342698,159067791100,170579730198,183957853415,189585083872,191517074291,195759877745,201267083316,156987257307,167460627621,174766144583,181089806879,168898579433,178514141836,184420258624,196317293893,198342537255,204879858038,221096128189,231726244534,243359695356,256536645800,267501422208,288405578622,277873711600,287514335181,300442839519,312182612655,304780570689,321533229423,348098778267,363476369452,338801958045,356676990811,377367372271,387097001696,368894477515,374964557135,362623287261,269881374425,217616411854,343152944356,497361314802,469389029937,474655202630,440891989729,441567798107,377832634244
6,부동산신탁,10903,KB부동산신탁(주),E,SM011,자본적정성(고정장기적합비율),C,고정부채,14328416984,68170025638,72321995324,73895260051,73924677786,33645509231,33731593699,30773623641,76952024752,73870590564,70419197421,68557555788,64640691775,56282639038,26984577558,17093469497,2457020389,2231410539,2267687666,2113827274,2224455791,2316769878,2403587267,2811195172,2862608106,1965065362,2054537970,2162512565,1925288981,2009651989,2091093853,2010177041,2040161739,2165393558,2328061549,2477188100,2572414228,2639351901,2820514635,3704517333,24384537565,22030188055,21733385996,21005989791,20987906914,21130633744,20908667577,20886247414,20907295750,20759276044,20511837284,19046472246,18893444915,21370692210,21048080106,20702124427,19840582222,20011663181,20015473842,99368332868,74140525644,103002930154,276891855232,419305653305,319859489739,372658868194,348780810167,211494055068
7,부동산신탁,10903,KB부동산신탁(주),E,SM011,자본적정성(고정장기적합비율),D,고정장기적합비율,20.52,19.63,26.74,25.93,25.48,19.36,18.91,20.22,15.15,15.43,15.33,14.94,15.11,16.23,18.69,19.19,22.49,23.17,23.91,24.5,24.31,25.5,24.21,23.04,23.25,13.01,12.01,12.16,17.18,16.02,16.59,15.73,16.67,15.73,18.1,14.72,14.59,17.36,17.49,19.07,23.97,23.7,22.29,20.87,22.2,21.87,21.09,21.78,22.8,21.79,20.04,18.98,20.76,20.5,19.93,52.56,65.02,83.6,90.37,97.05,158.57,109.77,73.38,81.22,91.1,85.25,88.46,105.36
8,부동산신탁,10904,대한토지신탁,E,SM011,자본적정성(고정장기적합비율),A,고정자산,48782902088,48720788905,48608221076,47789800721,47572413881,52868100579,54741113629,58545422461,57102595643,57176570044,64758953177,50237275553,48387785908,47920150161,46670574709,46632240975,45579512852,45068866273,38626942020,40254291875,39301040586,67768438595,66038255522,64343091317,63283412832,61837286743,61393024856,40392320230,42973016063,59085872522,58483903856,61398865191,63928161761,63546294377,76952265233,77174663712,77195402543,70428761596,73643498938,80099937371,85215093274,88445296162,85643702594,85756514985,82887766724,74575718908,73998648256,74824529649,82581411895,87580694183,87719531172,100078744476,99395515814,105310690644,104588330196,108985465511,109790979241,108729117426,115391376059,116958959038,123473214943,131175822302,135277634526,131489389878,131944742990,138942569684,124417530457,152458994192
9,부동산신탁,10904,대한토지신탁,E,SM011,자본적정성(고정장기적합비율),B,자기자본,161695492125,164573561276,166014094665,170453918039,170466202009,170971198926,165828915353,174281156699,165728039923,156138237552,152645914022,123119837041,126755419499,128592983450,131746767544,130143115655,130394552843,129408635106,147515363051,143840647985,142148854035,145324069849,148727550649,151623333594,149778900397,151334111530,155280295017,165559412543,164946649005,166144160506,174730592294,184644292548,180821755688,180968222908,230028461221,235018007369,227837785301,235875453894,207452690991,212151235554,226042843773,227757895488,222612070480,252665235465,256126027546,248337586249,268247392821,280619348060,292529072655,310789462656,317219863324,332573577311,331118828801,343344943266,363940385608,359479238216,349484987361,348672300753,341169887690,346988467614,341920311197,344075674775,346046657878,394237189582,397035292418,398873228639,373228439560,453371847711
10,부동산신탁,10904,대한토지신탁,E,SM011,자본적정성(고정장기적합비율),C,고정부채,22690274754,22647284551,22793980195,22018664567,2150496259,2432870672,2645711745,1786870859,1134143469,1265732812,1255116069,40918195064,40565179480,40565040500,25564890240,5526000000,526000000,1972167156,2102315660,1692934932,1796754258,26768116090,26946688754,26607304824,26843772056,26887548176,27069675818,33020632197,33205593072,33666982552,33892752727,26113849764,26362660671,40915381648,36710672568,35714170623,85302832811,94974301424,97767380457,91779333500,93310919906,87667446249,47418146124,34017458713,33606644767,36836666571,29111435738,78350896363,86283547606,116128131668,110855644774,112164034742,107988310024,107855729428,107601929547,59974785237,71853925379,67136131355,66509378689,106065511723,160141329692,181270938753,180345744775,171118920522,159836281903,164940436508,153485736079,276892871091
11,부동산신탁,10904,대한토지신탁,E,SM011,자본적정성(고정장기적합비율),D,고정장기적합비율,26.46,26.02,25.74,24.83,27.56,30.49,32.49,33.25,34.22,36.32,42.08,30.63,28.92,28.33,29.67,34.37,34.81,34.3,25.82,27.66,27.3,39.38,37.59,36.1,35.83,34.7,33.67,20.34,21.69,29.57,28.03,29.13,30.86,28.64,28.85,28.51,24.65,21.29,24.13,26.35,26.68,28.04,31.72,29.91,28.61,26.15,24.89,20.84,21.8,20.51,20.49,22.5,22.64,23.34,22.18,25.98,26.06,26.15,28.3,25.82,24.59,24.97,25.7,23.26,23.69,24.64,23.62,20.88
12,부동산신탁,10905,교보자산신탁,E,SM011,자본적정성(고정장기적합비율),A,고정자산,28814167547,27822417778,29606251989,24044072764,27471292204,29500453056,26403650129,24144035638,24294499757,24525576299,24715321698,24629023034,22027255461,25185601474,25175944479,21364592165,21390456769,21673005892,21811848305,21373047814,21724737682,21870622253,21156932192,17873561926,17883033293,17655999935,18115411959,14677148623,15922282667,16282783970,18837300483,15708080295,15996076815,20997223861,30109081863,32507246304,34272099011,36616367442,32643873067,32846638314,42615148878,41958611380,39170687110,38172628346,39098076922,43272593648,42882656139,49294787780,67430468538,54084026100,52679278784,98014113830,113777717099,140887980198,159677865519,206707482504,202111910505,213572792963,239821374518,385986370229,349723221248,382423339438,403776320096,522197093513,459319039794,509249534276,547208896190,528338901148
13,부동산신탁,10905,교보자산신탁,E,SM011,자본적정성(고정장기적합비율),B,자기자본,56325180540,58686198102,60870974890,62716725211,60657236917,62579361305,63161612701,63940104780,62946645481,64132967495,65089423312,65915571256,64715806050,65354538338,65507782755,64800723175,64426601431,64977404876,65551872840,64859633542,64538634630,65374609394,67123471182,66180786735,68362970388,71836104427,75376124837,75723756572,73714882232,79865892419,85590316130,89623778457,86565385436,92361323762,100856431934,103064803594,90973525516,99098556939,106940541980,110417951419,102947629120,112112883496,120371110189,122529438112,126080875968,129903981457,133789123786,138195011155,144354586924,152179986738,311553615814,313258546454,318826721328,324141259180,333550228923,332515593650,332620656225,323758741720,475593508066,433262200275,398171732945,352031487671,295981191006,493341151686,439582052409,411112533155,424556063629,327526140767
14,부동산신탁,10905,교보자산신탁,E,SM011,자본적정성(고정장기적합비율),C,고정부채,1390016793,1880390737,2075201174,1512382128,1670992358,2143000208,2195851797,1433815530,1286744907,1294487275,1649626644,872026173,973648606,983155776,1289941151,1002128749,1054430022,1474812011,1117846506,866486773,1277844929,1464812472,1788056363,259398153,445407206,345596455,820019138,2037481225,2336827589,2629333519,2629333519,2501938378,2501938378,2853984350,2170007697,2211049608,2377793881,2737226627,3096665138,3152446055,13881845787,13691457581,12167599640,9274648747,13691457581,9261520458,8977340294,5846420081,5426047353,4677399609,4677399609,4677399609,4677399609,22942969117,23448451807,24000236345,23015880600,24019853984,23454292718,35653873129,105201971408,126501166012,97191734685,181850660185,117433365743,146141547683,303505526639,316621990129
15,부동산신탁,10905,교보자산신탁,E,SM011,자본적정성(고정장기적합비율),D,고정장기적합비율,49.92,45.94,47.03,37.43,44.08,45.58,40.4,36.93,37.82,37.49,37.03,36.88,33.53,37.97,37.69,32.47,32.67,32.61,32.72,32.52,33.01,32.72,30.7,26.9,25.99,24.46,23.77,18.87,20.94,19.74,21.35,17.05,17.96,22.05,29.22,30.88,36.71,35.96,29.67,28.92,36.48,33.35,29.55,28.96,27.97,31.09,30.04,34.22,45.02,34.48,16.66,30.83,35.17,40.59,44.73,57.98,56.83,61.41,48.06,82.31,69.48,79.92,102.7,77.34,82.46,91.39,75.16,82.02
16,부동산신탁,10906,한국자산신탁,E,SM011,자본적정성(고정장기적합비율),A,고정자산,25920335634,26683684815,64334917430,63591713526,57996666302,93996925179,95137750459,85640553791,66513411965,69632296876,80914379006,84980824357,84131150915,127365779641,131656478584,138811995287,163064078140,167051699715,168349949293,147860106794,146980203739,157009604926,162998209563,179844992321,177724851937,196464973107,210549177592,217019835211,207995277027,249537455724,316604277162,372264745211,375040275355,393262690008,394050362409,482014199190,465225879632,532888197407,521821171269,556587417609,697491699338,708901149472,682615036760,517837718884,406911811995,392363963387,358482584588,287541533918,289190395466,301248456587,344293023719,403828203760,408679157938,439642429308,467469177360,542433437898,632576139890,665728260156,727559713038,890187596135,932828505648,1010548010311,1068877202929,1042829512780,998082009148,878935830372,881551558161,1005616208338
17,부동산신탁,10906,한국자산신탁,E,SM011,자본적정성(고정장기적합비율),B,자기자본,75116956652,86262411567,87732960234,87387137117,90158127930,95481096468,97920187680,103448520771,108859162265,110513732464,110624170943,112027257579,115399840395,119335209430,122316853261,124543041720,117976087423,120627143263,121625479348,124803233156,126756529186,131267296334,134679386692,154854855125,162450947028,170368291474,180792092182,196688790045,200445323295,207398436023,333226085428,351236093733,355521858415,385039164990,400349788239,417069703574,426857426223,402652000756,409982369468,459360141991,417264820896,365158139642,417530329021,494770590038,512157918234,562111059127,635522286129,686428516192,691426604483,718058067062,731880306334,753061004450,756763570998,773140292209,790761809423,802746306997,802501847717,807689971022,815197510803,786689045399,736577310090,724976185250,734858454224,711055386733,707706999156,714154947186,786046361156,771509768951
18,부동산신탁,10906,한국자산신탁,E,SM011,자본적정성(고정장기적합비율),C,고정부채,18243844235,18487327783,37060299840,38552604785,36983820949,37390800236,37276629683,37143670396,35731722226,35964463253,36104080551,35913267009,36078890244,36228486232,36393817995,35934917372,35883861101,44038900507,39193939913,36660773592,26189884327,26313039382,35166258408,50879207887,38110947605,44355610241,50807272877,33969548596,34149818642,34213795688,34394065734,26082260935,26224471107,36455692279,100476241212,114289489478,159523588287,158301074878,52693450989,102104126384,254513536268,363157295106,291357577572,264422708594,264853126209,211642533564,127486398343,92583466698,95111257149,35510907453,35886078401,35851339729,36346746816,57941839492,53768245146,55997508869,64306869769,57539046624,46381587749,58758235568,53333302493,231844456137,152949419604,201415338853,239161665421,284271313817,183586485295,182839985283
19,부동산신탁,10906,한국자산신탁,E,SM011,자본적정성(고정장기적합비율),D,고정장기적합비율,27.76,25.47,51.55,50.49,45.62,70.74,70.37,60.91,46,47.54,55.15,57.44,55.54,81.87,82.95,86.5,105.98,101.45,104.68,91.57,96.1,99.64,95.97,87.42,88.61,91.5,90.91,94.09,88.66,103.28,86.12,98.66,98.24,93.3,78.68,90.71,79.34,95,112.78,99.13,103.83,97.33,96.29,68.21,52.37,50.71,46.98,36.91,36.77,39.98,44.84,51.19,51.53,52.9,55.35,63.17,72.98,76.94,84.44,105.29,118.09,105.62,120.4,114.29,105.41,88.03,90.92,105.37
20,부동산신탁,11452,하나자산신탁,E,SM011,자본적정성(고정장기적합비율),A,고정자산,50851944597,50096136029,49588816731,48598572847,40311864737,39839510614,32087282343,32928364240,39257645734,38815325663,38343913268,39635752641,44754001075,48269810583,54932130285,59072345650,62888316699,76134485167,60732007082,52070382844,51464587555,58181625214,53101242428,42015489316,42281098739,47152891420,68802090226,63689443065,68268906352,71847679886,78195838367,104012240630,127921863618,147390148966,44542755719,129280885687,117259366880,41479267726,55051375496,59176211163,75822651502,77890242260,77244256603,87071651959,94134315255,101620942600,119047162824,99879803772,99153835552,106930542709,118181020819,127867917565,145874802943,168450239535,183865766946,219519902174,245442863661,264255582631,291202688672,309285908108,393448029179,500064312193,566539125735,493000311741,648203425666,705796860747,674403153437,720361739003
21,부동산신탁,11452,하나자산신탁,E,SM011,자본적정성(고정장기적합비율),B,자기자본,47077873724,46953441883,47761297901,47712532844,48850355778,52891125955,53989636533,54700142398,56846621107,59310036736,59603760947,66239447557,67351812859,67611480662,72098844847,75311768246,75574221478,77199811856,79809607744,82639845261,84433643318,87620455467,90406206431,92900178719,95857104458,98309983809,102144888516,103273117280,106154323962,152312260273,158678415986,160096969567,146396321068,154805577854,163251038602,165402330227,169461368529,185857840764,197268237791,207374840907,227038412214,244023888380,256359848039,275983115984,295344390811,314838583317,342537259479,356272366181,357190842980,380561219174,397508590336,421027181116,424278427614,449209996235,460153335120,467246204206,461108413522,484266423209,493126456001,509887544184,492965821176,498862497563,502571163298,524590629151,488793730262,485137151385,507886054456,483181062597
22,부동산신탁,11452,하나자산신탁,E,SM011,자본적정성(고정장기적합비율),C,고정부채,4269893711,4461017157,4514335549,4386158844,4447269695,4341611703,4480324062,4195492952,2804580468,2197308466,2227115737,2235724395,2248159204,2260606076,2915784503,2927095978,2873370244,2882096270,2908949010,2908949010,2900604643,2911721843,2918443305,3553750776,3497552147,3501084110,3504654887,1117648381,839859619, ,0, , ,98539554484,69835499559,116430667629,77380932674,71343087041,71229940881,71002830040,82832720224,6020685612,5997222868,5998869716,12189633365,5657457252,5414328987,6088212756,11472792081,5445339068,4834687532,4168729224,3836041413,4293032148,3998971948,52238938776,50937053257,51823114874,46942996666,43206458069,57282426026,65151828434,98741329166,42023603106,45879286077,53458612932,70310698703,73141326589
23,부동산신탁,11452,하나자산신탁,E,SM011,자본적정성(고정장기적합비율),D,고정장기적합비율,99.03,97.44,94.86,93.28,75.64,69.61,54.88,55.91,65.81,63.11,62.01,57.88,64.3,69.08,73.23,75.5,80.17,95.07,73.42,60.87,58.93,64.27,56.9,43.56,42.56,46.31,65.12,61.01,63.81,47.17,49.28,64.97,87.38,58.18,19.11,45.87,47.5,16.13,20.5,21.26,24.47,31.15,29.44,30.88,30.61,31.71,34.21,27.56,26.9,27.7,29.37,30.07,34.07,37.14,39.61,42.26,47.93,49.29,53.92,55.92,71.5,88.66,94.22,87.01,121.23,131.04,116.64,129.49
24,부동산신탁,11643,코람코자산신탁,E,SM011,자본적정성(고정장기적합비율),A,고정자산,15955589197,15699846662,16321015895,19235171716,31509368138,30748401349,30472986093,29080701758,29582865208,29763115564,32854440700,40889902256,49752378548,64434087461,75838688985,57531639994,63990637734,84038551668,111949688048,79628465487,91315573201,106897075124,94522682271,100968965107,116934112820,121175287992,101639685504,115945033369,132755654390,155365787820,165602909832,188214030186,231354966061,239479304126,259974744084,267292098789,233161372940,264875887993,278430237125,244014668499,243850318946,265723000952,221209904840,143243795605,123933265245,182233059446,190326624698,201975297754,151440456288,237223017601,199800825365,217253877948,98518915795,126530095293,289152129785,283119227223,291419725401,300142605739,304057699111,351377121999,377608046380,365385913617,367245657682,356715669065,369849059394,383745432647,378720542761,421179650217
25,부동산신탁,11643,코람코자산신탁,E,SM011,자본적정성(고정장기적합비율),B,자기자본,68449589023,69752183708,73909918499,75207093404,71723396828,72848383889,73325147956,77108344629,76621360441,78035608378,80529162548,84900153689,77004284432,79372086779,84967648639,85538935420,83890589184,95692944313,99741239956,96634442517,99475540421,105042775721,109593177294,109959424090,110902670618,116386940378,118346475199,136084546925,136920263820,146133978697,180647225936,170415640131,174965913312,187251880081,195968953156,205004943175,222682185843,228607989909,246631801135,236252035573,242287440355,242865052854,241713255681,253284496266,263053289321,225241514741,217717435667,288202381309,301076532894,333170178674,353932864696,362350598983,397729010945,411888113135,422405593389,428919262947,433471159897,400310832097,414603414592,424146204131,426094417666,428334212551,471723635430,469303540228,472137688828,480824448522,487124797367,508777365521
26,부동산신탁,11643,코람코자산신탁,E,SM011,자본적정성(고정장기적합비율),C,고정부채,342689181,474392190,622819202,480307204,643474029,786248585,807896339,619708064,0,4501200, ,203753807, , ,0,15000000000,20000000000,20015281099,20009621599,5000000000,280000000,280000000,5280000000,20280000000,25280000000,25280000000,35280000000,30280000000,25280000000,25869400000,15869400000,869400000,5869400000,18869400000,18869400000,18869400000,13869400000,40800491467,42952675887,110333285541,165790763056,128115262435,139544273791,70076827359,18295372225,19145362794,27604062389,30403800035,29668934135,27438969883,76740843323,74967722455,74485582185,73835656960,1390697828,1572701294,1280420554,19357913447,20157977266,37835046380,36928596422,29752597214,30182611447,22977792640,19720230417,14262589928,48473578245,49095411372
27,부동산신탁,11643,코람코자산신탁,E,SM011,자본적정성(고정장기적합비율),D,고정장기적합비율,23.19,22.36,21.9,25.41,43.54,41.76,41.11,37.41,38.61,38.14,40.8,48.05,64.61,81.18,89.26,57.22,61.59,72.63,93.49,78.35,91.54,101.49,82.28,77.53,85.87,85.54,66.16,69.69,81.85,90.33,84.27,109.88,127.94,116.18,121.01,119.39,98.57,98.32,96.15,70.41,59.76,71.63,58.02,44.3,44.05,74.57,77.58,63.39,45.79,65.78,46.39,49.68,20.86,26.05,68.23,65.77,67.03,71.52,69.94,76.06,81.55,79.76,73.17,72.46,75.19,77.51,70.71,75.5
28,부동산신탁,11877,신한자산신탁주식회사,E,SM011,자본적정성(고정장기적합비율),A,고정자산,5924996378,10578523845,9275238468,6686980572,7017069593,17016671479,15276989461,13158278927,13335480459,12585348370,12021940248,11735577586,9800997900,11785956565,15584251138,20809354266,16935575613,18160511018,17379755515,21773472675,27001054921,28780429275,29355105488,31466322351,30445258849,32600413333,33656525272,31042385345,32860376350,38321346113,35622077886,23994529550,25466916276,29954773399,29918202548,47468070153,44577889825,44729278053,54311175070,55066814799,60710810125,55065418183,54566738858,53414323898,51516960064,55472677880,56911666761,68717230812,67731600213,68769716847,66973031391,75440589094,68609632822,58636519246,63955895339,112354045660,121511843902,164463177535,223585281339,273773873405,346566868303,421693445321,440165861093,473143209651,514671889228,632370173783,684257544851,819849733518
29,부동산신탁,11877,신한자산신탁주식회사,E,SM011,자본적정성(고정장기적합비율),B,자기자본,10160339020,10653961014,11391484142,13315154453,14350418608,16465922130,17670285687,15546180307,15392348990,16474224139,17862776220,19353301964,19710817351,21466729823,23111464150,22221715072,21235841408,22351600554,24431915435,24903612317,24649272943,25578350609,26252980142,28311394998,29247346009,29753524084,32197757864,35675006853,36179660106,40888795681,45288289063,58306903380,65412104008,73767730638,80539949918,89466937256,86269220011,94434536747,97087120007,101341684921,108338411720,114455391668,121005301344,128208423407,135259493569,146521790320,158522108696,174467882656,191214985352,209431145089,226519563300,250478889865,269102153370,291491097205,306162681393,324834689024,341365181474,356355120604,369129060319,344889113608,331167878551,281137873909,255016842124,270954054578,263826965465,260260098102,244339061316,226934438032
30,부동산신탁,11877,신한자산신탁주식회사,E,SM011,자본적정성(고정장기적합비율),C,고정부채,522884227,610115994,1425888575,1623233393,2019218483,2223508629,2271455229,1638916277,1618906952,1708816838,1827375195,5378392865,5299915145,5715096786,5106012944,5049865922,5024597706,5664625222,4777627209,3956825497,4494467422,4702115480,5175804682,7402770810,8377282924,8665152890,10371727316,12690492503,13837898646,18037664508,18645231892,20382849278,21493894056,24121216417,23446438847,24451600914,23434965339,18431320605,18479141033,17997792784,28046627445,24702111997,24183317399,28085860730,29212818545,35003886012,37646991046,54342023351,58608432029,59300030247,60116371749,68716482627,72086573745,72688893467,78555901785,72899397523,62944286198,53219473110,47026407611,37932015777,164173525510,250892329609,255327188293,294549628880,279523720706,372189263161,495133592555,549421691232
31,부동산신탁,11877,신한자산신탁주식회사,E,SM011,자본적정성(고정장기적합비율),D,고정장기적합비율,55.46,93.91,72.36,44.76,42.87,91.05,76.61,76.57,78.39,69.21,61.06,47.45,39.19,43.36,55.23,76.3,64.49,64.82,59.5,75.44,92.65,95.05,93.4,88.11,80.92,84.86,79.06,64.18,65.7,65.03,55.72,30.49,29.3,30.6,28.77,41.67,40.63,39.63,47,46.14,44.51,39.57,37.58,34.18,31.32,30.56,29.01,30.03,27.11,25.59,23.37,23.63,20.11,16.1,16.62,28.25,30.05,40.15,53.73,71.51,69.97,79.26,86.25,83.67,94.72,99.99,92.53,105.6
32,부동산신탁,11892,우리자산신탁,E,SM011,자본적정성(고정장기적합비율),A,고정자산,3692164731,3660684166,3586944126,3364521121,4395271300,4567250298,4891450366,7134091373,13718490921,15771561989,15479261702,16355664277,19653688816,16412859721,14678120740,18561724021,17977707807,11797365707,11184964955,11157738337,8438569590,9294209612,12089643959,17856507857,18107202903,9294095650,16395774907,23753717225,22736335115,15435360233,20473946534,18160104206,25743203778,33020072019,36863372679,63722556948,41726985003,35096379526,44883937839,52624851046,52623536460,49151748814,56109432592,72283796494,73302526757,71734362435,74962222402,36777171513,30209817470,42863755640,70824933028,78113368975,59885282803,60401322987,77545004539,90062007810,96600675059,112460905305,144673184207,166116550167,174871785475,203750558882,222047874116,240521408629,250314149335,269323525030,160612807000,149420563406
33,부동산신탁,11892,우리자산신탁,E,SM011,자본적정성(고정장기적합비율),B,자기자본,5004006839,2832448178,3507181642,8449549929,8304263724,9507317282,9905636039,11548569700,15182672473,15294600000,15271898185,15294600000,15294600000,15711564249,16717566105,18621115650,17157836283,18592451901,18883739282,17824896799,18000661676,19968788068,20834027343,24061398928,24737847854,28340252044,30796582911,36905170248,39132732035,39974491237,41418270879,46351451640,42260880562,49433024141,51206906195,57456220587,53036734103,61299660489,67951622818,75287112638,72137730391,80603866084,87346203273,89270637468,96910681561,108107878853,113850275087,122535382234,130538570328,143064110760,144084576483,151655632425,187599334941,206784838610,222058324012,225059533396,241242511397,261592342628,274982098267,252595883096,449840654364,444438934084,444978868416,428402313185,413778311402,341180367658,268617684283,235401310474
34,부동산신탁,11892,우리자산신탁,E,SM011,자본적정성(고정장기적합비율),C,고정부채,346295008,389836661,475421908,385224427,430893895,581522249,597209573,670139374,244011140,244013726,285562844,631620161,712315834,693160371,748398120,1260547239,1843379337,2085150587,2129651535,1960476968,2167667474,2324631953,2143226644,1984160809,2148047774,2727703632,2832192046,3702200834,19269751865,20923625252,23073072432,27466318265,28379862263,30259985276,31727261073,30406032463,30584726346,29476881585,27734357954,27922298189,29621934145,30472263071,29204942319,30815040751,34294739711,34178360558,36472501807,40370433110,44122236866,48691874414,55582583666,60860145496,63150732368,61822223187,58549679900,61817973078,52941113812,47355610537,42705699232,61192166262,55293428918,48687935369,38160599960,30159539273,27126033536,41853088792,36748568593,53093700378
35,부동산신탁,11892,우리자산신탁,E,SM011,자본적정성(고정장기적합비율),D,고정장기적합비율,69.01,113.61,90.07,38.08,50.32,45.27,46.57,58.39,88.93,101.5,99.5,102.7,122.78,100.05,84.04,93.36,94.61,57.05,53.23,56.39,41.84,41.69,52.62,68.56,67.35,29.92,48.76,58.5,38.93,25.35,31.75,24.6,36.44,41.43,44.45,72.53,49.9,38.66,46.91,50.99,51.71,44.25,48.14,60.19,55.87,50.42,49.87,22.58,17.3,22.35,35.47,36.76,23.88,22.49,27.63,31.39,32.84,36.4,45.54,52.94,34.62,41.32,45.96,52.45,56.77,70.31,52.6,51.79
36,부동산신탁,12279,무궁화신탁,E,SM011,자본적정성(고정장기적합비율),A,고정자산,,,1459156725,1813418066,2186682798,2060396882,1972532253,1786210349,1869980643,1857584948,1870089384,1833975435,2044528020,2771885160,2729550737,5617946963,5598696933,5313556392,5286768730,5344199338,5949759302,6533190245,5126047797,5494259190,7670955635,10210437365,11623183973,12398424361,8914227662,6871468061,6614280991,7677794623,11481859907,16830231571,28849477983,37540970515,32523595582,22485222899,23993623241,39288400809,61781034342,61646432270,69583062656,68368619407,109258943934,118585589742,116143918041,118448053636,129811937668,132618708906,161612494203,185186914791,183052804612,207137928860,228291559725,230005059993,231075144578,244863101189,248053080710,229394297730,235367194264,212930983705,205333497710,165948658711,160855577625,117056058454,108803400169,97857908682
37,부동산신탁,12279,무궁화신탁,E,SM011,자본적정성(고정장기적합비율),B,자기자본,,,9841716359,9413361612,9218940516,9506111298,9607592557,10378722694,10520239936,10548141107,10490850325,10856610595,10860076416,11395811639,11680306171,11690298119,10895318849,11389338344,11047091329,11538133352,11455994546,11623464745,12488842211,13479297172,13806435942,15429651300,17203649904,18279172938,18985207001,22791147955,24704721550,27072381747,27356850577,29194473964,32945412161,38370828147,52419009949,56437264620,61684597405,65018448371,69602061498,72860457333,73563254753,108493268042,114444242563,118515682680,121351209560,132277401299,128693625247,125910251732,195897874632,203279196536,198348101519,210222221634,230529171659,235308261022,223358925222,224932935653,226804044721,246260821999,241775125007,225026806729,188739482390,89009882014,85911301084,37495006075,28146033283,25141827227
38,부동산신탁,12279,무궁화신탁,E,SM011,자본적정성(고정장기적합비율),C,고정부채,,,0,3797500,14133674,148654442,225455015,87674333,105429193,120774494,131016155,148639009,157652802,185836950,205940921,220513794,0,0,0,0,0,0,0,0,0, , , , , , ,0,0, ,0,0,0,0, , ,11576518885,12166946809,13772923999,27220728782,76798286118,61788153772,50317423411,53094367563,51033261654,48110420150,48281724211,54722262156,55913084767,72468237679,53486110924,59449457204,52428924624,52071569558,53972682079,26508319627,35295879746,22026481594,15993234629,17686175463,26005154493,26986353869,26417356644,40322329106
39,부동산신탁,12279,무궁화신탁,E,SM011,자본적정성(고정장기적합비율),D,고정장기적합비율,,,14.83,19.26,23.68,21.34,20.06,17.07,17.6,17.41,17.61,16.66,18.56,23.93,22.96,47.17,51.39,46.65,47.86,46.32,51.94,56.21,41.05,40.76,55.56,66.17,67.56,67.83,46.95,30.15,26.77,28.36,41.97,57.65,87.57,97.84,62.05,39.84,38.9,60.43,76.11,72.5,79.67,50.38,57.13,65.77,67.66,63.9,72.23,76.21,66.19,71.78,71.99,73.27,80.38,78.03,83.79,88.4,88.35,84.1,84.95,86.19,100.29,155.53,143.73,181.53,199.41,149.48
40,부동산신탁,12306,코리아신탁,E,SM011,자본적정성(고정장기적합비율),A,고정자산,,,,,796955971,750958418,703946272,657432819,,1027597339,970320161,926036610,902642397,840884986,1229519662,1145790247,1430663872,1608904191,1563155344,1605443434,1479648179,1436032284,1235712403,1513132850,1701930992,1761025535,2420033170,2800341119,2860711110,2898778979,9017195265,8541668539,7963930774,15346938320,18166486755,24861807909,31356741730,35174014560,32194678080,27552058882,34453968428,55714677339,74616242248,47740220871,44701577058,52756345351,37875267776,50593176661,56731106613,67607563608,53830816163,51121173755,63418003430,67457816692,101454182253,94879095017,146748253965,108029110230,134139750795,148607020405,168923617007,185245086244,201925057516,227360768373,237988661949,262555769598,247930659741,256586010082
41,부동산신탁,12306,코리아신탁,E,SM011,자본적정성(고정장기적합비율),B,자기자본,,,,,9029537227,8407445075,8011379784,8039074144,,8272213012,8380553563,9227913847,9224035537,10098813507,10741853115,11370339662,11965783804,12832122633,14092917740,15212240432,15749211592,16889828913,17412281353,18024271339,19201511216,20213747524,21265927533,23883072333,25755391318,29745857313,34022749774,38770423725,42677548489,45142403243,51232550056,56038464053,60053471334,64509266826,71863568156,78480542216,80302414072,85582499720,91637871373,100917680797,104703780218,109928878955,117343041267,124419893916,128218814327,137362621255,149787677702,161998076492,165931037108,176806762604,186410114435,192713760850,196870458187,201448804712,200884294462,203904540360,199889293839,188924287426,182404685376,169306709670,165008948226,158710131537,149388136114,89704040337
42,부동산신탁,12306,코리아신탁,E,SM011,자본적정성(고정장기적합비율),C,고정부채,,,,,0,0,0,0,,0,0,0,0,0,250903177,0,0,0,0,0,0,0,0,0,0,0,0,0,331873464,474426510,614154778,39134418,223484898,404713394,586785527,40025317,268688505,492121900,707597704,0,3598600251,9911252884,8905023209,4694939750,4725223756,3378620992,3383370994,2507904215,2173386359,1886374890,2260887825,1769275430,8244144932,11916916837,12136645233,11410221067,10617424230,10500276183,10354979835,11804643471,15251618132,39799764319,45267233751,54162710966,87865609173,100434392559,106401414698,166706606642
43,부동산신탁,12306,코리아신탁,E,SM011,자본적정성(고정장기적합비율),D,고정장기적합비율,,,,,8.83,8.93,8.79,8.18,,12.42,11.58,10.04,9.79,8.33,11.18,10.08,11.96,12.54,11.09,10.55,9.4,8.5,7.1,8.39,8.86,8.71,11.38,11.73,10.97,9.59,26.03,22.01,18.56,33.69,35.06,44.33,51.98,54.11,44.36,35.11,41.07,58.34,74.21,45.2,40.85,46.56,31.37,39.86,43.51,48.55,35.4,31.22,36.41,35.74,51.1,46.48,70.73,50.97,63.5,68.89,78.52,80.99,88.69,101.74,94.11,101.32,96.93,100.07
44,부동산신탁,16953,대신자산신탁,E,SM011,자본적정성(고정장기적합비율),A,고정자산,,,,,,,,,,,,,,,,,,,,,,,,,,,,,,,,,,,,,,,,,,,3211511885,5600813674,6031838236,5998912072,5434066733,5962085904,7982919134,7380961014,6725305697,7104594794,8724498097,9543750646,9737043862,11823309755,12395516286,13120952627,13463428016,16556043104,17894862120,19412877958,21583092498,24803758301,28857371063,31018578960,33002441466,30713886497
45,부동산신탁,16953,대신자산신탁,E,SM011,자본적정성(고정장기적합비율),B,자기자본,,,,,,,,,,,,,,,,,,,,,,,,,,,,,,,,,,,,,,,,,,,97340599312,96745100020,96458278719,96104338365,96694299409,97151853906,97878626023,148525600277,149857130587,150788758374,151962696541,156266001144,157467066390,156763816358,159834759780,159821325952,164357341244,167164406983,141019551316,148752030438,149168491611,148375590189,141745635467,142361390127,146722497956,146500895503
46,부동산신탁,16953,대신자산신탁,E,SM011,자본적정성(고정장기적합비율),C,고정부채,,,,,,,,,,,,,,,,,,,,,,,,,,,,,,,,,,,,,,,,,,,1428632203,3590911635,4015696882,4723688522,4458208465,5697673756,6633779158,8384242468,9522482528,14613889952,17456717944,18712422080,20256544812,23979782419,17424799372,15220375661,15624134950,19456981349,17715130501,12985193584,19887112643,26073941100,27129200870,17855371787,23061108044,19290668136
47,부동산신탁,16953,대신자산신탁,E,SM011,자본적정성(고정장기적합비율),D,고정장기적합비율,,,,,,,,,,,,,,,,,,,,,,,,,,,,,,,,,,,,,,,,,,,3.25,5.58,6,5.95,5.37,5.8,7.64,4.7,4.22,4.3,5.15,5.45,5.48,6.54,6.99,7.5,7.48,8.87,11.27,12,12.77,14.22,17.09,19.36,19.44,18.53
48,부동산신탁,17106,한국투자부동산신탁,E,SM011,자본적정성(고정장기적합비율),A,고정자산,,,,,,,,,,,,,,,,,,,,,,,,,,,,,,,,,,,,,,,,,,,,7255841390,7287629998,7014737694,6562243638,7227544084,7937410166,7726795810,15284407166,16708262333,28853444607,28557563271,41053360841,79931364316,94877269469,149694725275,173617585144,160516701705,190593780108,318672602323,294964722634,327589774043,341757657247,368940135455,382493617162,553698043301
49,부동산신탁,17106,한국투자부동산신탁,E,SM011,자본적정성(고정장기적합비율),B,자기자본,,,,,,,,,,,,,,,,,,,,,,,,,,,,,,,,,,,,,,,,,,,,44179694780,41795510741,39364353163,37455519274,36288476487,35403220767,184890462911,187314663398,187992230124,191903432165,195169605145,201554710343,202948792450,199669813394,199115676388,199115676388,207947854103,201519562258,201230842642,201230842642,201230842642,202424739560,202424739560,202424739560,202424739560
50,부동산신탁,17106,한국투자부동산신탁,E,SM011,자본적정성(고정장기적합비율),C,고정부채,,,,,,,,,,,,,,,,,,,,,,,,,,,,,,,,,,,,,,,,,,,,2474171779,2613669862,2181830301,2004078536,2061672718,1562503565,1339367141,1683746183,801770874,1299451250,3777662513,4462636085,4470495459,3833104521,3495438937,3017648114,3202178497,2597051875,3760180026,93611651866,56609546435,86897492959,195628254957,251539419314,65344433172
51,부동산신탁,17106,한국투자부동산신탁,E,SM011,자본적정성(고정장기적합비율),D,고정장기적합비율,,,,,,,,,,,,,,,,,,,,,,,,,,,,,,,,,,,,,,,,,,,,15.55,16.41,16.88,16.63,18.85,21.47,4.15,8.09,8.85,14.93,14.35,19.93,38.54,46.62,73.88,85.89,76.02,93.37,155.46,100.04,127.05,118.12,92.69,84.26,206.78
52,부동산신탁,17107,신영부동산신탁,E,SM011,자본적정성(고정장기적합비율),A,고정자산,,,,,,,,,,,,,,,,,,,,,,,,,,,,,,,,,,,,,,,,,,,,3965971189,3759022470,3512630275,4555366184,3400138040,3038510537,2524691043,3480406058,5355200107,6020567880,10851158061,12651720403,13000476228,15056723596,17317425472,20971328929,23782304158,28036896350,41080628324,44785226165,50868005560,70883278501,96705069359,102545684868,125397912561
53,부동산신탁,17107,신영부동산신탁,E,SM011,자본적정성(고정장기적합비율),B,자기자본,,,,,,,,,,,,,,,,,,,,,,,,,,,,,,,,,,,,,,,,,,,,25786859828,24454635152,24326688583,24747278024,26310980508,96791610108,98680321406,102154292910,105429251536,108431292992,112741802114,118126880947,123303163147,126258603155,124347515017,127708237838,130934066672,130699261565,126212214571,127713304222,128483384463,125909612875,115906621846,114223013672,111899538190
54,부동산신탁,17107,신영부동산신탁,E,SM011,자본적정성(고정장기적합비율),C,고정부채,,,,,,,,,,,,,,,,,,,,,,,,,,,,,,,,,,,,,,,,,,,,1801719192,2608777051,3172540358,4482448342,5391435843,6496602124,8071296154,9053369164,12515709159,14493986059,20337163301,19266659626,15717741844,14679565823,13382639656,12616698258,13458210926,14114903361,13009476521,12833762844,13162852380,17260569786,16860901947,18251780393,20807321597
55,부동산신탁,17107,신영부동산신탁,E,SM011,자본적정성(고정장기적합비율),D,고정장기적합비율,,,,,,,,,,,,,,,,,,,,,,,,,,,,,,,,,,,,,,,,,,,,14.38,13.89,12.77,15.58,10.73,2.94,2.37,3.13,4.54,4.9,8.15,9.21,9.35,10.68,12.57,14.94,16.47,19.36,29.51,31.86,35.91,49.51,72.84,77.41,94.49
