,금융구분,금융회사코드,금융회사명,통계분류,통계표코드,통계표명,코드,구분,200903,200906,200909,200912,201003,201006,201009,201012,201103,201106,201109,201112,201203,201206,201209,201212,201303,201306,201309,201312,201403,201406,201409,201412,201503,201506,201509,201512,201603,201606,201609,201612,201703,201706,201709,201712,201803,201806,201809,201812,201903,201906,201909,201912,202003,202006,202009,202012,202103,202106,202109,202112,202203,202206,202209,202212,202303,202306,202309,202312,202403,202406,202409,202412,202503,202506,202509
0,부동산신탁,10902,한국토지신탁,E,SM014,수익성(수지비율),A,영업수익,27089756912.0,29709997137.0,37759492924.0,29767651841.0,21132572930.0,22012629221.0,23066547429.0,27591918942.0,32072028999.0,31667189415.0,25593889247.0,56238971479.0,32015871296.0,23427046970.0,35290879365.0,37415632788.0,129692796017.0,167608735046.0,177265909692.0,189836799169.0,200468411516.0,188493510779.0,175535906328.0,167860026406.0,159483654466.0,146609898740.0,152687094659.0,144792555781.0,150355580614.0,153335713072.0,153740199197.0,166778497524.0,178006517455.0,201221688386.0,222187553428.0,236654487134.0,242142650822.0,266615809988.0,267800213757.0,274617339326.0,265928494052.0,262256029085.0,267763149453.0,254031390884.0,238602566849.0,238218180893.0,222067110722.0,266353937197.0,215984575316.0,278530304760.0,291405092200.0,243654694572.0,238553256257.0,212020481058.0,195372324933.0,202887765113.0,198690232739.0,197548452148.0,198706510712.0,213180138155.0,222792329338.0,214577740766.0,209748237423.0,238892478598.0,262428717637.0,255443147006.0,257545719829.0
1,부동산신탁,10902,한국토지신탁,E,SM014,수익성(수지비율),B,영업비용,24651093265.0,29084168541.0,23943083705.0,26071501304.0,19981591470.0,37445414504.0,76766510627.0,42002692225.0,24060458877.0,12720922823.0,17384613139.0,31170064514.0,27067901884.0,19906519631.0,12698945348.0,21609429348.0,91202051525.0,95135040596.0,130003408054.0,148291231374.0,127007274987.0,124939937647.0,82501464649.0,66322793282.0,59478600792.0,50595314965.0,48969547320.0,42897141363.0,54777515676.0,56835992899.0,64659487536.0,86244470021.0,83795102726.0,85678199192.0,105581385842.0,92298598497.0,90547115312.0,109119877071.0,130930127872.0,129429414397.0,140906588982.0,151160538149.0,141428363999.0,158229274080.0,154295894405.0,151808546150.0,142514775527.0,143948012803.0,142179149478.0,134870513756.0,123202708077.0,128848749015.0,128233335318.0,133590285433.0,138176488843.0,149797341979.0,166905277983.0,173532562529.0,194689519561.0,188573245170.0,185115072392.0,170952276341.0,164566459970.0,179533539301.0,186981984249.0,203865368000.0,216912202243.0
2,부동산신탁,10902,한국토지신탁,E,SM014,수익성(수지비율),C,수지비율,109.89,102.15,157.71,114.18,105.76,58.79,30.05,65.69,133.3,248.94,147.22,180.43,118.28,117.69,277.9,173.14,142.2,176.18,136.35,128.02,157.84,150.87,212.77,253.1,268.14,289.77,311.8,337.53,274.48,269.79,237.77,193.38,212.43,234.86,210.44,256.4,267.42,244.33,204.54,212.18,188.73,173.5,189.33,160.55,154.64,156.92,155.82,185.03,151.91,206.52,236.52,189.1,186.03,158.71,141.39,135.44,119.04,113.84,102.06,113.05,120.35,125.52,127.46,133.06,140.35,125.3,118.73
3,부동산신탁,10903,KB부동산신탁(주),E,SM014,수익성(수지비율),A,영업수익,11712170123.0,14753325919.0,16085440628.0,17953153980.0,12007394607.0,13358079277.0,11883106629.0,15088417605.0,12646882168.0,13445969666.0,12181110692.0,18929526225.0,14247090182.0,20207381688.0,15181026521.0,14130998357.0,49631748577.0,43491544853.0,31351305747.0,29341706694.0,40184111070.0,43524449555.0,59443631210.0,67871658367.0,67527088016.0,63975851154.0,58549878773.0,53647460693.0,58244038724.0,60207345831.0,62640509124.0,65416514867.0,68020400476.0,66897555308.0,68890632745.0,75571755493.0,86472939443.0,96149609373.0,110242732161.0,113543529896.0,116194474999.0,116932010391.0,109342161188.0,121145332626.0,129795582897.0,135759748744.0,143659241534.0,138782029007.0,147982630094.0,147840607632.0,162191246962.0,172835337136.0,155808902255.0,159191488614.0,151153801661.0,152933971441.0,154968640459.0,152826535664.0,148915055872.0,151023787418.0,144993455383.0,153325593388.0,146793012558.0,139656207386.0,139717754897.0,193800223328.0,186022793744.0
4,부동산신탁,10903,KB부동산신탁(주),E,SM014,수익성(수지비율),B,영업비용,5770570477.0,19818418725.0,-2727275448.0,6239089852.0,6771583590.0,9086555302.0,8520608551.0,22917066205.0,7111898157.0,23992610664.0,12091680997.0,4844309439.0,5687220830.0,5323469793.0,5608254282.0,6791586561.0,24661241209.0,32567019451.0,32159579658.0,41889409860.0,43220939745.0,42180816195.0,42298730799.0,30631392358.0,28101889600.0,21962903858.0,24776335898.0,26695340453.0,26525721028.0,26647948834.0,24623123314.0,26550296400.0,27115076251.0,27353807551.0,29053528026.0,29345346572.0,28671646760.0,44684473992.0,45325524339.0,50121313885.0,49777472786.0,40302608885.0,41552232725.0,38149533705.0,41486391653.0,51358363665.0,56156039804.0,60007068671.0,47863018842.0,48813502033.0,50287167282.0,58418859605.0,60414398799.0,61507205163.0,62814937624.0,64391554564.0,59628840557.0,71812471654.0,104046061977.0,245023117654.0,328760244331.0,400103994224.0,393264005572.0,246508718649.0,176306710818.0,222078343200.0,240768565410.0
5,부동산신탁,10903,KB부동산신탁(주),E,SM014,수익성(수지비율),C,수지비율,202.96,74.44,-589.8,287.75,177.32,147.01,139.46,65.84,177.83,56.04,100.74,390.76,250.51,379.59,270.69,208.07,201.25,133.54,97.49,70.05,92.97,103.19,140.53,221.58,240.29,291.29,236.31,200.96,219.58,225.94,254.4,246.39,250.86,244.56,237.12,257.53,301.6,215.17,243.22,226.54,233.43,290.14,263.14,317.55,312.86,264.34,255.82,231.28,309.18,302.87,322.53,295.86,257.9,258.82,240.63,237.51,259.89,212.81,143.12,61.64,44.1,38.32,37.33,56.65,79.25,87.27,77.26
6,부동산신탁,10904,대한토지신탁,E,SM014,수익성(수지비율),A,영업수익,12019526870.0,12834424579.0,11549820584.0,12763368762.0,11555444251.0,10171402752.0,10086850849.0,11506623047.0,9213626693.0,8057138273.0,1839606425.0,7860289243.0,10104499043.0,7865756568.0,11160095664.0,15308919669.0,42595235603.0,42139461129.0,59982776703.0,48330446976.0,47642984957.0,49464862975.0,29238242854.0,35748079720.0,36361289416.0,40143917155.0,40385994506.0,52305948758.0,50127114768.0,54774039749.0,60040738462.0,60399446133.0,69040922870.0,75366699754.0,83576381467.0,85660865430.0,96485552792.0,101488323499.0,75919604130.0,98205038896.0,99219918487.0,104513042451.0,106854808869.0,113415677962.0,110249008500.0,107090890805.0,102701306691.0,99622243731.0,113342844941.0,133250576377.0,118302822436.0,116978311469.0,108860396837.0,105162634865.0,121266435451.0,104185475468.0,94943573256.0,92360737475.0,97914306728.0,110100829941.0,117565509076.0,128683323176.0,126530052173.0,157375006158.0,164494930307.0,153332299713.0,145071768668.0
7,부동산신탁,10904,대한토지신탁,E,SM014,수익성(수지비율),B,영업비용,5553722975.0,8156624384.0,9350835409.0,6236572030.0,7159370953.0,8452844490.0,16322235040.0,416372397.0,7530555607.0,19822790973.0,6323019631.0,45454187187.0,6259334766.0,5821771606.0,6693016307.0,16838103508.0,34839175782.0,37331975447.0,35315264411.0,26351156900.0,25369531267.0,22526700714.0,20914627644.0,19130281706.0,25286057994.0,26974874537.0,27833434526.0,32563052639.0,26503708335.0,30763941015.0,30775204160.0,27845254969.0,36578791733.0,43027231517.0,43602514372.0,50991780729.0,31549947167.0,33668923527.0,55225482712.0,80148003005.0,99053851116.0,103545264433.0,85255936605.0,59402463877.0,66318323953.0,75585716205.0,39725093192.0,60318641575.0,56262176218.0,46697809789.0,45701142041.0,38443191175.0,38030951680.0,41583845151.0,41761573455.0,48497190915.0,65503607273.0,78279702358.0,113387963766.0,117090057377.0,119052747180.0,127659766603.0,116193600139.0,101369207535.0,99819405311.0,85215149647.0,108959858903.0
8,부동산신탁,10904,대한토지신탁,E,SM014,수익성(수지비율),C,수지비율,216.42,157.35,123.52,204.65,161.4,120.33,61.8,2763.54,122.35,40.65,29.09,17.29,161.43,135.11,166.74,90.92,122.26,112.88,169.85,183.41,187.8,219.58,139.8,186.87,143.8,148.82,145.1,160.63,189.13,178.05,195.09,216.91,188.75,175.16,191.68,167.99,305.82,301.43,137.47,122.53,100.17,100.93,125.33,190.93,166.24,141.68,258.53,165.16,201.45,285.35,258.86,304.29,286.24,252.89,290.38,214.83,144.94,117.99,86.35,94.03,98.75,100.8,108.9,155.25,164.79,179.94,133.14
9,부동산신탁,10905,교보자산신탁,E,SM014,수익성(수지비율),A,영업수익,4147957909.0,5299307166.0,5222531136.0,5759365090.0,3820683684.0,5316914813.0,3449835855.0,4164484810.0,3508921804.0,4340260413.0,4467873345.0,3886900314.0,3078359719.0,3231132448.0,2994017610.0,5692121227.0,14781773598.0,14675693594.0,15262950115.0,12909699804.0,13095152504.0,14388181729.0,16314073578.0,18859578456.0,23103975562.0,26970772795.0,29592431128.0,32855759324.0,34368488999.0,37757792880.0,41398049307.0,46728603371.0,51077520715.0,53608159899.0,57368946241.0,56580891444.0,59514243096.0,61732167303.0,62879077051.0,66947665561.0,65762437849.0,68688887881.0,72595906645.0,71273473419.0,13172707576.0,65092809543.0,57586658913.0,58627854982.0,61719781033.0,65548509868.0,75407707041.0,83509656308.0,88800527158.0,98768996152.0,110183206507.0,119379171246.0,125519021986.0,121350343298.0,114506071728.0,105151229370.0,108706655542.0,110414485872.0,108974921615.0,121876008648.0,124951652899.0,125292326099.0,133766034767.0
10,부동산신탁,10905,교보자산신탁,E,SM014,수익성(수지비율),B,영업비용,3180294058.0,3016254477.0,3237471550.0,3223357584.0,3152486380.0,2932510849.0,3162790718.0,3473808709.0,3018699210.0,2877388638.0,3298142180.0,3131525157.0,2772997932.0,2518969623.0,2912363943.0,4171279662.0,12092319372.0,12065219567.0,12039488836.0,12030736066.0,12266061552.0,13175979883.0,13653616525.0,14269355306.0,14562837839.0,14543753834.0,14858675518.0,16717988627.0,17216671179.0,17718295171.0,18182523209.0,19251942041.0,20198364340.0,21231146497.0,21771819555.0,23952306557.0,25571527329.0,26651600665.0,28299621235.0,29992260306.0,29684619648.0,31769775768.0,33730596856.0,34900437483.0,7619276343.0,38767255218.0,38639256361.0,36670953152.0,37131814599.0,35727485853.0,38133132518.0,48173959043.0,53563502447.0,66068724787.0,76962690532.0,91120611191.0,104224694198.0,116035229405.0,122241971363.0,161843658750.0,209433801663.0,263209248950.0,327999657284.0,433898726351.0,453778919562.0,426278517211.0,347708332468.0
11,부동산신탁,10905,교보자산신탁,E,SM014,수익성(수지비율),C,수지비율,130.43,175.69,161.32,178.68,121.2,181.31,109.08,119.88,116.24,150.84,135.47,124.12,111.01,128.27,102.8,136.46,122.24,121.64,126.77,107.31,106.76,109.2,119.49,132.17,158.65,185.45,199.16,196.53,199.62,213.1,227.68,242.72,252.88,252.5,263.5,236.22,232.74,231.63,222.19,223.22,221.54,216.21,215.22,204.22,172.89,167.91,149.04,159.88,166.22,183.47,197.75,173.35,165.79,149.49,143.16,131.01,120.43,104.58,93.67,64.97,51.91,41.95,33.22,28.09,27.54,29.39,38.47
12,부동산신탁,10906,한국자산신탁,E,SM014,수익성(수지비율),A,영업수익,5504085000.0,6791716535.0,5053849024.0,6655312543.0,5488975179.0,6682630253.0,5434130811.0,9802559323.0,8533854773.0,9255920678.0,9500773910.0,10414486355.0,10830251592.0,10499801661.0,9375802879.0,8517661216.0,37190300334.0,35455905972.0,34056588119.0,35731255470.0,37439675952.0,42400871441.0,48329783879.0,56797961783.0,62218330624.0,72870090994.0,78663117227.0,83391743668.0,89974580496.0,92542222966.0,104169930526.0,117717375678.0,138852152282.0,158393173276.0,180536854671.0,201599636241.0,203838404683.0,208304899330.0,207070458674.0,204561059889.0,211060211587.0,213377017142.0,211803044308.0,205890107114.0,218313668348.0,352444745885.0,342731811216.0,309824741022.0,301194139526.0,247221320447.0,209133674215.0,179899511499.0,175908776424.0,175908776424.0,174505334354.0,166633652704.0,183257731147.0,179640807406.0,172904668634.0,141259322949.0,79159910190.0,68314326995.0,87446650132.0,94233721321.0,125351081775.0,146892441772.0,172957968928.0
13,부동산신탁,10906,한국자산신탁,E,SM014,수익성(수지비율),B,영업비용,2374975820.0,3063613726.0,3814284606.0,4712825247.0,2721956466.0,3604280749.0,3031920807.0,4132727146.0,4441025851.0,5466486437.0,5080072679.0,7899303944.0,5301305236.0,5812301951.0,5111856290.0,5168114382.0,29407354329.0,27972271463.0,31290963228.0,32025130407.0,24830270617.0,28066324356.0,26497820112.0,35304256139.0,35963428426.0,40045138331.0,35833815455.0,36697347383.0,37750007795.0,42455703742.0,56673712978.0,54015973650.0,60963500103.0,61544709361.0,64748417909.0,71154579539.0,59592860259.0,111460247273.0,143106440280.0,125137923421.0,189024060725.0,223863778232.0,177285152774.0,140489481895.0,76761841380.0,80389249646.0,67140608149.0,55658827178.0,56600078338.0,48640674446.0,53045724155.0,54663561980.0,53123682200.0,53123682200.0,60313645980.0,65085713128.0,79645054403.0,89603340089.0,95433953830.0,104524991606.0,99284774395.0,107162494307.0,129230338891.0,136577749228.0,138163378838.0,142915618819.0,126992437745.0
14,부동산신탁,10906,한국자산신탁,E,SM014,수익성(수지비율),C,수지비율,231.75,221.69,132.5,141.22,201.66,185.41,179.23,237.19,192.16,169.32,187.02,131.84,204.29,180.65,183.41,164.81,126.47,126.75,108.84,111.57,150.78,151.07,182.39,160.88,173.0,181.97,219.52,227.24,238.34,217.97,183.81,217.93,227.76,257.36,278.83,283.33,342.05,186.89,144.7,163.47,111.66,95.32,119.47,146.55,284.4,438.42,510.47,556.65,532.14,508.26,394.25,329.1,331.13,331.13,289.33,256.02,230.09,200.48,181.18,135.14,79.73,63.75,67.67,69.0,90.73,102.78,136.2
15,부동산신탁,11452,하나자산신탁,E,SM014,수익성(수지비율),A,영업수익,5726246151.0,9859006358.0,14196622672.0,18311112153.0,5275218328.0,15686146514.0,21072400748.0,5331936004.0,4637127285.0,7075724030.0,3624615597.0,13343841785.0,5518814456.0,5926754995.0,9481760038.0,10114455158.0,30797960273.0,31047356826.0,29375285473.0,28119568612.0,28404626934.0,30614212542.0,29469429095.0,28506719750.0,30056670482.0,29821258251.0,32277719547.0,36039233145.0,34959576990.0,43648583021.0,48902342263.0,51607491521.0,56658506477.0,64302674399.0,69614738699.0,71349271558.0,80845903629.0,88183903737.0,94521885858.0,103431364560.0,110580751079.0,118079328339.0,120608146545.0,134659998445.0,135421877753.0,138610235369.0,154447949914.0,150873030274.0,152549450743.0,154579901861.0,153297437571.0,165747178420.0,169991491589.0,180149291824.0,173244784113.0,162704456114.0,176228845438.0,160910434750.0,160074570386.0,161401860414.0,160424083472.0,155250973192.0,156173037776.0,172787095795.0,171019318541.0,168639717029.0,166497891564.0
16,부동산신탁,11452,하나자산신탁,E,SM014,수익성(수지비율),B,영업비용,2759665190.0,6686539530.0,10191875298.0,13109523173.0,3302359720.0,9304952646.0,13313189142.0,4765044274.0,3237486013.0,3691990820.0,3305059663.0,5642466039.0,4069899372.0,5409836155.0,3972490645.0,5667583251.0,19937257790.0,18807379958.0,19444841683.0,18599567577.0,17160720575.0,16928671417.0,15759743060.0,15580148140.0,15862220900.0,16048385712.0,16885772241.0,21963881865.0,22459373751.0,26413307130.0,27099744874.0,28477914811.0,27176269557.0,29287336927.0,31562344627.0,33996382169.0,37168583796.0,36958010736.0,39023974882.0,39540130082.0,36900002847.0,43793002726.0,49215144226.0,43327408242.0,44310695028.0,42290318304.0,39514170304.0,42720680340.0,41860058497.0,38887563347.0,38530442054.0,38056802453.0,39303876331.0,47141161743.0,48958294331.0,57407951198.0,77230918127.0,73520745532.0,85821074424.0,78047357692.0,82091258076.0,96228993817.0,101986570001.0,118224092733.0,151547924228.0,161287481307.0,143849338882.0
17,부동산신탁,11452,하나자산신탁,E,SM014,수익성(수지비율),C,수지비율,207.5,147.45,139.29,139.68,159.74,168.58,158.28,111.9,143.23,191.65,109.67,236.49,135.6,109.56,238.69,178.46,154.47,165.08,151.07,151.18,165.52,180.84,186.99,182.97,189.49,185.82,191.15,164.08,155.66,165.25,180.45,181.22,208.49,219.56,220.56,209.87,217.51,238.61,242.21,261.59,299.68,269.63,245.06,310.8,305.62,327.76,390.87,353.16,364.43,397.5,397.86,435.53,432.51,382.15,353.86,283.42,228.18,218.86,186.52,206.8,195.42,161.33,153.13,146.15,112.85,104.56,115.74
18,부동산신탁,11643,코람코자산신탁,E,SM014,수익성(수지비율),A,영업수익,16864292764.0,6019642027.0,9822229912.0,9479089517.0,4247931882.0,6541014063.0,5604123761.0,10621878854.0,6198658284.0,6670856323.0,7744013847.0,10956680739.0,8369015485.0,8991286730.0,14179616145.0,9318639107.0,41493326837.0,53544262941.0,52537741878.0,55122107607.0,58509137096.0,50455747435.0,47002894182.0,47074411551.0,45874656752.0,46810175437.0,51597401864.0,68724711727.0,72032368050.0,78858974350.0,123975132400.0,116892773859.0,125159080146.0,132498372170.0,98621206304.0,107422941289.0,114632672352.0,98087384292.0,114040756023.0,134421091597.0,132585883945.0,137136094165.0,120397335032.0,121163619253.0,125579644217.0,130016892340.0,125411783907.0,116081434692.0,146461288655.0,185753022232.0,221451549032.0,242124600794.0,251952889817.0,239795901339.0,219961738435.0,199403676312.0,158047555250.0,111229391202.0,107538019664.0,111531596069.0,107148639592.0,115894640118.0,188284121522.0,184829446052.0,185281438212.0,195244725132.0,112485902509.0
19,부동산신탁,11643,코람코자산신탁,E,SM014,수익성(수지비율),B,영업비용,3852386529.0,3946030865.0,4366524908.0,7393421748.0,4499167124.0,4610641235.0,4471575223.0,8359567891.0,4383419990.0,4320708919.0,4310434749.0,5940174403.0,14836356534.0,5535169892.0,5206085406.0,6109951005.0,25737265603.0,25967709388.0,28215778450.0,35243192035.0,34089238487.0,34189532304.0,32340602324.0,33220294900.0,33317828448.0,32796445252.0,37330994616.0,34951066190.0,37746647556.0,39487994050.0,44907143264.0,66985649331.0,71005187501.0,73584448404.0,78513162431.0,59839091550.0,55249288119.0,58999231819.0,68450529722.0,87902236757.0,98591103166.0,110818762560.0,119704446907.0,113336068370.0,114398580277.0,155330992007.0,158318620085.0,138881188967.0,163388940485.0,132024360710.0,137918771718.0,151549124647.0,135097179014.0,138325621385.0,126312390530.0,106614461976.0,103102219792.0,116383398189.0,108781365164.0,111851755908.0,111570828979.0,78009114042.0,113714707722.0,124503367605.0,120752549051.0,121637120493.0,85253130025.0
20,부동산신탁,11643,코람코자산신탁,E,SM014,수익성(수지비율),C,수지비율,437.76,152.55,224.94,128.21,94.42,141.87,125.33,127.06,141.41,154.39,179.66,184.45,56.41,162.44,272.37,152.52,161.22,206.2,186.2,156.4,171.64,147.58,145.34,141.7,137.69,142.73,138.22,196.63,190.83,199.7,276.07,174.5,176.27,180.06,125.61,179.52,207.48,166.25,166.6,152.92,134.48,123.75,100.58,106.91,109.77,83.7,79.21,83.58,89.64,140.7,160.57,159.77,186.5,173.36,174.14,187.03,153.29,95.57,98.86,99.71,96.04,148.57,165.58,148.45,153.44,160.51,131.94
21,부동산신탁,11877,신한자산신탁주식회사,E,SM014,수익성(수지비율),A,영업수익,1936387819.0,2815998801.0,3456440495.0,5858262026.0,5445447394.0,5645635963.0,4691573940.0,6134913887.0,4620993897.0,6158280727.0,5132422708.0,6560910440.0,5155928994.0,6463427936.0,6912318868.0,5943449095.0,25664141255.0,24449625244.0,24822117756.0,27397007321.0,27193471279.0,29071086719.0,27090403244.0,28614020080.0,29499130843.0,31447159069.0,33646300152.0,34495133943.0,37051345982.0,40990775202.0,47852545166.0,55273152245.0,61342228519.0,65802610562.0,67744724362.0,63589195458.0,66384645376.0,65220809446.0,66065871352.0,68131776425.0,68394558643.0,69628977497.0,70316819315.0,71088097659.0,71474681400.0,78062184682.0,86326365301.0,103309638798.0,118492089567.0,130286977127.0,139967734155.0,145009367701.0,148425749616.0,153414541906.0,157915035816.0,152681972909.0,150726524859.0,150514659057.0,150490295759.0,148979812039.0,142597523673.0,128062837035.0,115715353667.0,100626428167.0,105567321133.0,124600114061.0,177879915711.0
22,부동산신탁,11877,신한자산신탁주식회사,E,SM014,수익성(수지비율),B,영업비용,1914277480.0,2078937476.0,2296947044.0,3222518280.0,2828005993.0,2529863955.0,3011566174.0,9099683593.0,2799734863.0,4619471797.0,3190647796.0,4008395041.0,3352309422.0,4186257679.0,4702782899.0,6782507448.0,21614104901.0,21303016706.0,21096273752.0,22268890762.0,21519737945.0,23223414446.0,23024763228.0,21592602945.0,20527620841.0,23480802623.0,23412195975.0,23931687048.0,24047324781.0,20021860798.0,24830187569.0,22897547020.0,24849962541.0,27061315120.0,27515191804.0,25009581730.0,26320811574.0,26772629909.0,32910142464.0,36885072136.0,37190023818.0,41770530274.0,36618433276.0,34320061709.0,32854034210.0,36526135336.0,31961181467.0,40016382530.0,42481660779.0,44086715219.0,45958425660.0,45633088646.0,45856079264.0,48149866814.0,56183368369.0,55414100769.0,57581148379.0,62464679051.0,64522253934.0,85753533895.0,172327393492.0,338622549719.0,349786397563.0,351071425836.0,317973393932.0,192637490206.0,237734178398.0
23,부동산신탁,11877,신한자산신탁주식회사,E,SM014,수익성(수지비율),C,수지비율,101.16,135.45,150.48,181.79,192.55,223.16,155.79,67.42,165.05,133.31,160.86,163.68,153.8,154.4,146.98,87.63,118.74,114.77,117.66,123.03,126.37,125.18,117.66,132.52,143.7,133.93,143.71,144.14,154.08,204.73,192.72,241.39,246.85,243.16,246.21,254.26,252.21,243.61,200.75,184.71,183.91,166.69,192.03,207.13,217.55,213.72,270.1,258.17,278.93,295.52,304.55,317.77,323.68,318.62,281.07,275.53,261.76,240.96,233.24,173.73,82.75,37.82,33.08,28.66,33.2,64.68,74.82
24,부동산신탁,11892,우리자산신탁,E,SM014,수익성(수지비율),A,영업수익,1102945653.0,1511095349.0,2353985927.0,2693060101.0,1631123335.0,2935278765.0,2123693850.0,3285139838.0,2905816784.0,3497437079.0,2573918227.0,3574333096.0,2792305196.0,4051453909.0,3688442102.0,5837963252.0,17038331189.0,17185205029.0,17409640413.0,18177234229.0,19574306636.0,20482819277.0,21355141707.0,22028808562.0,22280172783.0,25323836118.0,27924186385.0,29534668232.0,36404610205.0,37621660983.0,41111141493.0,45891666414.0,47076632429.0,50836106675.0,53357923780.0,53848347666.0,56126391581.0,58066933682.0,61417338286.0,63665830834.0,64861575575.0,68600181008.0,70287866606.0,75191434643.0,77987308166.0,78844955736.0,78082212967.0,79425565020.0,78835013226.0,83110478595.0,90041150509.0,94228229887.0,116918244828.0,127304975599.0,145044390902.0,151347524632.0,134965858269.0,135995906235.0,135959693499.0,129981581479.0,122256202178.0,119467138476.0,126082536628.0,107154361297.0,103425903939.0,88407166058.0,71595846898.0
25,부동산신탁,11892,우리자산신탁,E,SM014,수익성(수지비율),B,영업비용,1800336998.0,3836748517.0,1619805487.0,3063672950.0,1753899037.0,1728553023.0,1740986459.0,1642120281.0,1919830145.0,2754494077.0,2541089437.0,2800550427.0,3003935043.0,2913258340.0,2355461803.0,3934972676.0,12351126406.0,11526303086.0,12502837641.0,11778060784.0,11907329511.0,12149998881.0,11535125908.0,12247513637.0,11998604023.0,12977890076.0,13550061220.0,14303081868.0,14947167531.0,15203453743.0,16495874466.0,18802517064.0,19818609267.0,19813511666.0,19450583217.0,18800247143.0,19335018923.0,20003540823.0,23459562733.0,23572099906.0,24554088895.0,27751085893.0,27302562260.0,38029764231.0,39341759187.0,36814373119.0,39348435931.0,33404596591.0,32842749945.0,34921719729.0,44344223616.0,48395053284.0,39484783797.0,41573612600.0,44246098567.0,56398669812.0,60247328301.0,60168849629.0,62050393247.0,88323703457.0,103996758943.0,132975040193.0,154808040022.0,125945044441.0,136561802774.0,192291984900.0,251463023343.0
26,부동산신탁,11892,우리자산신탁,E,SM014,수익성(수지비율),C,수지비율,61.26,39.38,145.33,87.9,93.0,169.81,121.98,200.05,151.36,126.97,101.29,127.63,92.95,139.07,156.59,148.36,137.95,149.1,139.25,154.33,164.39,168.58,185.13,179.86,185.69,195.13,206.08,206.49,243.56,247.45,249.22,244.07,237.54,256.57,274.33,286.42,290.28,290.28,261.8,270.09,264.16,247.2,257.44,197.72,198.23,214.17,198.44,237.77,240.04,237.99,203.05,194.71,296.11,306.22,327.81,268.35,224.02,226.02,219.11,147.17,117.56,89.84,81.44,85.08,75.74,45.98,28.47
27,부동산신탁,12279,무궁화신탁,E,SM014,수익성(수지비율),A,영업수익,,,107498864.0,260071523.0,615945940.0,1414677509.0,1244414190.0,2206590534.0,1355577094.0,1382971143.0,1145834234.0,1752403455.0,1302328639.0,2293174367.0,1866746861.0,1765662832.0,7994375826.0,8500874961.0,8508955962.0,9211920501.0,9347387264.0,9123242662.0,10219465489.0,11071402056.0,12976923091.0,14879702879.0,17086825165.0,18883711568.0,20348670551.0,23233227874.0,23586429599.0,27254950402.0,28733459882.0,29474677101.0,34126800836.0,38574337491.0,46077144304.0,54587284596.0,60281329123.0,64304713838.0,67657949223.0,72426781970.0,77290694762.0,81257424988.0,87005370942.0,90017286040.0,94577381558.0,99515550243.0,104714063902.0,112648470673.0,121385179863.0,129172241280.0,145749461903.0,155904581566.0,158312183164.0,154700369152.0,145987249808.0,130301527189.0,133229133140.0,134036306899.0,127790538242.0,125097144666.0,117104513262.0,111978738270.0,157292661207.0,163483359059.0,164244469258.0
28,부동산신탁,12279,무궁화신탁,E,SM014,수익성(수지비율),B,영업비용,,,684219856.0,793140972.0,845755333.0,1025854792.0,1099032920.0,1212763244.0,1148724532.0,1337159908.0,1191942405.0,1254622435.0,1282829542.0,1597256750.0,1496779713.0,1737393996.0,6905388462.0,7474994034.0,8257648100.0,8339946870.0,8142694203.0,8324611748.0,7730950346.0,8037327857.0,8464222747.0,8487315760.0,9416127475.0,11090217959.0,11386456721.0,11472090163.0,11900600053.0,13814751066.0,15773870192.0,18868115252.0,21408808060.0,21252003008.0,23409370991.0,30789102969.0,34504077268.0,38310624625.0,41549903334.0,46766412933.0,54678770521.0,57475111040.0,66799551464.0,68044396689.0,72769248097.0,76944438897.0,80920146160.0,106320917168.0,110564811124.0,118520599973.0,125720613553.0,122052825216.0,123003482790.0,115939271081.0,112607557707.0,102817494431.0,115803031861.0,121945763030.0,120116639936.0,104507390449.0,126318417845.0,175628616199.0,225979620999.0,232245141209.0,209545539802.0
29,부동산신탁,12279,무궁화신탁,E,SM014,수익성(수지비율),C,수지비율,,,15.71,32.79,72.83,137.9,113.23,181.95,118.01,103.43,96.13,139.68,101.52,143.57,124.72,101.63,115.77,113.72,103.04,110.46,114.79,109.59,132.19,137.75,153.31,175.32,181.46,170.27,178.71,202.52,198.2,197.29,182.16,156.21,159.41,181.51,196.83,177.29,174.71,167.85,162.84,154.87,141.35,141.38,130.25,132.29,129.97,129.33,129.4,105.95,109.79,108.99,115.93,127.74,128.71,133.43,129.64,126.73,115.05,109.91,106.39,119.7,92.71,63.76,69.6,70.39,78.38
30,부동산신탁,12306,코리아신탁,E,SM014,수익성(수지비율),A,영업수익,,,,,306628185.0,429852538.0,814566664.0,1179490814.0,,1573647432.0,1364499195.0,2145956845.0,1443856297.0,2457458716.0,2666271335.0,2918411468.0,10636903918.0,11078893555.0,10675739504.0,12307420929.0,12168236654.0,12269910642.0,11521428697.0,10842010255.0,11926873364.0,13640027883.0,15693301340.0,20272030114.0,24366200531.0,29499577034.0,34249069116.0,37718150762.0,41061735868.0,42052991330.0,45971010525.0,47982006939.0,49440135110.0,52581516478.0,53888041029.0,56220686919.0,58939242972.0,60090832812.0,63286100033.0,64261755851.0,67380486463.0,66698244914.0,64440740049.0,68752691832.0,70490248640.0,75748776388.0,81427802806.0,87555348186.0,90704992888.0,94913777512.0,96607490585.0,95823238972.0,94531169668.0,90631948358.0,87438113550.0,83790982949.0,80468587312.0,74732914124.0,67249330004.0,59256616636.0,55563426599.0,55534215200.0,57322964882.0
31,부동산신탁,12306,코리아신탁,E,SM014,수익성(수지비율),B,영업비용,,,,,974659878.0,1051598046.0,1210628741.0,1153991068.0,,1233397552.0,1256167682.0,1303809360.0,1447741082.0,1426190484.0,1521856997.0,2145944327.0,6953222702.0,7273123891.0,6741417797.0,7218092871.0,7135246583.0,6984987016.0,7142629408.0,7034466048.0,7290864852.0,8858008495.0,10005682036.0,11954663288.0,13698337690.0,15297400896.0,16170033475.0,16741985832.0,17423334146.0,20363288424.0,21855087187.0,23059089106.0,24121977472.0,25014710091.0,24911738148.0,25796458388.0,30784780180.0,29427918745.0,33588234026.0,30541657237.0,31580865964.0,31654350916.0,28387025053.0,35029563108.0,36822640392.0,36995111865.0,37959631580.0,39705672525.0,42915928470.0,45066160614.0,47645102311.0,54316582664.0,51047381388.0,55242494749.0,64851733085.0,65047922220.0,71569848755.0,82435994541.0,82446228511.0,94947597926.0,93355393424.0,89662705851.0,93640692891.0
32,부동산신탁,12306,코리아신탁,E,SM014,수익성(수지비율),C,수지비율,,,,,31.46,40.88,67.28,102.21,,127.59,108.62,164.59,99.73,172.31,175.2,136.0,152.98,152.33,158.36,170.51,170.54,175.66,161.31,154.13,163.59,153.99,156.84,169.57,177.88,192.84,211.81,225.29,235.67,206.51,210.34,208.08,204.96,210.2,216.32,217.94,191.46,204.2,188.42,210.41,213.36,210.71,227.01,196.27,191.43,204.75,214.51,220.51,211.36,210.61,202.76,176.42,185.18,164.06,134.83,128.81,112.43,90.66,81.57,62.41,59.52,61.94,61.22
33,부동산신탁,16953,대신자산신탁,E,SM014,수익성(수지비율),A,영업수익,,,,,,,,,,,,,,,,,,,,,,,,,,,,,,,,,,,,,,,,,,,1064072140.0,2284589529.0,4022783844.0,5744309706.0,7920629105.0,10074211116.0,12375287577.0,14851037111.0,17055916295.0,20852489287.0,26127359818.0,30310308403.0,33987086799.0,36765730249.0,39976449522.0,42046212446.0,41343203731.0,46569386807.0,49426072616.0,50936012889.0,53766302411.0,46794129661.0,53921681504.0,53990152831.0,56886340974.0
34,부동산신탁,16953,대신자산신탁,E,SM014,수익성(수지비율),B,영업비용,,,,,,,,,,,,,,,,,,,,,,,,,,,,,,,,,,,,,,,,,,,2606729548.0,4571497334.0,6648931935.0,6975578234.0,8691368165.0,9373713384.0,10360889050.0,11340923122.0,12549519776.0,15473381184.0,18191424618.0,18013898015.0,21819162766.0,26361732847.0,26276074342.0,34602227305.0,29306378232.0,29994828676.0,49087012779.0,37482779508.0,45155346951.0,70882534475.0,69335703631.0,74406170455.0,73468284776.0
35,부동산신탁,16953,대신자산신탁,E,SM014,수익성(수지비율),C,수지비율,,,,,,,,,,,,,,,,,,,,,,,,,,,,,,,,,,,,,,,,,,,40.82,49.97,60.5,82.35,91.13,107.47,119.44,130.95,135.91,134.76,143.62,168.26,155.77,139.47,152.14,121.51,141.07,155.26,100.69,135.89,119.07,66.02,77.77,72.56,77.43
36,부동산신탁,17106,한국투자부동산신탁,E,SM014,수익성(수지비율),A,영업수익,,,,,,,,,,,,,,,,,,,,,,,,,,,,,,,,,,,,,,,,,,,,616406953.0,688608770.0,2088587418.0,2827448141.0,4653451622.0,6278871817.0,10427600212.0,15098710674.0,19222266790.0,24639054569.0,28382711367.0,34205550385.0,39816538251.0,45499072502.0,51493875285.0,52921655978.0,54037187780.0,58506607519.0,59844881651.0,68669325486.0,73634532075.0,75814959779.0,80938951057.0,82596806169.0
37,부동산신탁,17106,한국투자부동산신탁,E,SM014,수익성(수지비율),B,영업비용,,,,,,,,,,,,,,,,,,,,,,,,,,,,,,,,,,,,,,,,,,,,5716723234.0,3072804319.0,11517141633.0,12391563416.0,12582416547.0,12716232463.0,12718813626.0,13036787237.0,14917827692.0,15544052749.0,17178932566.0,19048522004.0,22421174419.0,35369376585.0,43205962533.0,51105619873.0,43434105179.0,50869170079.0,53912015734.0,63154098421.0,78468153224.0,72878461711.0,78232882071.0,80017169355.0
38,부동산신탁,17106,한국투자부동산신탁,E,SM014,수익성(수지비율),C,수지비율,,,,,,,,,,,,,,,,,,,,,,,,,,,,,,,,,,,,,,,,,,,,10.78,22.41,18.13,22.82,36.98,49.38,81.99,115.82,128.85,158.51,165.22,179.57,177.58,128.64,119.18,103.55,124.41,115.01,111.0,108.73,93.84,104.03,103.46,103.22
39,부동산신탁,17107,신영부동산신탁,E,SM014,수익성(수지비율),A,영업수익,,,,,,,,,,,,,,,,,,,,,,,,,,,,,,,,,,,,,,,,,,,,808060416.0,2330655820.0,5035888011.0,8243757580.0,12904284382.0,17057145694.0,21086675220.0,26810434246.0,30630635479.0,36089724136.0,40975705286.0,45435311308.0,49429853845.0,48996053608.0,46901195923.0,43669946728.0,41224140087.0,40582190439.0,39031294664.0,37490606472.0,34277411072.0,30929865187.0,32005191968.0,33552914256.0
40,부동산신탁,17107,신영부동산신탁,E,SM014,수익성(수지비율),B,영업비용,,,,,,,,,,,,,,,,,,,,,,,,,,,,,,,,,,,,,,,,,,,,4589023728.0,7452064060.0,9880751110.0,11235965846.0,12219005954.0,13969962537.0,15634239533.0,17334550647.0,18869222058.0,21649916775.0,23257766342.0,24986553050.0,25939392770.0,26868655123.0,28650761780.0,28721339949.0,29770612314.0,32259042428.0,33483519047.0,34654774208.0,35142097478.0,35687458917.0,40215090429.0,44733221405.0
41,부동산신탁,17107,신영부동산신탁,E,SM014,수익성(수지비율),C,수지비율,,,,,,,,,,,,,,,,,,,,,,,,,,,,,,,,,,,,,,,,,,,,17.61,31.28,50.97,73.37,105.61,122.1,134.87,154.66,162.33,166.7,176.18,181.84,190.56,182.35,163.7,152.05,138.47,125.8,116.57,108.18,97.54,86.67,79.59,75.01
