,금융구분,금융회사코드,금융회사명,통계분류,통계표코드,통계표명,코드,구분,200903,200906,200909,200912,201003,201006,201009,201012,201103,201106,201109,201112,201203,201206,201209,201212,201303,201306,201309,201312,201403,201406,201409,201412,201503,201506,201509,201512,201603,201606,201609,201612,201703,201706,201709,201712,201803,201806,201809,201812,201903,201906,201909,201912,202003,202006,202009,202012,202103,202106,202109,202112,202203,202206,202209,202212,202303,202306,202309,202312,202403,202406,202409,202412
0,부동산신탁,10902,한국토지신탁,E,SM015,수익성(자기자본이익률),A,당기순이익,953127491.0,685119794.0,10829687096.0,2780577917.0,986968456.0,-11962221724.0,-41448625826.0,-11130672366.0,6493210173.0,14354110937.0,6699724810.0,17499288363.0,0.0,3872701149.0,18562194347.0,13166256753.0,26453518723.0,54336139723.0,31874724887.0,25546483269.0,58746723816.0,49535887220.0,74429610549.0,80639749151.0,78593963548.0,73967125203.0,80703527297.0,80054158562.0,74285318395.0,74429298107.0,66584483890.0,55769787574.0,65320717366.0,,,,,,,,,,,,,,,,,,,,,,,,,,,,,,,
1,부동산신탁,10902,한국토지신탁,E,SM015,수익성(자기자본이익률),A1,당기순이익,,,,,,,,,,,,,,,,,,,,,,,,,,,,,,,,,,82455846963.0,80876368657.0,103733282012.0,111372303658.0,111502336271.0,88433145219.0,94224743862.0,74741015882.0,62262198289.0,75094150406.0,49487974299.0,41856727796.0,45048461064.0,47651201538.0,93626382614.0,87363956981.0,123843068676.0,143313458656.0,94720187095.0,89674644762.0,58404220689.0,42357287777.0,45369166679.0,27549696863.0,20759345421.0,5912584747.0,16125306723.0,27426338938.0,35649392388.0,36229945069.0,20966682494.0
2,부동산신탁,10902,한국토지신탁,E,SM015,수익성(자기자본이익률),B,(평잔)총자산,813744552864.0,797358985312.0,781975833741.0,758207800557.0,703143436369.0,674620515376.0,703577179415.0,712649229891.0,678454543895.0,589167030325.0,525342615531.0,500931886005.0,497714954462.0,517901020444.0,553028036535.0,563850273009.0,548019257173.0,554903164079.0,542235046936.0,530583531870.0,512085586896.0,494173684471.0,486761151743.0,481805542254.0,490346315500.0,500646028526.0,515042619290.0,538880369691.0,579545620696.0,620857581043.0,676211577863.0,741679512364.0,807321465825.0,,,,,,,,,,,,,,,,,,,,,,,,,,,,,,,
3,부동산신탁,10902,한국토지신탁,E,SM015,수익성(자기자본이익률),B1,(평잔)자기자본,,,,,,,,,,,,,,,,,,,,,,,,,,,,,,,,,,536758178601.0,553870552453.0,571656125717.0,590078151249.0,606949252337.0,617121294144.0,626338463789.0,636931227554.0,644579057154.0,653678979543.0,658253505144.0,660241492131.0,660871711167.0,660167272866.0,667604962647.0,679573311699.0,699079499182.0,726782014502.0,750660294829.0,768293263293.0,779133248006.0,785365929593.0,790276956641.0,792470724101.0,791420961300.0,786620279162.0,780232734094.0,778802667257.0,781561965531.0,785696549117.0,789461954424.0
4,부동산신탁,10902,한국토지신탁,E,SM015,수익성(자기자본이익률),C,총자산순이익률,0.12,0.09,1.38,0.37,0.14,-1.77,-5.89,-1.56,0.96,2.44,1.28,3.49,0.0,0.75,3.36,2.34,4.83,9.79,5.88,4.81,11.47,10.02,15.29,16.74,16.03,14.77,15.67,14.86,12.82,11.99,9.85,7.52,8.09,,,,,,,,,,,,,,,,,,,,,,,,,,,,,,,
5,부동산신탁,10902,한국토지신탁,E,SM015,수익성(자기자본이익률),C1,자기자본이익률,,,,,,,,,,,,,,,,,,,,,,,,,,,,,,,,,,15.36,14.6,18.15,18.87,18.37,14.33,15.04,11.73,9.66,11.49,7.52,6.34,6.82,7.22,14.02,12.86,17.72,19.72,12.62,11.67,7.5,5.39,5.74,3.48,2.62,0.75,2.07,3.52,4.56,4.61,2.66
6,부동산신탁,10903,KB부동산신탁(주),E,SM015,수익성(자기자본이익률),A,당기순이익,4161028497.0,-3948396007.0,14409878832.0,9171738575.0,4060028077.0,3207245368.0,2038289692.0,-5777240648.0,4145724868.0,-9752819933.0,-1774812006.0,11041448904.0,6772968804.0,12978699197.0,7809105954.0,5631433492.0,18798612484.0,6314557725.0,-4807636732.0,-15072058496.0,-5320215393.0,-1131362956.0,14007081100.0,32000914178.0,33499939482.0,33827698383.0,26140333220.0,18218260772.0,22296170232.0,23701936195.0,27162802416.0,29456984099.0,31233910379.0,,,,,,,,,,,,,,,,,,,,,,,,,,,,,,,
7,부동산신탁,10903,KB부동산신탁(주),E,SM015,수익성(자기자본이익률),A1,당기순이익,,,,,,,,,,,,,,,,,,,,,,,,,,,,,,,,,,30175386254.0,29692823266.0,35279229631.0,41007034448.0,37579408563.0,47186461587.0,45908323678.0,48711257384.0,56200431756.0,49602789787.0,61420797491.0,65052912680.0,60181526466.0,61180358452.0,53932907996.0,73452467402.0,72936467949.0,82300001391.0,85474424807.0,69740391460.0,71129610796.0,64236960695.0,62629454048.0,68784080516.0,55539030876.0,22468944541.0,-81812396697.0,-155086435339.0,-216105368314.0,-222308831829.0,-113331523679.0
8,부동산신탁,10903,KB부동산신탁(주),E,SM015,수익성(자기자본이익률),B,(평잔)총자산,222114512123.0,209291550186.0,232653165342.0,254954472262.0,247884127609.0,258269757601.0,265854722058.0,269220785848.0,263340479340.0,260500262172.0,245725112147.0,239843000529.0,245074959361.0,230098874206.0,216908858226.0,205218063976.0,211742408892.0,199738384481.0,187712284387.0,179225761798.0,172820875359.0,170086139206.0,173715705306.0,180200073300.0,189968175985.0,200145333743.0,208118288226.0,213804741272.0,214818731333.0,209078913026.0,205952802314.0,203863921372.0,204846645430.0,,,,,,,,,,,,,,,,,,,,,,,,,,,,,,,
9,부동산신탁,10903,KB부동산신탁(주),E,SM015,수익성(자기자본이익률),B1,(평잔)자기자본,,,,,,,,,,,,,,,,,,,,,,,,,,,,,,,,,,176305128610.0,179032993513.0,182151225102.0,187054610778.0,194275631275.0,202478201255.0,211797653877.0,222744120312.0,235114939276.0,247156276355.0,259946400227.0,272166765512.0,279057601668.0,287141600467.0,294381580376.0,300222145492.0,309100292946.0,319054053811.0,331546092596.0,342816069162.0,351363530647.0,359971700022.0,366233209987.0,373350022630.0,379270348809.0,377898582451.0,364058197487.0,329689558989.0,301095456180.0,308895460796.0,347001900430.0
10,부동산신탁,10903,KB부동산신탁(주),E,SM015,수익성(자기자본이익률),C,총자산순이익률,1.87,-1.89,6.19,3.6,1.64,1.24,0.77,-2.15,1.57,-3.74,-0.72,4.6,2.76,5.64,3.6,2.74,8.88,3.16,-2.56,-8.41,-3.08,-0.67,8.06,17.76,17.63,16.9,12.56,8.52,10.38,11.34,13.19,14.45,15.25,,,,,,,,,,,,,,,,,,,,,,,,,,,,,,,
11,부동산신탁,10903,KB부동산신탁(주),E,SM015,수익성(자기자본이익률),C1,자기자본이익률,,,,,,,,,,,,,,,,,,,,,,,,,,,,,,,,,,17.12,16.59,19.37,21.92,19.34,23.3,21.68,21.87,23.9,20.07,23.63,23.9,21.57,21.31,18.32,24.47,23.6,25.8,25.78,20.34,20.24,17.85,17.1,18.42,14.64,5.95,-22.47,-47.04,-71.77,-71.97,-32.66
12,부동산신탁,10904,대한토지신탁,E,SM015,수익성(자기자본이익률),A,당기순이익,4720401231.0,2790140764.0,1314377215.0,4361888829.0,3229675916.0,504996917.0,-2327062098.0,5637019866.0,-1535946045.0,-9589802371.0,-3492323530.0,-29526076981.0,3096405779.0,1631860993.0,3452471757.0,-1536458110.0,5691235285.0,3177552613.0,17813442888.0,15580280764.0,15795126169.0,19852163662.0,5167282430.0,12045742866.0,10913103619.0,9293098938.0,9836986050.0,17799078397.0,20913084000.0,20560641405.0,25199881239.0,24129473626.0,23238894882.0,,,,,,,,,,,,,,,,,,,,,,,,,,,,,,,
13,부동산신탁,10904,대한토지신탁,E,SM015,수익성(자기자본이익률),A1,당기순이익,,,,,,,,,,,,,,,,,,,,,,,,,,,,,,,,,,22177438258.0,27814684685.0,23152367078.0,50441848734.0,53809661903.0,11163044827.0,11473437096.0,-5373430003.0,-7167503371.0,16109434524.0,40160767856.0,29729951718.0,20226458706.0,45282090286.0,28687505242.0,45156437756.0,71205269054.0,57722288550.0,61221750150.0,53697277045.0,46415480610.0,61828043183.0,41037856122.0,18638353777.0,5599552704.0,-22498302701.0,-13000609471.0,-8074515033.0,-5106464847.0,4366931319.0,46511389235.0
14,부동산신탁,10904,대한토지신탁,E,SM015,수익성(자기자본이익률),B,(평잔)총자산,305853750554.0,305942732390.0,318807406864.0,329958141199.0,329186967157.0,315346003783.0,311512333081.0,308567386690.0,356352571491.0,351220809333.0,336879614029.0,278608250227.0,221973678104.0,221186696942.0,199985624044.0,185094307908.0,193410175625.0,179950944277.0,175035396237.0,177984668363.0,185204309758.0,196078798434.0,206294597525.0,214490703407.0,224839103404.0,226498618216.0,225329202332.0,221195775628.0,215818754321.0,215119188631.0,215735642132.0,219145998541.0,226209484857.0,,,,,,,,,,,,,,,,,,,,,,,,,,,,,,,
15,부동산신탁,10904,대한토지신탁,E,SM015,수익성(자기자본이익률),B1,(평잔)자기자본,,,,,,,,,,,,,,,,,,,,,,,,,,,,,,,,,,179606001995.0,186753953525.0,200378542335.0,212766358520.0,225714558913.0,233609603684.0,227834381664.0,223974833295.0,223009194881.0,221652880751.0,229340521695.0,240233665582.0,242009410620.0,250602848015.0,258635456558.0,264960106199.0,282426253639.0,296442109479.0,309697110249.0,321510962424.0,329326352545.0,338845001104.0,348067002738.0,353139244646.0,355963004605.0,353194904085.0,347089630648.0,343721324712.0,342658920722.0,342658920722.0,347540499790.0
16,부동산신탁,10904,대한토지신탁,E,SM015,수익성(자기자본이익률),C,총자산순이익률,1.54,0.91,0.41,1.32,0.98,0.16,-0.75,1.83,-0.43,-2.73,-1.04,-10.6,1.39,0.74,1.73,-0.83,2.94,1.77,10.18,8.75,8.53,10.12,2.5,5.62,4.85,4.1,4.37,8.05,9.69,9.56,11.68,11.01,10.27,,,,,,,,,,,,,,,,,,,,,,,,,,,,,,,
17,부동산신탁,10904,대한토지신탁,E,SM015,수익성(자기자본이익률),C1,자기자본이익률,,,,,,,,,,,,,,,,,,,,,,,,,,,,,,,,,,12.35,14.89,11.55,23.71,23.84,4.78,5.04,-2.4,-3.21,7.27,17.51,12.38,8.36,18.07,11.09,17.04,25.21,19.47,19.77,16.7,14.09,18.25,11.79,5.28,1.57,-6.37,-3.75,-2.35,-1.49,1.27,13.38
18,부동산신탁,10905,교보자산신탁,E,SM015,수익성(자기자본이익률),A,당기순이익,752361362.0,1740704383.0,1459899645.0,1864966933.0,472186829.0,1776350520.0,183433630.0,1000459980.0,296198541.0,1072040678.0,842426500.0,537569069.0,230366455.0,508627208.0,24156262.0,-107427380.0,745969030.0,689235616.0,1143722285.0,513871132.0,443570369.0,711428111.0,1819397752.0,1637610892.0,4698016214.0,7276474948.0,9071933210.0,11738403609.0,12505171023.0,15178642902.0,17388053644.0,20436039192.0,23379741466.0,,,,,,,,,,,,,,,,,,,,,,,,,,,,,,,
19,부동산신탁,10905,교보자산신탁,E,SM015,수익성(자기자본이익률),A1,당기순이익,,,,,,,,,,,,,,,,,,,,,,,,,,,,,,,,,,22984160050.0,25706386251.0,23215112604.0,24664425694.0,27279917658.0,26370312132.0,28288735164.0,26667713814.0,27732334071.0,28141912698.0,26378966696.0,23776703647.0,18427656274.0,14050993314.0,16554557774.0,18790389229.0,22804762015.0,28343138069.0,24857852138.0,24288188646.0,21770708740.0,21755063554.0,18634759222.0,13174535240.0,-986701032.0,-8535445766.0,-48676097120.0,-83864565083.0,-121709145398.0,-179483181939.0,-240901238011.0
20,부동산신탁,10905,교보자산신탁,E,SM015,수익성(자기자본이익률),B,(평잔)총자산,65080927425.0,62379729647.0,64584736795.0,67298810187.0,68959491640.0,68608256822.0,68496830238.0,69492190910.0,69449046927.0,68594842317.0,69844386895.0,71115570585.0,69986652419.0,68628655864.0,69231611850.0,69608026034.0,68935944935.0,68818601059.0,68759986013.0,68629698071.0,68614070561.0,68965296782.0,70170549983.0,71935834065.0,74163829791.0,76964111612.0,80180702813.0,84282636541.0,88693731394.0,90921196859.0,95899944152.0,100501573537.0,105398339954.0,,,,,,,,,,,,,,,,,,,,,,,,,,,,,,,
21,부동산신탁,10905,교보자산신탁,E,SM015,수익성(자기자본이익률),B1,(평잔)자기자본,,,,,,,,,,,,,,,,,,,,,,,,,,,,,,,,,,88229695427.0,91662865001.0,94968818803.0,97771580801.0,99361987439.0,101238895868.0,103184389893.0,105517993021.0,108702796088.0,111757670202.0,114965025089.0,118475165747.0,123527436059.0,123527436059.0,125738607014.0,135370760389.0,140409962650.0,184395053370.0,243685803972.0,272373591472.0,315304090376.0,320744418806.0,325609066293.0,330161688238.0,331305188646.0,355831488962.0,384609478104.0,404328707553.0,415279713715.0,388489668757.0,361114970074.0
22,부동산신탁,10905,교보자산신탁,E,SM015,수익성(자기자본이익률),C,총자산순이익률,1.16,2.79,2.26,2.77,0.68,2.59,0.27,1.44,0.43,1.56,1.21,0.76,0.33,0.74,0.03,-0.15,1.08,1.0,1.66,0.75,0.65,1.03,2.59,2.28,6.33,9.45,11.31,13.93,14.1,16.69,18.13,20.33,22.18,,,,,,,,,,,,,,,,,,,,,,,,,,,,,,,
23,부동산신탁,10905,교보자산신탁,E,SM015,수익성(자기자본이익률),C1,자기자본이익률,,,,,,,,,,,,,,,,,,,,,,,,,,,,,,,,,,26.05,28.04,24.44,25.23,27.46,26.05,27.42,25.27,25.51,25.18,22.95,20.07,14.92,11.37,13.17,13.88,16.24,15.37,10.2,8.92,6.9,6.78,5.72,3.99,-0.3,-2.4,-12.66,-20.74,-29.31,-46.2,-66.71
24,부동산신탁,10906,한국자산신탁,E,SM015,수익성(자기자본이익률),A,당기순이익,2238103000.0,11145454915.0,1470548667.0,-345823117.0,2770990813.0,5322968538.0,2439091212.0,5528333091.0,2450637912.0,2239818665.0,3472486430.0,2042304363.0,3251139804.0,3371757037.0,3114638931.0,2625388725.0,2811701703.0,2870491763.0,-1373153175.0,-484494862.0,7965503121.0,8837436471.0,14975582459.0,13322764394.0,17950444664.0,22189488912.0,31188716733.0,33899270529.0,37815663140.0,36104118017.0,31044278131.0,44396860555.0,53462744732.0,,,,,,,,,,,,,,,,,,,,,,,,,,,,,,,
25,부동산신탁,10906,한국자산신탁,E,SM015,수익성(자기자본이익률),A1,당기순이익,,,,,,,,,,,,,,,,,,,,,,,,,,,,,,,,,,67510175513.0,83267069601.0,93297310711.0,109331801672.0,62447177930.0,59974837221.0,49741786043.0,-7707971014.0,-33876064329.0,10806767538.0,56101128573.0,117434971441.0,240627220281.0,240538242266.0,213946833516.0,206239375484.0,161829639927.0,123398684635.0,93673233565.0,90978443822.0,80747958454.0,84530863596.0,74738972372.0,72164018543.0,60975420637.0,50861443204.0,10977047444.0,-38915182984.0,-55704431129.0,-53329701936.0,-48955603604.0
26,부동산신탁,10906,한국자산신탁,E,SM015,수익성(자기자본이익률),B,(평잔)총자산,118246771998.0,121412586665.0,130199777722.0,132097122310.0,132082301389.0,138102688944.0,144596829433.0,145884265392.0,151703448932.0,159011723344.0,155739912173.0,158714757329.0,160559140137.0,167444555353.0,168264655712.0,184916850955.0,181304841290.0,192973265800.0,205135759076.0,210376757970.0,208459354462.0,207611837494.0,207749655125.0,215800627741.0,229495891948.0,244822190677.0,261814498134.0,277943142050.0,293878764137.0,309950842724.0,351393123429.0,396858615181.0,447181907791.0,,,,,,,,,,,,,,,,,,,,,,,,,,,,,,,
27,부동산신탁,10906,한국자산신탁,E,SM015,수익성(자기자본이익률),B1,(평잔)자기자본,,,,,,,,,,,,,,,,,,,,,,,,,,,,,,,,,,341172150176.0,363725787587.0,358984227197.0,413801862729.0,407661357986.0,342269762515.0,420269956826.0,429939009632.0,428034899085.0,424509915163.0,430284587012.0,443779263780.0,476883823306.0,530531388713.0,582114271755.0,627919536221.0,668287387200.0,698737826916.0,720252840208.0,737167164217.0,753072843578.0,767132722621.0,780659172099.0,792324804523.0,802407833948.0,810240934836.0,814782848146.0,806974917115.0,789104001977.0,768469798096.0,747083486699.0
28,부동산신탁,10906,한국자산신탁,E,SM015,수익성(자기자본이익률),C,총자산순이익률,1.89,9.18,1.13,-0.26,2.1,3.85,1.69,3.79,1.62,1.41,2.23,1.29,2.02,2.01,1.85,1.42,1.55,1.49,-0.67,-0.23,3.82,4.26,7.21,6.17,7.82,9.06,11.91,12.2,12.87,11.65,8.83,11.19,11.96,,,,,,,,,,,,,,,,,,,,,,,,,,,,,,,
29,부동산신탁,10906,한국자산신탁,E,SM015,수익성(자기자본이익률),C1,자기자본이익률,,,,,,,,,,,,,,,,,,,,,,,,,,,,,,,,,,19.79,22.89,25.99,26.42,15.32,17.52,11.84,-1.79,-7.91,2.55,13.04,26.46,50.46,45.34,36.75,32.84,24.22,17.66,13.01,12.34,10.72,11.02,9.57,9.11,7.6,6.28,1.35,-4.82,-7.06,-6.94,-6.55
30,부동산신탁,11452,하나자산신탁,E,SM015,수익성(자기자본이익률),A,당기순이익,1332164204.0,2114744.0,897182542.0,2192353864.0,1321482575.0,4012675966.0,1072876334.0,674250027.0,1171108217.0,2479133749.0,197607431.0,6661765420.0,1107883441.0,205742516.0,4446815504.0,3201139225.0,8131801423.0,9467812933.0,7675832632.0,7372380750.0,8880632990.0,10666060412.0,10793924120.0,10462045857.0,11629385758.0,11145888637.0,11657761588.0,10138362163.0,9955716513.0,53235692592.0,56247384123.0,57023797246.0,61466174608.0,,,,,,,,,,,,,,,,,,,,,,,,,,,,,,,
31,부동산신탁,11452,하나자산신탁,E,SM015,수익성(자기자본이익률),A1,당기순이익,,,,,,,,,,,,,,,,,,,,,,,,,,,,,,,,,,23855740371.0,26120330874.0,26412565262.0,31418899540.0,39289816787.0,42143139827.0,50294827305.0,57505975474.0,58107056227.0,59018838949.0,68608023077.0,68305726597.0,70814694937.0,86177411440.0,80289250197.0,81846452169.0,85722635857.0,84971330857.0,94754814935.0,97087584634.0,98648777061.0,92644744784.0,76219023090.0,62029985908.0,60256426974.0,48173120881.0,57841339978.0,51857407654.0,34596074354.0,29444707297.0,34703084967.0
32,부동산신탁,11452,하나자산신탁,E,SM015,수익성(자기자본이익률),B,(평잔)총자산,72046367630.0,71593296873.0,71435074545.0,70116772355.0,67957921092.0,63563776605.0,64227816127.0,64653712850.0,64781979897.0,66539902217.0,68134902790.0,77159035586.0,79301877144.0,78335420110.0,80995370647.0,88853812538.0,84807344035.0,87660078268.0,90250787561.0,91369141386.0,92534134412.0,94559167537.0,97245917470.0,99951456174.0,102991473316.0,106220840147.0,110074989667.0,115032068737.0,119262224484.0,130836270204.0,146796156751.0,163376594196.0,180835569244.0,,,,,,,,,,,,,,,,,,,,,,,,,,,,,,,
33,부동산신탁,11452,하나자산신탁,E,SM015,수익성(자기자본이익률),B1,(평잔)자기자본,,,,,,,,,,,,,,,,,,,,,,,,,,,,,,,,,,156714667150.0,157103538170.0,158383836149.0,161865144274.0,169179516960.0,178944904506.0,189766004425.0,199982657578.0,214875848958.0,229409450131.0,245230609952.0,262287602602.0,279596651025.0,299383242277.0,320370491955.0,338381273623.0,349829828522.0,364436124963.0,379235847723.0,396059788755.0,417257148110.0,433532593900.0,447124733476.0,457804505571.0,466886915134.0,475290567885.0,484061802572.0,491964761625.0,498051286939.0,501008826397.0,502828903934.0
34,부동산신탁,11452,하나자산신탁,E,SM015,수익성(자기자본이익률),C,총자산순이익률,1.85,0.0,1.26,3.13,1.94,6.31,1.67,1.04,1.81,3.73,0.29,8.63,1.4,0.26,5.49,3.6,9.59,10.8,8.51,8.07,9.6,11.28,11.1,10.47,11.29,10.49,10.59,8.81,8.35,40.69,38.32,34.9,33.99,,,,,,,,,,,,,,,,,,,,,,,,,,,,,,,
35,부동산신탁,11452,하나자산신탁,E,SM015,수익성(자기자본이익률),C1,자기자본이익률,,,,,,,,,,,,,,,,,,,,,,,,,,,,,,,,,,15.22,16.63,16.68,19.41,23.22,23.55,26.5,28.76,27.04,25.73,27.98,26.04,25.33,28.78,25.06,24.19,24.5,23.32,24.99,24.51,23.64,21.37,17.05,13.55,12.91,10.14,11.95,10.54,6.95,5.88,6.9
36,부동산신탁,11643,코람코자산신탁,E,SM015,수익성(자기자본이익률),A,당기순이익,9955409926.0,4781066740.0,16241563164.0,5522856420.0,-433650384.0,1399231461.0,499958867.0,2081655981.0,1385640705.0,1570115924.0,2517444390.0,3667165024.0,-5287399738.0,2519290158.0,6917501996.0,833969937.0,12473886608.0,21713533428.0,20170936902.0,20150252543.0,22530918126.0,15260639868.0,12724995161.0,13195440000.0,12600612267.0,13783186795.0,17292653607.0,27028911196.0,27906886601.0,31330808536.0,61747434096.0,41576872143.0,44484584747.0,,,,,,,,,,,,,,,,,,,,,,,,,,,,,,,
37,부동산신탁,11643,코람코자산신탁,E,SM015,수익성(자기자본이익률),A1,당기순이익,,,,,,,,,,,,,,,,,,,,,,,,,,,,,,,,,,45250945680.0,24538752614.0,42752811887.0,43124075332.0,36094600414.0,42737499951.0,34547554898.0,23233698851.0,17557526445.0,-1618081954.0,20332924193.0,24066312466.0,-14323074613.0,-20695356514.0,-27663413667.0,-23037005637.0,46868414723.0,75155179819.0,78969730674.0,101473991051.0,83539447461.0,73294241693.0,71390176964.0,40563661952.0,-6755768038.0,-2980665797.0,48454184.0,-4965985731.0,30434136954.0,59530977338.0,47568092597.0
38,부동산신탁,11643,코람코자산신탁,E,SM015,수익성(자기자본이익률),B,(평잔)총자산,80072276204.0,77125946236.0,82043922170.0,83829809363.0,84009049877.0,79633060149.0,80684813302.0,89316107782.0,87273798350.0,83734654660.0,85785190110.0,89770762484.0,102856972380.0,121536590456.0,132796792841.0,138849010787.0,134089880192.0,137517845461.0,140565436297.0,144567669902.0,148830334196.0,158899446873.0,162648708893.0,162473644239.0,162423580453.0,159760921533.0,169320963065.0,185015908707.0,162423580453.0,159760921533.0,169320963065.0,257337466164.0,281319771637.0,,,,,,,,,,,,,,,,,,,,,,,,,,,,,,,
39,부동산신탁,11643,코람코자산신탁,E,SM015,수익성(자기자본이익률),B1,(평잔)자기자본,,,,,,,,,,,,,,,,,,,,,,,,,,,,,,,,,,174983303847.0,182402582557.0,188431285688.0,195096510159.0,200732170197.0,205546202278.0,229887097561.0,236041333599.0,239995996204.0,241103729111.0,242990947229.0,247653404870.0,240079792078.0,234487901386.0,238200913754.0,248694881446.0,275232892744.0,307314389272.0,332457010643.0,352800407390.0,373025154018.0,390719915310.0,406367454053.0,418988370509.0,425612152329.0,423268873798.0,422207853963.0,420563055568.0,421373882487.0,432335516351.0,444030521673.0
40,부동산신탁,11643,코람코자산신탁,E,SM015,수익성(자기자본이익률),C,총자산순이익률,12.43,6.2,19.8,6.59,-0.52,1.76,0.62,2.33,1.59,1.88,2.93,4.09,-5.14,2.07,5.21,0.6,9.3,15.79,14.35,13.94,15.14,9.6,7.82,8.12,7.76,8.63,10.21,14.61,17.18,19.61,36.47,16.16,15.81,,,,,,,,,,,,,,,,,,,,,,,,,,,,,,,
41,부동산신탁,11643,코람코자산신탁,E,SM015,수익성(자기자본이익률),C1,자기자본이익률,,,,,,,,,,,,,,,,,,,,,,,,,,,,,,,,,,25.86,13.45,22.69,22.1,17.98,20.79,15.03,9.84,7.32,-0.67,8.37,9.72,-5.97,-8.83,-11.61,-9.26,17.03,24.46,23.75,28.76,22.4,18.76,17.57,9.68,-1.59,-0.7,0.01,-1.18,7.22,13.77,10.71
42,부동산신탁,11877,신한자산신탁주식회사,E,SM015,수익성(자기자본이익률),A,당기순이익,-29713561.0,493621994.0,830545874.0,1923670311.0,1935264155.0,2115503522.0,1204363557.0,-2391256941.0,1275785910.0,1081875149.0,1388552081.0,1468237680.0,1357515387.0,1755912472.0,1644734327.0,-889749078.0,2552390451.0,1870774977.0,2292532598.0,3331517128.0,4045080209.0,3910474303.0,2528217399.0,4570580568.0,6030691179.0,5603675700.0,7369206785.0,8221226040.0,6519828221.0,10725793772.0,12689163519.0,20048805031.0,26652483834.0,,,,,,,,,,,,,,,,,,,,,,,,,,,,,,,
43,부동산신탁,11877,신한자산신탁주식회사,E,SM015,수익성(자기자본이익률),A1,당기순이익,,,,,,,,,,,,,,,,,,,,,,,,,,,,,,,,,,30301667287.0,22271989083.0,28241234031.0,27710009463.0,27493450519.0,23384175974.0,22016598706.0,22565851569.0,20605815627.0,24388142841.0,26975665004.0,26893008982.0,31954777688.0,37526922445.0,46285074256.0,55984839070.0,62958959753.0,68030677012.0,75861628552.0,77699741868.0,81499685360.0,78923591028.0,73772985967.0,71651335724.0,64851067548.0,63146998549.0,53429807625.0,-33086927720.0,-187605397446.0,-212012989947.0,-320601149755.0
44,부동산신탁,11877,신한자산신탁주식회사,E,SM015,수익성(자기자본이익률),B,(평잔)총자산,12079728674.0,12823282312.0,15353332147.0,18591813948.0,21952278931.0,23357295961.0,25808446215.0,26070184632.0,25227795722.0,24332273893.0,26025812141.0,26673662516.0,28835479461.0,28752907998.0,30882030922.0,29476207840.0,29557389928.0,30052771584.0,30513893261.0,31634984213.0,33399010127.0,34579414498.0,35637101175.0,37140736000.0,38643772478.0,40714350598.0,43682161820.0,47137202345.0,51660636574.0,56374965941.0,62392049502.0,69582315068.0,78919990720.0,,,,,,,,,,,,,,,,,,,,,,,,,,,,,,,
45,부동산신탁,11877,신한자산신탁주식회사,E,SM015,수익성(자기자본이익률),B1,(평잔)자기자본,,,,,,,,,,,,,,,,,,,,,,,,,,,,,,,,,,57834857465.0,66290448723.0,74327350461.0,81317309026.0,84708624669.0,91255561946.0,97275180848.0,100993358062.0,106297989192.0,111536968652.0,115721023882.0,122444382412.0,129843715789.0,138699925092.0,149506514538.0,162971601118.0,178169604141.0,194937057292.0,212616129740.0,231641006799.0,251804211209.0,272091712401.0,291333662251.0,309740071985.0,327039904688.0,346819813271.0,370143302338.0,391784297025.0,408984897534.0,397758798716.0,318175144600.0
46,부동산신탁,11877,신한자산신탁주식회사,E,SM015,수익성(자기자본이익률),C,총자산순이익률,-0.25,3.85,5.41,10.35,8.82,9.06,4.67,-9.17,5.06,4.45,5.34,5.5,4.71,6.11,5.33,-3.02,8.64,6.22,7.51,10.53,12.11,11.31,7.09,12.31,15.61,13.76,16.87,17.44,12.62,19.03,20.34,28.81,33.77,,,,,,,,,,,,,,,,,,,,,,,,,,,,,,,
47,부동산신탁,11877,신한자산신탁주식회사,E,SM015,수익성(자기자본이익률),C1,자기자본이익률,,,,,,,,,,,,,,,,,,,,,,,,,,,,,,,,,,52.39,33.6,38.0,34.08,32.46,25.62,22.63,22.34,19.38,21.87,23.31,21.96,24.61,27.06,30.96,34.35,35.34,34.9,35.68,33.54,32.37,29.01,25.32,23.13,19.83,18.21,14.43,-8.45,-45.87,-53.3,-100.76
48,부동산신탁,11892,우리자산신탁,E,SM015,수익성(자기자본이익률),A,당기순이익,-698072726.0,-2442597261.0,674733464.0,-257631713.0,-145286205.0,1203053558.0,398318757.0,1642933661.0,1078590847.0,111927527.0,-22701815.0,22701815.0,0.0,916964249.0,1006001856.0,1389899545.0,3683084803.0,4199050652.0,3482549608.0,4664966846.0,5515726556.0,6052458942.0,7530225066.0,7282140067.0,7783279687.0,9418158353.0,10863741576.0,11406123598.0,16071620114.0,16799342785.0,18510931847.0,20711130214.0,20839047000.0,,,,,,,,,,,,,,,,,,,,,,,,,,,,,,,
49,부동산신탁,11892,우리자산신탁,E,SM015,수익성(자기자본이익률),A1,당기순이익,,,,,,,,,,,,,,,,,,,,,,,,,,,,,,,,,,23690207761.0,25929261732.0,26801713185.0,28319656476.0,29405861793.0,28900467977.0,30572213675.0,31020472539.0,31219833400.0,31306564331.0,27129532301.0,27443953369.0,30183169646.0,29190882008.0,33768266461.0,34127200097.0,35451697131.0,30726462155.0,30302156146.0,58243123639.0,64904742248.0,79159664627.0,74552675109.0,54823419830.0,56020503253.0,54170492145.0,29129159052.0,9059982795.0,-16706101884.0,-29569244367.0,-24513755576.0
50,부동산신탁,11892,우리자산신탁,E,SM015,수익성(자기자본이익률),B,(평잔)총자산,9233805839.0,7783569965.0,7796751808.0,12901489465.0,14129169677.0,15385385656.0,15707358892.0,16686987751.0,19643467974.0,20885353484.0,21599217093.0,22758566499.0,23457035208.0,23030120103.0,24679802640.0,27162746846.0,25954047324.0,27266476028.0,28534107973.0,29232378483.0,29148981061.0,29692510159.0,30325442037.0,32130118826.0,35533914433.0,38656667509.0,42498988748.0,46879102443.0,52731588147.0,57547256511.0,67185123700.0,68586079250.0,73003833459.0,,,,,,,,,,,,,,,,,,,,,,,,,,,,,,,
51,부동산신탁,11892,우리자산신탁,E,SM015,수익성(자기자본이익률),B1,(평잔)자기자본,,,,,,,,,,,,,,,,,,,,,,,,,,,,,,,,,,45562603627.0,58001916218.0,50743326200.0,53688530950.0,56599008120.0,59803821503.0,64147545602.0,68597677392.0,73245163014.0,78324436196.0,82434686442.0,87011946333.0,93723539362.0,100179354211.0,107654497783.0,115953594022.0,124594496240.0,131889169008.0,139706447266.0,150030689894.0,165288577528.0,184340696593.0,203520995934.0,220032116878.0,233793526811.0,247284999317.0,257938966579.0,277939585083.0,326392316204.0,369952392165.0,411308987537.0
52,부동산신탁,11892,우리자산신탁,E,SM015,수익성(자기자본이익률),C,총자산순이익률,-7.56,-31.38,8.65,-2.0,-1.03,7.82,2.54,9.85,5.49,0.54,-0.11,0.1,0.0,3.98,4.08,5.12,14.19,15.4,12.2,15.96,18.92,20.38,24.83,22.66,21.9,24.36,25.56,24.33,30.48,29.19,27.55,30.2,28.55,,,,,,,,,,,,,,,,,,,,,,,,,,,,,,,
53,부동산신탁,11892,우리자산신탁,E,SM015,수익성(자기자본이익률),C1,자기자본이익률,,,,,,,,,,,,,,,,,,,,,,,,,,,,,,,,,,51.99,44.7,52.82,52.75,51.95,48.33,47.66,45.22,42.62,39.97,32.91,31.54,32.2,29.14,31.37,29.43,28.45,23.3,21.69,38.82,39.27,42.94,36.63,24.92,23.96,21.91,11.29,3.26,-5.12,-7.99,-5.96
54,부동산신탁,12279,무궁화신탁,E,SM015,수익성(자기자본이익률),A,당기순이익,,,-334449802.0,-428354747.0,-194421096.0,287170782.0,101481259.0,771130137.0,141517242.0,27901171.0,-57290782.0,365760270.0,3465821.0,535735223.0,284494532.0,9991948.0,776542433.0,734826705.0,108085158.0,589135233.0,878375697.0,551826401.0,1759450882.0,2258863820.0,3409441396.0,4865186555.0,5773807693.0,5858875766.0,6767271059.0,8949996655.0,9089571646.0,10381708809.0,9963068576.0,,,,,,,,,,,,,,,,,,,,,,,,,,,,,,,
55,부동산신탁,12279,무궁화신탁,E,SM015,수익성(자기자본이익률),A1,당기순이익,,,,,,,,,,,,,,,,,,,,,,,,,,,,,,,,,,3710592217.0,9896212119.0,12864701014.0,16821668339.0,16924506210.0,18420900798.0,18768206212.0,18416398602.0,20015650245.0,18323264492.0,18687565560.0,12800521214.0,26120338151.0,24751041682.0,30119930342.0,22046255918.0,12301780921.0,21281108717.0,20109066359.0,23657799730.0,39262502186.0,35865335561.0,33187047610.0,27152055100.0,12479367477.0,8464450398.0,-10378708490.0,-17912042935.0,-18045246094.0,-46517656118.0,-228410568560.0
56,부동산신탁,12279,무궁화신탁,E,SM015,수익성(자기자본이익률),B,(평잔)총자산,,,9953866401.0,9700434134.0,9700619528.0,9949193180.0,10384159968.0,11057688711.0,11289930770.0,11539793134.0,11765211436.0,11977438587.0,12163363142.0,12762371726.0,15480981704.0,15541116743.0,14726271470.0,15317226002.0,15321049698.0,15344124578.0,15393737717.0,15488956714.0,15326446585.0,15566560707.0,16410100636.0,17614628391.0,19622754921.0,21661175083.0,23896375049.0,26022061453.0,28222303371.0,31154085954.0,34165107918.0,,,,,,,,,,,,,,,,,,,,,,,,,,,,,,,
57,부동산신탁,12279,무궁화신탁,E,SM015,수익성(자기자본이익률),B1,(평잔)자기자본,,,,,,,,,,,,,,,,,,,,,,,,,,,,,,,,,,29194473964.0,28885016234.0,31189540107.0,35471626445.0,41799180897.0,48297356831.0,55141276722.0,58624823409.0,64264114403.0,68146941811.0,76324015909.0,87176948233.0,99360628882.0,110728464984.0,118434264405.0,123565305994.0,125907087435.0,134270863960.0,152779346074.0,171673751398.0,190925619562.0,152855778738.0,218540137875.0,224714185395.0,228788586377.0,228271512664.0,227193478753.0,229446875511.0,232019092928.0,229451250838.0,213420226685.0
58,부동산신탁,12279,무궁화신탁,E,SM015,수익성(자기자본이익률),C,총자산순이익률,,,-3.36,-4.42,-2.0,2.89,0.98,6.97,1.25,0.24,-0.49,3.05,0.03,4.2,1.84,0.06,5.27,4.8,0.71,3.84,5.71,3.56,11.48,14.51,20.78,27.62,29.42,27.05,28.32,34.39,32.21,33.32,29.16,,,,,,,,,,,,,,,,,,,,,,,,,,,,,,,
59,부동산신탁,12279,무궁화신탁,E,SM015,수익성(자기자본이익률),C1,자기자본이익률,,,,,,,,,,,,,,,,,,,,,,,,,,,,,,,,,,12.71,34.26,41.25,47.42,40.49,38.14,34.04,31.41,31.15,26.89,24.48,14.68,26.29,22.35,25.43,17.84,9.77,15.85,13.16,13.78,20.56,23.46,15.19,12.08,5.45,3.71,-4.57,-7.81,-7.78,-20.27,-107.02
60,부동산신탁,12306,코리아신탁,E,SM015,수익성(자기자본이익률),A,당기순이익,,,,,-434885115.0,-622092152.0,-396065291.0,25509760.0,,340769398.0,108340551.0,847360284.0,-3878310.0,874777970.0,643039608.0,628486547.0,2741748267.0,2304340562.0,3351791171.0,3947597825.0,3879009886.0,4088420463.0,3368624994.0,2894642525.0,3534286384.0,3404096927.0,3934347095.0,5903288795.0,7700474836.0,10678831396.0,13906935833.0,16042538445.0,18076892858.0,,,,,,,,,,,,,,,,,,,,,,,,,,,,,,,
61,부동산신탁,12306,코리아신탁,E,SM015,수익성(자기자본이익률),A1,당기순이익,,,,,,,,,,,,,,,,,,,,,,,,,,,,,,,,,,16555624904.0,18370613458.0,18579535872.0,18693434141.0,20692549279.0,21961986414.0,23287777527.0,21090018764.0,21914081609.0,20614455619.0,24151054373.0,26118729208.0,26066656167.0,27428018686.0,24313582812.0,24334117168.0,28261273990.0,33278837032.0,38154164554.0,38288172899.0,40020889200.0,37198607067.0,30799765041.0,32115184771.0,25811513543.0,15636899197.0,13409363873.0,5226823825.0,-10316830354.0,-16273619111.0,-32397051879.0
62,부동산신탁,12306,코리아신탁,E,SM015,수익성(자기자본이익률),B,(평잔)총자산,,,,,9613990074.0,8809546603.0,8643560525.0,8673017349.0,,9279066861.0,9593080023.0,10476651875.0,11042220432.0,12194738833.0,13518754948.0,14611603890.0,14163382300.0,15229543034.0,16004899322.0,17118711864.0,18033410022.0,18889153003.0,20237188486.0,21001266643.0,21741376106.0,23201098053.0,24880974554.0,27773624928.0,31654699886.0,35531787408.0,40722181777.0,46446026066.0,52160761289.0,,,,,,,,,,,,,,,,,,,,,,,,,,,,,,,
63,부동산신탁,12306,코리아신탁,E,SM015,수익성(자기자본이익률),B1,(평잔)자기자본,,,,,,,,,,,,,,,,,,,,,,,,,,,,,,,,,,38775076246.0,42904717195.0,47292535802.0,51759707936.0,56481571186.0,61596710067.0,67004857817.0,72224945036.0,77746865992.0,82823978267.0,87916498374.0,94086948972.0,100152499468.0,106557779665.0,112533940073.0,118266305869.0,124728863335.0,132276345347.0,141554273703.0,151127680910.0,160882916609.0,170308198598.0,178863926036.0,186181321955.0,192844793591.0,197751383223.0,200357681560.0,201842279920.0,200393644137.0,195561763385.0,188489180752.0
64,부동산신탁,12306,코리아신탁,E,SM015,수익성(자기자본이익률),C,총자산순이익률,,,,,-4.52,-7.06,-4.58,0.29,,3.67,1.13,8.09,-0.04,7.17,4.76,4.3,19.36,15.13,20.94,23.06,21.51,21.64,16.65,13.78,16.26,14.67,15.81,21.26,24.33,30.05,34.15,34.54,34.66,,,,,,,,,,,,,,,,,,,,,,,,,,,,,,,
65,부동산신탁,12306,코리아신탁,E,SM015,수익성(자기자본이익률),C1,자기자본이익률,,,,,,,,,,,,,,,,,,,,,,,,,,,,,,,,,,42.7,42.82,39.29,36.12,36.64,35.65,34.76,29.2,28.19,24.89,27.47,27.76,26.03,25.74,21.61,20.58,22.66,25.16,26.95,25.33,24.88,21.84,17.22,17.25,13.38,7.91,6.69,2.59,-5.15,-8.32,-17.19
66,부동산신탁,16953,대신자산신탁,E,SM015,수익성(자기자본이익률),A1,당기순이익,,,,,,,,,,,,,,,,,,,,,,,,,,,,,,,,,,,,,,,,,,,-1219400688.0,-1841021327.0,-2101862647.0,-620735663.0,-646441269.0,530055355.0,1543648773.0,2688563381.0,3430132647.0,4035000927.0,6022166977.0,9534497326.0,9404032262.0,7880456932.0,10619245002.0,6302506571.0,9969581429.0,13206035060.0,-2638695856.0,9774350408.0,6134247889.0,-22233322055.0
67,부동산신탁,16953,대신자산신탁,E,SM015,수익성(자기자본이익률),B1,(평잔)자기자본,,,,,,,,,,,,,,,,,,,,,,,,,,,,,,,,,,,,,,,,,,,97784191078.0,97336141726.0,97088197544.0,96786167940.0,96490213256.0,96558696642.0,96903344190.0,101555540589.0,114874972272.0,128299936717.0,141951627908.0,152191375849.0,154281232472.0,156682985053.0,158691770495.0,159794458956.0,161107099999.0,162745617335.0,137242556753.0,146193190591.0,148325766729.0,159446902333.0
68,부동산신탁,16953,대신자산신탁,E,SM015,수익성(자기자본이익률),C1,자기자본이익률,,,,,,,,,,,,,,,,,,,,,,,,,,,,,,,,,,,,,,,,,,,-1.25,-1.89,-2.16,-0.64,-0.67,0.55,1.59,2.65,2.99,3.14,4.24,6.26,6.1,5.03,6.69,3.94,6.19,8.11,-1.92,6.69,4.14,-13.94
69,부동산신탁,17106,한국투자부동산신탁,E,SM015,수익성(자기자본이익률),A1,당기순이익,,,,,,,,,,,,,,,,,,,,,,,,,,,,,,,,,,,,,,,,,,,,-5100305220.0,-2384195549.0,-9428530135.0,-9535618663.0,-7891218293.0,-6392289974.0,-2313890252.0,2019144124.0,3863753637.0,8660211398.0,10279142234.0,14240046945.0,14956562326.0,7766381229.0,3946071243.0,-2439033955.0,4999061653.0,1849748864.0,2115166254.0,2115166254.0,-6717011461.0
70,부동산신탁,17106,한국투자부동산신탁,E,SM015,수익성(자기자본이익률),B1,(평잔)자기자본,,,,,,,,,,,,,,,,,,,,,,,,,,,,,,,,,,,,,,,,,,,,45266774963.0,42696813131.0,43555439751.0,41532216321.0,39461927992.0,37701428358.0,73715230847.0,110761002998.0,148656582414.0,187272184121.0,189785001302.0,193040153624.0,197210804348.0,200666970362.0,201856263020.0,201817250044.0,201058243471.0,201813501424.0,202342292988.0,202871084551.0,202663861305.0
71,부동산신탁,17106,한국투자부동산신탁,E,SM015,수익성(자기자본이익률),C1,자기자본이익률,,,,,,,,,,,,,,,,,,,,,,,,,,,,,,,,,,,,,,,,,,,,-11.27,-5.58,-21.65,-22.96,-20.0,-16.96,-3.14,1.82,2.6,4.62,5.42,7.38,7.58,3.87,1.95,-1.21,2.49,0.92,1.05,1.04,-3.31
72,부동산신탁,17107,신영부동산신탁,E,SM015,수익성(자기자본이익률),A1,당기순이익,,,,,,,,,,,,,,,,,,,,,,,,,,,,,,,,,,,,,,,,,,,,-3781140172.0,-5113364848.0,-4845619924.0,-2976655850.0,524120680.0,3371024550.0,5387998984.0,8392471133.0,10041149335.0,11498889353.0,13901558180.0,15771012841.0,17810328985.0,17387311628.0,15375590365.0,13406351095.0,11414769661.0,8637491847.0,6869994097.0,5010845607.0,2555250329.0
73,부동산신탁,17107,신영부동산신탁,E,SM015,수익성(자기자본이익률),B1,(평잔)자기자본,,,,,,,,,,,,,,,,,,,,,,,,,,,,,,,,,,,,,,,,,,,,28271532312.0,26799938293.0,25954050697.0,25028215959.0,24858090323.0,42581127337.0,61057109449.0,80206275654.0,99952003695.0,102833594854.0,106101912745.0,109927124359.0,114238064337.0,118676240773.0,122417704000.0,124853307911.0,126894449273.0,128385592725.0,129281244610.0,129575022199.0,129112398091.0
74,부동산신탁,17107,신영부동산신탁,E,SM015,수익성(자기자본이익률),C1,자기자본이익률,,,,,,,,,,,,,,,,,,,,,,,,,,,,,,,,,,,,,,,,,,,,-13.37,-19.08,-18.67,-11.89,2.11,7.92,8.82,10.46,10.05,11.18,13.1,14.35,15.59,14.65,12.56,10.74,9.0,6.73,5.31,3.87,1.98
