,금융구분,금융회사코드,금융회사명,통계분류,통계표코드,통계표명,코드,구분,200212,200303,200306,200309,200312,200403,200406,200409,200412,200503,200506,200509,200512,200603,200606,200609,200612,200703,200706,200709,200712,200803,200806,200809,200812,200903,200906,200909,200912,201003,201006,201009,201012,201103,201106,201109,201112,201203,201206,201209,201212,201303,201306,201309,201312,201403,201406,201409,201412,201503,201506,201509,201512,201603,201606,201609,201612,201703,201706,201709,201712,201803,201806,201809,201812,201903,201906,201909,201912,202003,202006,202009,202012,202103,202106,202109,202112,202203,202206,202209,202212,202303,202306,202309,202312,202403,202406,202409,202412,202503,202506
0,신용카드사,10225,현대카드㈜,C,SC008,여신건전성(여신건전성),A,건전성 분류 총채권,2809735000000.0,2525609000000.0,2367387000000.0,1791470000000.0,1337073000000.0,1328669000000.0,1492668000000.0,1636443000000.0,1499689000000.0,1951886000000.0,1427382000000.0,1338204000000.0,1960602000000.0,2421396000000.0,2267839000000.0,2502314000000.0,2750718000000.0,3056106000000,3036273000000,3446439000000,3765385000000,4444863000000,4195202490000,3701055420000,3995995210000,4243631460000,4619760280000,4790035340000,5552004250000,5703254760000,5930757000000,6736271270000,7577514180000,9183573000000,8815211000000,8921198000000,9609325000000,9498870000000,9747347000000,9522262000000,9984190000000,9248430000000,9397845000000,9520618000000,10042357000000,9949708000000,10258891000000,10318114000000,10916986000000,10592358000000,10610064000000,11040072000000,11773938000000,11509566000000,11633638000000,11576729000000,12465611000000,12239475000000,12336131000000,12706497000000,13245507000000,13498816560000,13335295730000,13437293000000,13630252240000,13386535420000,13947259900000,14516337480000,15537571000000,14872955000000,15743634000000,16213098000000,17309091000000,17401745040000,17992019000000,18570430300000,19232675900000,18902940700000,20115713200000,21033137300000,21726095800000,19741564600000,19736177800000,20635569100000,21694761700000,21878872200000,21853553400000,22711526100000,23538216200000,22681352700000,23179792900000
1,신용카드사,10225,현대카드㈜,C,SC008,여신건전성(여신건전성),A1,건전성 분류 총채권_고정,,,,,,,,,,,,,,,,,,,,,,,,,,,,,,,,,,0,0,0,0,0,0,0,0,0,0,0,0,0, , , , , , , , , , , , , , , , , , , , , , , , , , , , , , , , , , , , , , , , , , , , ,0
2,신용카드사,10225,현대카드㈜,C,SC008,여신건전성(여신건전성),A1,고정,0.0,0.0,0.0,0.0,0.0,0.0,0.0,0.0,0.0,0.0,0.0,0.0,0.0,0.0,0.0,0.0,0.0,0,0,0,0,0,0,0,0,0,0,0,0,0,0,0,0,,,,,,,,,,,,,,,,,,,,,,,,,,,,,,,,,,,,,,,,,,,,,,,,,,,,,,,,,,
3,신용카드사,10225,현대카드㈜,C,SC008,여신건전성(여신건전성),A2,건전성 분류 총채권_회수의문,,,,,,,,,,,,,,,,,,,,,,,,,,,,,,,,,,11639000000,8566000000,7911000000,5881000000,8045000000,6719000000,8806000000,16310000000,9260000000,10663000000,22568000000,11460000000,12313000000,14588000000,15876000000,17021000000,18698000000,18491000000,19023000000,17112000000,19288000000,19459000000,19616000000,18501000000,17394000000,18534000000,18632000000,36294000000,30212900000,30823790000,40376000000,39790080000,40185990000,45145190000,47135240000,46386000000,51688000000,53429000000,105595000000,117130000000,114249780000,105200000000,138347400000,126366500000,131421300000,116896500000,133344300000,83936500000,97159600000,93359700000,92976300000,94737800000,102603600000,106335500000,107686900000,138542600000,133253200000,123891200000
4,신용카드사,10225,현대카드㈜,C,SC008,여신건전성(여신건전성),A2,회수의문,152969000000.0,211902000000.0,54064000000.0,91605000000.0,32425000000.0,33621000000.0,44995000000.0,92987000000.0,41786000000.0,39028000000.0,50220000000.0,36167000000.0,30181000000.0,27723000000.0,21349000000.0,35001000000.0,17693000000.0,16661000000,14859000000,13007000000,3948000000,7990000000,3852550000,4500750000,2987780000,2498130000,3800390000,2780990000,3922600000,4556540000,2081000000,2818990000,3475400000,,,,,,,,,,,,,,,,,,,,,,,,,,,,,,,,,,,,,,,,,,,,,,,,,,,,,,,,,,
5,신용카드사,10225,현대카드㈜,C,SC008,여신건전성(여신건전성),A3,건전성 분류 총채권_추정손실,,,,,,,,,,,,,,,,,,,,,,,,,,,,,,,,,,26847000000,6294000000,5958000000,7220000000,6182000000,7396000000,7609000000,7414000000,7883000000,7353000000,8322000000,31415000000,26021000000,25272000000,34147000000,43769000000,30033000000,33622000000,50611000000,39092000000,33761000000,30650000000,39171000000,39195000000,36453000000,39595000000,51222000000,20115000000,23693220000,23442880000,25413000000,29836980000,31464180000,49761180000,49668770000,53823000000,55741000000,57401000000,57904000000,84391000000,101066090000,53498000000,47835800000,41963900000,49733200000,55692400000,49391900000,65003400000,43696800000,43597700000,47694400000,47748300000,51114700000,57289200000,51754300000,52531000000,57885600000,58590700000
6,신용카드사,10225,현대카드㈜,C,SC008,여신건전성(여신건전성),A3,추정손실,9006000000.0,3673000000.0,8092000000.0,668000000.0,10717000000.0,11753000000.0,7098000000.0,18178000000.0,32774000000.0,16473000000.0,97742000000.0,82094000000.0,74427000000.0,67888000000.0,62630000000.0,56425000000.0,41958000000.0,36737000000,34743000000,34141000000,3911000000,2569000000,3309940000,3223980000,4943260000,6542360000,5594890000,2979680000,3011920000,2982120000,2845000000,3628050000,5518170000,,,,,,,,,,,,,,,,,,,,,,,,,,,,,,,,,,,,,,,,,,,,,,,,,,,,,,,,,,
7,신용카드사,10225,현대카드㈜,C,SC008,여신건전성(여신건전성),A4,건전성 분류 총채권_고정이하여신,,,,,,,,,,,,,,,,,,,,,,,,,,,,,,,,,,38486000000,14860000000,13869000000,13100000000,14227000000,14115000000,16415000000,23725000000,17143000000,18016000000,30890000000,42875000000,38334000000,39860000000,50023000000,60790000000,48731000000,52112000000,69634000000,56204000000,53049000000,50108000000,58787000000,57696000000,53848000000,58129000000,69854000000,56409000000,53906120000,54266670000,65789000000,69627060000,71650170000,94906370000,96804010000,100209000000,107429000000,110829000000,163499000000,201521000000,215315860000,158698000000,186183200000,168330500000,181154500000,172588900000,182736200000,148939900000,140856500000,136957400000,140670800000,142486100000,153718300000,163624800000,159441200000,191073500000,191138800000,182482000000
8,신용카드사,10225,현대카드㈜,C,SC008,여신건전성(여신건전성),A4,고정이하여신,161975000000.0,215575000000.0,62156000000.0,92273000000.0,43142000000.0,45374000000.0,52093000000.0,111165000000.0,74560000000.0,55501000000.0,147962000000.0,118261000000.0,104608000000.0,95611000000.0,83979000000.0,91426000000.0,59651000000.0,53398000000,49602000000,47148000000,7859000000,10559000000,7162490000,7724730000,7931040000,9040490000,9395280000,5760670000,6934520000,7538660000,4926000000,6447040000,8993570000,,,,,,,,,,,,,,,,,,,,,,,,,,,,,,,,,,,,,,,,,,,,,,,,,,,,,,,,,,
9,신용카드사,10225,현대카드㈜,C,SC008,여신건전성(여신건전성),B,대손충당금 요적립액,167813000000.0,192865000000.0,100970000000.0,112673000000.0,104131000000.0,134204000000.0,102348000000.0,123967000000.0,105088000000.0,87622000000.0,144909000000.0,119809000000.0,113872000000.0,116099000000.0,117027000000.0,111599000000.0,83668000000.0,84217000000,80235000000,81210000000,48234000000,227386000000,226490000000,226531000000,212518000000,229262000000,241608000000,249514000000,274852000000,289386000000,300729000000,321985000000,341458000000,415804000000,454791000000,458816000000,467797000000,486700000000,489239000000,503651000000,632053000000,633468000000,645237000000,658896000000,723914000000,719898000000,749783000000,783468000000,783204000000,749712000000,755611000000,815560000000,783987000000,792896000000,793496000000,817271000000,830741000000,820557000000,914383000000,885529000000,868607000000,860076000000,899681000000,996559000000,951373000000,914171000000,952853000000,1020037000000,1002920000000,1021586000000,1042990000000,1182699000000,1201101000000,1229513000000,1213389000000,1255688000000,1296210000000,1317892000000,1367903000000,1432177000000,1590712000000,1368560000000,1298704000000,1298304000000,1321645000000,1369977000000,1400808000000,1375511000000,1388914000000,1395669000000,1415439000000
10,신용카드사,10225,현대카드㈜,C,SC008,여신건전성(여신건전성),C,대손충당금 실적립액,173434000000.0,289307000000.0,114006000000.0,130100000000.0,121581000000.0,141424000000.0,242564000000.0,180721000000.0,193047000000.0,169834000000.0,145194000000.0,129683000000.0,129143000000.0,136383000000.0,126642000000.0,120845000000.0,146123000000.0,139851000000,133457000000,132684000000,236158000000,263680000000,266420000000,260418000000,244482000000,257210000000,264231000000,272321000000,298430000000,316387000000,338599000000,347187000000,380034000000,456139000000,480675000000,584578000000,662288000000,680810000000,683800000000,686673000000,841088000000,837569000000,852660000000,844361000000,915128000000,905162000000,937198000000,970854000000,950363000000,913170000000,913052000000,978695000000,951814000000,961605000000,966718000000,986656000000,1002129000000,989329000000,1075839000000,1048073000000,1051757000000,1071683000000,1109456000000,1198213000000,1146231000000,1103265000000,1143364000000,1218727000000,1224019000000,1243262000000,1255721000000,1403269000000,1433355000000,1466300000000,1458792000000,1507070000000,1539324000000,1562172000000,1636422000000,1713809000000,1822640000000,1574695000000,1512682000000,1539389000000,1589525000000,1657156000000,1699084000000,1696791000000,1580798000000,1594225000000,1603194000000
11,신용카드사,10225,현대카드㈜,C,SC008,여신건전성(여신건전성),D,고정이하여신비율,5.76,8.54,2.63,5.15,3.23,3.41,3.49,6.79,4.97,2.84,10.37,8.84,5.34,3.95,3.7,3.65,2.17,1.75,1.63,1.37,.21,.24,.17,.21,.2,.21,.2,.12,.12,.13,.08,.1,.12,.42,.17,.16,.14,.15,.14,.17,.24,.19,.19,.32,.43,.39,.39,.48,.56,.46,.49,.63,.48,.46,.43,.51,.46,.44,.47,.55,.43,.4,.41,.49,.51,.54,.68,.67,.64,.72,.7,1.01,1.16,1.24,.88,1,.88,.96,.86,.87,.69,.71,.69,.68,.66,.7,.75,.7,.81,.84,.79
12,신용카드사,10225,현대카드㈜,C,SC008,여신건전성(여신건전성),E,대손충당금적립비율(요적립액 대비),103.35,150.0,112.91,115.47,116.76,105.38,237.0,145.78,183.7,193.83,100.2,108.24,113.41,117.47,108.22,108.29,174.65,166.06,166.33,163.38,489.61,115.96,117.63,114.96,115.04,112.19,109.36,109.14,108.58,109.33,112.59,107.83,111.3,109.7,105.69,127.41,141.58,139.88,139.77,136.34,133.07,132.22,132.15,128.15,126.41,125.73,125,123.92,121.34,121.8,120.84,120,121.41,121.28,121.83,120.73,120.63,120.57,117.66,118.36,121.09,124.6,123.32,120.24,120.48,120.68,119.99,119.48,122.05,121.7,120.4,118.65,119.34,119.26,120.22,120.02,118.76,118.54,119.63,119.66,114.58,115.06,116.48,118.57,120.27,120.96,121.29,123.36,113.82,114.23,113.26
13,신용카드사,10225,현대카드㈜,C,SC008,여신건전성(여신건전성),F,대손충당금적립비율(총여신 대비),6.17,11.45,4.82,7.26,9.09,10.64,16.25,11.04,12.87,8.7,10.17,9.69,6.59,5.63,5.58,4.83,5.31,4.58,4.4,3.85,6.27,5.93,6.35,7.04,6.12,6.06,5.72,5.69,5.38,5.55,5.71,5.15,5.02,4.97,5.45,6.55,6.89,7.17,7.02,7.21,8.42,9.06,9.07,8.87,9.11,9.1,9.14,9.41,8.71,8.62,8.61,8.86,8.08,8.35,8.31,8.52,8.04,8.08,8.72,8.25,7.94,7.94,8.32,8.92,8.41,8.24,8.2,8.4,7.88,8.36,7.98,8.66,8.28,8.43,8.11,8.12,8,8.26,8.14,8.15,8.39,7.98,7.66,7.46,7.33,7.57,7.77,7.47,6.72,7.03,6.92
14,신용카드사,10225,현대카드㈜,C,SC008,여신건전성(여신건전성),G,대손충당금적립비율(고정이하여신 대비),107.07,134.2,183.42,140.99,281.82,311.69,465.64,162.57,258.91,306.0,98.13,109.66,123.45,142.64,150.8,132.18,244.96,261.9,269.06,281.42,3004.94,2497.21,3719.66,3371.22,3082.6,2845.09,2812.38,4727.25,4303.54,4196.86,6873.71,5385.22,4225.62,1185.21,3234.69,4215,5055.63,4785.34,4844.49,4183.2,3545.15,4885.78,4732.79,2733.44,2134.41,2361.25,2351.22,1940.82,1563.35,1873.9,1752.1,1405.48,1693.5,1812.67,1929.27,1678.36,1736.91,1837.26,1850.78,1500.38,1864.52,1988.05,2044.45,1821.3,1646.24,1539.79,1204.73,1258.96,1221.47,1157.29,1133.03,858.27,711.27,681,919.23,809.46,914.47,862.34,948.16,937.86,1223.74,1117.94,1104.49,1094.32,1115.56,1078.05,1038.4,1064.21,827.32,834.07,878.55
15,신용카드사,10226,롯데카드㈜,C,SC008,여신건전성(여신건전성),A,건전성 분류 총채권,291525000000.0,272180000000.0,236825000000.0,219088000000.0,919018000000.0,934242000000.0,1157197000000.0,1161440000000.0,1459681000000.0,1491850000000.0,1649846000000.0,1893239000000.0,2391826000000.0,2342129000000.0,2142903000000.0,2373446000000.0,2696916000000.0,2392308000000,2549639000000,2791197000000,3032851000000,2966511000000,2529741000000,2680723000000,2823033000000,2846079000000,2855374000000,2965408000000,3407625000000,3266121000000,3653616000000,4063920000000,4833964000000,6278336000000,6524609000000,6529730000000,7094416000000,6781764000000,7029466000000,7173975000000,7533383000000,7484849000000,7553310000000,7327231000000,7877705000000,7375085000000,7391791000000,7554936000000,7955564000000,7852507000000,7853159000000,8278156000000,8546183000000,8345582000000,8639869000000,8734560000000,9253708000000,9144302000000,9434627000000,9685768000000,10059342000000,10129087000000,10796637000000,11582996000000,11645806000000,11762550000000,11744439000000,11815216000000,12310650000000,11661371000000,12144293000000,12632629000000,13010738000000,13683796000000,14611965000000,14926744000000,15671077000000,16095857000000,16991246000000,17891291000000,18540891000000,18847286000000,19940086000000,20519821000000,20592852000000,21222122000000,22103516000000,22652858000000,22631147000000,22542494000000,22285092000000
16,신용카드사,10226,롯데카드㈜,C,SC008,여신건전성(여신건전성),A1,건전성 분류 총채권_고정,,,,,,,,,,,,,,,,,,,,,,,,,,,,,,,,,,0,0,0,0,0,0,0,0,0,0,0,0,0, , , , , , , , , , , , , , , , , , , , , , , , , , , , , , , , , , ,20000000000,65000000000,30000000000,30000000000,79500000000,105000000000,19494000000,64494000000,90027000000,93210000000,103846000000
17,신용카드사,10226,롯데카드㈜,C,SC008,여신건전성(여신건전성),A1,고정,50000000.0,0.0,0.0,0.0,30000000.0,31000000.0,29000000.0,24000000.0,118000000.0,42000000.0,176000000.0,85000000.0,118000000.0,266000000.0,0.0,0.0,0.0,0,0,0,0,0,0,0,0,0,0,0,0,0,0,0,0,,,,,,,,,,,,,,,,,,,,,,,,,,,,,,,,,,,,,,,,,,,,,,,,,,,,,,,,,,
18,신용카드사,10226,롯데카드㈜,C,SC008,여신건전성(여신건전성),A2,건전성 분류 총채권_회수의문,,,,,,,,,,,,,,,,,,,,,,,,,,,,,,,,,,32154000000,32266000000,39825000000,44393000000,52324000000,48233000000,52278000000,55610000000,68479000000,72476000000,65831000000,58932000000,72633000000,67130000000,74293000000,45421000000,66783000000,58180000000,60156000000,58867000000,60567000000,62539000000,67126000000,67035000000,65219000000,122895000000,110022000000,107955000000,108114000000,120168000000,79742000000,108418000000,125599000000,144096000000,133926000000,157396000000,135932000000,144225000000,129756000000,121132000000,123215000000,123095000000,127604000000,124375000000,117797000000,109175000000,124344000000,151190000000,167772000000,166109000000,175334000000,191421000000,213029000000,226002000000,216120000000,228782000000,322137000000,340826000000
19,신용카드사,10226,롯데카드㈜,C,SC008,여신건전성(여신건전성),A2,회수의문,24649000000.0,39900000000.0,4004000000.0,10762000000.0,4167000000.0,1818000000.0,6978000000.0,10933000000.0,14029000000.0,14936000000.0,16115000000.0,15797000000.0,15969000000.0,19857000000.0,21285000000.0,22541000000.0,22700000000.0,22888000000,19773000000,20043000000,19235000000,23352000000,23052000000,22395000000,23673000000,27803000000,31514000000,25969000000,14302000000,17163000000,18918000000,22512000000,20363000000,,,,,,,,,,,,,,,,,,,,,,,,,,,,,,,,,,,,,,,,,,,,,,,,,,,,,,,,,,
20,신용카드사,10226,롯데카드㈜,C,SC008,여신건전성(여신건전성),A3,건전성 분류 총채권_추정손실,,,,,,,,,,,,,,,,,,,,,,,,,,,,,,,,,,8464000000,9003000000,9384000000,9232000000,4352000000,10695000000,19100000000,20446000000,15236000000,20502000000,31778000000,24285000000,28287000000,15943000000,18126000000,16242000000,16699000000,11906000000,14483000000,32531000000,15866000000,15386000000,24307000000,21174000000,18880000000,21921000000,21790000000,23138000000,12910000000,15714000000,10223000000,11215000000,12867000000,23991000000,22361000000,24501000000,17465000000,33887000000,28753000000,23170000000,23059000000,27785000000,27405000000,22399000000,31112000000,34011000000,33253000000,36215000000,45701000000,50235000000,72342000000,49724000000,54713000000,54817000000,53466000000,57470000000,62622000000,82822000000
21,신용카드사,10226,롯데카드㈜,C,SC008,여신건전성(여신건전성),A3,추정손실,2876000000.0,1815000000.0,2440000000.0,986000000.0,357000000.0,92000000.0,184000000.0,190000000.0,671000000.0,785000000.0,2634000000.0,2697000000.0,2223000000.0,2367000000.0,2583000000.0,3228000000.0,2923000000.0,2837000000,5840000000,5490000000,1686000000,1975000000,6310000000,5935000000,6479000000,6682000000,8538000000,7634000000,4180000000,4138000000,4982000000,5595000000,4092000000,,,,,,,,,,,,,,,,,,,,,,,,,,,,,,,,,,,,,,,,,,,,,,,,,,,,,,,,,,
22,신용카드사,10226,롯데카드㈜,C,SC008,여신건전성(여신건전성),A4,건전성 분류 총채권_고정이하여신,,,,,,,,,,,,,,,,,,,,,,,,,,,,,,,,,,40617000000,41269000000,49209000000,53625000000,56676000000,58927000000,71378000000,76056000000,83716000000,92978000000,97609000000,83218000000,100921000000,83073000000,92419000000,61663000000,83482000000,70086000000,74639000000,91398000000,76434000000,77925000000,91432000000,88209000000,84098000000,144816000000,131813000000,131093000000,121024000000,135882000000,89966000000,119632000000,138466000000,168087000000,156287000000,181897000000,153397000000,178112000000,158509000000,144303000000,146274000000,150881000000,155009000000,146774000000,148909000000,143185000000,157597000000,207404000000,278473000000,246344000000,277676000000,320645000000,372742000000,300313000000,334080000000,376279000000,477969000000,527493000000
23,신용카드사,10226,롯데카드㈜,C,SC008,여신건전성(여신건전성),A4,고정이하여신,27575000000.0,41715000000.0,6444000000.0,11748000000.0,4554000000.0,1941000000.0,7191000000.0,11147000000.0,14818000000.0,15763000000.0,18925000000.0,18579000000.0,18310000000.0,22490000000.0,23868000000.0,25769000000.0,25623000000.0,25725000000,25613000000,25533000000,20921000000,25327000000,29362000000,28330000000,30152000000,34485000000,40052000000,33603000000,18482000000,21301000000,23900000000,28107000000,24455000000,,,,,,,,,,,,,,,,,,,,,,,,,,,,,,,,,,,,,,,,,,,,,,,,,,,,,,,,,,
24,신용카드사,10226,롯데카드㈜,C,SC008,여신건전성(여신건전성),B,대손충당금 요적립액,24369000000.0,31533000000.0,10447000000.0,12117000000.0,6335000000.0,48234000000.0,19654000000.0,22664000000.0,28178000000.0,29369000000.0,31868000000.0,34456000000.0,44610000000.0,47345000000.0,46863000000.0,51259000000.0,54400000000.0,51880000000,54031000000,58270000000,58841000000,154070000000,154479000000,148955000000,215820000000,227305000000,240758000000,256396000000,257609000000,270015000000,290534000000,309667000000,324382000000,367575000000,442214000000,455148000000,464587000000,471223000000,481532000000,506543000000,556136000000,552281000000,545090000000,559729000000,610469000000,614200000000,614713000000,611004000000,582148000000,607430000000,608103000000,601081000000,622128000000,618375000000,625832000000,654209000000,657039000000,649834000000,724637000000,720846000000,735115000000,732656000000,770327000000,750192000000,791635000000,810894000000,878291000000,877411000000,906621000000,869855000000,907645000000,908501000000,897712000000,1028327000000,1020335000000,1045098000000,1040902000000,1013691000000,1079541000000,1130208000000,1287863000000,1245105000000,1296824000000,1312651000000,1291362000000,1379158000000,1433900000000,1427278000000,1457033000000,1444323000000,1506231000000
25,신용카드사,10226,롯데카드㈜,C,SC008,여신건전성(여신건전성),C,대손충당금 실적립액,24369000000.0,31533000000.0,10447000000.0,12060000000.0,6335000000.0,48234000000.0,70852000000.0,73994000000.0,75977000000.0,70413000000.0,72044000000.0,75911000000.0,82100000000.0,81542000000.0,71706000000.0,67276000000.0,69438000000.0,71160000000,71436000000,73026000000,208594000000,211011000000,207089000000,207306000000,231855000000,246235000000,258354000000,267683000000,267435000000,282212000000,303814000000,325358000000,340319000000,412452000000,448343000000,462743000000,477399000000,480018000000,489607000000,506751000000,556210000000,552563000000,545254000000,559900000000,610810000000,614429000000,614808000000,611367000000,583077000000,609170000000,609845000000,603498000000,622208000000,618472000000,625899000000,654277000000,657124000000,649930000000,724713000000,720850000000,735128000000,733199000000,770907000000,750852000000,792311000000,811587000000,878719000000,877796000000,906968000000,870204000000,907951000000,908783000000,898001000000,1028598000000,1020588000000,1045387000000,1041199000000,1013983000000,1079812000000,1181437000000,1344988000000,1303906000000,1352268000000,1363140000000,1358534000000,1435631000000,1482576000000,1473479000000,1525870000000,1511879000000,1532081000000
26,신용카드사,10226,롯데카드㈜,C,SC008,여신건전성(여신건전성),D,고정이하여신비율,9.46,15.33,2.72,5.36,0.5,0.21,0.62,0.96,1.02,1.06,1.15,0.98,0.77,0.96,1.11,1.09,0.95,1.08,1,.91,.69,.85,1.16,1.06,1.07,1.21,1.4,1.13,.54,.65,.65,.69,.51,.65,.63,.75,.76,.84,.84,.99,1.01,1.12,1.23,1.33,1.06,1.37,1.12,1.22,.78,1.06,.89,.9,1.07,.92,.9,1.05,.95,.92,1.53,1.36,1.3,1.19,1.26,.78,1.03,1.18,1.43,1.32,1.48,1.32,1.47,1.25,1.11,1.07,1.03,1.04,.94,.93,.84,.88,1.12,1.48,1.24,1.35,1.56,1.76,1.36,1.47,1.66,2.12,2.37
27,신용카드사,10226,롯데카드㈜,C,SC008,여신건전성(여신건전성),E,대손충당금적립비율(요적립액 대비),100.0,100.0,100.0,99.53,100.0,100.0,360.5,326.48,269.63,239.75,226.07,220.31,184.04,172.23,153.01,131.25,127.64,137.16,132.21,125.32,354.5,136.96,134.06,139.17,107.43,108.33,107.31,104.4,103.81,104.52,104.57,105.07,104.91,112.21,101.39,101.67,102.76,101.87,101.68,100.04,100.01,100.05,100.03,100.03,100.06,100.04,100.02,100.06,100.16,100.29,100.29,100.4,100.01,100.02,100.01,100.01,100.01,100.01,100.01,100,100,100.07,100.08,100.09,100.09,100.09,100.05,100.04,100.04,100.04,100.03,100.03,100.03,100.03,100.02,100.03,100.03,100.03,100.03,104.53,104.44,104.72,104.28,103.85,105.2,104.09,103.39,103.24,104.72,104.68,101.72
28,신용카드사,10226,롯데카드㈜,C,SC008,여신건전성(여신건전성),F,대손충당금적립비율(총여신 대비),8.36,11.59,4.41,5.5,0.69,5.16,6.12,6.37,5.21,4.72,4.37,4.01,3.43,3.48,3.35,2.83,2.57,2.97,2.8,2.62,6.88,7.11,8.19,7.73,8.21,8.65,9.05,9.03,7.85,8.64,8.32,8.01,7.04,6.57,6.87,7.09,6.73,7.08,6.97,7.06,7.38,7.38,7.22,7.64,7.75,8.33,8.32,8.09,7.33,7.76,7.77,7.29,7.28,7.41,7.24,7.49,7.1,7.11,7.68,7.44,7.31,7.24,7.14,6.48,6.8,6.9,7.48,7.43,7.37,7.46,7.48,7.19,6.9,7.52,6.98,7,6.64,6.3,6.36,6.6,7.25,6.92,6.78,6.64,6.6,6.76,6.71,6.5,6.74,6.71,6.87
29,신용카드사,10226,롯데카드㈜,C,SC008,여신건전성(여신건전성),G,대손충당금적립비율(고정이하여신 대비),88.37,75.59,162.12,102.66,139.11,2485.01,985.29,663.8,512.73,446.7,380.68,408.58,448.39,362.57,300.43,261.07,271.0,276.62,278.91,286.01,997.06,833.15,705.3,731.75,768.95,714.04,645.05,796.6,1447,1324.88,1271.19,1157.57,1391.61,1015.47,1086.39,940.36,890.25,846.95,830.87,709.95,731.32,660.04,586.43,573.62,733.99,608.82,740.08,661.52,945.59,729.7,870.14,808.56,680.77,809.16,803.21,715.59,744.96,772.82,500.44,546.87,560.77,605.83,567.34,834.6,662.29,586.13,522.78,561.66,498.62,567.29,509.76,573.33,622.3,703.2,676.42,674.4,709.39,680.94,754.14,749.66,648.49,468.23,548.93,490.91,423.69,385.15,493.68,441.06,405.52,316.31,290.45
30,신용카드사,10227,비씨카드㈜,C,SC008,여신건전성(여신건전성),A,건전성 분류 총채권,545448000000.0,458821000000.0,458801000000.0,439924000000.0,322131000000.0,290443000000.0,292765000000.0,235812000000.0,284077000000.0,287017000000.0,232958000000.0,213272000000.0,254237000000.0,182017000000.0,217206000000.0,716593000000.0,859029000000.0,674320000000,632776000000,1446752000000,1318744000000,2139314000000,1146522000000,1275028000000,1033648000000,2496522000000,1311317000000,1179154000000,975264000000,2165481000000,974090000000,952782000000,957578000000,1468115000000,937703000000,991823000000,1153074000000,1316093000000,1147555000000,1637339000000,1501458000000,1662544000000,1520233170000,1640443000000,1722052000000,2156829000000,1600190000000,1754107000000,1291925000000,2071965000000,1721869000000,3196217000000,1429193000000,1971836000000,1377620000000,2043503000000,2166246000000,2799083000000,1268126000000,2236155000000,2505518000000,2146701000000,1949694000000,4024746000000,2206887000000,2378834000000,2441987000000,2321333000000,2124962000000,1619038000000,1751065000000,3214556000000,1266876000000,1402656000000,1512716000000,1589949000000,1595905000000,1733650000000,2152513000000,2440326000000,3080013000000,2429862000000,2601194000000,4583273000000,4032150000000,3957205000000,3921734000000,3870188000000,3606579000000,4058736000000,4242909000000
31,신용카드사,10227,비씨카드㈜,C,SC008,여신건전성(여신건전성),A1,건전성 분류 총채권_고정,,,,,,,,,,,,,,,,,,,,,,,,,,,,,,,,,,5000000,3000000,0,0,0,0,0,0,0,0,0,0,0, , , , , , , , , , , , , , , ,343000000,395000000,575000000,848000000, , , , , , , , , , , , , , ,1306000000,1306000000,3077000000,4397000000,14520000000,58427000000,57509000000,28449000000,39148000000,34914000000,35302000000,20564000000
32,신용카드사,10227,비씨카드㈜,C,SC008,여신건전성(여신건전성),A1,고정,1233000000.0,1860000000.0,13446000000.0,8573000000.0,9925000000.0,10619000000.0,4248000000.0,2053000000.0,1600000000.0,1025000000.0,682000000.0,466000000.0,278000000.0,135000000.0,103000000.0,95000000.0,72000000.0,9000000,0,0,0,0,0,0,40000000,23000000,60000000,7000000,2000000,11000000,93000000,0,8000000,,,,,,,,,,,,,,,,,,,,,,,,,,,,,,,,,,,,,,,,,,,,,,,,,,,,,,,,,,
33,신용카드사,10227,비씨카드㈜,C,SC008,여신건전성(여신건전성),A2,건전성 분류 총채권_회수의문,,,,,,,,,,,,,,,,,,,,,,,,,,,,,,,,,,44000000,20000000,11000000,10000000,18000000,17000000,11000000,2000000,18000000,1170000,7000000,5000000,0, ,0,12000000,9000000, ,41000000,18000000,44000000,41000000,113000000,331000000,245000000,197000000,308000000,456000000,298000000,248000000,280000000,377000000,1243000000,1751000000,1333000000,1728000000,1856000000,1966000000,1661000000,1534000000,1950000000,1601000000,1942000000,1539000000,3083000000,3802000000,8947000000,11103000000,4631000000,19953000000,24174000000,25095000000,26814000000,27271000000,28388000000,23007000000,24335000000,34322000000
34,신용카드사,10227,비씨카드㈜,C,SC008,여신건전성(여신건전성),A2,회수의문,13287000000.0,20043000000.0,2232000000.0,1235000000.0,1430000000.0,1706000000.0,860000000.0,2170000000.0,2601000000.0,2193000000.0,1383000000.0,1262000000.0,844000000.0,682000000.0,614000000.0,488000000.0,575000000.0,352000000,258000000,292000000,197000000,200000000,165000000,192000000,145000000,260000000,53000000,14000000,3000000,132000000,71000000,8000000,32000000,,,,,,,,,,,,,,,,,,,,,,,,,,,,,,,,,,,,,,,,,,,,,,,,,,,,,,,,,,
35,신용카드사,10227,비씨카드㈜,C,SC008,여신건전성(여신건전성),A3,건전성 분류 총채권_추정손실,,,,,,,,,,,,,,,,,,,,,,,,,,,,,,,,,,189000000,379000000,184000000,2183000000,479000000,293000000,501000000,486000000,381000000,375000000,620000000,459000000,340000000,558000000,468000000,538000000,373000000,316000000,315000000,446000000,507000000,520000000,440000000,292000000,227000000,285000000,222000000,237000000,509000000,750000000,814000000,600000000,571000000,725000000,829000000,1028000000,1250000000,1175000000,627000000,385000000,295000000,127000000,480000000,178000000,94000000,190000000,111000000,251000000,409000000,833000000,3347000000,3476000000,3877000000,527000000,1535000000,1892000000,345000000,3846000000
36,신용카드사,10227,비씨카드㈜,C,SC008,여신건전성(여신건전성),A3,추정손실,7965000000.0,13028000000.0,2746000000.0,2691000000.0,3428000000.0,5405000000.0,4015000000.0,4223000000.0,4608000000.0,4791000000.0,5690000000.0,5391000000.0,2452000000.0,2015000000.0,1810000000.0,1624000000.0,1773000000.0,1436000000,1699000000,1731000000,1406000000,1569000000,1744000000,1673000000,1681000000,1588000000,2562000000,1788000000,1816000000,1069000000,1197000000,1234000000,1086000000,,,,,,,,,,,,,,,,,,,,,,,,,,,,,,,,,,,,,,,,,,,,,,,,,,,,,,,,,,
37,신용카드사,10227,비씨카드㈜,C,SC008,여신건전성(여신건전성),A4,건전성 분류 총채권_고정이하여신,,,,,,,,,,,,,,,,,,,,,,,,,,,,,,,,,,238000000,402000000,195000000,2193000000,497000000,310000000,512000000,488000000,399000000,376170000,627000000,464000000,340000000,558000000,468000000,550000000,382000000,316000000,356000000,464000000,551000000,561000000,553000000,623000000,472000000,482000000,530000000,693000000,1150000000,1393000000,1669000000,1825000000,1814000000,2476000000,2162000000,2756000000,3106000000,3141000000,2288000000,1919000000,2245000000,1728000000,2422000000,1717000000,3177000000,3992000000,10364000000,12660000000,8117000000,25183000000,42041000000,86998000000,88200000000,56247000000,69071000000,59813000000,59982000000,58732000000
38,신용카드사,10227,비씨카드㈜,C,SC008,여신건전성(여신건전성),A4,고정이하여신,22485000000.0,34931000000.0,18424000000.0,12499000000.0,14783000000.0,17730000000.0,9123000000.0,8446000000.0,8809000000.0,8009000000.0,7755000000.0,7119000000.0,3574000000.0,2832000000.0,2527000000.0,2207000000.0,2420000000.0,1797000000,1957000000,2023000000,1603000000,1769000000,1909000000,1865000000,1866000000,1871000000,2675000000,1809000000,1821000000,1212000000,1361000000,1242000000,1126000000,,,,,,,,,,,,,,,,,,,,,,,,,,,,,,,,,,,,,,,,,,,,,,,,,,,,,,,,,,
39,신용카드사,10227,비씨카드㈜,C,SC008,여신건전성(여신건전성),B,대손충당금 요적립액,23050000000.0,31512000000.0,9960000000.0,7917000000.0,9241000000.0,10481000000.0,9976000000.0,9999000000.0,9561000000.0,9394000000.0,8798000000.0,7745000000.0,5094000000.0,3941000000.0,3905000000.0,6173000000.0,9623000000.0,7877000000,7720000000,15946000000,12915000000,32925000000,17892000000,19988000000,16820000000,37282000000,18841000000,20118000000,14600000000,31992000000,14084000000,13667000000,14155000000,19393000000,9471000000,9914000000,13294000000,14960000000,12893000000,18483000000,15671000000,18664000000,16717000000,17785000000,19318000000,24076000000,17989000000,19720000000,14585000000,23161000000,19306000000,35604000000,16155000000,22163000000,15615000000,23655000000,25499000000,32366000000,15533000000,26193000000,29306000000,25298000000,23313000000,46363000000,26201000000,28771000000,31798000000,28297000000,26524000000,21299000000,22508000000,37760000000,15643000000,17212000000,17960000000,20107000000,22059000000,26709000000,35965000000,47549000000,62736000000,57125000000,78915000000,112981000000,121105000000,124708000000,118628000000,118939000000,118576000000,131310000000,131674000000
40,신용카드사,10227,비씨카드㈜,C,SC008,여신건전성(여신건전성),C,대손충당금 실적립액,38730000000.0,46959000000.0,32140000000.0,33167000000.0,43413000000.0,40084000000.0,30379000000.0,29998000000.0,35769000000.0,32703000000.0,30434000000.0,28688000000.0,17716000000.0,16543000000.0,16431000000.0,11504000000.0,11913000000.0,10448000000,10635000000,17978000000,13901000000,33007000000,17878000000,19994000000,20017000000,50150000000,26133000000,22054000000,19554000000,31992000000,14084000000,13667000000,14155000000,19411000000,9494000000,9995000000,13294000000,14961000000,12889000000,18607000000,16892000000,18761000000,17185000000,17412000000,19371000000,24076000000,18071000000,19748000000,14585000000,23161000000,19306000000,35604000000,16155000000,22163000000,15615000000,23740000000,25607000000,32493000000,15847000000,26967000000,30699000000,28520000000,26740000000,50794000000,30243000000,35198000000,32691000000,36813000000,34838000000,28485000000,29884000000,44905000000,24769000000,26511000000,27745000000,30703000000,37904000000,43893000000,52541000000,74463000000,87459000000,81251000000,107946000000,142642000000,149827000000,148805000000,140761000000,139798000000,145459000000,156326000000,154567000000
41,신용카드사,10227,비씨카드㈜,C,SC008,여신건전성(여신건전성),D,고정이하여신비율,4.12,7.61,4.02,2.84,4.59,6.1,3.12,3.58,3.1,2.79,3.33,3.34,1.41,1.56,1.16,0.31,0.28,.27,.31,.14,.12,.08,.17,.15,.18,.07,.2,.15,.19,.06,.14,.13,.12,.02,.04,.02,.19,.04,.03,.03,.03,.02,.02,.04,.03,.02,.03,.03,.04,.02,.02,.01,.03,.03,.04,.03,.03,.02,.04,.02,.03,.05,.07,.04,.08,.08,.1,.09,.13,.19,.18,.07,.15,.16,.11,.15,.11,.18,.19,.42,.41,.33,.97,.92,2.16,2.23,1.43,1.78,1.66,1.48,1.38
42,신용카드사,10227,비씨카드㈜,C,SC008,여신건전성(여신건전성),E,대손충당금적립비율(요적립액 대비),168.03,149.02,322.69,418.93,469.79,382.44,304.52,300.01,374.11,348.13,345.92,370.41,347.78,419.77,420.77,186.36,123.8,132.64,137.76,112.74,107.63,100.25,99.92,100.03,119.01,134.52,138.7,109.62,133.93,100,100,100,100,100.09,100.24,100.82,100,100.01,99.97,100.67,107.79,100.52,102.8,97.9,100.27,100,100.46,100.14,100,100,100,100,100,100,100,100.36,100.42,100.39,102.02,102.95,104.75,112.74,114.7,109.56,115.43,122.34,102.81,130.1,131.35,133.74,132.77,118.92,158.34,154.03,154.48,152.7,171.83,164.34,146.09,156.6,139.41,142.23,136.79,126.25,123.72,119.32,118.66,117.54,122.67,119.05,117.39
43,신용카드사,10227,비씨카드㈜,C,SC008,여신건전성(여신건전성),F,대손충당금적립비율(총여신 대비),7.1,10.23,7.01,7.54,13.48,13.8,10.38,12.72,12.59,11.39,13.06,13.45,6.97,9.09,7.56,1.61,1.39,1.55,1.68,1.24,1.05,1.54,1.56,1.57,1.94,2.01,1.99,1.87,2,1.48,1.45,1.43,1.48,1.32,1.01,1.01,1.15,1.14,1.12,1.14,1.13,1.13,1.13,1.06,1.12,1.12,1.13,1.13,1.13,1.12,1.12,1.11,1.13,1.12,1.13,1.16,1.18,1.16,1.25,1.21,1.23,1.33,1.37,1.26,1.37,1.48,1.34,1.59,1.64,1.76,1.71,1.4,1.96,1.89,1.83,1.93,2.38,2.53,2.44,3.05,2.84,3.34,4.15,3.11,3.72,3.76,3.59,3.61,4.03,3.85,3.64
44,신용카드사,10227,비씨카드㈜,C,SC008,여신건전성(여신건전성),G,대손충당금적립비율(고정이하여신 대비),172.25,134.43,174.45,265.36,293.67,226.08,332.99,355.17,406.05,408.33,392.44,402.98,495.69,584.15,650.22,521.25,492.27,581.41,543.43,888.68,867.19,1865.86,936.51,1072.06,1072.72,2680.38,976.93,1219.13,1073.81,2639.6,1034.83,1100.4,1257.1,8155.88,2361.69,5125.64,606.2,3010.26,4157.74,3634.18,3461.48,4702.01,4568.41,2777.03,4174.78,7081.18,3238.53,4219.66,2651.82,6063.09,6109.49,10001.12,3481.68,4022.32,2783.42,4292.95,4110.27,6884.11,3287.76,5088.11,4429.87,2480,1919.6,3043.38,1657.15,1940.35,1320.32,1702.73,1264.08,917.1,951.42,1962.63,1290.72,1180.89,1605.61,1267.67,2207.57,1381.59,1316.16,718.48,690.83,1001,428.65,339.29,172.22,168.71,250.26,202.4,243.19,260.62,263.17
45,신용카드사,10228,삼성카드㈜,C,SC008,여신건전성(여신건전성),A,건전성 분류 총채권,15033344000000.0,14253103000000.0,11972981000000.0,10779090000000.0,10021412000000.0,12631488000000.0,12458428000000.0,11321647000000.0,10944544000000.0,10533783000000.0,10077545000000.0,9490264000000.0,9968905000000.0,9031073000000.0,8210411000000.0,7891737000000.0,7693999000000.0,7955526000000,7947164000000,7797084000000,8423715000000,9054065000000,9584015000000,10183119000000,9306510000000,8561477000000,7494782000000,7152217000000,7496692000000,8273623000000,8168591000000,7882464000000,8583083000000,12060690000000,12594639000000,13089945000000,13918855000000,13685654000000,13597633000000,14801380000000,14879698000000,15014022000000,14678028000000,15145489000000,15203346000000,15407423000000,15648310000000,16587835340000,16593182000000,16254626980000,16174556800000,17476899980000,17690195840000,17426212250000,18001135680000,18888691110000,20136362220000,19403289500000,20342015630000,21593921440000,21383456530000,22115271000000,21974000000000,22608639000000,21387857000000,21016696000000,20339882000000,20313650000000,20748811000000,20038758000000,20943949000000,22008609000000,21760666000000,22570892000000,23441644000000,24730739000000,25277976000000,25780455320000,27094066610000,27685563120000,27233672030000,26945896530000,26004106960000,26558150300000,26028814260000,25847224860000,25915610110000,26576456830000,27120484290000,27906449490000,28514750860000
46,신용카드사,10228,삼성카드㈜,C,SC008,여신건전성(여신건전성),A1,건전성 분류 총채권_고정,,,,,,,,,,,,,,,,,,,,,,,,,,,,,,,,,,5569000000,6224000000,6854000000,8212000000,8171000000,9597000000,12630000000,12626000000,17584000000,20384000000,16585000000,12686000000,14573000000,10288000000,9866470000,7453000000,6935830000,5261390000,5224870000,4597850000,4234050000,3866750000,3666910000,2651740000,2441190000,2211640000,2188820000,2425390000,3056000000,3123000000,2807000000,2808000000,3403000000,3165000000,3204000000,2736000000,2198000000,2159000000,2081000000,1925000000,1601000000,1374000000,1234000000,1328000000,1420020000,1398470000,1309150000,1166070000,1848630000,2040550000,2259900000,2787220000,2254660000,1946960000,1636350000,2575030000,2140340000,1676890000
47,신용카드사,10228,삼성카드㈜,C,SC008,여신건전성(여신건전성),A1,고정,9961000000.0,6434000000.0,3605000000.0,0.0,0.0,36193000000.0,45710000000.0,52109000000.0,52486000000.0,48351000000.0,52424000000.0,51789000000.0,30951000000.0,17345000000.0,16526000000.0,14324000000.0,12100000000.0,12012000000,11173000000,10901000000,11672000000,12359000000,12390000000,11476000000,12446000000,16730000000,18369000000,13552000000,9183000000,8668000000,13123000000,11677000000,8751000000,,,,,,,,,,,,,,,,,,,,,,,,,,,,,,,,,,,,,,,,,,,,,,,,,,,,,,,,,,
48,신용카드사,10228,삼성카드㈜,C,SC008,여신건전성(여신건전성),A2,건전성 분류 총채권_회수의문,,,,,,,,,,,,,,,,,,,,,,,,,,,,,,,,,,101409000000,108270000000,129506000000,142802000000,145848000000,127126000000,142332000000,125472000000,145205000000,143873000000,148762000000,149427000000,146862000000,150733000000,143492730000,140624000000,141979330000,147035240000,134628920000,137191910000,138194990000,143601130000,149251400000,151402760000,153587140000,152409670000,153704410000,159233660000,175125000000,183684000000,195884000000,200682000000,212359000000,206350000000,175585000000,169303000000,173041000000,169740000000,149321000000,148276000000,148993000000,141553000000,154958000000,113708000000,110612800000,109469660000,116654460000,144119230000,163481360000,159297880000,155717980000,171787240000,163493470000,139562880000,129787140000,145377750000,151999820000,145158920000
49,신용카드사,10228,삼성카드㈜,C,SC008,여신건전성(여신건전성),A2,회수의문,542830000000.0,615724000000.0,420104000000.0,1013783000000.0,698863000000.0,669163000000.0,361066000000.0,293790000000.0,295289000000.0,337079000000.0,1067900000000.0,968015000000.0,846232000000.0,729753000000.0,651771000000.0,535060000000.0,439211000000.0,365388000000,349021000000,312979000000,285797000000,262960000000,245284000000,231451000000,228858000000,231746000000,119678000000,98291000000,91188000000,88352000000,87041000000,88837000000,92060000000,,,,,,,,,,,,,,,,,,,,,,,,,,,,,,,,,,,,,,,,,,,,,,,,,,,,,,,,,,
50,신용카드사,10228,삼성카드㈜,C,SC008,여신건전성(여신건전성),A3,건전성 분류 총채권_추정손실,,,,,,,,,,,,,,,,,,,,,,,,,,,,,,,,,,90603000000,92893000000,100025000000,108927000000,116293000000,61291000000,71509000000,44373000000,39384000000,40673000000,42071000000,38746000000,36873000000,40480000000,41375750000,37287000000,38128110000,42638740000,43148910000,42312420000,40548970000,35893520000,35008960000,34633210000,38881600000,35771830000,31230860000,29937200000,29148000000,31068000000,33546000000,34852000000,36976000000,40352000000,34873000000,35343000000,33230000000,34033000000,34139000000,32477000000,36592000000,34636000000,32514000000,91236000000,45780120000,41992730000,41268460000,51784410000,92963730000,70759070000,65092280000,71161730000,55027240000,63219860000,63916110000,64569650000,73305560000,70707710000
51,신용카드사,10228,삼성카드㈜,C,SC008,여신건전성(여신건전성),A3,추정손실,21901000000.0,3044000000.0,1130000000.0,21023000000.0,35164000000.0,95626000000.0,13215000000.0,34547000000.0,66501000000.0,50890000000.0,746509000000.0,648171000000.0,591874000000.0,482178000000.0,485912000000.0,510289000000.0,281792000000.0,369179000000,352849000000,296306000000,281497000000,266340000000,247115000000,240352000000,223310000000,221511000000,130247000000,71765000000,76137000000,79532000000,85782000000,91316000000,77351000000,,,,,,,,,,,,,,,,,,,,,,,,,,,,,,,,,,,,,,,,,,,,,,,,,,,,,,,,,,
52,신용카드사,10228,삼성카드㈜,C,SC008,여신건전성(여신건전성),A4,건전성 분류 총채권_고정이하여신,,,,,,,,,,,,,,,,,,,,,,,,,,,,,,,,,,197581000000,207387000000,236385000000,259941000000,270312000000,198014000000,226471000000,182472000000,202173000000,204930000000,207418000000,200858000000,198309000000,201502000000,194734950000,185363000000,187043270000,194935380000,183002700000,184102190000,182978000000,183361400000,187927280000,188687710000,194909940000,190393140000,187124090000,191596260000,207329000000,217875000000,232237000000,238342000000,252738000000,249867000000,213662000000,207382000000,208468000000,205932000000,185540000000,182678000000,187186000000,177563000000,188706000000,206272000000,157812940000,152860860000,159232080000,197069710000,258293720000,232097500000,223070160000,245736190000,220775370000,204729700000,195339590000,212522430000,227445720000,217543520000
53,신용카드사,10228,삼성카드㈜,C,SC008,여신건전성(여신건전성),A4,고정이하여신,574692000000.0,625202000000.0,424839000000.0,1034806000000.0,734027000000.0,800982000000.0,419991000000.0,380446000000.0,414276000000.0,436320000000.0,1866833000000.0,1667975000000.0,1469057000000.0,1229276000000.0,1154209000000.0,1059673000000.0,733103000000.0,746579000000,713043000000,620186000000,578966000000,541659000000,504789000000,483279000000,464614000000,469987000000,268294000000,183608000000,176508000000,176552000000,185946000000,191830000000,178162000000,,,,,,,,,,,,,,,,,,,,,,,,,,,,,,,,,,,,,,,,,,,,,,,,,,,,,,,,,,
54,신용카드사,10228,삼성카드㈜,C,SC008,여신건전성(여신건전성),B,대손충당금 요적립액,654579000000.0,818679000000.0,747870000000.0,1312229000000.0,1052537000000.0,1173432000000.0,872242000000.0,823419000000.0,838076000000.0,801804000000.0,1579232000000.0,1408475000000.0,1271895000000.0,1069195000000.0,1002261000000.0,942927000000.0,645932000000.0,798624000000,763967000000,673346000000,638990000000,685392000000,655749000000,632793000000,794454000000,779288000000,579963000000,503638000000,508967000000,522350000000,529847000000,535888000000,538570000000,618491000000,774358000000,794718000000,814062000000,836153000000,771130000000,809596000000,861240000000,846067000000,858573000000,860497000000,841614000000,840389000000,907543000000,901809000000,909504000000,892909000000,916356000000,937066000000,1000005000000,1007348000000,1043702000000,1054702000000,1080433000000,1163564000000,1222242000000,1245166000000,1190145000000,1239958000000,1280825000000,1311392000000,1277687000000,1293194000000,1290973000000,1279654000000,1297272000000,1314861000000,1327617000000,1354316000000,1366075000000,1385720000000,1424709000000,1503226000000,1551165000000,1526230000000,1590060000000,1623733000000,1670907000000,1605484000000,1599329000000,1578266000000,1511735000000,1489623000000,1403982000000,1410028000000,1455166000000,1459379000000,1483934000000
55,신용카드사,10228,삼성카드㈜,C,SC008,여신건전성(여신건전성),C,대손충당금 실적립액,830926000000.0,907060000000.0,1032622000000.0,1453893000000.0,1285502000000.0,2123899000000.0,2302836000000.0,1244557000000.0,1200747000000.0,2490501000000.0,2118736000000.0,1808192000000.0,1588371000000.0,1492080000000.0,1429931000000.0,1297884000000.0,902344000000.0,869500000000,764736000000,674123000000,639953000000,688670000000,656687000000,636069000000,816547000000,804024000000,595658000000,515372000000,517617000000,534598000000,536785000000,540223000000,543005000000,701860000000,854166000000,884710000000,916826000000,939689000000,864084000000,908787000000,905622000000,894588000000,910721000000,910306000000,886364000000,871511000000,938053000000,931540000000,937840000000,921996000000,941572000000,956927000000,1020719000000,1026947000000,1063394000000,1073817000000,1100827000000,1185032000000,1233841000000,1257206000000,1203130000000,1279905000000,1320537000000,1348564000000,1340155000000,1341494000000,1329439000000,1321438000000,1363205000000,1384344000000,1390120000000,1403633000000,1512349000000,1534863000000,1574429000000,1642369000000,1667224000000,1641528000000,1699946000000,1727458000000,1763932000000,1694863000000,1686504000000,1661655000000,1617451000000,1580166000000,1474730000000,1478020000000,1552879000000,1562043000000,1578192000000
56,신용카드사,10228,삼성카드㈜,C,SC008,여신건전성(여신건전성),D,고정이하여신비율,3.82,4.39,3.55,9.6,7.32,6.34,3.37,3.36,3.79,4.14,18.52,17.58,14.74,13.61,14.06,13.43,9.53,9.38,8.97,7.95,6.87,5.98,5.27,4.75,4.99,5.49,3.58,2.57,2.35,2.13,2.28,2.43,2.08,1.64,1.65,1.81,1.87,1.98,1.46,1.53,1.23,1.35,1.4,1.37,1.32,1.29,1.29,1.17,1.12,1.15,1.21,1.05,1.04,1.05,1.02,.99,.94,1,.94,.87,.9,.94,.99,1.03,1.11,1.2,1.23,1.05,1,1.04,.98,.84,.84,.83,.76,.76,.82,.61,.56,.58,.72,.96,.89,.84,.94,.85,.79,.74,.78,.82,.76
57,신용카드사,10228,삼성카드㈜,C,SC008,여신건전성(여신건전성),E,대손충당금적립비율(요적립액 대비),126.94,110.8,138.08,110.8,122.13,181.0,264.01,151.15,143.27,310.61,134.16,128.38,124.88,139.55,142.67,137.64,139.7,108.87,100.1,100.12,100.15,100.48,100.14,100.52,102.78,103.17,102.71,102.33,101.7,102.34,101.31,100.81,100.82,113.48,110.31,111.32,112.62,112.38,112.05,112.25,105.15,105.73,106.07,105.79,105.32,103.7,103.36,103.3,103.12,103.26,102.75,102.12,102.07,101.95,101.89,101.81,101.89,101.85,100.95,100.97,101.09,103.22,103.1,102.83,104.89,103.73,102.98,103.27,105.08,105.28,104.71,103.64,110.71,110.76,110.51,109.26,107.48,107.55,106.91,106.39,105.57,105.57,105.45,105.28,106.99,106.08,105.04,104.82,106.71,107.03,106.35
58,신용카드사,10228,삼성카드㈜,C,SC008,여신건전성(여신건전성),F,대손충당금적립비율(총여신 대비),5.53,6.36,8.62,13.49,12.83,16.81,18.48,10.99,10.97,23.64,21.02,19.05,15.93,16.52,17.42,16.45,11.73,10.93,9.62,8.65,7.6,7.61,6.85,6.25,8.77,9.39,7.95,7.21,6.9,6.46,6.57,6.85,6.33,5.82,6.78,6.76,6.59,6.87,6.35,6.14,6.09,5.96,6.2,6.01,5.83,5.66,5.99,5.62,5.65,5.67,5.82,5.48,5.77,5.89,5.91,5.68,5.47,6.11,6.07,5.82,5.63,5.79,6.01,5.96,6.27,6.38,6.54,6.51,6.57,6.91,6.64,6.38,6.95,6.8,6.72,6.64,6.6,6.37,6.27,6.24,6.48,6.29,6.49,6.26,6.21,6.11,5.69,5.56,5.73,5.6,5.53
59,신용카드사,10228,삼성카드㈜,C,SC008,여신건전성(여신건전성),G,대손충당금적립비율(고정이하여신 대비),144.59,145.08,243.06,140.5,175.13,265.16,548.31,327.13,289.84,570.8,113.49,108.41,108.12,121.38,123.89,122.48,123.09,116.46,107.25,108.7,110.53,127.14,130.09,131.62,175.75,171.07,222.02,280.69,293.25,302.8,288.68,281.62,304.78,355.23,411.87,374.27,352.71,347.63,436.38,401.28,496.31,442.49,444.41,438.88,441.29,439.47,465.53,478.36,505.95,492.93,483.02,522.9,554.43,561.24,579.94,571.4,583.41,607.99,648.05,671.86,627.95,617.33,606.1,580.68,562.28,530.78,532.06,618.47,657.34,664.06,675.04,756.51,827.88,819.97,886.69,870.33,808.26,1040.17,1112.09,1084.87,895.08,656.18,726.64,744.9,658.21,715.73,720.33,756.64,730.69,686.78,725.46
60,신용카드사,10229,신한카드㈜,C,SC008,여신건전성(여신건전성),A,건전성 분류 총채권,15073061000000.0,19122860000000.0,15156514000000.0,12855648000000.0,10702971000000.0,10946890000000.0,8908078000000.0,6915004000000.0,5989385000000.0,6594483000000.0,6060855000000.0,5713031000000.0,6629350000000.0,7073262000000.0,7970243000000.0,8509005000000.0,8152428000000.0,8054493000000,8465667000000,9700112400000,12095043830000,13071629100000,13788459540000,12990342690000,11640077000000,11482551000000,11707509810000,12072412640000,14128461000000,14464429000000,14934513000000,16215968000000,16648599000000,15236216000000,20433858000000,20896624000000,20391018000000,19435132000000,19497494000000,19971615000000,21048526000000,19926628000000,20354846000000,19909199000000,20105631000000,19729660000000,19910281000000,20337557000000,20833336000000,20322512000000,20396310000000,21354897000000,21897745000000,21849146330000,22027228000000,22312110000000,23098047000000,23538689000000,23797903000000,24620850000000,25079360000000,25375342780000,26455922770000,27430441000000,27906411000000,27819384000000,28725905000000,29528742000000,30329121000000,29854063000000,31002152000000,31308505000000,32461982000000,32865591000000,33658199000000,34864759000000,35751617000000,36710176000000,38188295000000,40047109000000,39633967000000,38730252920000,38912863690000,39895347000000,39579317000000,40174114080000,39918714160000,38988853710000,39755286370000,39097875280000,39983046860000
61,신용카드사,10229,신한카드㈜,C,SC008,여신건전성(여신건전성),A1,건전성 분류 총채권_고정,,,,,,,,,,,,,,,,,,,,,,,,,,,,,,,,,,0,0,0,0,0,0,0,0,0,0,0,0,0, , , , , , , ,0, , , , , , , , , , , , , , , , , , , , , , , , , , , ,0,0, , , , , ,0, ,0
62,신용카드사,10229,신한카드㈜,C,SC008,여신건전성(여신건전성),A1,고정,0.0,0.0,1159000000.0,385000000.0,545000000.0,2000000.0,0.0,1902000000.0,53000000.0,0.0,433000000.0,229000000.0,0.0,205000000.0,0.0,0.0,0.0,0,3589000000,0,0,0,0,0,0,0,0,0,0,0,0,0,0,,,,,,,,,,,,,,,,,,,,,,,,,,,,,,,,,,,,,,,,,,,,,,,,,,,,,,,,,,
63,신용카드사,10229,신한카드㈜,C,SC008,여신건전성(여신건전성),A2,건전성 분류 총채권_회수의문,,,,,,,,,,,,,,,,,,,,,,,,,,,,,,,,,,77303000000,90198000000,96141000000,108177000000,109052000000,105329000000,101477000000,103434000000,99491000000,92677000000,87110000000,87977000000,83463000000,92121000000,87600000000,86740000000,83658000000,89610000000,82207000000,81701000000,78597160000,89904000000,88644000000,91176000000,103785000000,124903000000,121837000000,122267000000,133342300000,132440660000,130941000000,135178000000,160865000000,143699000000,146448000000,145993000000,136496000000,148920000000,120542000000,132800000000,128459000000,122511000000,126930000000,125505000000,123565000000,132503000000,133881000000,144534000000,185987750000,218541850000,194500000000,218355000000,248315100000,216267730000,183620030000,192957240000,200480190000,192977390000
64,신용카드사,10229,신한카드㈜,C,SC008,여신건전성(여신건전성),A2,회수의문,451119000000.0,666286000000.0,655005000000.0,513939000000.0,1170909000000.0,1007326000000.0,658634000000.0,739143000000.0,641258000000.0,351456000000.0,163770000000.0,162033000000.0,143041000000.0,109775000000.0,103525000000.0,121280000000.0,69984000000.0,60536000000,52720000000,55312000000,81565800000,80278680000,80243440000,90931640000,82090000000,97389000000,102912910000,83222980000,64777000000,51529000000,53722000000,69767000000,77587000000,,,,,,,,,,,,,,,,,,,,,,,,,,,,,,,,,,,,,,,,,,,,,,,,,,,,,,,,,,
65,신용카드사,10229,신한카드㈜,C,SC008,여신건전성(여신건전성),A3,건전성 분류 총채권_추정손실,,,,,,,,,,,,,,,,,,,,,,,,,,,,,,,,,,225617000000,241179000000,242530000000,236283000000,284414000000,313988000000,332677000000,332955000000,343740000000,274570000000,264725000000,220415000000,262708000000,258077000000,262845000000,264566000000,255252000000,212396000000,231978000000,188165000000,193900090000,164641000000,172994000000,177350000000,175905000000,170195000000,152077000000,141475000000,158911340000,160181260000,163440000000,170468000000,171848000000,228366000000,228625000000,199024000000,224945000000,231859000000,242062000000,216443000000,214975000000,187203000000,195314000000,185673000000,175171000000,177307000000,191358000000,218195000000,264601310000,309688150000,298608000000,296477000000,308915200000,308736280000,316628700000,332713830000,341563930000,339193970000
66,신용카드사,10229,신한카드㈜,C,SC008,여신건전성(여신건전성),A3,추정손실,41868000000.0,109094000000.0,95429000000.0,63672000000.0,481190000000.0,201848000000.0,345552000000.0,305984000000.0,109478000000.0,51111000000.0,499034000000.0,422399000000.0,401709000000.0,368468000000.0,365033000000.0,338700000000.0,423251000000.0,395542000000,376947000000,328865800000,367300060000,372137350000,336734920000,304581430000,257011000000,270533000000,310850380000,291086290000,370306000000,304875000000,231288000000,230846000000,235326000000,,,,,,,,,,,,,,,,,,,,,,,,,,,,,,,,,,,,,,,,,,,,,,,,,,,,,,,,,,
67,신용카드사,10229,신한카드㈜,C,SC008,여신건전성(여신건전성),A4,건전성 분류 총채권_고정이하여신,,,,,,,,,,,,,,,,,,,,,,,,,,,,,,,,,,316626000000,331377000000,338671000000,344460000000,393467000000,419317000000,434154000000,436388000000,443231000000,367247000000,351835000000,308392000000,346171000000,350198000000,350445000000,351307000000,338910000000,302005000000,314186000000,269866000000,272497250000,254545000000,261637000000,268526000000,279690000000,295099000000,273914000000,263742000000,292253630000,292621930000,294381000000,305645000000,332713000000,372065000000,375073000000,345017000000,361441000000,380780000000,362605000000,349244000000,343433000000,309713000000,322245000000,311178000000,298735000000,309810000000,325239000000,362729000000,450589060000,528229990000,493108000000,514833000000,557230300000,525004020000,500248730000,525671070000,542044120000,532171360000
68,신용카드사,10229,신한카드㈜,C,SC008,여신건전성(여신건전성),A4,고정이하여신,492987000000.0,775380000000.0,751593000000.0,577996000000.0,1652644000000.0,1209176000000.0,1004186000000.0,1047029000000.0,750789000000.0,402567000000.0,663237000000.0,584661000000.0,544750000000.0,478448000000.0,468558000000.0,459980000000.0,493235000000.0,456078000000,433256000000,384177800000,448865860000,452416030000,416978360000,395513070000,339101000000,367922000000,413763290000,374309270000,435083000000,356404000000,285010000000,300613000000,312913000000,,,,,,,,,,,,,,,,,,,,,,,,,,,,,,,,,,,,,,,,,,,,,,,,,,,,,,,,,,
69,신용카드사,10229,신한카드㈜,C,SC008,여신건전성(여신건전성),B,대손충당금 요적립액,644326000000.0,1075007000000.0,1122888000000.0,1035055000000.0,1810796000000.0,1376263000000.0,1234258000000.0,1135617000000.0,800237000000.0,552896000000.0,661722000000.0,581002000000.0,554855000000.0,505311000000.0,508287000000.0,499083000000.0,549130000000.0,575873000000,547753000000,503664000000,592795000000,1152289000000,1123785000000,1049045000000,996390000000,999697000000,1047296000000,1007701000000,1118931000000,1065658000000,1000543000000,1028505000000,1038878000000,1094200000000,1233195000000,1249489000000,1254743000000,1299784000000,1321160000000,1349264000000,1574584000000,1578329000000,1534223000000,1512312000000,1418102000000,1450773000000,1455227000000,1452160000000,1451979000000,1428029000000,1383540000000,1410411000000,1377876000000,1400139000000,1393810000000,1421873000000,1442545000000,1483044000000,1562761000000,1582982000000,1593179000000,1539928000000,1578956000000,1627331000000,1653413000000,1692055000000,1771122000000,1799416000000,1784617000000,1812354000000,1804728000000,1832529000000,1899955000000,1874175000000,1878894000000,1918969000000,1936505000000,1965499000000,2022998000000,2069521000000,2154005000000,2128221000000,2220589000000,2231733000000,2241509000000,2262705000000,2240455000000,2226466000000,2270106000000,2235361000000,2244804000000
70,신용카드사,10229,신한카드㈜,C,SC008,여신건전성(여신건전성),C,대손충당금 실적립액,1817228000000.0,2522828000000.0,1471355000000.0,1420022000000.0,3789412000000.0,3133001000000.0,2822387000000.0,2226427000000.0,1723482000000.0,1300519000000.0,1101080000000.0,945476000000.0,911740000000.0,837337000000.0,874569000000.0,906189000000.0,894171000000.0,774189000000,725932000000,674024000000,1285844000000,1329546000000,1288153000000,1199068000000,1132026000000,1137557000000,1188314000000,1131986000000,1231610000000,1166158000000,1048577000000,1071406000000,1077238000000,1263530000000,1303157000000,1313765000000,1319762000000,1357679000000,1378990000000,1405255000000,1620977000000,1620625000000,1588842000000,1565629000000,1466758000000,1494033000000,1502294000000,1501776000000,1502802000000,1474101000000,1435157000000,1472855000000,1422357000000,1439540000000,1435720000000,1461264000000,1478016000000,1516942000000,1577558000000,1588159000000,1598701000000,1605828000000,1645328000000,1700147000000,1719573000000,1769088000000,1845321000000,1880170000000,1869152000000,1905694000000,1897365000000,1915969000000,1990013000000,1966662000000,1980108000000,2024410000000,2037357000000,2072653000000,2130889000000,2178587000000,2287181000000,2244741000000,2322595000000,2351138000000,2357914000000,2365194000000,2345930000000,2319138000000,2380623000000,2332833000000,2335232000000
71,신용카드사,10229,신한카드㈜,C,SC008,여신건전성(여신건전성),D,고정이하여신비율,3.27,4.05,4.96,4.5,15.44,11.05,11.27,15.14,12.54,6.1,10.94,10.23,8.22,6.76,5.88,5.41,6.05,5.66,5.12,3.96,3.71,3.46,3.02,3.04,2.91,3.2,3.53,3.1,3.08,2.46,1.91,1.85,1.88,2.08,1.62,1.62,1.69,2.02,2.15,2.17,2.07,2.22,1.8,1.77,1.53,1.75,1.76,1.72,1.69,1.67,1.48,1.47,1.23,1.25,1.16,1.17,1.16,1.19,1.24,1.11,1.05,1.15,1.11,1.07,1.1,1.2,1.3,1.27,1.14,1.21,1.23,1.16,1.08,1.04,.92,.92,.87,.81,.81,.81,.92,1.16,1.36,1.24,1.3,1.39,1.32,1.28,1.32,1.39,1.33
72,신용카드사,10229,신한카드㈜,C,SC008,여신건전성(여신건전성),E,대손충당금적립비율(요적립액 대비),282.04,234.68,131.03,137.19,209.27,227.65,228.67,196.05,215.37,235.22,166.4,162.73,164.32,165.71,172.06,181.57,162.83,134.44,132.53,133.82,216.91,115.38,114.63,114.3,113.61,113.79,113.46,112.33,110.07,109.43,104.8,104.17,103.69,115.48,105.67,105.14,105.18,104.45,104.38,104.15,102.95,102.68,103.56,103.53,103.43,102.98,103.23,103.42,103.5,103.23,103.73,104.43,103.23,102.81,103.01,102.77,102.46,102.29,100.95,100.33,100.35,104.28,104.2,104.47,104,104.55,104.19,104.49,104.74,105.15,105.13,104.55,104.74,104.93,105.39,105.49,105.21,105.45,105.33,105.27,106.18,105.47,104.59,105.35,105.19,104.53,104.71,104.16,104.87,104.36,104.03
73,신용카드사,10229,신한카드㈜,C,SC008,여신건전성(여신건전성),F,대손충당금적립비율(총여신 대비),12.06,13.19,9.71,11.05,35.41,28.62,31.68,32.2,28.78,19.72,18.17,16.55,13.75,11.84,10.97,10.65,10.97,9.61,8.58,6.95,10.63,10.17,9.34,9.23,9.73,9.91,10.15,9.38,8.72,8.06,7.02,6.61,6.47,8.29,6.38,6.29,6.47,6.99,7.07,7.04,7.7,8.13,7.81,7.86,7.3,7.57,7.55,7.38,7.21,7.25,7.04,6.9,6.5,6.59,6.52,6.55,6.4,6.44,6.63,6.45,6.37,6.33,6.22,6.2,6.16,6.36,6.42,6.37,6.16,6.38,6.12,6.12,6.13,5.98,5.88,5.81,5.7,5.65,5.58,5.44,5.77,5.8,5.97,5.89,5.96,5.89,5.88,5.95,5.99,5.97,5.84
74,신용카드사,10229,신한카드㈜,C,SC008,여신건전성(여신건전성),G,대손충당금적립비율(고정이하여신 대비),368.62,325.37,195.76,245.68,229.29,259.1,281.06,212.64,229.56,323.06,166.02,161.71,167.37,175.01,186.65,197.01,181.29,169.75,167.55,175.45,286.47,293.88,308.93,303.17,333.83,309.18,287.2,302.42,283.07,327.2,367.91,356.41,344.26,399.06,393.26,387.92,383.14,345.06,328.87,323.68,371.45,365.64,432.64,444.99,475.61,431.59,428.98,428.53,427.77,434.95,475.21,468.78,527.06,528.28,564.03,558.51,550.42,542.37,534.59,579.8,606.16,549.46,562.27,577.53,562.6,531.72,495.97,501.28,541.76,527.25,498.28,528.39,569.81,572.65,639.34,628.22,654.72,693.81,687.81,669.84,630.55,498.18,439.69,476.8,458,424.46,446.84,463.6,452.87,430.38,438.81
75,신용카드사,12627,㈜케이비국민카드,C,SC008,여신건전성(여신건전성),A,건전성 분류 총채권,,,,,,,,,,,,,,,,,,,,,,,,,,,,,,,,,,13191656000000,13073288000000,12491703000000,12596806000000,12027046000000,11944460000000,12366811000000,13665652000000,13251107000000,13791821000000,14416015000000,15124753000000,14235295000000,14298330730000,14370789000000,14843358000000,14600848000000,14642428000000,15120528000000,15208468000000,14563313000000,14657515000000,14896429000000,15095826000000,15462771000000,16024491000000,16569412000000,16744176000000,17340639000000,17888195000000,18441295000000,19715153000000,19439904570000,19839927000000,21047358100000,22126135410000,21387027790000,23016186580000,23224766100000,23403124880000,24285555760000,24587725640000,25858152080000,26282174760000,25923823950000,26845480810000,27923475800000,27964282160000,27173447450000,27173676410000,27614381280000,27303067100000,27095083230000,27262012630000,28437195060000,28795417440000,28121173760000,28113356380000
76,신용카드사,12627,㈜케이비국민카드,C,SC008,여신건전성(여신건전성),A1,건전성 분류 총채권_고정,,,,,,,,,,,,,,,,,,,,,,,,,,,,,,,,,,9125000000,7504000000,4923000000,3687000000,2548000000,3248000000,3400000000,2094000000,1783000000,2084000000,1908000000,1499000000,1158000000,1148730000,1721000000,2070000000,1848000000,1390000000,1121000000,842000000,675000000,679000000,2048000000,3432000000,3016000000,3311000000,3664000000,2981000000,2580000000,3317000000,3280000000,3227000000,2984240000,3345000000,617070000,3648730000,3146360000,4114630000,4444490000,3751770000,3841320000,3926340000,3925590000,3985290000,3287240000,4123290000,5240620000,5111250000,4444890000,4829040000,4787420000,4160120000,3481680000,4928240000,5479180000,4901170000,480230000,608080000
77,신용카드사,12627,㈜케이비국민카드,C,SC008,여신건전성(여신건전성),A2,건전성 분류 총채권_회수의문,,,,,,,,,,,,,,,,,,,,,,,,,,,,,,,,,,67323000000,73845000000,70335000000,80931000000,73636000000,77926000000,85571000000,92917000000,185150000000,200829000000,201272000000,181566000000,195954000000,191150160000,174676000000,164790000000,163735000000,163178000000,160105000000,133737000000,145828000000,143824000000,144750000000,154556000000,165142000000,171829000000,176066000000,187446000000,198108000000,201167000000,205929000000,217824000000,232193430000,229632000000,243063010000,223036060000,236748250000,206000500000,182602980000,162067300000,174030960000,170388290000,170773180000,174002640000,166508070000,176138500000,183487780000,205132030000,258202010000,215935960000,226383470000,195696270000,282302610000,182255500000,229883220000,198670200000,200325410000,205220570000
78,신용카드사,12627,㈜케이비국민카드,C,SC008,여신건전성(여신건전성),A3,건전성 분류 총채권_추정손실,,,,,,,,,,,,,,,,,,,,,,,,,,,,,,,,,,47958000000,60540000000,68108000000,53156000000,50216000000,36630000000,50201000000,52351000000,33935000000,35936000000,41140000000,45205000000,47436000000,50537880000,40161000000,39256000000,38604000000,37836000000,40892000000,37571000000,34909000000,37941000000,35707000000,35989000000,45770000000,39076000000,42796000000,43344000000,42863000000,48546000000,52404000000,53096000000,52727840000,62080000000,69927610000,74363640000,82242170000,110444790000,78566700000,72366450000,68808400000,67603160000,65994870000,63244840000,57133870000,60569110000,56930980000,56846190000,65243840000,72669040000,79244050000,90223860000,80851800000,120703440000,84645030000,103630330000,166723520000,127906580000
79,신용카드사,12627,㈜케이비국민카드,C,SC008,여신건전성(여신건전성),A4,건전성 분류 총채권_고정이하여신,,,,,,,,,,,,,,,,,,,,,,,,,,,,,,,,,,124406000000,141889000000,143366000000,137774000000,126400000000,117804000000,139172000000,147362000000,220868000000,238848000000,244320000000,228270000000,244548000000,242836770000,216557000000,206115000000,204188000000,202404000000,202119000000,172150000000,181412000000,182443000000,182505000000,193977000000,213928000000,214216000000,222526000000,233770000000,243551000000,253030000000,261613000000,274147000000,287905510000,295057000000,313607690000,301048430000,322136790000,320559930000,265614170000,238185520000,246680680000,241917800000,240693640000,241232780000,226929180000,240830910000,245659380000,267089470000,327890740000,293434040000,310414940000,290080250000,366636090000,307887180000,320007430000,307201690000,367529160000,333735230000
80,신용카드사,12627,㈜케이비국민카드,C,SC008,여신건전성(여신건전성),B,대손충당금 요적립액,,,,,,,,,,,,,,,,,,,,,,,,,,,,,,,,,,642167000000,838686000000,828593000000,734833000000,720740000000,706433000000,738698000000,965949000000,1006678000000,1063464000000,1089642000000,1073969000000,1048912000000,1062083000000,1048926000000,1045285000000,1039905000000,1041015000000,1073947000000,1064144000000,1104121000000,1071546000000,1091510000000,1106148000000,1151836000000,1219133000000,1259407000000,1294777000000,1323488000000,1379832000000,1437087000000,1460504000000,1488876000000,1530489000000,1588057000000,1640304000000,1674053000000,1653698000000,1652544000000,1654775000000,1645040000000,1695917000000,1735887000000,1743792000000,1763354000000,1840564000000,1864660000000,1947486000000,1949972000000,1949972000000,2041745000000,2075810000000,2133512000000,2163392000000,2034947000000,2099933000000,2083948000000,2004021000000
81,신용카드사,12627,㈜케이비국민카드,C,SC008,여신건전성(여신건전성),C,대손충당금 실적립액,,,,,,,,,,,,,,,,,,,,,,,,,,,,,,,,,,717511000000,838687000000,828594000000,735226000000,720741000000,706432000000,738698000000,965948000000,1006678000000,1063464000000,1089643000000,1073968000000,1048912000000,1063915000000,1049535000000,1045916000000,1040477000000,1041668000000,1076027000000,1064763000000,1104610000000,1072087000000,1092743000000,1106480000000,1151835000000,1219269000000,1259603000000,1295333000000,1333354000000,1390063000000,1444479000000,1468523000000,1497684000000,1539610000000,1598113000000,1649174000000,1684233000000,1663009000000,1655567000000,1684949000000,1752538000000,1850802000000,1879266000000,1941661000000,1959919000000,2047293000000,2020185000000,2109969000000,2108843000000,2108843000000,2207738000000,2430613000000,2287552000000,2327583000000,2193867000000,2415242000000,2265695000000,2177337000000
82,신용카드사,12627,㈜케이비국민카드,C,SC008,여신건전성(여신건전성),D,고정이하여신비율,,,,,,,,,,,,,,,,,,,,,,,,,,,,,,,,,,.94,1.09,1.15,1.09,1.05,.99,1.13,1.08,1.67,1.73,1.69,1.51,1.72,1.7,1.51,1.39,1.4,1.38,1.34,1.13,1.25,1.24,1.23,1.28,1.38,1.34,1.34,1.4,1.4,1.41,1.42,1.39,1.48,1.49,1.49,1.36,1.51,1.39,1.14,1.02,1.02,.98,.93,.92,.88,.9,.88,.96,1.21,1.08,1.12,1.06,1.35,1.13,1.13,1.07,1.31,1.19
83,신용카드사,12627,㈜케이비국민카드,C,SC008,여신건전성(여신건전성),E,대손충당금적립비율(요적립액 대비),,,,,,,,,,,,,,,,,,,,,,,,,,,,,,,,,,111.73,100,100,100.05,100,100,100,100,100,100,100,100,100,100.17,100.06,100.06,100.06,100.06,100.19,100.06,100.04,100.05,100.11,100.03,100,100.01,100.02,100.04,100.75,100.74,100.51,100.55,100.59,100.6,100.63,100.54,100.61,100.56,100.18,101.82,106.53,109.13,108.26,111.35,111.15,111.23,108.34,108.34,108.15,108.15,108.13,117.09,107.22,107.59,107.81,115.02,108.72,108.65
84,신용카드사,12627,㈜케이비국민카드,C,SC008,여신건전성(여신건전성),F,대손충당금적립비율(총여신 대비),,,,,,,,,,,,,,,,,,,,,,,,,,,,,,,,,,5.44,6.42,6.63,5.84,5.99,5.91,5.97,7.07,7.6,7.71,7.56,7.1,7.37,7.44,7.3,7.05,7.13,7.11,7.12,7,7.58,7.31,7.34,7.33,7.45,7.61,7.6,7.74,7.69,7.77,7.83,7.45,7.7,7.76,7.59,7.45,7.88,7.23,7.13,7.2,7.22,7.53,7.27,7.39,7.56,7.63,7.23,7.55,7.76,7.76,7.99,8.9,8.44,8.54,7.71,8.39,8.06,7.74
85,신용카드사,12627,㈜케이비국민카드,C,SC008,여신건전성(여신건전성),G,대손충당금적립비율(고정이하여신 대비),,,,,,,,,,,,,,,,,,,,,,,,,,,,,,,,,,576.75,591.09,577.96,533.65,570.21,599.67,530.78,655.49,455.78,445.25,445.99,470.48,428.92,438.12,484.65,507.44,509.57,514.65,532.37,618.51,608.9,587.63,598.75,570.42,538.42,569.18,566.05,554.11,547.46,549.37,552.14,535.67,520.2,521.8,509.59,547.81,522.83,518.78,623.3,707.41,710.45,765.05,780.77,804.89,863.67,850.1,822.35,789.99,643.15,718.68,711.22,837.91,623.93,755.99,685.57,786.21,616.47,652.41
86,신용카드사,13361,㈜우리카드,C,SC008,여신건전성(여신건전성),A,건전성 분류 총채권,,,,,,,,,,,,,,,,,,,,,,,,,,,,,,,,,,,,,,,,,,,4165011000000,4397662000000,4285500000000,4794018000000,4980216000000,5132794000000,5421559000000,5481294000000,5696050000000,6328781000000,6355188000000,6356892000000,6593210000000,6911667000000,7239797000000,7310711000000,7602603000000,7998806000000,7904384000000,8539337000000,8871449000000,9256947000000,9607167000000,9494732000000,9375879000000,9621201000000,9816977000000,9390112000000,10238684000000,10247275700000,10665044000000,11324694000000,12031558000000,12831310000000,13268540000000,13944571000000,14709437000000,14865379000000,14875738000000,14799259000000,15481731740000,16425259000000,16774936000000,15742089000000,15684299000000,15960976000000,15661119000000,15015179000000,14914551000000
87,신용카드사,13361,㈜우리카드,C,SC008,여신건전성(여신건전성),A1,건전성 분류 총채권_고정,,,,,,,,,,,,,,,,,,,,,,,,,,,,,,,,,,,,,,,,,,,11105000000,5655260000,4830000000,17922000000,12814000000,3702000000, , , , , , , , , ,65000000,65000000,85000000,85000000,193000000,255000000,250000000,259000000,418000000,353010000,283000000,421000000,594000000,594000000,629700000,622000000,705000000,762000000,717000000,787000000,924000000,1384000000,1365000000,1548000000,1670000000,1230320000,1608000000,1208000000,2394000000,3605000000,3725400000,3788000000,1755000000,1735000000
88,신용카드사,13361,㈜우리카드,C,SC008,여신건전성(여신건전성),A2,건전성 분류 총채권_회수의문,,,,,,,,,,,,,,,,,,,,,,,,,,,,,,,,,,,,,,,,,,,45311000000,42581370000,41242000000,42537000000,43850000000,30046000000,37549000000,36925000000,38726000000,44732000000,41464000000,44005000000,30603000000,47289000000,31920000000,46833000000,40806000000,49054000000,40824000000,53162000000,54264000000,54788000000,49529000000,63738000000,58336000000,61751000000,53686000000,56253000000,42242000000,45123650000,41245000000,40536000000,37515000000,39522000000,28450000000,43326000000,47705000000,52609000000,66363000000,87661000000,17794830000,17914000000,20017000000,19538000000,19607000000,18249780000,81062000000,17229000000,14723000000
89,신용카드사,13361,㈜우리카드,C,SC008,여신건전성(여신건전성),A3,건전성 분류 총채권_추정손실,,,,,,,,,,,,,,,,,,,,,,,,,,,,,,,,,,,,,,,,,,,9954000000,10514340000,9308000000,10983000000,10642000000,29503000000,27302000000,28932000000,28408000000,32111000000,26867000000,25379000000,13827000000,16976000000,19398000000,23764000000,21878000000,25396000000,21144000000,27025000000,28745000000,31532000000,27441000000,30030000000,27141000000,29642000000,24837000000,27625000000,27328000000,26224500000,25456000000,25258000000,34389000000,25110000000,24948000000,26725000000,32175000000,40681000000,51546000000,54689000000,119358590000,170052000000,142278000000,159359000000,203135000000,212410010000,82967000000,189496000000,191524000000
90,신용카드사,13361,㈜우리카드,C,SC008,여신건전성(여신건전성),A4,건전성 분류 총채권_고정이하여신,,,,,,,,,,,,,,,,,,,,,,,,,,,,,,,,,,,,,,,,,,,66370000000,58750960000,55380000000,71442000000,67306000000,63251000000,64851000000,65856000000,67134000000,76843000000,68331000000,69385000000,44430000000,64265000000,51318000000,70662000000,62749000000,77186000000,62052000000,80379000000,83265000000,86569000000,77230000000,94187000000,85831000000,91676000000,78944000000,84471000000,70165000000,71977850000,67323000000,66500000000,72666000000,65350000000,54186000000,70975000000,81263000000,94655000000,119457000000,144021000000,138383750000,189575000000,163503000000,181291000000,226347000000,234385190000,167817000000,208480000000,207982000000
91,신용카드사,13361,㈜우리카드,C,SC008,여신건전성(여신건전성),B,대손충당금 요적립액,,,,,,,,,,,,,,,,,,,,,,,,,,,,,,,,,,,,,,,,,,,403242000000,394569000000,400148000000,420800000000,434401000000,445219000000,446245000000,457747000000,470941000000,502759000000,492542000000,502737000000,496910000000,536274000000,532089000000,554648000000,590352000000,620404000000,618658000000,654435000000,665099000000,686622000000,699145000000,721020000000,736500000000,772964000000,742982000000,730511000000,721597000000,742674000000,749698000000,779926000000,822229000000,806077000000,811547000000,843460000000,882111000000,808223000000,908128000000,813333000000,839567000000,914942000000,906431000000,922703000000,964280000000,1009236000000,932825000000,992926000000,1005014000000
92,신용카드사,13361,㈜우리카드,C,SC008,여신건전성(여신건전성),C,대손충당금 실적립액,,,,,,,,,,,,,,,,,,,,,,,,,,,,,,,,,,,,,,,,,,,172133000000,165137000000,210509000000,212834000000,212386000000,205950000000,298792000000,343786000000,381769000000,420529000000,439785000000,480553000000,488429000000,541018000000,538150000000,562349000000,600195000000,632445000000,635626000000,683303000000,694609000000,719019000000,727268000000,747660000000,754219000000,789938000000,764074000000,751830000000,742152000000,763254000000,769593000000,799797000000,841600000000,826413000000,837588000000,876148000000,923488000000,854976000000,952811000000,854047000000,881327000000,960603000000,951061000000,966838000000,1014723000000,1061055000000,983712000000,1043898000000,1050526000000
93,신용카드사,13361,㈜우리카드,C,SC008,여신건전성(여신건전성),D,고정이하여신비율,,,,,,,,,,,,,,,,,,,,,,,,,,,,,,,,,,,,,,,,,,,1.59,1.34,1.29,1.49,1.35,1.23,1.2,1.2,1.18,1.21,1.08,1.09,.67,.93,.71,.97,.83,.96,.79,.94,.94,.94,.8,.99,.92,.95,.8,.9,.69,.7,.63,.59,.6,.51,.41,.51,.55,.64,.8,.97,.89,1.15,.97,1.15,1.44,1.47,1.07,1.39,1.39
94,신용카드사,13361,㈜우리카드,C,SC008,여신건전성(여신건전성),E,대손충당금적립비율(요적립액 대비),,,,,,,,,,,,,,,,,,,,,,,,,,,,,,,,,,,,,,,,,,,42.69,41.85,52.61,50.58,48.89,46.26,66.96,75.1,81.07,83.64,89.29,95.59,98.29,100.88,101.14,101.39,101.67,101.94,102.74,104.41,104.44,104.72,104.02,103.69,102.41,102.2,102.84,102.92,102.85,102.77,102.65,102.55,102.36,102.52,103.21,103.88,104.69,105.78,104.92,105.01,104.97,104.99,104.92,104.78,105.23,105.13,105.46,105.13,104.53
95,신용카드사,13361,㈜우리카드,C,SC008,여신건전성(여신건전성),F,대손충당금적립비율(총여신 대비),,,,,,,,,,,,,,,,,,,,,,,,,,,,,,,,,,,,,,,,,,,4.13,3.76,4.91,4.44,4.26,4.01,5.51,6.27,6.7,6.64,6.92,7.56,7.41,7.83,7.43,7.69,7.89,7.91,8.04,8,7.83,7.77,7.57,7.87,8.04,8.21,7.78,8.01,7.25,7.45,7.22,7.06,6.99,6.44,6.31,6.28,6.28,5.75,6.41,5.77,5.69,5.85,5.67,6.14,6.47,6.65,6.28,6.95,7.04
96,신용카드사,13361,㈜우리카드,C,SC008,여신건전성(여신건전성),G,대손충당금적립비율(고정이하여신 대비),,,,,,,,,,,,,,,,,,,,,,,,,,,,,,,,,,,,,,,,,,,259.35,281.08,380.12,297.91,315.55,325.61,460.74,522.03,568.67,547.26,643.61,692.59,1099.32,841.85,1048.66,795.83,956.5,819.38,1024.34,850.1,834.21,830.57,941.69,793.8,878.73,861.66,967.87,890.05,1057.72,1060.4,1143.14,1202.7,1158.18,1264.6,1545.76,1234.45,1136.42,903.25,797.62,593,636.87,506.71,581.68,533.31,448.3,452.7,586.18,500.72,505.1
97,신용카드사,13640,하나카드㈜,C,SC008,여신건전성(여신건전성),A,건전성 분류 총채권,,,,,,,,,,,,,,,,,,,,,,,,,,,,,,,,,,,,,,,,,,,,,,,,2668650000000,6287903000000,5884042000000,5906447000000,5979625000000,5863795000000,5732441000000,6008605000000,6125889000000,6400018000000,6289522000000,6594160000000,6965815000000,7182826000000,7191260000000,7327888000000,7406815000000,7641975000000,7272524000000,7396992000000,7492621000000,7777324000000,7283925000000,7882034000000,7908994000000,7594307000000,7848596000000,8531028000000,8459134000000,8689606000000,8649871000000,9161156000000,10074687000000,11047814000000,11600301000000,12092383000000,12429349000000,12114126000000,12326336000000,12414688000000,12019621000000,12463943000000,12349000000000,12700097000000
98,신용카드사,13640,하나카드㈜,C,SC008,여신건전성(여신건전성),A1,건전성 분류 총채권_고정,,,,,,,,,,,,,,,,,,,,,,,,,,,,,,,,,,,,,,,,,,,,,,,,188000000,561000000,448000000,631000000,230000000,472000000,550000000,0,0,0,0,0,0,0,636000000,623000000,550000000,531000000,598000000,515000000,401000000,638000000,638000000,438000000,2016000000,1974000000,1771000000,1893000000,830000000,857000000,673000000,455000000,362000000,367000000,480000000,524000000,499000000,686000000,741000000,911000000,984000000,860000000,597000000,896000000
99,신용카드사,13640,하나카드㈜,C,SC008,여신건전성(여신건전성),A2,건전성 분류 총채권_회수의문,,,,,,,,,,,,,,,,,,,,,,,,,,,,,,,,,,,,,,,,,,,,,,,,29177000000,60555000000,77192000000,67289000000,68996000000,70532000000,59091000000,67307000000,70036000000,50443000000,49757000000,55317000000,55343000000,57335000000,60876000000,66981000000,65689000000,62597000000,74356000000,78046000000,72695000000,76483000000,76834000000,81992000000,81362000000,77621000000,67669000000,67097000000,45605000000,39794000000,40999000000,35860000000,35999000000,44694000000,52899000000,83562000000,77127000000,66238000000,73012000000,79407000000,67985000000,72246000000,70923000000,74220000000
100,신용카드사,13640,하나카드㈜,C,SC008,여신건전성(여신건전성),A3,건전성 분류 총채권_추정손실,,,,,,,,,,,,,,,,,,,,,,,,,,,,,,,,,,,,,,,,,,,,,,,,16987000000,31806000000,41466000000,30211000000,23264000000,18913000000,10349000000,17318000000,36462000000,44618000000,47352000000,65981000000,46990000000,43786000000,49116000000,51239000000,46760000000,55338000000,71898000000,72459000000,64536000000,61329000000,54526000000,47831000000,34925000000,22802000000,22663000000,16250000000,23863000000,20355000000,20130000000,18205000000,16614000000,28683000000,39174000000,60477000000,77749000000,78316000000,107655000000,106371000000,104574000000,108260000000,134043000000,121640000000
101,신용카드사,13640,하나카드㈜,C,SC008,여신건전성(여신건전성),A4,건전성 분류 총채권_고정이하여신,,,,,,,,,,,,,,,,,,,,,,,,,,,,,,,,,,,,,,,,,,,,,,,,46352000000,92922000000,119106000000,98131000000,92490000000,89917000000,69989000000,84625000000,106498000000,95060000000,97109000000,121298000000,102333000000,101121000000,110628000000,118843000000,113000000000,118465000000,146853000000,151020000000,137632000000,138449000000,131998000000,130261000000,118303000000,102397000000,92102000000,85240000000,70298000000,61007000000,61802000000,54520000000,52975000000,73744000000,92552000000,144564000000,155375000000,145239000000,181409000000,186689000000,173543000000,181365000000,205563000000,196756000000
102,신용카드사,13640,하나카드㈜,C,SC008,여신건전성(여신건전성),B,대손충당금 요적립액,,,,,,,,,,,,,,,,,,,,,,,,,,,,,,,,,,,,,,,,,,,,,,,,277604000000,544525000000,565015000000,543212000000,515821000000,511378000000,488320000000,497882000000,522157000000,526009000000,523648000000,590232000000,577641000000,587054000000,604260000000,611693000000,615783000000,623306000000,641030000000,650096000000,650631000000,656798000000,647455000000,642263000000,614318000000,592042000000,583507000000,589366000000,578332000000,573010000000,571094000000,577798000000,611101000000,661803000000,652457000000,715451000000,770162000000,779305000000,824559000000,818544000000,808313000000,825242000000,849486000000,844955000000
103,신용카드사,13640,하나카드㈜,C,SC008,여신건전성(여신건전성),C,대손충당금 실적립액,,,,,,,,,,,,,,,,,,,,,,,,,,,,,,,,,,,,,,,,,,,,,,,,123219000000,243800000000,261990000000,238365000000,233671000000,221529000000,213612000000,255119000000,294707000000,307525000000,347140000000,392779000000,405854000000,425025000000,471925000000,503326000000,522040000000,562895000000,592595000000,610898000000,625607000000,637736000000,647529000000,642334000000,614389000000,592135000000,583581000000,589442000000,578401000000,573086000000,571179000000,577883000000,635701000000,691114000000,684844000000,750857000000,810471000000,810032000000,854482000000,847639000000,837169000000,857190000000,883153000000,877398000000
104,신용카드사,13640,하나카드㈜,C,SC008,여신건전성(여신건전성),D,고정이하여신비율,,,,,,,,,,,,,,,,,,,,,,,,,,,,,,,,,,,,,,,,,,,,,,,,1.74,1.48,2.02,1.66,1.55,1.53,1.22,1.41,1.74,1.49,1.54,1.84,1.47,1.41,1.54,1.62,1.53,1.55,2.02,2.04,1.84,1.78,1.81,1.65,1.5,1.35,1.17,1,.83,.7,.71,.6,.53,.67,.8,1.2,1.25,1.2,1.47,1.5,1.44,1.46,1.66,1.55
105,신용카드사,13640,하나카드㈜,C,SC008,여신건전성(여신건전성),E,대손충당금적립비율(요적립액 대비),,,,,,,,,,,,,,,,,,,,,,,,,,,,,,,,,,,,,,,,,,,,,,,,44.39,44.77,46.37,43.88,45.3,43.32,43.74,51.24,56.44,58.46,66.29,66.55,70.26,72.4,78.1,82.28,84.78,90.31,92.44,93.97,96.15,97.1,100.01,100.01,100.01,100.02,100.01,100.01,100.01,100.01,100.01,100.01,104.03,104.43,104.96,104.95,105.23,103.94,103.63,103.55,103.57,103.87,103.96,103.84
106,신용카드사,13640,하나카드㈜,C,SC008,여신건전성(여신건전성),F,대손충당금적립비율(총여신 대비),,,,,,,,,,,,,,,,,,,,,,,,,,,,,,,,,,,,,,,,,,,,,,,,4.62,3.88,4.45,4.04,3.91,3.78,3.73,4.25,4.81,4.81,5.52,5.96,5.83,5.92,6.56,6.87,7.05,7.37,8.15,8.26,8.35,8.2,8.89,8.15,7.77,7.8,7.44,6.91,6.84,6.6,6.6,6.31,6.31,6.26,5.9,6.21,6.52,6.69,6.93,6.83,6.97,6.88,7.15,6.91
107,신용카드사,13640,하나카드㈜,C,SC008,여신건전성(여신건전성),G,대손충당금적립비율(고정이하여신 대비),,,,,,,,,,,,,,,,,,,,,,,,,,,,,,,,,,,,,,,,,,,,,,,,265.83,262.37,219.96,242.9,252.64,246.37,305.21,301.47,276.73,323.51,357.47,323.81,396.6,420.31,426.59,423.52,461.98,475.16,403.53,404.51,454.55,460.63,490.56,493.11,519.34,578.27,633.62,691.51,822.78,939.38,924.21,1059.95,1200,937.18,739.96,519.39,521.62,557.72,471.03,454.04,482.4,472.63,429.63,445.93
