,금융구분,금융회사코드,금융회사명,통계분류,통계표코드,통계표명,코드,구분,200212,200303,200306,200309,200312,200403,200406,200409,200412,200503,200506,200509,200512,200603,200606,200609,200612,200703,200706,200709,200712,200803,200806,200809,200812,200903,200906,200909,200912,201003,201006,201009,201012,201103,201106,201109,201112,201203,201206,201209,201212,201303,201306,201309,201312,201403,201406,201409,201412,201503,201506,201509,201512,201603,201606,201609,201612,201703,201706,201709,201712,201803,201806,201809,201812,201903,201906,201909,201912,202003,202006,202009,202012,202103,202106,202109,202112,202203,202206,202209,202212,202303,202306,202309,202312,202403,202406,202409,202412,202503,202506,202509,202512
0,신용카드사,10225,현대카드㈜,C,SC010,유동성,A,원화 유동성비율,182.07,222.92,135.6,205.54,137.81,126.35,168.34,188.97,218.71,213.2,270.04,188.79,137.76,214.79,287.2,248.43,329.1,264.96,520.2,319.5,311.02,337.11,378.28,353.68,276.65,310.99,354.3,310.5,276.34,246.46,773.45,295.52,257.08,424.97,386.45,501.61,360.06,423.48,421.98,388.4,422.61,505.76,467.94,489.02,555.51,473.55,504.11,482.98,510.27,435.85,480.82,369.14,501.88,581.75,534.76,462.72,414.61,457.13,488.59,370.88,386.65,488.06,442.56,368.13,406.91,456.12,399.71,429.72,395.4,475.44,452.75,426.15,443.51,424.76,491.86,389.48,425.97,436.14,470.4,468.11,442.65,440.59,550.56,374.09,455.15,467.95,466.86,456.78,484.99,433.21,506.45,364.55,608.4
1,신용카드사,10225,현대카드㈜,C,SC010,유동성,A1,원화 유동성비율_유동성자산,,,,,,,,,,,,,,,,,,,,,,,,,,,,,,,,,,7247802000000.0,7026655000000.0,8640075000000.0,9091340000000.0,8881605000000.0,9005882000000.0,8866259000000.0,9125356000000.0,8457126000000.0,8496636000000.0,8576194000000.0,9087227000000.0,8930807000000.0,9330627000000.0,9036169000000.0,9147939000000.0,8931328000000.0,8710649000000.0,9361020000000.0,9469851000000.0,9363187000000.0,9608918000000.0,9692881000000.0,10229622000000.0,9969672000000,10131186000000,10968226000000,10850432000000,11244700090000,11203588020000,12089858000000,11202269680000,11293126580000,11919511840000,12059144940000,12474442000000,11960031000000,13212842000000,13423875000000,13399385000000,13231142890000,13710664000000,14536230800000,14692942500000,14820672100000,15783362100000,15880947400000,18108938300000,17402823000000,16555481500000,17093418300000,17294975700000,18737373600000,17184411160000,16431496300000,18797715900000,18800025700000,17562555800000,17848385600000,17721937800000
2,신용카드사,10225,현대카드㈜,C,SC010,유동성,A1,유동성자산,3958819000000.0,1970169000000.0,2674627000000.0,2229297000000.0,1819679000000.0,1984890000000.0,2145000000000.0,2255923000000.0,1681987000000.0,2065007000000.0,1458396000000.0,1159894000000.0,1555738000000.0,1698423000000.0,1600769000000.0,2270232000000.0,2595602000000.0,2927104000000.0,2761515000000.0,3140185000000.0,3449396000000.0,3761961000000.0,3468343210000.0,3222031040000.0,3669075210000.0,3880501520000.0,3680467690000.0,3578569950000.0,4279464360000.0,3961688180000.0,3910351000000.0,4947688320000.0,5558201870000.0,,,,,,,,,,,,,,,,,,,,,,,,,,,,,,,,,,,,,,,,,,,,,,,,,,,,,,,,,,,,
3,신용카드사,10225,현대카드㈜,C,SC010,유동성,A2,원화 유동성비율_유동성부채,,,,,,,,,,,,,,,,,,,,,,,,,,,,,,,,,,1705489000000.0,1818258000000.0,1722455000000.0,2524964000000.0,2097297000000.0,2134202000000.0,2282788000000.0,2159304000000.0,1672157000000.0,1815754000000.0,1753764000000.0,1635824000000.0,1885942000000.0,1850924000000.0,1870910000000.0,1792747000000.0,2049164000000.0,1811617000000.0,2535868000000.0,1886874000000.0,1609475000000.0,1796868000000.0,2094784000000.0,2467296000000.0,2180934000000,2073559000000,2957344000000,2806276000000,2303947790000,2531521560000,3284111000000,2753019440000,2475928220000,2982025910000,2806277010000,3154878000000,2515584000000,2918341000000,3150035000000,3021216000000,3114957800000,2787507000000,3732253100000,3449282400000,3398147400000,3355305100000,3392588100000,4091063500000,3949866400000,3007006500000,4569280300000,3799816400000,4004100800000,3680859800000,3597255000000,3875906800000,4339660000000,3467801000000,4895949600000,2912868500000
4,신용카드사,10225,현대카드㈜,C,SC010,유동성,A2,유동성부채,2174348000000.0,883782000000.0,1972440000000.0,1084611000000.0,1320462000000.0,1570999000000.0,1274215000000.0,1193772000000.0,769043000000.0,968565000000.0,540061000000.0,614371000000.0,1129309000000.0,790752000000.0,557368000000.0,913817000000.0,788691000000.0,1104730000000.0,530853000000.0,982856000000.0,1109054000000.0,1115942000000.0,916881250000.0,911014060000.0,1326246890000.0,1247771190000.0,1038814260000.0,1152536760000.0,1548632950000.0,1607432460000.0,505575000000.0,1674215780000.0,2162093050000.0,,,,,,,,,,,,,,,,,,,,,,,,,,,,,,,,,,,,,,,,,,,,,,,,,,,,,,,,,,,,
5,신용카드사,10225,현대카드㈜,C,SC010,유동성,B,업무용 고정자산비율,12.33,2.98,3.4,5.35,5.67,6.79,6.93,3.77,3.75,5.69,5.18,4.79,2.5,0.96,0.87,0.74,0.81,2.5,3.1,2.9,2.5,2.62,9.59,9.84,9.65,9.23,9.68,9.31,9.17,10.32,10.57,10.27,10.0,,,,,,,,,,,,,,,,,,,,,,,,,,,,,,,,,,,,,,,,,,,,,,,,,,,,,,,,,,,,
6,신용카드사,10225,현대카드㈜,C,SC010,유동성,B,업무용 유형자산비율,,,,,,,,,,,,,,,,,,,,,,,,,,,,,,,,,,9.43,9.17,9.06,11.44,14.34,13.88,13.8,15.31,14.71,14.6,14.3,14.74,14.0,14.16,14.3,15.24,14.68,14.76,16.61,15.53,15.36,15.26,15.39,15.38,14.5,14.27,13.96,13.87,13.79,13.69,12.16,13.12,12.45,12.23,12.37,11.86,11.99,11.71,12.84,12.28,12.89,12.55,14.01,13.9,,,,,,,,,,,,,,,,
7,신용카드사,10225,현대카드㈜,C,SC010,유동성,B1,업무용 고정자산,23636000000.0,4477000000.0,4917000000.0,6090000000.0,6261000000.0,6309000000.0,6440000000.0,6258000000.0,6581000000.0,7842000000.0,8275000000.0,8442000000.0,7628000000.0,6845000000.0,6564000000.0,6331000000.0,6713000000.0,22394000000.0,30267000000.0,29986000000.0,28029000000.0,29416000000.0,115176330000.0,119225810000.0,119140520000.0,119880130000.0,132675290000.0,135897920000.0,136045070000.0,150254810000.0,159910000000.0,164836470000.0,165204960000.0,,,,,,,,,,,,,,,,,,,,,,,,,,,,,,,,,,,,,,,,,,,,,,,,,,,,,,,,,,,,
8,신용카드사,10225,현대카드㈜,C,SC010,유동성,B1,업무용 유형자산비율_업무용 유형자산,,,,,,,,,,,,,,,,,,,,,,,,,,,,,,,,,,170755000000.0,172891000000.0,177111000000.0,178197000000.0,232147000000.0,230399000000.0,235646000000.0,242843000000.0,240505000000.0,243002000000.0,246486000000.0,251731000000.0,251752000000.0,256582000000.0,263155000000.0,288699000000.0,291578000000.0,300350000000.0,295632000000.0,288508000000.0,292767000000.0,297735000000.0,306269000000.0,313775000000.0,305364000000,300202000000,300933000000,301363000000,301761590000,302007110000,299030000000,293105050000,286020660000,283367160000,281396670000,275975000000,273148000000,275772000000,298555000000,293166000000,297514600000,297382000000,336673400000,334976800000,,,,,,,,,,,,,,,,
9,신용카드사,10225,현대카드㈜,C,SC010,유동성,B2,업무용 유형자산비율_자기자본,,,,,,,,,,,,,,,,,,,,,,,,,,,,,,,,,,1810735000000.0,1885939000000.0,1955626000000.0,1557652000000.0,1618507000000.0,1659658000000.0,1707901000000.0,1585809000000.0,1634752000000.0,1664755000000.0,1723881000000.0,1707249000000.0,1797806000000.0,1811707000000.0,1840229000000.0,1894647000000.0,1986036000000.0,2034539000000.0,1779586000000.0,1857679000000.0,1905752000000.0,1951141000000.0,1989966000000.0,2039967000000.0,2106569000000,2103265000000,2154968000000,2173265000000,2187669050000,2205431150000,2459627000000,2234051620000,2298006230000,2316452250000,2275714890000,2327752000000,2278326000000,2355345000000,2324713000000,2386729000000,2307802770000,2370019000000,2402897100000,2410274300000,,,,,,,,,,,,,,,,
10,신용카드사,10225,현대카드㈜,C,SC010,유동성,B2,자기자본,191762000000.0,150315000000.0,144497000000.0,113908000000.0,110474000000.0,92890000000.0,92863000000.0,165775000000.0,175693000000.0,137743000000.0,159865000000.0,176342000000.0,305025000000.0,711454000000.0,756445000000.0,856624000000.0,830693000000.0,895114000000.0,976732000000.0,1034043000000.0,1122975000000.0,1121221000000.0,1201367860000.0,1211517700000.0,1234062360000.0,1298865750000.0,1370901240000.0,1460281380000.0,1483248890000.0,1456294500000.0,1513337000000.0,1604513010000.0,1652088750000.0,,,,,,,,,,,,,,,,,,,,,,,,,,,,,,,,,,,,,,,,,,,,,,,,,,,,,,,,,,,,
11,신용카드사,10225,현대카드㈜,C,SC010,유동성,C,즉시가용유동성비율,,,,,,,,,,,,,,,,,,,,,,,,,,,,,,,,,,,,,,,,,,,,,,,,,,,,,,,,,,,,,,,,,,,,,,,,,,,,,,471.97,760.1,809.13,475.02,606.66,642.9,638.61,630.86,613.04,910,1211.61,804.91,777.74,1291.28,364.64,779.81
12,신용카드사,10225,현대카드㈜,C,SC010,유동성,C1,즉시가용유동성자산,,,,,,,,,,,,,,,,,,,,,,,,,,,,,,,,,,,,,,,,,,,,,,,,,,,,,,,,,,,,,,,,,,,,,,,,,,,,,,3620410000000,3963057000000,4662099000000,3752599000000,4467392000000,3769871000000,3680860000000,2856485000000,4569499000000,3971139000000,3348745000000,4478440000000,5338311000000,4648614000000,4577376000000,4132974000000
13,신용카드사,10225,현대카드㈜,C,SC010,유동성,C2,1개월 이내 만기도래 부채,,,,,,,,,,,,,,,,,,,,,,,,,,,,,,,,,,,,,,,,,,,,,,,,,,,,,,,,,,,,,,,,,,,,,,,,,,,,,,767083000000,521389000000,576189000000,789989000000,736389000000,586389000000,576389000000,452789000000,745389000000,436389000000,276389000000,556389000000,686389000000,360000000000,1255310000000,530000000000
14,신용카드사,10225,현대카드㈜,C,SC010,유동성,D,단기조달비중,,,,,,,,,,,,,,,,,,,,,,,,,,,,,,,,,,,,,,,,,,,,,,,,,,,,,,,,,,,,,,,,,,,,,,,,,,,,,,5.89,4.65,3.91,4.52,5.11,3.89,3.85,4.23,4.83,4.07,3.2,3.18,1.92,.87,4.21,4.07
15,신용카드사,10225,현대카드㈜,C,SC010,유동성,D1,단기조달잔액,,,,,,,,,,,,,,,,,,,,,,,,,,,,,,,,,,,,,,,,,,,,,,,,,,,,,,,,,,,,,,,,,,,,,,,,,,,,,,934895000000,814899000000,744902000000,824936000000,873045000000,653577000000,644078710000,712153680000,900043610000,742319910000,573373430000,624198320000,384772650000,164772650000,828747180000,817817090000
16,신용카드사,10225,현대카드㈜,C,SC010,유동성,D2,총조달잔액,,,,,,,,,,,,,,,,,,,,,,,,,,,,,,,,,,,,,,,,,,,,,,,,,,,,,,,,,,,,,,,,,,,,,,,,,,,,,,15868782110000,17517169000000,19041647000000,18231293000000,17068490000000,16795617000000,16720607040000,16823373420000,18650364580000,18255313210000,17938026530000,19642556520000,20054564200000,18933538480000,19698018270000,20092465790000
17,신용카드사,10226,롯데카드㈜,C,SC010,유동성,A,원화 유동성비율,123.16,509.33,859.12,1240.64,802.99,1111.75,10386.32,723.52,1153.75,5269.13,1102.98,3115.73,653.02,2652.86,919.88,3177.34,790.55,3621.7,721.02,808.57,613.17,657.9,742.0,803.58,575.71,841.92,721.7,686.14,465.43,925.3,939.2,1148.48,510.97,427.8,462.36,660.43,582.64,509.53,585.31,492.24,403.46,370.85,400.88,383.27,449.84,335.4,414.6,460.71,404.44,413.22,477.36,533.74,373.13,717.26,751.74,537.82,474.0,502.86,539.32,453.58,376.21,320.07,427.84,326.81,519.02,377.28,619.52,397.94,573.59,438.36,412.56,429.28,555.85,463.13,518.51,516.73,557.93,433.05,490.39,352.75,463.43,459.24,416.24,275.91,328.05,373.48,356.11,325.1,375.52,335.99,409.07,381.36,413.96
18,신용카드사,10226,롯데카드㈜,C,SC010,유동성,A1,원화 유동성비율_유동성자산,,,,,,,,,,,,,,,,,,,,,,,,,,,,,,,,,,4734399000000.0,4751554000000.0,5070792000000.0,5271038000000.0,5227751000000.0,5259126000000.0,5314642000000.0,5523024000000.0,5603629000000.0,5617082000000.0,5302181000000.0,5857469000000.0,5648175000000.0,5421628000000.0,5440255000000.0,5688682000000.0,5531576000000.0,5523157000000.0,6161957000000.0,6061269000000.0,5920317000000.0,6174208000000.0,6456905000000.0,6467945000000.0,6751804000000,6667004000000,6921785000000,7538253000000,6961165000000,7324143000000,8168173000000,7821841000000,7610029000000,7393162000000,7454032000000,8080310000000,7918664000000,8371801000000,8353964000000,8204762000000,7665017000000,8067261000000,8104508000000,8860594000000,8857617000000,9871431000000,9947578000000,11288329000000,11072803000000,11369569000000,11367630000000,11883237000000,12011039000000,11793726000000,11750024000000,12244596000000,11741607000000,11886727000000,11902493000000,11506727000000
19,신용카드사,10226,롯데카드㈜,C,SC010,유동성,A1,유동성자산,336685000000.0,264852000000.0,284997000000.0,248127000000.0,961344000000.0,1284598000000.0,1303795000000.0,1656856000000.0,1499878000000.0,1580738000000.0,1643437000000.0,1869438000000.0,2279304000000.0,2254932000000.0,2023735000000.0,2224139000000.0,2371638000000.0,2173022000000.0,2271227000000.0,2590672000000.0,2765394000000.0,2776333000000.0,1929191000000.0,2491097000000.0,2531582000000.0,2690595000000.0,2571700000000.0,2460507000000.0,2705079000000.0,2590850000000.0,2723689000000.0,2871210000000.0,3423531000000.0,,,,,,,,,,,,,,,,,,,,,,,,,,,,,,,,,,,,,,,,,,,,,,,,,,,,,,,,,,,,
20,신용카드사,10226,롯데카드㈜,C,SC010,유동성,A2,원화 유동성비율_유동성부채,,,,,,,,,,,,,,,,,,,,,,,,,,,,,,,,,,1106692000000.0,1027684000000.0,767807000000.0,904681000000.0,1025986000000.0,898521000000.0,1079693000000.0,1368902000000.0,1511032000000.0,1401191000000.0,1383407000000.0,1302136000000.0,1684014000000.0,1307691000000.0,1180848000000.0,1406560000000.0,1338657000000.0,1157016000000.0,1154497000000.0,1624449000000.0,825412000000.0,821325000000.0,1200559000000.0,1364541000000.0,1342668000000,1236180000000,1526026000000,2003736000000,2174862000000,1711875000000,2499327000000,1507050000000,2017069000000,1193379000000,1873155000000,1408737000000,1806409000000,2029233000000,1946053000000,1476066000000,1655051000000,1555855000000,1568428000000,1588108000000,2045416000000,2012965000000,2820039000000,2435812000000,2411094000000,2731464000000,4119988000000,3622379000000,3216022000000,3311804000000,3614266000000,3260737000000,3494657000000,2905770000000,3121040000000,2779704000000
21,신용카드사,10226,롯데카드㈜,C,SC010,유동성,A2,유동성부채,273376000000.0,52000000000.0,33173000000.0,20000000000.0,119720000000.0,115547000000.0,12553000000.0,229000000000.0,130000000000.0,30000000000.0,149000000000.0,60000000000.0,349040000000.0,85000000000.0,220000000000.0,70000000000.0,300000000000.0,60000000000.0,315000000000.0,320400000000.0,451000000000.0,422000000000.0,260000000000.0,310000000000.0,439730000000.0,319580000000.0,356340000000.0,358600000000.0,581200000000.0,280000000000.0,290000000000.0,250000000000.0,670000000000.0,,,,,,,,,,,,,,,,,,,,,,,,,,,,,,,,,,,,,,,,,,,,,,,,,,,,,,,,,,,,
22,신용카드사,10226,롯데카드㈜,C,SC010,유동성,B,업무용 고정자산비율,11.58,18.33,67.35,601.9,9.36,8.79,8.87,8.57,9.59,10.3,9.58,9.33,10.09,9.7,7.2,6.81,7.07,7.0,6.18,6.0,6.56,5.55,5.21,5.01,4.97,4.54,4.23,4.13,4.14,4.46,4.61,4.52,4.44,,,,,,,,,,,,,,,,,,,,,,,,,,,,,,,,,,,,,,,,,,,,,,,,,,,,,,,,,,,,
23,신용카드사,10226,롯데카드㈜,C,SC010,유동성,B,업무용 유형자산비율,,,,,,,,,,,,,,,,,,,,,,,,,,,,,,,,,,4.37,4.58,4.53,4.15,4.09,4.03,4.18,4.32,4.31,4.19,4.14,4.23,4.16,4.06,4.08,3.96,4.01,3.93,3.9,3.49,3.41,3.37,3.36,3.31,3.22,3.57,3.6,3.77,3.68,3.73,3.66,3.44,3.42,3.35,3.41,3.46,3.4,2.39,2.44,2.2,2.29,2.21,2.14,2.13,,,,,,,,,,,,,,,,
24,신용카드사,10226,롯데카드㈜,C,SC010,유동성,B1,업무용 고정자산,10297000000.0,10596000000.0,12653000000.0,12995000000.0,36873000000.0,34559000000.0,35817000000.0,36038000000.0,42106000000.0,45262000000.0,46214000000.0,47487000000.0,57710000000.0,60013000000.0,47824000000.0,48245000000.0,52406000000.0,53962000000.0,50020000000.0,50808000000.0,51698000000.0,46402000000.0,46091000000.0,45934000000.0,45909000000.0,43146000000.0,42420000000.0,42694000000.0,43690000000.0,48758000000.0,52017000000.0,52743000000.0,52962000000.0,,,,,,,,,,,,,,,,,,,,,,,,,,,,,,,,,,,,,,,,,,,,,,,,,,,,,,,,,,,,
25,신용카드사,10226,롯데카드㈜,C,SC010,유동성,B1,업무용 유형자산비율_업무용 유형자산,,,,,,,,,,,,,,,,,,,,,,,,,,,,,,,,,,50650000000.0,53614000000.0,54713000000.0,53561000000.0,54316000000.0,55312000000.0,57878000000.0,59713000000.0,59870000000.0,59238000000.0,60008000000.0,60113000000.0,60310000000.0,60861000000.0,62071000000.0,62170000000.0,62614000000.0,63456000000.0,64291000000.0,58313000000.0,57855000000.0,58582000000.0,58294000000.0,57998000000.0,57425000000,62266000000,62027000000,65085000000,65441000000,65830000000,64942000000,60967000000,60782000000,59220000000,59001000000,60415000000,60546000000,41969000000,43453000000,40371000000,39874000000,40433000000,40175000000,41084000000,,,,,,,,,,,,,,,,
26,신용카드사,10226,롯데카드㈜,C,SC010,유동성,B2,업무용 유형자산비율_자기자본,,,,,,,,,,,,,,,,,,,,,,,,,,,,,,,,,,1159069000000.0,1170198000000.0,1206845000000.0,1289210000000.0,1328154000000.0,1371274000000.0,1384613000000.0,1381738000000.0,1388733000000.0,1413688000000.0,1449927000000.0,1422401000000.0,1448634000000.0,1499422000000.0,1520733000000.0,1569117000000.0,1562932000000.0,1616046000000.0,1649901000000.0,1670667000000.0,1695145000000.0,1739570000000.0,1734115000000.0,1754447000000.0,1784915000000,1742031000000,1722116000000,1726710000000,1776913000000,1763637000000,1775493000000,1774737000000,1776761000000,1767193000000,1732310000000,1744743000000,1783110000000,1755890000000,1780164000000,1836069000000,1742179000000,1832717000000,1881540000000,1932688000000,,,,,,,,,,,,,,,,
27,신용카드사,10226,롯데카드㈜,C,SC010,유동성,B2,자기자본,88892000000.0,57809000000.0,18786000000.0,2159000000.0,393947000000.0,393234000000.0,403964000000.0,420687000000.0,439263000000.0,439263000000.0,482369000000.0,508928000000.0,572231000000.0,618577000000.0,664537000000.0,708243000000.0,741306000000.0,770586000000.0,808779000000.0,847016000000.0,788554000000.0,835914000000.0,885428000000.0,917417000000.0,923838000000.0,951104000000.0,1002985000000.0,1033141000000.0,1054265000000.0,1093300000000.0,1127880000000.0,1165714000000.0,1192061000000.0,,,,,,,,,,,,,,,,,,,,,,,,,,,,,,,,,,,,,,,,,,,,,,,,,,,,,,,,,,,,
28,신용카드사,10226,롯데카드㈜,C,SC010,유동성,C,즉시가용유동성비율,,,,,,,,,,,,,,,,,,,,,,,,,,,,,,,,,,,,,,,,,,,,,,,,,,,,,,,,,,,,,,,,,,,,,,,,,,,,,,314.29,322.43,430.54,584,625.94,384.75,198.9,320.25,558.52,295.2,367.45,474.96,379.57,440.03,567.21,375.4
29,신용카드사,10226,롯데카드㈜,C,SC010,유동성,C1,즉시가용유동성자산,,,,,,,,,,,,,,,,,,,,,,,,,,,,,,,,,,,,,,,,,,,,,,,,,,,,,,,,,,,,,,,,,,,,,,,,,,,,,,1445717000000,2031310000000,1937417000000,2394392000000,2347265000000,2173822000000,1979082000000,2417872000000,2680896000000,2095926000000,2149592000000,2374776000000,2391284000000,2596194000000,2758632000000,2045910000000
30,신용카드사,10226,롯데카드㈜,C,SC010,유동성,C2,1개월 이내 만기도래 부채,,,,,,,,,,,,,,,,,,,,,,,,,,,,,,,,,,,,,,,,,,,,,,,,,,,,,,,,,,,,,,,,,,,,,,,,,,,,,,460000000000,630000000000,450000000000,410000000000,375000000000,565000000000,995000000000,755000000000,480000000000,710000000000,585000000000,500000000000,630000000000,590000000000,486350000000,545000000000
31,신용카드사,10226,롯데카드㈜,C,SC010,유동성,D,단기조달비중,,,,,,,,,,,,,,,,,,,,,,,,,,,,,,,,,,,,,,,,,,,,,,,,,,,,,,,,,,,,,,,,,,,,,,,,,,,,,,4.88,10.33,7.19,8.56,6.94,6.15,9.31,7.36,5.2,5.15,2.88,1.56,1.58,3.4,2.55,6.94
32,신용카드사,10226,롯데카드㈜,C,SC010,유동성,D1,단기조달잔액,,,,,,,,,,,,,,,,,,,,,,,,,,,,,,,,,,,,,,,,,,,,,,,,,,,,,,,,,,,,,,,,,,,,,,,,,,,,,,650000000000,1535000000000,1120000000000,1420000000000,1150000000000,1045000000000,1580000000000,1270000000000,925000000000,955000000000,535000000000,300000000000,300000000000,640000000000,480000000000,1300000000000
33,신용카드사,10226,롯데카드㈜,C,SC010,유동성,D2,총조달잔액,,,,,,,,,,,,,,,,,,,,,,,,,,,,,,,,,,,,,,,,,,,,,,,,,,,,,,,,,,,,,,,,,,,,,,,,,,,,,,13307420000000,14856835000000,15570020000000,16580855000000,16574560000000,17004720000000,16966867000000,17250049000000,17794631000000,18531879000000,18591093000000,19192768000000,18979514000000,18805622000000,18828138000000,18719554000000
34,신용카드사,10227,비씨카드㈜,C,SC010,유동성,A,원화 유동성비율,169.15,185.8,162.09,135.91,145.76,210.16,152.87,186.04,167.54,157.87,156.48,167.9,137.39,145.03,133.34,114.85,113.25,113.84,117.63,109.06,108.78,108.45,112.66,111.94,112.3,106.44,111.62,112.89,113.59,107.72,106.33,110.34,114.78,111.34,115.84,128.38,114.16,112.24,108.4,106.77,105.68,111.93,116.31,116.36,117.05,115.37,120.64,121.31,123.54,118.43,119.35,113.04,128.87,125.18,128.28,127.44,123.37,119,138.78,124.53,120.27,126.67,124.17,112.9,122,123.4,105.21,107.25,106.08,103.03,122.96,109.28,112.27,114.41,135.66,115.45,114.9,117.43,121.24,114.07,123.01,123.12,137.44,106.46,111.19,117.52,118.43,116.91,115.62,115.82,136.41,127.1,136.2
35,신용카드사,10227,비씨카드㈜,C,SC010,유동성,A1,원화 유동성비율_유동성자산,,,,,,,,,,,,,,,,,,,,,,,,,,,,,,,,,,1775646000000.0,1271795000000.0,1433857000000.0,1316363000000.0,1743617000000.0,1425400000000.0,2028281000000.0,1792439000000.0,2075012000000.0,2026479000000.0,2212328000000.0,2292357000000.0,2733980000000.0,2207737000000.0,2470581000000.0,1946467000000.0,2733557000000.0,2278553000000.0,4370883000000.0,2261283000000.0,2862045000000.0,2114120000000.0,2923047000000.0,2875378000000.0,3493598000000,1933830000000,2942918000000,3206224000000,2905344000000,2541178000000,4694841000000,2772209000000,2992588000000,2649260000000,2587769000000,2375643000000,1818795000000,2726535000000,3632852000000,1636441000000,1769981000000,2075062000000,1831802000000,1670935000000,1748928000000,1862280000000,1928347000000,2743254000000,2082451000000,2179852000000,4064525000000,3284235000000,3261124000000,3347240000000,3271575000000,2586624000000,2921331000000,3119214000000,3825103000000,2671414000000
36,신용카드사,10227,비씨카드㈜,C,SC010,유동성,A1,유동성자산,323320000000.0,308754000000.0,279103000000.0,358476000000.0,264062000000.0,280740000000.0,273574000000.0,238771000000.0,259424000000.0,259068000000.0,233677000000.0,237642000000.0,258584000000.0,208692000000.0,301153000000.0,850563000000.0,904079000000.0,834483000000.0,839450000000.0,1674714000000.0,1400010000000.0,2443528000000.0,1478245000000.0,1624730000000.0,1412957000000.0,2837826000000.0,1671127000000.0,1671907000000.0,1427460000000.0,2638861000000.0,1443843000000.0,1381748000000.0,1301994000000.0,,,,,,,,,,,,,,,,,,,,,,,,,,,,,,,,,,,,,,,,,,,,,,,,,,,,,,,,,,,,
37,신용카드사,10227,비씨카드㈜,C,SC010,유동성,A2,원화 유동성비율_유동성부채,,,,,,,,,,,,,,,,,,,,,,,,,,,,,,,,,,1594767000000.0,1097843000000.0,1116878000000.0,1153074000000.0,1553502000000.0,1314915000000.0,1899761000000.0,1696057000000.0,1853862000000.0,1742382000000.0,1901277000000.0,1958506000000.0,2369656000000.0,1830086000000.0,2036573000000.0,1575551000000.0,2308222000000.0,1909071000000.0,3866536000000.0,1754633000000.0,2286271000000.0,1648044000000.0,2293607000000.0,2330603000000.0,2935881000000,1393500000000,2363274000000,2665938000000,2293688000000,2046453000000,4158365000000,2272249000000,2425162000000,2518165000000,2412741000000,2239571000000,1765230000000,2217484000000,3324257000000,1457565000000,1547069000000,1529565000000,1586648000000,1454212000000,1489342000000,1536023000000,1690524000000,2230064000000,1691460000000,1586054000000,3817750000000,2953794000000,2774915000000,2826257000000,2798465000000,2237147000000,2522228000000,2286670000000,3009614000000,1961395000000
38,신용카드사,10227,비씨카드㈜,C,SC010,유동성,A2,유동성부채,191140000000.0,166178000000.0,172191000000.0,263760000000.0,181167000000.0,133584000000.0,178953000000.0,128341000000.0,154846000000.0,164097000000.0,149335000000.0,141541000000.0,188214000000.0,143891000000.0,225852000000.0,740611000000.0,798335000000.0,733041000000.0,713653000000.0,1535540000000.0,1286996000000.0,2253077000000.0,1312128000000.0,1451405000000.0,1258194000000.0,2666133000000.0,1497149000000.0,1481006000000.0,1256717000000.0,2449676000000.0,1357948000000.0,1252319000000.0,1134366000000.0,,,,,,,,,,,,,,,,,,,,,,,,,,,,,,,,,,,,,,,,,,,,,,,,,,,,,,,,,,,,
39,신용카드사,10227,비씨카드㈜,C,SC010,유동성,B,업무용 고정자산비율,27.18,27.26,20.6,20.36,21.36,20.63,26.69,26.17,26.38,24.57,25.47,23.52,23.21,22.54,21.14,20.46,20.94,20.35,20.13,17.37,12.54,9.06,7.85,7.56,20.14,20.56,17.79,16.9,15.94,15.36,19.21,18.59,22.5,,,,,,,,,,,,,,,,,,,,,,,,,,,,,,,,,,,,,,,,,,,,,,,,,,,,,,,,,,,,
40,신용카드사,10227,비씨카드㈜,C,SC010,유동성,B,업무용 유형자산비율,,,,,,,,,,,,,,,,,,,,,,,,,,,,,,,,,,26.68,25.92,24.24,26.59,25.1,23.11,22.13,18.57,15.96,14.44,13.6,13.18,13.51,12.4,11.66,10.99,11.62,10.77,10.66,9.72,10.77,10.26,9.78,9.46,10.2,9.48,8.92,8.97,9.24,8.77,10.55,10.77,10.54,43.02,41.69,40.56,43.35,39.88,39.1,39.41,39.29,38.25,37.3,36.31,,,,,,,,,,,,,,,,
41,신용카드사,10227,비씨카드㈜,C,SC010,유동성,B1,업무용 고정자산,41027000000.0,41280000000.0,31455000000.0,31377000000.0,31298000000.0,31219000000.0,40988000000.0,40691000000.0,40595000000.0,40478000000.0,41975000000.0,42332000000.0,41977000000.0,42021000000.0,40952000000.0,41956000000.0,41855000000.0,42045000000.0,44033000000.0,40270000000.0,40193000000.0,40553000000.0,40559000000.0,39812000000.0,100452000000.0,104228000000.0,102398000000.0,101908000000.0,101991000000.0,101919000000.0,102066000000.0,101783000000.0,101933000000.0,,,,,,,,,,,,,,,,,,,,,,,,,,,,,,,,,,,,,,,,,,,,,,,,,,,,,,,,,,,,
42,신용카드사,10227,비씨카드㈜,C,SC010,유동성,B1,업무용 유형자산비율_업무용 유형자산,,,,,,,,,,,,,,,,,,,,,,,,,,,,,,,,,,130451000000.0,136573000000.0,130976000000.0,132337000000.0,131153000000.0,130255000000.0,129853000000.0,110011000000.0,98498000000.0,95883000000.0,95591000000.0,97236000000.0,97469000000.0,93610000000.0,93755000000.0,93261000000.0,93362000000.0,92374000000.0,93868000000.0,91658000000.0,91529000000.0,91189000000.0,91374000000.0,89810000000.0,89489000000,89352000000,88495000000,88332000000,88247000000,89834000000,108290000000,109378000000,109972000000,493202000000,499917000000,502546000000,493741000000,494444000000,493049000000,491921000000,489699000000,488359000000,488849000000,487442000000,,,,,,,,,,,,,,,,
43,신용카드사,10227,비씨카드㈜,C,SC010,유동성,B2,업무용 유형자산비율_자기자본,,,,,,,,,,,,,,,,,,,,,,,,,,,,,,,,,,489025000000.0,526805000000.0,540303000000.0,497607000000.0,522439000000.0,563533000000.0,586838000000.0,592291000000.0,617079000000.0,663947000000.0,702631000000.0,737762000000.0,721514000000.0,754760000000.0,803818000000.0,848568000000.0,803478000000.0,857535000000.0,880718000000.0,942679000000.0,850131000000.0,888896000000.0,934511000000.0,949808000000.0,877524000000,942661000000,991624000000,984974000000,955447000000,1024716000000,1026238000000,1015154000000,1043799000000,1146328000000,1199033000000,1239056000000,1138916000000,1239867000000,1261059000000,1248192000000,1246498000000,1276815000000,1310674000000,1342630000000,,,,,,,,,,,,,,,,
44,신용카드사,10227,비씨카드㈜,C,SC010,유동성,B2,자기자본,150934000000.0,151451000000.0,152692000000.0,154138000000.0,146557000000.0,151358000000.0,153595000000.0,155482000000.0,153881000000.0,164778000000.0,164778000000.0,179955000000.0,180822000000.0,186468000000.0,193761000000.0,205086000000.0,199870000000.0,206570000000.0,218720000000.0,231878000000.0,320404000000.0,447787000000.0,516543000000.0,526683000000.0,498749000000.0,506875000000.0,575621000000.0,602866000000.0,639747000000.0,663448000000.0,531283000000.0,547543000000.0,453049000000.0,,,,,,,,,,,,,,,,,,,,,,,,,,,,,,,,,,,,,,,,,,,,,,,,,,,,,,,,,,,,
45,신용카드사,10227,비씨카드㈜,C,SC010,유동성,C,즉시가용유동성비율,,,,,,,,,,,,,,,,,,,,,,,,,,,,,,,,,,,,,,,,,,,,,,,,,,,,,,,,,,,,,,,,,,,,,,,,,,,,,,64224500,54420900,0,0,1586.75,539.5,2208.14,503.76,671.51,0,2042.52,264.99,430.86,0,3030.35,0
46,신용카드사,10227,비씨카드㈜,C,SC010,유동성,C1,즉시가용유동성자산,,,,,,,,,,,,,,,,,,,,,,,,,,,,,,,,,,,,,,,,,,,,,,,,,,,,,,,,,,,,,,,,,,,,,,,,,,,,,,642245000000,544209000000,609247000000,797459000000,793376000000,701350000000,662443000000,453381000000,335757000000,491314000000,612757000000,408609000000,387777000000,558218000000,1212141000000,763972000000
47,신용카드사,10227,비씨카드㈜,C,SC010,유동성,C2,1개월 이내 만기도래 부채,,,,,,,,,,,,,,,,,,,,,,,,,,,,,,,,,,,,,,,,,,,,,,,,,,,,,,,,,,,,,,,,,,,,,,,,,,,,,, , ,0,0,50000000000,130000000000,30000000000,90000000000,50000000000,0,30000000000,154200000000,90000000000,0,40000000000,0
48,신용카드사,10227,비씨카드㈜,C,SC010,유동성,D,단기조달비중,,,,,,,,,,,,,,,,,,,,,,,,,,,,,,,,,,,,,,,,,,,,,,,,,,,,,,,,,,,,,,,,,,,,,,,,,,,,,,0,29.43,16.23,21.95,15.22,17.62,13.41,7.04,4,12.68,6.05,6.72,9.96,10.78,14.44,12.53
49,신용카드사,10227,비씨카드㈜,C,SC010,유동성,D1,단기조달잔액,,,,,,,,,,,,,,,,,,,,,,,,,,,,,,,,,,,,,,,,,,,,,,,,,,,,,,,,,,,,,,,,,,,,,,,,,,,,,, ,337553000000,203571000000,349289000000,241233000000,287660000000,208492000000,109587000000,59965000000,199147000000,99961000000,114140000000,197398000000,245915000000,345372000000,297493000000
50,신용카드사,10227,비씨카드㈜,C,SC010,유동성,D2,총조달잔액,,,,,,,,,,,,,,,,,,,,,,,,,,,,,,,,,,,,,,,,,,,,,,,,,,,,,,,,,,,,,,,,,,,,,,,,,,,,,,818468000000,1146790000000,1254124000000,1591181000000,1584591000000,1632472000000,1554883000000,1557416000000,1499283000000,1569991000000,1652070000000,1697649000000,1982007000000,2281101000000,2391242000000,2373956000000
51,신용카드사,10228,삼성카드㈜,C,SC010,유동성,A,원화 유동성비율,166.85,127.64,182.29,346.85,270.22,178.12,211.63,251.16,131.1,133.65,140.61,160.72,182.39,161.16,161.33,132.69,223.28,170.68,205.01,177.54,229.89,159.35,193.07,204.12,302.37,259.51,372.39,284.12,283.33,221.21,271.97,234.64,309.74,541.24,389.25,372.57,340.04,420.99,405.72,346.18,362.26,325.18,329.65,338.12,339.18,333.13,325.16,359.76,333.41,331.18,332.59,293.96,341.58,341.47,415.64,313.56,325.96,442.83,389.75,335.89,410.85,534.88,500.4,400.44,614.94,470.92,537.88,494.94,502.98,533.19,505.07,445.69,537.1,526.15,579.66,547.31,585.25,519.21,535,468.59,430.63,405.27,467.08,432.31,462.56,474.63,468.12,475.28,523.61,474.65,602.77,483.89,491.33
52,신용카드사,10228,삼성카드㈜,C,SC010,유동성,A1,원화 유동성비율_유동성자산,,,,,,,,,,,,,,,,,,,,,,,,,,,,,,,,,,8613305000000.0,8206984000000.0,9093687000000.0,10226865000000.0,8925857000000.0,8681611000000.0,9397133000000.0,9800259000000.0,9837808000000.0,9165630000000.0,9497617000000.0,9738585000000.0,9789551000000.0,9873332000000.0,10488581640000.0,10318474000000.0,10261625560000.0,9936502940000.0,11247931750000.0,10614092970000.0,10652797620000.0,10717290470000.0,11278557470000.0,12558322350000.0,11611068290000,12215083280000,12898898710000,12651219160000,13397089000000,14050698000000,14484072000000,13224284000000,13868696000000,13147376000000,12736312000000,13025409000000,13021692000000,13556452000000,13862294000000,13051943000000,13224002000000,14067559000000,14767774000000,15500227000000,15525594440000,16149264530000,16497069870000,17171618320000,16835956230000,16328763530000,17640164110000,17249555500000,16765293760000,16875096450000,17332742280000,17355608760000,17206943560000,17537928350000,18506938550000,18736192160000
53,신용카드사,10228,삼성카드㈜,C,SC010,유동성,A1,유동성자산,11260900000000.0,10193463000000.0,8037686000000.0,8021134000000.0,7750574000000.0,6156457000000.0,6994514000000.0,5630664000000.0,3652125000000.0,4618075000000.0,3785379670000.0,3932311000000.0,4215610000000.0,3906174000000.0,3077185000000.0,3015147000000.0,3233649000000.0,3525955000000.0,3195480000000.0,3621468000000.0,3628410000000.0,4056896000000.0,4126748000000.0,4715319000000.0,6146054000000.0,5735597000000.0,5339651000000.0,4766387000000.0,4617250000000.0,5216213000000.0,5117571000000.0,4940346000000.0,5109053000000.0,,,,,,,,,,,,,,,,,,,,,,,,,,,,,,,,,,,,,,,,,,,,,,,,,,,,,,,,,,,,
54,신용카드사,10228,삼성카드㈜,C,SC010,유동성,A2,원화 유동성비율_유동성부채,,,,,,,,,,,,,,,,,,,,,,,,,,,,,,,,,,1591408000000.0,2108430000000.0,2440821000000.0,3007538000000.0,2120207000000.0,2139811000000.0,2714506000000.0,2705298000000.0,3025370000000.0,2780422000000.0,2808982000000.0,2871187000000.0,2938665000000.0,3036491000000.0,2915412550000.0,3094848000000.0,3098488020000.0,2987586680000.0,3826295830000.0,3107357820000.0,3119678010000.0,2578514660000.0,3596945990000.0,3852703130000.0,2622025110000,3134059320000,3840185210000,3079311040000,2504679000000,2807895000000,3617021000000,2150489000000,2945019000000,2444306000000,2573286000000,2589637000000,2442210000000,2684100000000,3110281000000,2430097000000,2513340000000,2426850000000,2698239000000,2648473000000,2990246620000,3018549280000,3520590650000,3987537520000,4154272410000,3495912770000,4080466240000,3729120920000,3532321170000,3604845650000,3646860540000,3314583940000,3625206530000,2909572030000,3824577560000,3813342420000
55,신용카드사,10228,삼성카드㈜,C,SC010,유동성,A2,유동성부채,6748950000000.0,7986339000000.0,4409286000000.0,2312570000000.0,2868298000000.0,3456442000000.0,3305053000000.0,2241880000000.0,2785705000000.0,3455419000000.0,2692186510000.0,2446650000000.0,2311330000000.0,2423822000000.0,1907399000000.0,2272370000000.0,1448254000000.0,2065802000000.0,1558709000000.0,2039754000000.0,1578295000000.0,2545846000000.0,2137431000000.0,2310077000000.0,2032616000000.0,2210140000000.0,1433878000000.0,1677603000000.0,1629610000000.0,2358028000000.0,1881669000000.0,2105543000000.0,1649455000000.0,,,,,,,,,,,,,,,,,,,,,,,,,,,,,,,,,,,,,,,,,,,,,,,,,,,,,,,,,,,,
56,신용카드사,10228,삼성카드㈜,C,SC010,유동성,B,업무용 고정자산비율,4.47,5.2,5.91,8.02,10.09,12.0,5.89,5.91,5.73,7.13,6.42,5.52,4.14,3.7,2.77,2.54,2.3,2.22,1.4,1.34,1.21,1.25,1.11,1.06,1.12,1.09,0.88,0.9,1.02,1.06,0.99,0.98,0.65,,,,,,,,,,,,,,,,,,,,,,,,,,,,,,,,,,,,,,,,,,,,,,,,,,,,,,,,,,,,
57,신용카드사,10228,삼성카드㈜,C,SC010,유동성,B,업무용 유형자산비율,,,,,,,,,,,,,,,,,,,,,,,,,,,,,,,,,,0.67,0.69,0.68,0.7,0.59,0.59,0.59,0.63,0.6,0.59,0.59,0.58,0.49,0.53,0.52,0.48,0.47,0.45,0.44,0.45,0.46,0.4,0.39,0.37,.39,.36,.35,.34,.35,.36,.35,.35,.37,.37,.36,.36,.37,.36,.35,.35,.34,.34,.33,.32,,,,,,,,,,,,,,,,
58,신용카드사,10228,삼성카드㈜,C,SC010,유동성,B1,업무용 고정자산,80238000000.0,80955000000.0,78889000000.0,75086000000.0,71529000000.0,96826000000.0,85732000000.0,82585000000.0,80484000000.0,74546000000.0,67167000000.0,62442000000.0,60480000000.0,56272000000.0,43220000000.0,42995000000.0,41907000000.0,42578000000.0,42085000000.0,44891000000.0,43631000000.0,43473000000.0,43214000000.0,42424000000.0,42320000000.0,41169000000.0,36286000000.0,39130000000.0,44931000000.0,46600000000.0,53634000000.0,54968000000.0,39070000000.0,,,,,,,,,,,,,,,,,,,,,,,,,,,,,,,,,,,,,,,,,,,,,,,,,,,,,,,,,,,,
59,신용카드사,10228,삼성카드㈜,C,SC010,유동성,B1,업무용 유형자산비율_업무용 유형자산,,,,,,,,,,,,,,,,,,,,,,,,,,,,,,,,,,39125000000.0,40004000000.0,39649000000.0,40130000000.0,33736000000.0,34217000000.0,34379000000.0,34464000000.0,32633000000.0,32643000000.0,32902000000.0,33028000000.0,28154000000.0,30391000000.0,30274270000.0,28126000000.0,27667960000.0,26596360000.0,26795680000.0,27768790000.0,27747010000.0,24138370000.0,23394960000.0,22304210000.0,23117270000,21311480000,21255360000,21392920000,21660000000,21970000000,21963000000,22103000000,23094000000,22916000000,22739000000,22519000000,22676000000,22922000000,22441000000,22546000000,22183000000,22253000000,21869000000,21960000000,,,,,,,,,,,,,,,,
60,신용카드사,10228,삼성카드㈜,C,SC010,유동성,B2,업무용 유형자산비율_자기자본,,,,,,,,,,,,,,,,,,,,,,,,,,,,,,,,,,5821650000000.0,5829080000000.0,5842625000000.0,5747263000000.0,5692308000000.0,5788455000000.0,5825885000000.0,5441960000000.0,5448708000000.0,5543308000000.0,5620867000000.0,5710425000000.0,5691482000000.0,5709663000000.0,5801298720000.0,5877367000000.0,5905727770000.0,5972972810000.0,6053519210000.0,6129107700000.0,6040751020000.0,6101013250000.0,6075803530000.0,6028603760000.0,5920005400000,5965169050000,6043079750000,6241209730000,6163933000000,6163006000000,6220397000000,6226683000000,6168452000000,6203826000000,6244622000000,6324979000000,6200922000000,6307122000000,6427193000000,6505786000000,6472918000000,6607536000000,6698540000000,6818285000000,,,,,,,,,,,,,,,,
61,신용카드사,10228,삼성카드㈜,C,SC010,유동성,B2,자기자본,1793751000000.0,1556007000000.0,1334560000000.0,936247000000.0,709144000000.0,807056000000.0,1454716000000.0,1396286000000.0,1404950000000.0,1045566000000.0,1045566000000.0,1130793000000.0,1462089000000.0,1519162000000.0,1562812000000.0,1690715000000.0,1820553000000.0,1913670000000.0,3000779000000.0,3349067000000.0,3599050000000.0,3478332000000.0,3898404000000.0,3986371000000.0,3769034000000.0,3779933000000.0,4115008000000.0,4364972000000.0,4425557000000.0,4383800000000.0,5431419000000.0,5634317000000.0,6044164000000.0,,,,,,,,,,,,,,,,,,,,,,,,,,,,,,,,,,,,,,,,,,,,,,,,,,,,,,,,,,,,
62,신용카드사,10228,삼성카드㈜,C,SC010,유동성,C,즉시가용유동성비율,,,,,,,,,,,,,,,,,,,,,,,,,,,,,,,,,,,,,,,,,,,,,,,,,,,,,,,,,,,,,,,,,,,,,,,,,,,,,,1655.55,1188.93,1650.5,609.54,432.36,545.28,1533.79,811.81,939.3,824.23,760.89,415.76,517.24,941.03,419.94,322.31
63,신용카드사,10228,삼성카드㈜,C,SC010,유동성,C1,즉시가용유동성자산,,,,,,,,,,,,,,,,,,,,,,,,,,,,,,,,,,,,,,,,,,,,,,,,,,,,,,,,,,,,,,,,,,,,,,,,,,,,,,3476664180000,3329009760000,3466051920000,3474358550000,3847981150000,3380727700000,4396872000000,3950801610000,4039005860000,3956288230000,3880549020000,3575573530000,3568964910000,3764112860000,3737472570000,3706553000000
64,신용카드사,10228,삼성카드㈜,C,SC010,유동성,C2,1개월 이내 만기도래 부채,,,,,,,,,,,,,,,,,,,,,,,,,,,,,,,,,,,,,,,,,,,,,,,,,,,,,,,,,,,,,,,,,,,,,,,,,,,,,,210000000000,280000000000,210000000000,570000000000,890000000000,620000000000,286666670000,486666670000,430000000000,480000000000,510000000000,860000000000,690000000000,400000000000,890000000000,1150000000000
65,신용카드사,10228,삼성카드㈜,C,SC010,유동성,D,단기조달비중,,,,,,,,,,,,,,,,,,,,,,,,,,,,,,,,,,,,,,,,,,,,,,,,,,,,,,,,,,,,,,,,,,,,,,,,,,,,,,0,1.62,1.6,5.34,3.2,2.6,0,3.54,1.17,1.16,1.72,3.26,2.4,1.8,3.77,5.04
66,신용카드사,10228,삼성카드㈜,C,SC010,유동성,D1,단기조달잔액,,,,,,,,,,,,,,,,,,,,,,,,,,,,,,,,,,,,,,,,,,,,,,,,,,,,,,,,,,,,,,,,,,,,,,,,,,,,,, ,300000000000,300000000000,990000000000,590000000000,460000000000,0,625000000000,200000000000,200000000000,300000000000,600000000000,450000000000,350000000000,770000000000,1030000000000
67,신용카드사,10228,삼성카드㈜,C,SC010,유동성,D2,총조달잔액,,,,,,,,,,,,,,,,,,,,,,,,,,,,,,,,,,,,,,,,,,,,,,,,,,,,,,,,,,,,,,,,,,,,,,,,,,,,,,17056493650000,18529245200000,18733053920000,18552098000000,18433345870000,17723028030000,17600693000000,17630698940000,17140469140000,17280392200000,17392370050000,18432427540000,18782052780000,19466696130000,20425996000000,20429082360000
68,신용카드사,10229,신한카드㈜,C,SC010,유동성,A,원화 유동성비율,206.83,135.02,113.56,107.45,52.64,120.69,144.02,94.77,75.04,153.95,147.55,169.09,157.59,152.36,221.55,247.34,225.7,330.92,302.36,282.18,273.34,339.06,245.91,309.29,291.24,268.82,328.73,348.22,401.56,330.2,355.38,485.86,381.46,442.42,422.68,434.28,451.12,427.06,451.35,417.96,452.29,447.17,399.58,406.78,406.78,427.0,391.47,422.63,483.79,366.51,405.55,340.5,379.36,342.89,339.58,326.44,361.82,306.48,351.73,351.57,372.26,339.15,383.85,328.72,381.4,393.41,342.01,328.88,401.4,335.63,330.87,335.93,377.69,354.03,355.88,368.74,377.17,379.91,376.14,369.12,359.91,462.64,390.09,315.7,364.03,328.27,336.7,318.64,354.54,381.31,327.31,309.98,316.91
69,신용카드사,10229,신한카드㈜,C,SC010,유동성,A1,원화 유동성비율_유동성자산,,,,,,,,,,,,,,,,,,,,,,,,,,,,,,,,,,15178176000000.0,15066500000000.0,15838849000000.0,15417221000000.0,14609507000000.0,14617810000000.0,14836809000000.0,15472341000000.0,14657285000000.0,14857986000000.0,14704922000000.0,14704922000000.0,14509183000000.0,13935759000000.0,14305126000000.0,14583684000000.0,14479802000000.0,14779017000000.0,15418311000000.0,14587972000000.0,14295107000000.0,14395438000000.0,15291805000000.0,14722920000000.0,15315679000000,15407113000000,16080721000000,15768581000000,15363527900000,15756257530000,17702552000000,17425553000000,16348565000000,16802053000000,17105056000000,17922143000000,17029767000000,18574498000000,18467592000000,17596236000000,18008287000000,18453077000000,18829846000000,18950555000000,19953120000000,20080375000000,21135666000000,21102467000000,20829950750000,21076836510000,22354020000000,21731532000000,22624862100000,22008533240000,21414621430000,21546616390000,21042146150000,22062417610000,22243139820000,21507081180000
70,신용카드사,10229,신한카드㈜,C,SC010,유동성,A1,유동성자산,12503135000000.0,9432966000000.0,7444558000000.0,5134188000000.0,2928615000000.0,4639008000000.0,4687197000000.0,3802871000000.0,3178035000000.0,4022744000000.0,3061214000000.0,2877413000000.0,3726022000000.0,4020241000000.0,4365350000000.0,5271026000000.0,5207621000000.0,4924189000000.0,5382283000000.0,6569009460000.0,8426766490000.0,9686591230000.0,9657563790000.0,9384624640000.0,10095606000000.0,9688770000000.0,8530846000000.0,8996679400000.0,10780699000000.0,11643482000000.0,11377823000000.0,12622357000000.0,13160909000000.0,,,,,,,,,,,,,,,,,,,,,,,,,,,,,,,,,,,,,,,,,,,,,,,,,,,,,,,,,,,,
71,신용카드사,10229,신한카드㈜,C,SC010,유동성,A2,원화 유동성비율_유동성부채,,,,,,,,,,,,,,,,,,,,,,,,,,,,,,,,,,3430678000000.0,3564477000000.0,3647141000000.0,3417521000000.0,3420985000000.0,3238706000000.0,3549834000000.0,3420886000000.0,3277782000000.0,3718435000000.0,3614937000000.0,3614937000000.0,3397929000000.0,3559866000000.0,3384771000000.0,3014471000000.0,3950738000000.0,3644212000000.0,4528080000000.0,3845417000000.0,4169005000000.0,4239171000000.0,4684412000000.0,4069079000000.0,4997319000000,4380442000000,4573986000000,4235952000000,4529998000000,4104792000000,5385239000000,4568890000000,4155596000000,4912787000000,5201028000000,4464897000000,5074005000000,5613761000000,5497402000000,4658872000000,5086638000000,5185174000000,5106574000000,5024400000000,5252069000000,5338535000000,5725914000000,5863231000000,4502425730000,5403040680000,7080811000000,5969707000000,6892214340000,6536567580000,6720734440000,6077259110000,5518428900000,6740555880000,7175767110000,6786575390000
72,신용카드사,10229,신한카드㈜,C,SC010,유동성,A2,유동성부채,6045063000000.0,6986407000000.0,6555390000000.0,4778275000000.0,5563326000000.0,3843631000000.0,3254552000000.0,4012676000000.0,4235294000000.0,2613041000000.0,2074682000000.0,1701730000000.0,2364353000000.0,2638619000000.0,1970399000000.0,2131098000000.0,2307331000000.0,1488014000000.0,1780078000000.0,2327910540000.0,3082923750000.0,2856865650000.0,3927310000000.0,3034274300000.0,3466478000000.0,3604164000000.0,2595098000000.0,2583620250000.0,2684698000000.0,3526159000000.0,3201561000000.0,2597957000000.0,3450107000000.0,,,,,,,,,,,,,,,,,,,,,,,,,,,,,,,,,,,,,,,,,,,,,,,,,,,,,,,,,,,,
73,신용카드사,10229,신한카드㈜,C,SC010,유동성,B,업무용 고정자산비율,8.66,10.91,7.25,8.56,-2.91,-28.35,-10.31,-6.45,-9.87,13.18,7.66,4.0,2.8,3.0,2.66,2.37,2.14,1.69,1.64,1.58,2.01,2.09,1.87,1.77,2.45,2.27,2.12,2.0,2.0,2.22,2.15,2.16,2.01,,,,,,,,,,,,,,,,,,,,,,,,,,,,,,,,,,,,,,,,,,,,,,,,,,,,,,,,,,,,
74,신용카드사,10229,신한카드㈜,C,SC010,유동성,B,업무용 유형자산비율,,,,,,,,,,,,,,,,,,,,,,,,,,,,,,,,,,2.55,2.39,2.3,2.31,2.34,2.26,2.16,2.11,2.12,2.0,1.95,1.9,2.05,2.01,1.69,1.66,1.8,1.77,1.7,1.67,1.99,1.94,1.92,1.86,2.01,1.9,2.05,2.04,2.22,2.16,2.14,2.15,2.21,2.14,2.13,2.08,2.14,2.08,10.82,11.56,11.88,11.5,11.16,10.96,,,,,,,,,,,,,,,,
75,신용카드사,10229,신한카드㈜,C,SC010,유동성,B1,업무용 고정자산,153703000000.0,149734000000.0,100419000000.0,96849000000.0,93572000000.0,83384000000.0,85701000000.0,57480000000.0,56228000000.0,56095000000.0,55598000000.0,48329000000.0,50654000000.0,64964000000.0,65347000000.0,65733000000.0,64685000000.0,65573000000.0,69343000000.0,69947690000.0,82649560000.0,77431960000.0,74687010000.0,74599610000.0,89494000000.0,85828000000.0,86131590000.0,87197240000.0,92982000000.0,95874000000.0,98314000000.0,102604000000.0,102847000000.0,,,,,,,,,,,,,,,,,,,,,,,,,,,,,,,,,,,,,,,,,,,,,,,,,,,,,,,,,,,,
76,신용카드사,10229,신한카드㈜,C,SC010,유동성,B1,업무용 유형자산비율_업무용 유형자산,,,,,,,,,,,,,,,,,,,,,,,,,,,,,,,,,,112410000000.0,116006000000.0,115590000000.0,114937000000.0,114831000000.0,115247000000.0,113913000000.0,109954000000.0,106800000000.0,105505000000.0,105570000000.0,106834000000.0,107465000000.0,107549000000.0,93464000000.0,94705000000.0,95942000000.0,97235000000.0,96488000000.0,97675000000.0,100958620000.0,101112000000.0,102559000000.0,102728000000.0,102981000000,99492000000,109471000000,110286000000,111480700000,110954220000,112328000000,114340000000,112269000000,110903000000,112799000000,112142000000,111256000000,111476000000,596042000000,647040000000,640200000000,642868000000,640998000000,640794000000,,,,,,,,,,,,,,,,
77,신용카드사,10229,신한카드㈜,C,SC010,유동성,B2,업무용 유형자산비율_자기자본,,,,,,,,,,,,,,,,,,,,,,,,,,,,,,,,,,4405652000000.0,4849975000000.0,5031910000000.0,4976453000000.0,4905125000000.0,5102539000000.0,5265651000000.0,5219806000000.0,5043127000000.0,5274072000000.0,5405929000000.0,5629701000000.0,5235180000000.0,5345689000000.0,5515477000000.0,5708646000000.0,5320581000000.0,5489874000000.0,5665793000000.0,5832911000000.0,5067770650000.0,5211696000000.0,5353699000000.0,5510788000000.0,5135894000000,5243824000000,5349735000000,5411447000000,5019751260000,5139639950000,5243463000000,5315392000000,5085704000000,5186177000000,5308119000000,5391907000000,5202410000000,5361342000000,5510901000000,5597085000000,5389441000000,5591388000000,5743982000000,5849010000000,,,,,,,,,,,,,,,,
78,신용카드사,10229,신한카드㈜,C,SC010,유동성,B2,자기자본,1774710000000.0,1372851000000.0,1385112000000.0,1131406000000.0,-3213187000000.0,-294130000000.0,-831481000000.0,-891289000000.0,-569748000000.0,425563000000.0,726079000000.0,1209055000000.0,1806524000000.0,2166992000000.0,2458545000000.0,2769388000000.0,3020570000000.0,3882805000000.0,4228970000000.0,4425432180000.0,4106382710000.0,3713444110000.0,3983827630000.0,4203576710000.0,3654713000000.0,3784149000000.0,4071551960000.0,4349305940000.0,4641495000000.0,4325581000000.0,4562774000000.0,4750714000000.0,5129230000000.0,,,,,,,,,,,,,,,,,,,,,,,,,,,,,,,,,,,,,,,,,,,,,,,,,,,,,,,,,,,,
79,신용카드사,10229,신한카드㈜,C,SC010,유동성,C,즉시가용유동성비율,,,,,,,,,,,,,,,,,,,,,,,,,,,,,,,,,,,,,,,,,,,,,,,,,,,,,,,,,,,,,,,,,,,,,,,,,,,,,,217.47,268.97,218.84,398.33,411.61,372.15,455.01,501.88,245.46,284.67,256.22,399.76,451.61,239.2,262.71,215.36
80,신용카드사,10229,신한카드㈜,C,SC010,유동성,C1,즉시가용유동성자산,,,,,,,,,,,,,,,,,,,,,,,,,,,,,,,,,,,,,,,,,,,,,,,,,,,,,,,,,,,,,,,,,,,,,,,,,,,,,,2990051700000,3009424450000,3096333080000,3122689000000,2976405540000,3617996220000,4732512340000,4065200310000,3718725790000,3582133100000,3416276840000,3758514860000,3818393210000,4026479040000,4866982110000,3768361880000
81,신용카드사,10229,신한카드㈜,C,SC010,유동성,C2,1개월 이내 만기도래 부채,,,,,,,,,,,,,,,,,,,,,,,,,,,,,,,,,,,,,,,,,,,,,,,,,,,,,,,,,,,,,,,,,,,,,,,,,,,,,,1374904470000,1118866670000,1414866670000,783942000000,723110810000,972192990000,1040100000000,810000000000,1515000000000,1258333330000,1333333330000,940200000000,845500000000,1683333330000,1852638330000,1749787500000
82,신용카드사,10229,신한카드㈜,C,SC010,유동성,D,단기조달비중,,,,,,,,,,,,,,,,,,,,,,,,,,,,,,,,,,,,,,,,,,,,,,,,,,,,,,,,,,,,,,,,,,,,,,,,,,,,,,4.09,4.13,4.55,2.39,1.54,1.01,.7,2.9,1.66,.47,.39,1.99,1.37,1.17,1.01,3.71
83,신용카드사,10229,신한카드㈜,C,SC010,유동성,D1,단기조달잔액,,,,,,,,,,,,,,,,,,,,,,,,,,,,,,,,,,,,,,,,,,,,,,,,,,,,,,,,,,,,,,,,,,,,,,,,,,,,,,1145000000000,1222200000000,1430300000000,720000000000,450000000000,300000000000,210100000000,850000000000,495000000000,140000000000,115000000000,604200000000,405500000000,350000000000,300000000000,1085000000000
84,신용카드사,10229,신한카드㈜,C,SC010,유동성,D2,총조달잔액,,,,,,,,,,,,,,,,,,,,,,,,,,,,,,,,,,,,,,,,,,,,,,,,,,,,,,,,,,,,,,,,,,,,,,,,,,,,,,27973255000000,29581508000000,31431064000000,30134908000000,29271595450000,29760108650000,30076657000000,29286913000000,29902585710000,29744126960000,29271072620000,30394876110000,29590363590000,29995473360000,29813182610000,29268189360000
85,신용카드사,12627,㈜케이비국민카드,C,SC010,유동성,A,원화 유동성비율,,,,,,,,,,,,,,,,,,,,,,,,,,,,,,,,,,537.74,380.3,435.35,401.39,554.09,401.45,354.29,332.72,515.94,471.22,310.19,402.62,410.99,414.89,344.49,343.5,369.3,383.45,355.37,409.94,435.63,416.53,406.31,432.95,421.5,480.68,402.17,495.28,464.96,478.33,398.03,395.95,421.88,463.21,347.59,402.1,425.29,322.39,333.59,409.32,417.33,375.51,314.03,353.3,363.47,366.97,348.13,408,411.1,410.98,342.66,377.03,371.06,392.62,297.48,360.4,368.39,325.73,300.18,379.09
86,신용카드사,12627,㈜케이비국민카드,C,SC010,유동성,A1,원화 유동성비율_유동성자산,,,,,,,,,,,,,,,,,,,,,,,,,,,,,,,,,,8690261000000.0,9848400000000.0,9489392000000.0,9598489000000.0,9195415000000.0,9823124000000.0,9159604000000.0,9725553000000.0,8741063000000.0,8872637000000.0,9565012000000.0,9690714000000.0,9575035000000.0,8857452000000.0,9462554000000.0,9676433000000.0,9531305000000.0,9474438000000.0,10014045000000.0,9668360000000.0,9500896000000.0,9633524000000.0,10258150000000.0,9792353000000.0,10064955000000,10125736000000,10628569000000,10831098000000,10636115000000,11002137000000,12638798000000,12442860000000,11826898000000,11948271000000,13252642000000,13064245790000,12153054000000,13476770000000,13205163000000,12532513000000,13194229000000,13569103000000,14626923000000,14660953000000,14565713000000,14935845000000,15990838000000,15992641000000,15400411000000,16066512040000,16358399400000,15904494000000,15948716000000,15769390000000,17012974730000,16077407000000,16200616190000,15681641080000,16686563590000,16061023270000
87,신용카드사,12627,㈜케이비국민카드,C,SC010,유동성,A2,원화 유동성비율_유동성부채,,,,,,,,,,,,,,,,,,,,,,,,,,,,,,,,,,1616068000000.0,2589607000000.0,2179710000000.0,2391296000000.0,1659564000000.0,2446908000000.0,2585350000000.0,2923022000000.0,1694188000000.0,1882913000000.0,3083600000000.0,2406916000000.0,2329725000000.0,2134884000000.0,2746795000000.0,2817040000000.0,2580936000000.0,2470858000000.0,2817943000000.0,2358479000000.0,2180954000000.0,2312781000000.0,2524683000000.0,2261770000000.0,2387874000000,2106540000000,2642792000000,2186857000000,2287531000000,2300133000000,3175320000000,3142496000000,2803387000000,2579447000000,3812758000000,3248993150000,2857600000000,4180334000000,3958467000000,3061791000000,3161613000000,3613465000000,4657819000000,4149741000000,4007422000000,4070071000000,4593407000000,3919793000000,3746183000000,3909297000000,4774011000000,4218389000000,4298133000000,4016494000000,5719059000000,4460994000000,4397691430000,4814346680000,5558816410000,4236697970000
88,신용카드사,12627,㈜케이비국민카드,C,SC010,유동성,B,업무용 유형자산비율,,,,,,,,,,,,,,,,,,,,,,,,,,,,,,,,,,4.4,4.19,4.53,4.47,4.34,4.21,4.13,4.31,4.12,4.0,38.7,3.75,3.63,3.49,3.84,4.11,3.98,3.84,3.73,3.98,4.17,3.99,3.88,3.81,4.06,4,4.02,3.91,3.9,3.82,3.79,3.78,3.93,3.87,3.77,3.74,4.08,3.99,3.88,3.75,3.64,3.47,3.4,3.56,,,,,,,,,,,,,,,,
89,신용카드사,12627,㈜케이비국민카드,C,SC010,유동성,B1,업무용 유형자산비율_업무용 유형자산,,,,,,,,,,,,,,,,,,,,,,,,,,,,,,,,,,107867000000.0,103087000000.0,104575000000.0,112398000000.0,112095000000.0,110257000000.0,109996000000.0,109391000000.0,109373000000.0,108608000000.0,108441000000.0,108657000000.0,109444000000.0,107512000000.0,121604000000.0,119897000000.0,120406000000.0,119243000000.0,118818000000.0,129544000000.0,129962000000.0,128369000000.0,127057000000.0,127937000000.0,128990000000,127744000000,129968000000,128805000000,126068000000,125985000000,126584000000,126585000000,126145000000,124647000000,123783000000,124427000000,134026000000,133980000000,133474000000,131243000000,122324000000,117752000000,119023000000,126781000000,,,,,,,,,,,,,,,,
90,신용카드사,12627,㈜케이비국민카드,C,SC010,유동성,B2,업무용 유형자산비율_자기자본,,,,,,,,,,,,,,,,,,,,,,,,,,,,,,,,,,2454022000000.0,2458616000000.0,2307759000000.0,2514438000000.0,2581950000000.0,2620623000000.0,2664805000000.0,2538588000000.0,2655636000000.0,2716311000000.0,280207500000.0,2897149000000.0,3010886000000.0,3080968000000.0,3170534000000.0,2916858000000.0,3023021000000.0,3104583000000.0,3186735000000.0,3252800000000.0,3114755000000.0,3215852000000.0,3274375000000.0,3362152000000.0,3178143000000,3192707000000,3237023000000,3295356000000,3234909000000,3294153000000,3338924000000,3352157000000,3208910000000,3224640000000,3287191000000,3322952000000,3284324000000,3360911000000,3443966000000,3496596000000,3364576000000,3393277000000,3497035000000,3565247000000,,,,,,,,,,,,,,,,
91,신용카드사,12627,㈜케이비국민카드,C,SC010,유동성,C,즉시가용유동성비율,,,,,,,,,,,,,,,,,,,,,,,,,,,,,,,,,,,,,,,,,,,,,,,,,,,,,,,,,,,,,,,,,,,,,,,,,,,,,,282.94,398.73,395.61,379.2,347.05,403.78,388.99,408.78,358.8,343.27,424.81,298.89,416.42,633.02,342.03,319.78
92,신용카드사,12627,㈜케이비국민카드,C,SC010,유동성,C1,즉시가용유동성자산,,,,,,,,,,,,,,,,,,,,,,,,,,,,,,,,,,,,,,,,,,,,,,,,,,,,,,,,,,,,,,,,,,,,,,,,,,,,,,1839091000000,1953785000000,2334093000000,2275194000000,2030264000000,2362134000000,2489549000000,2595735000000,2906306000000,2872009000000,3172088000000,1942774000000,2123750000000,2342170000000,1983748000000,1913448000000
93,신용카드사,12627,㈜케이비국민카드,C,SC010,유동성,C2,1개월 이내 만기도래 부채,,,,,,,,,,,,,,,,,,,,,,,,,,,,,,,,,,,,,,,,,,,,,,,,,,,,,,,,,,,,,,,,,,,,,,,,,,,,,,650000000000,490000000000,590000000000,600000000000,585000000000,585000000000,640000000000,635000000000,810000000000,836667000000,746700000000,650000000000,510000000000,370000000000,580000000000,598367000000
94,신용카드사,12627,㈜케이비국민카드,C,SC010,유동성,D,단기조달비중,,,,,,,,,,,,,,,,,,,,,,,,,,,,,,,,,,,,,,,,,,,,,,,,,,,,,,,,,,,,,,,,,,,,,,,,,,,,,,7.9,8.67,9.71,8.24,7.52,8.49,8.69,9.4,9.46,9.18,7.77,4.56,3.59,5.27,7.41,5.38
95,신용카드사,12627,㈜케이비국민카드,C,SC010,유동성,D1,단기조달잔액,,,,,,,,,,,,,,,,,,,,,,,,,,,,,,,,,,,,,,,,,,,,,,,,,,,,,,,,,,,,,,,,,,,,,,,,,,,,,,1520000000000,1740000000000,2070000000000,1760000000000,1560000000000,1785000000000,1800000000000,1965000000000,2010000000000,1910000000000,1580000000000,950000000000,710000000000,1010000000000,1450000000000,1110000000000
96,신용카드사,12627,㈜케이비국민카드,C,SC010,유동성,D2,총조달잔액,,,,,,,,,,,,,,,,,,,,,,,,,,,,,,,,,,,,,,,,,,,,,,,,,,,,,,,,,,,,,,,,,,,,,,,,,,,,,,19232174000000,20064610000000,21319996000000,21362186000000,20740199000000,21036369000000,20704513000000,20898040000000,21243600000000,20811733000000,20342533000000,20828000000000,19789600000000,19172800000000,19574400000000,20630740000000
97,신용카드사,13361,㈜우리카드,C,SC010,유동성,A,원화 유동성비율,,,,,,,,,,,,,,,,,,,,,,,,,,,,,,,,,,,,,,,,,,,204.0,223.97,360.25,264.88,287.12,344.6,383.74,502.15,450.83,291.97,484.06,522.81,466.09,310.33,435.73,511.53,477.84,297.41,575.18,453.68,599.73,357.09,448.62,493.98,470.34,341.08,424.63,431.58,399.16,371.21,444.83,468.95,470.47,433.18,525.1,353.94,466.4,422.42,452,402.41,353.63,281.59,371.54,315.92,245.25,260.67,313.18,302.45,369.69,329.88,344
98,신용카드사,13361,㈜우리카드,C,SC010,유동성,A1,원화 유동성비율_유동성자산,,,,,,,,,,,,,,,,,,,,,,,,,,,,,,,,,,,,,,,,,,,3820542000000.0,3978735000000.0,3679438000000.0,3934429000000.0,3965810000000.0,3868423000000.0,4131410000000.0,3967400000000.0,4128468000000.0,5003914000000.0,4462613000000.0,4422814000000.0,4645174000000.0,3594566000000.0,4994456000000.0,4922377000000,3826514000000,4186470000000,5464987000000,5312146000000,5544831000000,5906474000000,6055752000000,5510300000000,5612745000000,6215074000000,5976031000000,5808477000000,6283500000000,5977320100000,6255965000000,6128711000000,6506290000000,7152313000000,7455390000000,7277840000000,7767955000000,8139503000000,8282745000000,7867829000000,8316336900000,8982851000000,9119265000000,9300999000000,8731521000000,9029852890000,8722587250000,8657485000000,8433405000000,8871298000000,9660954000000
99,신용카드사,13361,㈜우리카드,C,SC010,유동성,A2,원화 유동성비율_유동성부채,,,,,,,,,,,,,,,,,,,,,,,,,,,,,,,,,,,,,,,,,,,1872826000000.0,1776481000000.0,1021351000000.0,1485378000000.0,1381244000000.0,1122586000000.0,1076631000000.0,790088000000.0,915751000000.0,1713816000000.0,921917000000.0,845971000000.0,996636000000.0,1158320000000.0,1146226000000.0,962280000000,800787000000,1407655000000,950142000000,1170896000000,924560000000,1654050000000,1349874000000,1115495000000,1193338000000,1822193000000,1407335000000,1345870000000,1574185000000,1610221370000,1406387000000,1306914000000,1382932000000,1651106000000,1419809000000,2056235000000,1665510000000,1926873000000,1832484000000,1955157000000,2351687070000,3190088000000,2454480000000,2944094000000,3560245000000,3464038220000,2785182380000,2862498000000,2281217000000,2689261000000,2808447000000
100,신용카드사,13361,㈜우리카드,C,SC010,유동성,B,업무용 유형자산비율,,,,,,,,,,,,,,,,,,,,,,,,,,,,,,,,,,,,,,,,,,,2.26,2.13,2.16,2.18,2.26,2.06,2.17,2.1,2.43,2.43,2.51,2.67,2.62,2.57,2.6,2.63,2.41,2.35,2.26,2.22,2.16,2.17,2.12,2.04,2.04,1.96,1.87,1.83,1.8,1.76,1.73,1.68,1.71,1.7,1.68,,,,,,,,,,,,,,,,
101,신용카드사,13361,㈜우리카드,C,SC010,유동성,B1,업무용 유형자산비율_업무용 유형자산,,,,,,,,,,,,,,,,,,,,,,,,,,,,,,,,,,,,,,,,,,,18577000000.0,17897000000.0,18726000000.0,18845000000.0,19564000000.0,18116000000.0,19588000000.0,19709000000.0,23514000000.0,23615000000.0,25145000000.0,27409000000.0,27319000000.0,27166000000.0,28199000000.0,29052000000,28965000000,28447000000,27790000000,27922000000,27672000000,28106000000,27510000000,26922000000,27498000000,26203000000,25749000000,26011000000,25803000000,25534210000,25449000000,25533000000,26338000000,26975000000,27107000000,,,,,,,,,,,,,,,,
102,신용카드사,13361,㈜우리카드,C,SC010,유동성,B2,업무용 유형자산비율_자기자본,,,,,,,,,,,,,,,,,,,,,,,,,,,,,,,,,,,,,,,,,,,822204000000.0,840839960000.0,865939000000.0,864871000000.0,865765000000.0,877696000000.0,904298000000.0,940004000000.0,966887000000.0,972775000000.0,1002113000000.0,1027367000000.0,1042907000000.0,1057181000000.0,1083161000000.0,1106149000000,1201962000000,1210036000000,1229011000000,1256892000000,1283973000000,1296868000000,1299568000000,1319304000000,1345292000000,1339911000000,1380591000000,1422361000000,1430983000000,1451714320000,1472749000000,1519438000000,1541046000000,1589711000000,1611464000000,,,,,,,,,,,,,,,,
103,신용카드사,13361,㈜우리카드,C,SC010,유동성,C,즉시가용유동성비율,,,,,,,,,,,,,,,,,,,,,,,,,,,,,,,,,,,,,,,,,,,,,,,,,,,,,,,,,,,,,,,,,,,,,,,,,,,,,,198.21,398.37,501.26,932.87,455.12,206.28,166.96,250.79,354.25,269.71,247.82,250.89,305.14,314.07,245.56,217.08
104,신용카드사,13361,㈜우리카드,C,SC010,유동성,C1,즉시가용유동성자산,,,,,,,,,,,,,,,,,,,,,,,,,,,,,,,,,,,,,,,,,,,,,,,,,,,,,,,,,,,,,,,,,,,,,,,,,,,,,,1169413000000,1430155000000,1598857000000,1492585000000,1365347000000,1177520000000,1202933000000,1055845000000,1788938000000,1645239000000,1833847960000,1593146010000,1678281000000,1805874000000,1633414000000,1641516000000
105,신용카드사,13361,㈜우리카드,C,SC010,유동성,C2,1개월 이내 만기도래 부채,,,,,,,,,,,,,,,,,,,,,,,,,,,,,,,,,,,,,,,,,,,,,,,,,,,,,,,,,,,,,,,,,,,,,,,,,,,,,,590000000000,359000000000,318966000000,160000000000,300000000000,570848000000,720485000000,421000000000,505000000000,610000000000,740000000000,635000000000,550000000000,575000000000,665177000000,756179000000
106,신용카드사,13361,㈜우리카드,C,SC010,유동성,D,단기조달비중,,,,,,,,,,,,,,,,,,,,,,,,,,,,,,,,,,,,,,,,,,,,,,,,,,,,,,,,,,,,,,,,,,,,,,,,,,,,,,11.02,12.97,9.44,6.93,9.71,10.34,11.55,16.92,13.8,7.6,8.84,8.57,8.96,8.13,7.38,11.84
107,신용카드사,13361,㈜우리카드,C,SC010,유동성,D1,단기조달잔액,,,,,,,,,,,,,,,,,,,,,,,,,,,,,,,,,,,,,,,,,,,,,,,,,,,,,,,,,,,,,,,,,,,,,,,,,,,,,,1210000000000,1582000000000,1172000000000,832000000000,1182000000000,1285000000000,1435000000000,2166000000000,1735000000000,885000000000,1050000000000,1015000000000,1000000000000,910000000000,850000000000,1530000000000
108,신용카드사,13361,㈜우리카드,C,SC010,유동성,D2,총조달잔액,,,,,,,,,,,,,,,,,,,,,,,,,,,,,,,,,,,,,,,,,,,,,,,,,,,,,,,,,,,,,,,,,,,,,,,,,,,,,,10979180000000,12194773000000,12410903000000,12008284000000,12168169000000,12424600000000,12422710000000,12801695000000,12567915000000,11650635000000,11874755000000,11844555000000,11158505000000,11195475000000,11518862000000,12927647000000
109,신용카드사,13640,하나카드㈜,C,SC010,유동성,A,원화 유동성비율,,,,,,,,,,,,,,,,,,,,,,,,,,,,,,,,,,,,,,,,,,,,,,,,543.61,480.21,401.92,306.01,308.81,298.54,341.57,436.44,510.18,360.54,373.05,685.19,363.45,358.39,445.35,421.68,396.17,440.82,520.21,492,473.11,490.09,527.74,353.55,353.78,594.31,377.03,335.77,350.67,318.04,314.4,399.22,285.92,343.64,341.68,323.92,272.41,396.65,350.15,315.38,318.16,363.39,374.7,305.95,268.54,334.21
110,신용카드사,13640,하나카드㈜,C,SC010,유동성,A1,원화 유동성비율_유동성자산,,,,,,,,,,,,,,,,,,,,,,,,,,,,,,,,,,,,,,,,,,,,,,,,2333989000000.0,5148040000000.0,4831436000000.0,5221470000000.0,5128415000000.0,4760132000000.0,4475385000000.0,4647178000000.0,4649001000000.0,4807566000000.0,4820235000000,4451953000000,5259026000000,5054090000000,4999156000000,5042559000000,5554768000000,5272331000000,5367926000000,5262296000000,5197380000000,5290354000000,5028277000000,4988401000000,5329616000000,5102669000000,5134036000000,5642111000000,5467393000000,5814795000000,5963115000000,6300916000000,6541539000000,6593944000000,6762072000000,7040419000000,7614258000000,7345246000000,7688234000000,7714376000000,7666980000000,7499704000000,7716994000000,7843548000000,7935720000000,8042623000000
111,신용카드사,13640,하나카드㈜,C,SC010,유동성,A2,원화 유동성비율_유동성부채,,,,,,,,,,,,,,,,,,,,,,,,,,,,,,,,,,,,,,,,,,,,,,,,429346000000.0,1072041000000.0,1202095000000.0,1706304000000.0,1660710000000.0,1594476000000.0,1310250000000.0,1064783000000.0,911252000000.0,1333431000000.0,1292105000000,649742000000,1446993000000,1410225000000,1122515000000,1195824000000,1402115000000,1196037000000,1031882000000,1069567000000,1098560000000,1079460000000,952794000000,1410954000000,1506473000000,858587000000,1361694000000,1680355000000,1559117000000,1828342000000,1896642000000,1578303000000,2287861000000,1918848000000,1979074000000,2173497000000,2795121000000,1851798000000,2195703000000,2446088000000,2409758000000,2063820000000,2059500000000,2563646000000,2955094000000,2406452000000
112,신용카드사,13640,하나카드㈜,C,SC010,유동성,B,업무용 유형자산비율,,,,,,,,,,,,,,,,,,,,,,,,,,,,,,,,,,,,,,,,,,,,,,,,4.02,7.08,6.18,5.79,5.52,5.6,5.48,5.08,4.94,4.89,4.65,4.73,4.02,4.27,4,3.87,3.83,2.6,2.49,2.48,2.07,2.05,1.97,1.83,1.81,1.71,1.55,1.44,1.42,1.38,,,,,,,,,,,,,,,,
113,신용카드사,13640,하나카드㈜,C,SC010,유동성,B1,업무용 유형자산비율_업무용 유형자산,,,,,,,,,,,,,,,,,,,,,,,,,,,,,,,,,,,,,,,,,,,,,,,,19506000000.0,72605000000.0,62992000000.0,59922000000.0,59084000000.0,58539000000.0,58215000000.0,55543000000.0,54781000000.0,54688000000.0,54025000000,53961000000,46817000000,50097000000,48127000000,47492000000,47589000000,33020000000,31961000000,32013000000,27048000000,26860000000,26616000000,25395000000,26162000000,25801000000,24550000000,23599000000,24154000000,24091000000,,,,,,,,,,,,,,,,
114,신용카드사,13640,하나카드㈜,C,SC010,유동성,B2,업무용 유형자산비율_자기자본,,,,,,,,,,,,,,,,,,,,,,,,,,,,,,,,,,,,,,,,,,,,,,,,485253000000.0,1025853000000.0,1019995000000.0,1034759000000.0,1069491000000.0,1044626000000.0,1062381000000.0,1094201000000.0,1109491000000.0,1118723000000.0,1160764000000,1139705000000,1165212000000,1173801000000,1203382000000,1227252000000,1241682000000,1272322000000,1284246000000,1293401000000,1307412000000,1310414000000,1348964000000,1387068000000,1445312000000,1504674000000,1580141000000,1642770000000,1696308000000,1742836000000,,,,,,,,,,,,,,,,
115,신용카드사,13640,하나카드㈜,C,SC010,유동성,C,즉시가용유동성비율,,,,,,,,,,,,,,,,,,,,,,,,,,,,,,,,,,,,,,,,,,,,,,,,,,,,,,,,,,,,,,,,,,,,,,,,,,,,,,319.71,380.51,189.41,225.67,252.92,315.12,371.38,853.25,884.11,733.16,675.11,332.21,605.53,413.72,274.54,315.6
116,신용카드사,13640,하나카드㈜,C,SC010,유동성,C1,즉시가용유동성자산,,,,,,,,,,,,,,,,,,,,,,,,,,,,,,,,,,,,,,,,,,,,,,,,,,,,,,,,,,,,,,,,,,,,,,,,,,,,,,1150967000000,1217641000000,1162903000000,1168876000000,1186122000000,1165958000000,1522652000000,1749155000000,1856633000000,1759573000000,1957832000000,1395288630000,1695483320000,1696271710000,1526714820000,1496145520000
117,신용카드사,13640,하나카드㈜,C,SC010,유동성,C2,1개월 이내 만기도래 부채,,,,,,,,,,,,,,,,,,,,,,,,,,,,,,,,,,,,,,,,,,,,,,,,,,,,,,,,,,,,,,,,,,,,,,,,,,,,,,360000000000,320000000000,613975000000,517950000000,468975000000,370000000000,410000000000,205000000000,210000000000,240000000000,290000000000,420000000000,280000000000,410000000000,556100000000,474066670000
118,신용카드사,13640,하나카드㈜,C,SC010,유동성,D,단기조달비중,,,,,,,,,,,,,,,,,,,,,,,,,,,,,,,,,,,,,,,,,,,,,,,,,,,,,,,,,,,,,,,,,,,,,,,,,,,,,,12.09,10.46,11.53,16,16.42,13.39,10.62,5.98,2.51,1.19,0,3.83,.66,.65,6.42,5.08
119,신용카드사,13640,하나카드㈜,C,SC010,유동성,D1,단기조달잔액,,,,,,,,,,,,,,,,,,,,,,,,,,,,,,,,,,,,,,,,,,,,,,,,,,,,,,,,,,,,,,,,,,,,,,,,,,,,,,765000000000,700000000000,870000000000,1385000000000,1495000000000,1245000000000,990000000000,555000000000,235000000000,110000000000,0,355000000000,60000000000,60000000000,630000000000,515000000000
120,신용카드사,13640,하나카드㈜,C,SC010,유동성,D2,총조달잔액,,,,,,,,,,,,,,,,,,,,,,,,,,,,,,,,,,,,,,,,,,,,,,,,,,,,,,,,,,,,,,,,,,,,,,,,,,,,,,6326482000000,6691482000000,7543532000000,8658207000000,9102307000000,9295382000000,9320382000000,9275402000000,9355402000000,9245402000000,9115402000000,9265402000000,9060402000000,9258369000000,9808202000000,10136935000000
