,년월,금융회사코드,금융회사명,코드,구분,당분기,누계,금융구분,통계분류,통계표코드,통계표명
0,201703,0013361,㈜우리카드,A1,선불카드 이용실적,9279000000,9279000000,신용카드사,D,SC015,카드 영업활동(선불카드이용실적)
1,201706,0013361,㈜우리카드,A1,선불카드 이용실적,7559000000,16838000000,신용카드사,D,SC015,카드 영업활동(선불카드이용실적)
2,201709,0013361,㈜우리카드,A1,선불카드 이용실적,8822000000,25660000000,신용카드사,D,SC015,카드 영업활동(선불카드이용실적)
3,201712,0013361,㈜우리카드,A1,선불카드 이용실적,8083000000,33743000000,신용카드사,D,SC015,카드 영업활동(선불카드이용실적)
4,201803,0013361,㈜우리카드,A1,선불카드 이용실적,7736000000,7736000000,신용카드사,D,SC015,카드 영업활동(선불카드이용실적)
5,201806,0013361,㈜우리카드,A1,선불카드 이용실적,7112000000,14848000000,신용카드사,D,SC015,카드 영업활동(선불카드이용실적)
6,201809,0013361,㈜우리카드,A1,선불카드 이용실적,6616000000,21464000000,신용카드사,D,SC015,카드 영업활동(선불카드이용실적)
7,201812,0013361,㈜우리카드,A1,선불카드 이용실적,6402000000,27866000000,신용카드사,D,SC015,카드 영업활동(선불카드이용실적)
8,201903,0013361,㈜우리카드,A1,선불카드 이용실적,6229000000,6229000000,신용카드사,D,SC015,카드 영업활동(선불카드이용실적)
9,201906,0013361,㈜우리카드,A1,선불카드 이용실적,6101000000,12330000000,신용카드사,D,SC015,카드 영업활동(선불카드이용실적)
10,201909,0013361,㈜우리카드,A1,선불카드 이용실적,6150000000,18480000000,신용카드사,D,SC015,카드 영업활동(선불카드이용실적)
11,201912,0013361,㈜우리카드,A1,선불카드 이용실적,6285000000,24765000000,신용카드사,D,SC015,카드 영업활동(선불카드이용실적)
12,202003,0013361,㈜우리카드,A1,선불카드 이용실적,5118000000,5118000000,신용카드사,D,SC015,카드 영업활동(선불카드이용실적)
13,202006,0013361,㈜우리카드,A1,선불카드 이용실적,3954000000,9072000000,신용카드사,D,SC015,카드 영업활동(선불카드이용실적)
14,202009,0013361,㈜우리카드,A1,선불카드 이용실적,4340000000,13412000000,신용카드사,D,SC015,카드 영업활동(선불카드이용실적)
15,202012,0013361,㈜우리카드,A1,선불카드 이용실적,4328000000,17740000000,신용카드사,D,SC015,카드 영업활동(선불카드이용실적)
16,202103,0013361,㈜우리카드,A1,선불카드 이용실적,4753000000,4753000000,신용카드사,D,SC015,카드 영업활동(선불카드이용실적)
17,202106,0013361,㈜우리카드,A1,선불카드 이용실적,3803000000,8556000000,신용카드사,D,SC015,카드 영업활동(선불카드이용실적)
18,202109,0013361,㈜우리카드,A1,선불카드 이용실적,3953000000,12509000000,신용카드사,D,SC015,카드 영업활동(선불카드이용실적)
19,202112,0013361,㈜우리카드,A1,선불카드 이용실적,3826000000,16335000000,신용카드사,D,SC015,카드 영업활동(선불카드이용실적)
20,202203,0013361,㈜우리카드,A1,선불카드 이용실적,4079000000,4079000000,신용카드사,D,SC015,카드 영업활동(선불카드이용실적)
21,202206,0013361,㈜우리카드,A1,선불카드 이용실적,3487000000,7566000000,신용카드사,D,SC015,카드 영업활동(선불카드이용실적)
22,202209,0013361,㈜우리카드,A1,선불카드 이용실적,3899000000,11465000000,신용카드사,D,SC015,카드 영업활동(선불카드이용실적)
23,202212,0013361,㈜우리카드,A1,선불카드 이용실적,3899000000,15364000000,신용카드사,D,SC015,카드 영업활동(선불카드이용실적)
24,202303,0013361,㈜우리카드,A1,선불카드 이용실적,3900000000,3900000000,신용카드사,D,SC015,카드 영업활동(선불카드이용실적)
25,202306,0013361,㈜우리카드,A1,선불카드 이용실적,2979000000,6879000000,신용카드사,D,SC015,카드 영업활동(선불카드이용실적)
26,202309,0013361,㈜우리카드,A1,선불카드 이용실적,3374000000,10253000000,신용카드사,D,SC015,카드 영업활동(선불카드이용실적)
27,202312,0013361,㈜우리카드,A1,선불카드 이용실적,3382000000,13635000000,신용카드사,D,SC015,카드 영업활동(선불카드이용실적)
28,202403,0013361,㈜우리카드,A1,선불카드 이용실적,3547000000,3547000000,신용카드사,D,SC015,카드 영업활동(선불카드이용실적)
29,202406,0013361,㈜우리카드,A1,선불카드 이용실적,3215000000,6762000000,신용카드사,D,SC015,카드 영업활동(선불카드이용실적)
30,202409,0013361,㈜우리카드,A1,선불카드 이용실적,2868000000,9630000000,신용카드사,D,SC015,카드 영업활동(선불카드이용실적)
31,202412,0013361,㈜우리카드,A1,선불카드 이용실적,2531000000,12161000000,신용카드사,D,SC015,카드 영업활동(선불카드이용실적)
32,202503,0013361,㈜우리카드,A1,선불카드 이용실적,2702000000,2702000000,신용카드사,D,SC015,카드 영업활동(선불카드이용실적)
33,202506,0013361,㈜우리카드,A1,선불카드 이용실적,2345000000,5047000000,신용카드사,D,SC015,카드 영업활동(선불카드이용실적)
34,201703,0012627,㈜케이비국민카드,A1,선불카드 이용실적,11225000000,11225000000,신용카드사,D,SC015,카드 영업활동(선불카드이용실적)
35,201706,0012627,㈜케이비국민카드,A1,선불카드 이용실적,9391000000,20616000000,신용카드사,D,SC015,카드 영업활동(선불카드이용실적)
36,201709,0012627,㈜케이비국민카드,A1,선불카드 이용실적,9188000000,29804000000,신용카드사,D,SC015,카드 영업활동(선불카드이용실적)
37,201712,0012627,㈜케이비국민카드,A1,선불카드 이용실적,10808000000,40612000000,신용카드사,D,SC015,카드 영업활동(선불카드이용실적)
38,201803,0012627,㈜케이비국민카드,A1,선불카드 이용실적,10951000000,10951000000,신용카드사,D,SC015,카드 영업활동(선불카드이용실적)
39,201806,0012627,㈜케이비국민카드,A1,선불카드 이용실적,8656000000,19607000000,신용카드사,D,SC015,카드 영업활동(선불카드이용실적)
40,201809,0012627,㈜케이비국민카드,A1,선불카드 이용실적,8803000000,28410000000,신용카드사,D,SC015,카드 영업활동(선불카드이용실적)
41,201812,0012627,㈜케이비국민카드,A1,선불카드 이용실적,10675000000,39085000000,신용카드사,D,SC015,카드 영업활동(선불카드이용실적)
42,201903,0012627,㈜케이비국민카드,A1,선불카드 이용실적,11825000000,11825000000,신용카드사,D,SC015,카드 영업활동(선불카드이용실적)
43,201906,0012627,㈜케이비국민카드,A1,선불카드 이용실적,9517000000,21342000000,신용카드사,D,SC015,카드 영업활동(선불카드이용실적)
44,201909,0012627,㈜케이비국민카드,A1,선불카드 이용실적,10584000000,31926000000,신용카드사,D,SC015,카드 영업활동(선불카드이용실적)
45,201912,0012627,㈜케이비국민카드,A1,선불카드 이용실적,9974000000,41900000000,신용카드사,D,SC015,카드 영업활동(선불카드이용실적)
46,202003,0012627,㈜케이비국민카드,A1,선불카드 이용실적,10901000000,10901000000,신용카드사,D,SC015,카드 영업활동(선불카드이용실적)
47,202006,0012627,㈜케이비국민카드,A1,선불카드 이용실적,63735000000,74636000000,신용카드사,D,SC015,카드 영업활동(선불카드이용실적)
48,202009,0012627,㈜케이비국민카드,A1,선불카드 이용실적,12282000000,86918000000,신용카드사,D,SC015,카드 영업활동(선불카드이용실적)
49,202012,0012627,㈜케이비국민카드,A1,선불카드 이용실적,11085000000,98003000000,신용카드사,D,SC015,카드 영업활동(선불카드이용실적)
50,202103,0012627,㈜케이비국민카드,A1,선불카드 이용실적,11049000000,11049000000,신용카드사,D,SC015,카드 영업활동(선불카드이용실적)
51,202106,0012627,㈜케이비국민카드,A1,선불카드 이용실적,9435000000,20484000000,신용카드사,D,SC015,카드 영업활동(선불카드이용실적)
52,202109,0012627,㈜케이비국민카드,A1,선불카드 이용실적,10628000000,31112000000,신용카드사,D,SC015,카드 영업활동(선불카드이용실적)
53,202112,0012627,㈜케이비국민카드,A1,선불카드 이용실적,11911000000,43023000000,신용카드사,D,SC015,카드 영업활동(선불카드이용실적)
54,202203,0012627,㈜케이비국민카드,A1,선불카드 이용실적,13703000000,13703000000,신용카드사,D,SC015,카드 영업활동(선불카드이용실적)
55,202206,0012627,㈜케이비국민카드,A1,선불카드 이용실적,13119000000,26822000000,신용카드사,D,SC015,카드 영업활동(선불카드이용실적)
56,202209,0012627,㈜케이비국민카드,A1,선불카드 이용실적,16396000000,43218000000,신용카드사,D,SC015,카드 영업활동(선불카드이용실적)
57,202212,0012627,㈜케이비국민카드,A1,선불카드 이용실적,15223000000,58441000000,신용카드사,D,SC015,카드 영업활동(선불카드이용실적)
58,202303,0012627,㈜케이비국민카드,A1,선불카드 이용실적,17506000000,17506000000,신용카드사,D,SC015,카드 영업활동(선불카드이용실적)
59,202306,0012627,㈜케이비국민카드,A1,선불카드 이용실적,15399000000,32905000000,신용카드사,D,SC015,카드 영업활동(선불카드이용실적)
60,202309,0012627,㈜케이비국민카드,A1,선불카드 이용실적,10016000000,42921000000,신용카드사,D,SC015,카드 영업활동(선불카드이용실적)
61,202312,0012627,㈜케이비국민카드,A1,선불카드 이용실적,17235000000,60156000000,신용카드사,D,SC015,카드 영업활동(선불카드이용실적)
62,202403,0012627,㈜케이비국민카드,A1,선불카드 이용실적,11766000000,11766000000,신용카드사,D,SC015,카드 영업활동(선불카드이용실적)
63,202406,0012627,㈜케이비국민카드,A1,선불카드 이용실적,9249000000,21015000000,신용카드사,D,SC015,카드 영업활동(선불카드이용실적)
64,202409,0012627,㈜케이비국민카드,A1,선불카드 이용실적,10857000000,31872000000,신용카드사,D,SC015,카드 영업활동(선불카드이용실적)
65,202412,0012627,㈜케이비국민카드,A1,선불카드 이용실적,9365000000,41237000000,신용카드사,D,SC015,카드 영업활동(선불카드이용실적)
66,202503,0012627,㈜케이비국민카드,A1,선불카드 이용실적,10960000000,10960000000,신용카드사,D,SC015,카드 영업활동(선불카드이용실적)
67,202506,0012627,㈜케이비국민카드,A1,선불카드 이용실적,8596000000,19556000000,신용카드사,D,SC015,카드 영업활동(선불카드이용실적)
68,201703,0010226,롯데카드㈜,A1,선불카드 이용실적,14743000000,14743000000,신용카드사,D,SC015,카드 영업활동(선불카드이용실적)
69,201706,0010226,롯데카드㈜,A1,선불카드 이용실적,11390000000,26133000000,신용카드사,D,SC015,카드 영업활동(선불카드이용실적)
70,201709,0010226,롯데카드㈜,A1,선불카드 이용실적,13019000000,39152000000,신용카드사,D,SC015,카드 영업활동(선불카드이용실적)
71,201712,0010226,롯데카드㈜,A1,선불카드 이용실적,13282000000,52434000000,신용카드사,D,SC015,카드 영업활동(선불카드이용실적)
72,201803,0010226,롯데카드㈜,A1,선불카드 이용실적,12119000000,12119000000,신용카드사,D,SC015,카드 영업활동(선불카드이용실적)
73,201806,0010226,롯데카드㈜,A1,선불카드 이용실적,11032000000,23151000000,신용카드사,D,SC015,카드 영업활동(선불카드이용실적)
74,201809,0010226,롯데카드㈜,A1,선불카드 이용실적,14236000000,37387000000,신용카드사,D,SC015,카드 영업활동(선불카드이용실적)
75,201812,0010226,롯데카드㈜,A1,선불카드 이용실적,20022000000,57409000000,신용카드사,D,SC015,카드 영업활동(선불카드이용실적)
76,201903,0010226,롯데카드㈜,A1,선불카드 이용실적,23407000000,23407000000,신용카드사,D,SC015,카드 영업활동(선불카드이용실적)
77,201906,0010226,롯데카드㈜,A1,선불카드 이용실적,10633000000,34040000000,신용카드사,D,SC015,카드 영업활동(선불카드이용실적)
78,201909,0010226,롯데카드㈜,A1,선불카드 이용실적,12158000000,46198000000,신용카드사,D,SC015,카드 영업활동(선불카드이용실적)
79,201912,0010226,롯데카드㈜,A1,선불카드 이용실적,10238000000,56436000000,신용카드사,D,SC015,카드 영업활동(선불카드이용실적)
80,202003,0010226,롯데카드㈜,A1,선불카드 이용실적,9019000000,9019000000,신용카드사,D,SC015,카드 영업활동(선불카드이용실적)
81,202006,0010226,롯데카드㈜,A1,선불카드 이용실적,6990000000,16009000000,신용카드사,D,SC015,카드 영업활동(선불카드이용실적)
82,202009,0010226,롯데카드㈜,A1,선불카드 이용실적,10096000000,26105000000,신용카드사,D,SC015,카드 영업활동(선불카드이용실적)
83,202012,0010226,롯데카드㈜,A1,선불카드 이용실적,7882000000,33987000000,신용카드사,D,SC015,카드 영업활동(선불카드이용실적)
84,202103,0010226,롯데카드㈜,A1,선불카드 이용실적,10434000000,10434000000,신용카드사,D,SC015,카드 영업활동(선불카드이용실적)
85,202106,0010226,롯데카드㈜,A1,선불카드 이용실적,5640000000,16074000000,신용카드사,D,SC015,카드 영업활동(선불카드이용실적)
86,202109,0010226,롯데카드㈜,A1,선불카드 이용실적,11808000000,27882000000,신용카드사,D,SC015,카드 영업활동(선불카드이용실적)
87,202112,0010226,롯데카드㈜,A1,선불카드 이용실적,8104000000,35986000000,신용카드사,D,SC015,카드 영업활동(선불카드이용실적)
88,202203,0010226,롯데카드㈜,A1,선불카드 이용실적,10968000000,10968000000,신용카드사,D,SC015,카드 영업활동(선불카드이용실적)
89,202206,0010226,롯데카드㈜,A1,선불카드 이용실적,5593000000,16561000000,신용카드사,D,SC015,카드 영업활동(선불카드이용실적)
90,202209,0010226,롯데카드㈜,A1,선불카드 이용실적,9453000000,26014000000,신용카드사,D,SC015,카드 영업활동(선불카드이용실적)
91,202212,0010226,롯데카드㈜,A1,선불카드 이용실적,5218000000,31232000000,신용카드사,D,SC015,카드 영업활동(선불카드이용실적)
92,202303,0010226,롯데카드㈜,A1,선불카드 이용실적,9581000000,9581000000,신용카드사,D,SC015,카드 영업활동(선불카드이용실적)
93,202306,0010226,롯데카드㈜,A1,선불카드 이용실적,4527000000,14108000000,신용카드사,D,SC015,카드 영업활동(선불카드이용실적)
94,202309,0010226,롯데카드㈜,A1,선불카드 이용실적,4594000000,18702000000,신용카드사,D,SC015,카드 영업활동(선불카드이용실적)
95,202312,0010226,롯데카드㈜,A1,선불카드 이용실적,6945000000,25647000000,신용카드사,D,SC015,카드 영업활동(선불카드이용실적)
96,202403,0010226,롯데카드㈜,A1,선불카드 이용실적,5798000000,5798000000,신용카드사,D,SC015,카드 영업활동(선불카드이용실적)
97,202406,0010226,롯데카드㈜,A1,선불카드 이용실적,11022000000,16820000000,신용카드사,D,SC015,카드 영업활동(선불카드이용실적)
98,202409,0010226,롯데카드㈜,A1,선불카드 이용실적,7324000000,24144000000,신용카드사,D,SC015,카드 영업활동(선불카드이용실적)
99,202412,0010226,롯데카드㈜,A1,선불카드 이용실적,7973000000,32117000000,신용카드사,D,SC015,카드 영업활동(선불카드이용실적)
100,202503,0010226,롯데카드㈜,A1,선불카드 이용실적,7557000000,7557000000,신용카드사,D,SC015,카드 영업활동(선불카드이용실적)
101,202506,0010226,롯데카드㈜,A1,선불카드 이용실적,8668000000,16225000000,신용카드사,D,SC015,카드 영업활동(선불카드이용실적)
102,201703,0010227,비씨카드㈜,A1,선불카드 이용실적,6106000000,6106000000,신용카드사,D,SC015,카드 영업활동(선불카드이용실적)
103,201706,0010227,비씨카드㈜,A1,선불카드 이용실적,6653000000,12759000000,신용카드사,D,SC015,카드 영업활동(선불카드이용실적)
104,201709,0010227,비씨카드㈜,A1,선불카드 이용실적,37047000000,49806000000,신용카드사,D,SC015,카드 영업활동(선불카드이용실적)
105,201712,0010227,비씨카드㈜,A1,선불카드 이용실적,56985000000,106791000000,신용카드사,D,SC015,카드 영업활동(선불카드이용실적)
106,201803,0010227,비씨카드㈜,A1,선불카드 이용실적,62004000000,62004000000,신용카드사,D,SC015,카드 영업활동(선불카드이용실적)
107,201806,0010227,비씨카드㈜,A1,선불카드 이용실적,4395000000,66399000000,신용카드사,D,SC015,카드 영업활동(선불카드이용실적)
108,201809,0010227,비씨카드㈜,A1,선불카드 이용실적,11976000000,78375000000,신용카드사,D,SC015,카드 영업활동(선불카드이용실적)
109,201812,0010227,비씨카드㈜,A1,선불카드 이용실적,9772000000,88147000000,신용카드사,D,SC015,카드 영업활동(선불카드이용실적)
110,201903,0010227,비씨카드㈜,A1,선불카드 이용실적,6565000000,6565000000,신용카드사,D,SC015,카드 영업활동(선불카드이용실적)
111,201906,0010227,비씨카드㈜,A1,선불카드 이용실적,8390000000,14955000000,신용카드사,D,SC015,카드 영업활동(선불카드이용실적)
112,201909,0010227,비씨카드㈜,A1,선불카드 이용실적,15475000000,30430000000,신용카드사,D,SC015,카드 영업활동(선불카드이용실적)
113,201912,0010227,비씨카드㈜,A1,선불카드 이용실적,15476000000,45906000000,신용카드사,D,SC015,카드 영업활동(선불카드이용실적)
114,202003,0010227,비씨카드㈜,A1,선불카드 이용실적,4974000000,4974000000,신용카드사,D,SC015,카드 영업활동(선불카드이용실적)
115,202006,0010227,비씨카드㈜,A1,선불카드 이용실적,80843000000,85817000000,신용카드사,D,SC015,카드 영업활동(선불카드이용실적)
116,202009,0010227,비씨카드㈜,A1,선불카드 이용실적,23619000000,109436000000,신용카드사,D,SC015,카드 영업활동(선불카드이용실적)
117,202012,0010227,비씨카드㈜,A1,선불카드 이용실적,9766000000,119202000000,신용카드사,D,SC015,카드 영업활동(선불카드이용실적)
118,202103,0010227,비씨카드㈜,A1,선불카드 이용실적,3797000000,3797000000,신용카드사,D,SC015,카드 영업활동(선불카드이용실적)
119,202106,0010227,비씨카드㈜,A1,선불카드 이용실적,5822000000,9619000000,신용카드사,D,SC015,카드 영업활동(선불카드이용실적)
120,202109,0010227,비씨카드㈜,A1,선불카드 이용실적,13954000000,23573000000,신용카드사,D,SC015,카드 영업활동(선불카드이용실적)
121,202112,0010227,비씨카드㈜,A1,선불카드 이용실적,3932000000,27505000000,신용카드사,D,SC015,카드 영업활동(선불카드이용실적)
122,202203,0010227,비씨카드㈜,A1,선불카드 이용실적,3678000000,3678000000,신용카드사,D,SC015,카드 영업활동(선불카드이용실적)
123,202206,0010227,비씨카드㈜,A1,선불카드 이용실적,13731000000,17409000000,신용카드사,D,SC015,카드 영업활동(선불카드이용실적)
124,202209,0010227,비씨카드㈜,A1,선불카드 이용실적,3217000000,20626000000,신용카드사,D,SC015,카드 영업활동(선불카드이용실적)
125,202212,0010227,비씨카드㈜,A1,선불카드 이용실적,3318000000,23944000000,신용카드사,D,SC015,카드 영업활동(선불카드이용실적)
126,202303,0010227,비씨카드㈜,A1,선불카드 이용실적,1350000000,1350000000,신용카드사,D,SC015,카드 영업활동(선불카드이용실적)
127,202306,0010227,비씨카드㈜,A1,선불카드 이용실적,1155000000,2505000000,신용카드사,D,SC015,카드 영업활동(선불카드이용실적)
128,202309,0010227,비씨카드㈜,A1,선불카드 이용실적,1351000000,3856000000,신용카드사,D,SC015,카드 영업활동(선불카드이용실적)
129,202312,0010227,비씨카드㈜,A1,선불카드 이용실적,1366000000,5222000000,신용카드사,D,SC015,카드 영업활동(선불카드이용실적)
130,202403,0010227,비씨카드㈜,A1,선불카드 이용실적,1188000000,1188000000,신용카드사,D,SC015,카드 영업활동(선불카드이용실적)
131,202406,0010227,비씨카드㈜,A1,선불카드 이용실적,1143000000,2331000000,신용카드사,D,SC015,카드 영업활동(선불카드이용실적)
132,202409,0010227,비씨카드㈜,A1,선불카드 이용실적,1323000000,3654000000,신용카드사,D,SC015,카드 영업활동(선불카드이용실적)
133,202412,0010227,비씨카드㈜,A1,선불카드 이용실적,1080000000,4586000000,신용카드사,D,SC015,카드 영업활동(선불카드이용실적)
134,202503,0010227,비씨카드㈜,A1,선불카드 이용실적,650000000,650000000,신용카드사,D,SC015,카드 영업활동(선불카드이용실적)
135,202506,0010227,비씨카드㈜,A1,선불카드 이용실적,690000000,1340000000,신용카드사,D,SC015,카드 영업활동(선불카드이용실적)
136,201703,0010228,삼성카드㈜,A1,선불카드 이용실적,12819000000,12819000000,신용카드사,D,SC015,카드 영업활동(선불카드이용실적)
137,201706,0010228,삼성카드㈜,A1,선불카드 이용실적,8367000000,21186000000,신용카드사,D,SC015,카드 영업활동(선불카드이용실적)
138,201709,0010228,삼성카드㈜,A1,선불카드 이용실적,18931000000,40117000000,신용카드사,D,SC015,카드 영업활동(선불카드이용실적)
139,201712,0010228,삼성카드㈜,A1,선불카드 이용실적,11215000000,51332000000,신용카드사,D,SC015,카드 영업활동(선불카드이용실적)
140,201803,0010228,삼성카드㈜,A1,선불카드 이용실적,11428000000,11428000000,신용카드사,D,SC015,카드 영업활동(선불카드이용실적)
141,201806,0010228,삼성카드㈜,A1,선불카드 이용실적,11269000000,22697000000,신용카드사,D,SC015,카드 영업활동(선불카드이용실적)
142,201809,0010228,삼성카드㈜,A1,선불카드 이용실적,17344000000,40041000000,신용카드사,D,SC015,카드 영업활동(선불카드이용실적)
143,201812,0010228,삼성카드㈜,A1,선불카드 이용실적,20882000000,60923000000,신용카드사,D,SC015,카드 영업활동(선불카드이용실적)
144,201903,0010228,삼성카드㈜,A1,선불카드 이용실적,46095000000,46095000000,신용카드사,D,SC015,카드 영업활동(선불카드이용실적)
145,201906,0010228,삼성카드㈜,A1,선불카드 이용실적,28340000000,74435000000,신용카드사,D,SC015,카드 영업활동(선불카드이용실적)
146,201909,0010228,삼성카드㈜,A1,선불카드 이용실적,63550000000,137985000000,신용카드사,D,SC015,카드 영업활동(선불카드이용실적)
147,201912,0010228,삼성카드㈜,A1,선불카드 이용실적,59193000000,197178000000,신용카드사,D,SC015,카드 영업활동(선불카드이용실적)
148,202003,0010228,삼성카드㈜,A1,선불카드 이용실적,37347000000,37347000000,신용카드사,D,SC015,카드 영업활동(선불카드이용실적)
149,202006,0010228,삼성카드㈜,A1,선불카드 이용실적,28264000000,65611000000,신용카드사,D,SC015,카드 영업활동(선불카드이용실적)
150,202009,0010228,삼성카드㈜,A1,선불카드 이용실적,46277000000,111888000000,신용카드사,D,SC015,카드 영업활동(선불카드이용실적)
151,202012,0010228,삼성카드㈜,A1,선불카드 이용실적,31500000000,143388000000,신용카드사,D,SC015,카드 영업활동(선불카드이용실적)
152,202103,0010228,삼성카드㈜,A1,선불카드 이용실적,25942000000,25942000000,신용카드사,D,SC015,카드 영업활동(선불카드이용실적)
153,202106,0010228,삼성카드㈜,A1,선불카드 이용실적,26565000000,52507000000,신용카드사,D,SC015,카드 영업활동(선불카드이용실적)
154,202109,0010228,삼성카드㈜,A1,선불카드 이용실적,40109000000,92616000000,신용카드사,D,SC015,카드 영업활동(선불카드이용실적)
155,202112,0010228,삼성카드㈜,A1,선불카드 이용실적,26271000000,118887000000,신용카드사,D,SC015,카드 영업활동(선불카드이용실적)
156,202203,0010228,삼성카드㈜,A1,선불카드 이용실적,28179000000,28179000000,신용카드사,D,SC015,카드 영업활동(선불카드이용실적)
157,202206,0010228,삼성카드㈜,A1,선불카드 이용실적,28443000000,56622000000,신용카드사,D,SC015,카드 영업활동(선불카드이용실적)
158,202209,0010228,삼성카드㈜,A1,선불카드 이용실적,41816000000,98438000000,신용카드사,D,SC015,카드 영업활동(선불카드이용실적)
159,202212,0010228,삼성카드㈜,A1,선불카드 이용실적,28869000000,127307000000,신용카드사,D,SC015,카드 영업활동(선불카드이용실적)
160,202303,0010228,삼성카드㈜,A1,선불카드 이용실적,25545000000,25545000000,신용카드사,D,SC015,카드 영업활동(선불카드이용실적)
161,202306,0010228,삼성카드㈜,A1,선불카드 이용실적,29427000000,54972000000,신용카드사,D,SC015,카드 영업활동(선불카드이용실적)
162,202309,0010228,삼성카드㈜,A1,선불카드 이용실적,33097000000,88069000000,신용카드사,D,SC015,카드 영업활동(선불카드이용실적)
163,202312,0010228,삼성카드㈜,A1,선불카드 이용실적,33106000000,121175000000,신용카드사,D,SC015,카드 영업활동(선불카드이용실적)
164,202403,0010228,삼성카드㈜,A1,선불카드 이용실적,32481000000,32481000000,신용카드사,D,SC015,카드 영업활동(선불카드이용실적)
165,202406,0010228,삼성카드㈜,A1,선불카드 이용실적,35112000000,67593000000,신용카드사,D,SC015,카드 영업활동(선불카드이용실적)
166,202409,0010228,삼성카드㈜,A1,선불카드 이용실적,36703000000,104296000000,신용카드사,D,SC015,카드 영업활동(선불카드이용실적)
167,202412,0010228,삼성카드㈜,A1,선불카드 이용실적,35254000000,139550000000,신용카드사,D,SC015,카드 영업활동(선불카드이용실적)
168,202503,0010228,삼성카드㈜,A1,선불카드 이용실적,33144000000,33144000000,신용카드사,D,SC015,카드 영업활동(선불카드이용실적)
169,202506,0010228,삼성카드㈜,A1,선불카드 이용실적,37519000000,70663000000,신용카드사,D,SC015,카드 영업활동(선불카드이용실적)
170,201703,0010229,신한카드㈜,A1,선불카드 이용실적,22537000000,22537000000,신용카드사,D,SC015,카드 영업활동(선불카드이용실적)
171,201706,0010229,신한카드㈜,A1,선불카드 이용실적,17220000000,39757000000,신용카드사,D,SC015,카드 영업활동(선불카드이용실적)
172,201709,0010229,신한카드㈜,A1,선불카드 이용실적,16133000000,55890000000,신용카드사,D,SC015,카드 영업활동(선불카드이용실적)
173,201712,0010229,신한카드㈜,A1,선불카드 이용실적,20790000000,76680000000,신용카드사,D,SC015,카드 영업활동(선불카드이용실적)
174,201803,0010229,신한카드㈜,A1,선불카드 이용실적,20608000000,20608000000,신용카드사,D,SC015,카드 영업활동(선불카드이용실적)
175,201806,0010229,신한카드㈜,A1,선불카드 이용실적,16816000000,37424000000,신용카드사,D,SC015,카드 영업활동(선불카드이용실적)
176,201809,0010229,신한카드㈜,A1,선불카드 이용실적,16294000000,53718000000,신용카드사,D,SC015,카드 영업활동(선불카드이용실적)
177,201812,0010229,신한카드㈜,A1,선불카드 이용실적,15827000000,69545000000,신용카드사,D,SC015,카드 영업활동(선불카드이용실적)
178,201903,0010229,신한카드㈜,A1,선불카드 이용실적,14961000000,14961000000,신용카드사,D,SC015,카드 영업활동(선불카드이용실적)
179,201906,0010229,신한카드㈜,A1,선불카드 이용실적,12836000000,27797000000,신용카드사,D,SC015,카드 영업활동(선불카드이용실적)
180,201909,0010229,신한카드㈜,A1,선불카드 이용실적,14153000000,41950000000,신용카드사,D,SC015,카드 영업활동(선불카드이용실적)
181,201912,0010229,신한카드㈜,A1,선불카드 이용실적,16998000000,58948000000,신용카드사,D,SC015,카드 영업활동(선불카드이용실적)
182,202003,0010229,신한카드㈜,A1,선불카드 이용실적,21343000000,21343000000,신용카드사,D,SC015,카드 영업활동(선불카드이용실적)
183,202006,0010229,신한카드㈜,A1,선불카드 이용실적,1162878000000,1184221000000,신용카드사,D,SC015,카드 영업활동(선불카드이용실적)
184,202009,0010229,신한카드㈜,A1,선불카드 이용실적,208403000000,1392624000000,신용카드사,D,SC015,카드 영업활동(선불카드이용실적)
185,202012,0010229,신한카드㈜,A1,선불카드 이용실적,83755000000,1476379000000,신용카드사,D,SC015,카드 영업활동(선불카드이용실적)
186,202103,0010229,신한카드㈜,A1,선불카드 이용실적,38933000000,38933000000,신용카드사,D,SC015,카드 영업활동(선불카드이용실적)
187,202106,0010229,신한카드㈜,A1,선불카드 이용실적,75081000000,114014000000,신용카드사,D,SC015,카드 영업활동(선불카드이용실적)
188,202109,0010229,신한카드㈜,A1,선불카드 이용실적,43952000000,157966000000,신용카드사,D,SC015,카드 영업활동(선불카드이용실적)
189,202112,0010229,신한카드㈜,A1,선불카드 이용실적,259657000000,417623000000,신용카드사,D,SC015,카드 영업활동(선불카드이용실적)
190,202203,0010229,신한카드㈜,A1,선불카드 이용실적,233459000000,233459000000,신용카드사,D,SC015,카드 영업활동(선불카드이용실적)
191,202206,0010229,신한카드㈜,A1,선불카드 이용실적,241378000000,474837000000,신용카드사,D,SC015,카드 영업활동(선불카드이용실적)
192,202209,0010229,신한카드㈜,A1,선불카드 이용실적,421464000000,896301000000,신용카드사,D,SC015,카드 영업활동(선불카드이용실적)
193,202212,0010229,신한카드㈜,A1,선불카드 이용실적,371678000000,1267979000000,신용카드사,D,SC015,카드 영업활동(선불카드이용실적)
194,202303,0010229,신한카드㈜,A1,선불카드 이용실적,377193000000,377193000000,신용카드사,D,SC015,카드 영업활동(선불카드이용실적)
195,202306,0010229,신한카드㈜,A1,선불카드 이용실적,248554000000,625747000000,신용카드사,D,SC015,카드 영업활동(선불카드이용실적)
196,202309,0010229,신한카드㈜,A1,선불카드 이용실적,229978000000,855725000000,신용카드사,D,SC015,카드 영업활동(선불카드이용실적)
197,202312,0010229,신한카드㈜,A1,선불카드 이용실적,338238000000,1193963000000,신용카드사,D,SC015,카드 영업활동(선불카드이용실적)
198,202403,0010229,신한카드㈜,A1,선불카드 이용실적,281943000000,281943000000,신용카드사,D,SC015,카드 영업활동(선불카드이용실적)
199,202406,0010229,신한카드㈜,A1,선불카드 이용실적,75352000000,357295000000,신용카드사,D,SC015,카드 영업활동(선불카드이용실적)
200,202409,0010229,신한카드㈜,A1,선불카드 이용실적,46151000000,403446000000,신용카드사,D,SC015,카드 영업활동(선불카드이용실적)
201,202412,0010229,신한카드㈜,A1,선불카드 이용실적,37630000000,441076000000,신용카드사,D,SC015,카드 영업활동(선불카드이용실적)
202,202503,0010229,신한카드㈜,A1,선불카드 이용실적,52097000000,52097000000,신용카드사,D,SC015,카드 영업활동(선불카드이용실적)
203,202506,0010229,신한카드㈜,A1,선불카드 이용실적,42398000000,94495000000,신용카드사,D,SC015,카드 영업활동(선불카드이용실적)
204,201703,0013640,하나카드㈜,A1,선불카드 이용실적,9269000000,9269000000,신용카드사,D,SC015,카드 영업활동(선불카드이용실적)
205,201706,0013640,하나카드㈜,A1,선불카드 이용실적,9630000000,18899000000,신용카드사,D,SC015,카드 영업활동(선불카드이용실적)
206,201709,0013640,하나카드㈜,A1,선불카드 이용실적,12568000000,31467000000,신용카드사,D,SC015,카드 영업활동(선불카드이용실적)
207,201712,0013640,하나카드㈜,A1,선불카드 이용실적,14205000000,45672000000,신용카드사,D,SC015,카드 영업활동(선불카드이용실적)
208,201803,0013640,하나카드㈜,A1,선불카드 이용실적,17709000000,17709000000,신용카드사,D,SC015,카드 영업활동(선불카드이용실적)
209,201806,0013640,하나카드㈜,A1,선불카드 이용실적,15141000000,32850000000,신용카드사,D,SC015,카드 영업활동(선불카드이용실적)
210,201809,0013640,하나카드㈜,A1,선불카드 이용실적,18670000000,51520000000,신용카드사,D,SC015,카드 영업활동(선불카드이용실적)
211,201812,0013640,하나카드㈜,A1,선불카드 이용실적,16379000000,67899000000,신용카드사,D,SC015,카드 영업활동(선불카드이용실적)
212,201903,0013640,하나카드㈜,A1,선불카드 이용실적,14342000000,14342000000,신용카드사,D,SC015,카드 영업활동(선불카드이용실적)
213,201906,0013640,하나카드㈜,A1,선불카드 이용실적,7400000000,21742000000,신용카드사,D,SC015,카드 영업활동(선불카드이용실적)
214,201909,0013640,하나카드㈜,A1,선불카드 이용실적,6275000000,28017000000,신용카드사,D,SC015,카드 영업활동(선불카드이용실적)
215,201912,0013640,하나카드㈜,A1,선불카드 이용실적,4892000000,32909000000,신용카드사,D,SC015,카드 영업활동(선불카드이용실적)
216,202003,0013640,하나카드㈜,A1,선불카드 이용실적,3749000000,3749000000,신용카드사,D,SC015,카드 영업활동(선불카드이용실적)
217,202006,0013640,하나카드㈜,A1,선불카드 이용실적,9202000000,12951000000,신용카드사,D,SC015,카드 영업활동(선불카드이용실적)
218,202009,0013640,하나카드㈜,A1,선불카드 이용실적,4088000000,17039000000,신용카드사,D,SC015,카드 영업활동(선불카드이용실적)
219,202012,0013640,하나카드㈜,A1,선불카드 이용실적,1817000000,18856000000,신용카드사,D,SC015,카드 영업활동(선불카드이용실적)
220,202103,0013640,하나카드㈜,A1,선불카드 이용실적,1455000000,1455000000,신용카드사,D,SC015,카드 영업활동(선불카드이용실적)
221,202106,0013640,하나카드㈜,A1,선불카드 이용실적,1487000000,2942000000,신용카드사,D,SC015,카드 영업활동(선불카드이용실적)
222,202109,0013640,하나카드㈜,A1,선불카드 이용실적,1588000000,4530000000,신용카드사,D,SC015,카드 영업활동(선불카드이용실적)
223,202112,0013640,하나카드㈜,A1,선불카드 이용실적,1578000000,6108000000,신용카드사,D,SC015,카드 영업활동(선불카드이용실적)
224,202203,0013640,하나카드㈜,A1,선불카드 이용실적,2132000000,2132000000,신용카드사,D,SC015,카드 영업활동(선불카드이용실적)
225,202206,0013640,하나카드㈜,A1,선불카드 이용실적,3427000000,5559000000,신용카드사,D,SC015,카드 영업활동(선불카드이용실적)
226,202209,0013640,하나카드㈜,A1,선불카드 이용실적,4559000000,10118000000,신용카드사,D,SC015,카드 영업활동(선불카드이용실적)
227,202212,0013640,하나카드㈜,A1,선불카드 이용실적,5225000000,15343000000,신용카드사,D,SC015,카드 영업활동(선불카드이용실적)
228,202303,0013640,하나카드㈜,A1,선불카드 이용실적,7115000000,7115000000,신용카드사,D,SC015,카드 영업활동(선불카드이용실적)
229,202306,0013640,하나카드㈜,A1,선불카드 이용실적,9645000000,16760000000,신용카드사,D,SC015,카드 영업활동(선불카드이용실적)
230,202309,0013640,하나카드㈜,A1,선불카드 이용실적,20265000000,37025000000,신용카드사,D,SC015,카드 영업활동(선불카드이용실적)
231,202312,0013640,하나카드㈜,A1,선불카드 이용실적,23558000000,60583000000,신용카드사,D,SC015,카드 영업활동(선불카드이용실적)
232,202403,0013640,하나카드㈜,A1,선불카드 이용실적,26242000000,26242000000,신용카드사,D,SC015,카드 영업활동(선불카드이용실적)
233,202406,0013640,하나카드㈜,A1,선불카드 이용실적,30027000000,56269000000,신용카드사,D,SC015,카드 영업활동(선불카드이용실적)
234,202409,0013640,하나카드㈜,A1,선불카드 이용실적,38031000000,94300000000,신용카드사,D,SC015,카드 영업활동(선불카드이용실적)
235,202412,0013640,하나카드㈜,A1,선불카드 이용실적,35260000000,129560000000,신용카드사,D,SC015,카드 영업활동(선불카드이용실적)
236,202503,0013640,하나카드㈜,A1,선불카드 이용실적,26025000000,26025000000,신용카드사,D,SC015,카드 영업활동(선불카드이용실적)
237,202506,0013640,하나카드㈜,A1,선불카드 이용실적,26988000000,53013000000,신용카드사,D,SC015,카드 영업활동(선불카드이용실적)
238,201703,0010225,현대카드㈜,A1,선불카드 이용실적,6201000000,6201000000,신용카드사,D,SC015,카드 영업활동(선불카드이용실적)
239,201706,0010225,현대카드㈜,A1,선불카드 이용실적,3269000000,9470000000,신용카드사,D,SC015,카드 영업활동(선불카드이용실적)
240,201709,0010225,현대카드㈜,A1,선불카드 이용실적,4417000000,13887000000,신용카드사,D,SC015,카드 영업활동(선불카드이용실적)
241,201712,0010225,현대카드㈜,A1,선불카드 이용실적,5153000000,19040000000,신용카드사,D,SC015,카드 영업활동(선불카드이용실적)
242,201803,0010225,현대카드㈜,A1,선불카드 이용실적,5185000000,5185000000,신용카드사,D,SC015,카드 영업활동(선불카드이용실적)
243,201806,0010225,현대카드㈜,A1,선불카드 이용실적,4312000000,9497000000,신용카드사,D,SC015,카드 영업활동(선불카드이용실적)
244,201809,0010225,현대카드㈜,A1,선불카드 이용실적,4452000000,13949000000,신용카드사,D,SC015,카드 영업활동(선불카드이용실적)
245,201812,0010225,현대카드㈜,A1,선불카드 이용실적,4586000000,18535000000,신용카드사,D,SC015,카드 영업활동(선불카드이용실적)
246,201903,0010225,현대카드㈜,A1,선불카드 이용실적,4803000000,4803000000,신용카드사,D,SC015,카드 영업활동(선불카드이용실적)
247,201906,0010225,현대카드㈜,A1,선불카드 이용실적,4164000000,8967000000,신용카드사,D,SC015,카드 영업활동(선불카드이용실적)
248,201909,0010225,현대카드㈜,A1,선불카드 이용실적,4110000000,13077000000,신용카드사,D,SC015,카드 영업활동(선불카드이용실적)
249,201912,0010225,현대카드㈜,A1,선불카드 이용실적,3819000000,16896000000,신용카드사,D,SC015,카드 영업활동(선불카드이용실적)
250,202003,0010225,현대카드㈜,A1,선불카드 이용실적,7509000000,7509000000,신용카드사,D,SC015,카드 영업활동(선불카드이용실적)
251,202006,0010225,현대카드㈜,A1,선불카드 이용실적,5014000000,12523000000,신용카드사,D,SC015,카드 영업활동(선불카드이용실적)
252,202009,0010225,현대카드㈜,A1,선불카드 이용실적,5332000000,17855000000,신용카드사,D,SC015,카드 영업활동(선불카드이용실적)
253,202012,0010225,현대카드㈜,A1,선불카드 이용실적,8132000000,25987000000,신용카드사,D,SC015,카드 영업활동(선불카드이용실적)
254,202103,0010225,현대카드㈜,A1,선불카드 이용실적,4688000000,4688000000,신용카드사,D,SC015,카드 영업활동(선불카드이용실적)
255,202106,0010225,현대카드㈜,A1,선불카드 이용실적,3760000000,8448000000,신용카드사,D,SC015,카드 영업활동(선불카드이용실적)
256,202109,0010225,현대카드㈜,A1,선불카드 이용실적,3648000000,12096000000,신용카드사,D,SC015,카드 영업활동(선불카드이용실적)
257,202112,0010225,현대카드㈜,A1,선불카드 이용실적,3522000000,15618000000,신용카드사,D,SC015,카드 영업활동(선불카드이용실적)
258,202203,0010225,현대카드㈜,A1,선불카드 이용실적,4691000000,4691000000,신용카드사,D,SC015,카드 영업활동(선불카드이용실적)
259,202206,0010225,현대카드㈜,A1,선불카드 이용실적,3621000000,8312000000,신용카드사,D,SC015,카드 영업활동(선불카드이용실적)
260,202209,0010225,현대카드㈜,A1,선불카드 이용실적,3881000000,12193000000,신용카드사,D,SC015,카드 영업활동(선불카드이용실적)
261,202212,0010225,현대카드㈜,A1,선불카드 이용실적,3825000000,16018000000,신용카드사,D,SC015,카드 영업활동(선불카드이용실적)
262,202303,0010225,현대카드㈜,A1,선불카드 이용실적,4924000000,4924000000,신용카드사,D,SC015,카드 영업활동(선불카드이용실적)
263,202306,0010225,현대카드㈜,A1,선불카드 이용실적,3479000000,8403000000,신용카드사,D,SC015,카드 영업활동(선불카드이용실적)
264,202309,0010225,현대카드㈜,A1,선불카드 이용실적,3647000000,12050000000,신용카드사,D,SC015,카드 영업활동(선불카드이용실적)
265,202312,0010225,현대카드㈜,A1,선불카드 이용실적,4127000000,16177000000,신용카드사,D,SC015,카드 영업활동(선불카드이용실적)
266,202403,0010225,현대카드㈜,A1,선불카드 이용실적,5400000000,5400000000,신용카드사,D,SC015,카드 영업활동(선불카드이용실적)
267,202406,0010225,현대카드㈜,A1,선불카드 이용실적,3621000000,9021000000,신용카드사,D,SC015,카드 영업활동(선불카드이용실적)
268,202409,0010225,현대카드㈜,A1,선불카드 이용실적,4380000000,13401000000,신용카드사,D,SC015,카드 영업활동(선불카드이용실적)
269,202412,0010225,현대카드㈜,A1,선불카드 이용실적,4390000000,17791000000,신용카드사,D,SC015,카드 영업활동(선불카드이용실적)
270,202503,0010225,현대카드㈜,A1,선불카드 이용실적,5713000000,5713000000,신용카드사,D,SC015,카드 영업활동(선불카드이용실적)
271,202506,0010225,현대카드㈜,A1,선불카드 이용실적,3712000000,9425000000,신용카드사,D,SC015,카드 영업활동(선불카드이용실적)
