,금융구분,금융회사코드,금융회사명,통계분류,통계표코드,통계표명,코드,구분,201106,201109,201112,201203,201206,201209,201212,201303,201306,201309,201312,201403,201406,201409,201412,201503,201506,201509,201512,201603,201606,201609,201612,201703,201706,201709,201712,201803,201806,201809,201812,201903,201906,201909,201912,202003,202006,202009,202012,202103,202106,202109,202112,202203,202206,202209,202212,202303,202306,202309,202312,202403
0,국내증권사,10090,교보증권(주),B,SF019,유가증권 보유현황(상각후원가측정증권),A,상각후원가측정증권,0,0,0,0,0,0,0,0,0,0,0,0,0,0,0,0,0,0,0,0,0,0,0,0,0,0,0,0,0,0,0,0,0,0,0,0,0,0,0,0,0,0,0,0,0,0,0,0,0,0,0,0
1,국내증권사,10090,교보증권(주),B,SF019,유가증권 보유현황(상각후원가측정증권),A1,국채·지방채,0,0, ,0, , , , , , , , , , , ,0,0,0,0,0, , , , , , , ,0, , , , , , , , , , , , , , , , , , , , , , , , 
2,국내증권사,10090,교보증권(주),B,SF019,유가증권 보유현황(상각후원가측정증권),A2,특수채,0,0, ,0, , , , , , , , , , , ,0,0,0,0,0, , , , , , , ,0, , , , , , , , , , , , , , , , , , , , , , , , 
3,국내증권사,10090,교보증권(주),B,SF019,유가증권 보유현황(상각후원가측정증권),A3,회사채,0,0, ,0, , , , , , , , , , , ,0,0,0,0,0, , , , , , , ,0, , , , , , , , , , , , , , , , , , , , , , , , 
4,국내증권사,10090,교보증권(주),B,SF019,유가증권 보유현황(상각후원가측정증권),A4,기타,0,0, ,0, , , , , , , , , , , ,0,0,0,0,0, , , , , , , ,0, , , , , , , , , , , , , , , , , , , , , , , , 
5,국내증권사,10091,신한투자증권 주식회사,B,SF019,유가증권 보유현황(상각후원가측정증권),A,상각후원가측정증권,0,0,0,0,0,0,0,0,0,0,0,0,0,0,0,0,0,0,0,0,0,0,0,0,0,0,0,0,0,0,0,0,0,0,0,0,0,0,0,0,0,0,0,0,0,0,0,0,0,0,0,0
6,국내증권사,10091,신한투자증권 주식회사,B,SF019,유가증권 보유현황(상각후원가측정증권),A1,국채·지방채,0,0,0,0,0,0,0,0,0,0,0,0,0,0,0,0,0,0,0,0,0,0,0,0,0,0,0,0,0,0,0,0,0,0, ,0,0,0,0,0,0,0,0,0,0,0,0,0,0,0,0,0
7,국내증권사,10091,신한투자증권 주식회사,B,SF019,유가증권 보유현황(상각후원가측정증권),A2,특수채,0,0,0,0,0,0,0,0,0,0,0,0,0,0,0,0,0,0,0,0,0,0,0,0,0,0,0,0,0,0,0,0,0,0, ,0,0,0,0,0,0,0,0,0,0,0,0,0,0,0,0,0
8,국내증권사,10091,신한투자증권 주식회사,B,SF019,유가증권 보유현황(상각후원가측정증권),A3,회사채,0,0,0,0,0,0,0,0,0,0,0,0,0,0,0,0,0,0,0,0,0,0,0,0,0,0,0,0,0,0,0,0,0,0, ,0,0,0,0,0,0,0,0,0,0,0,0,0,0,0,0,0
9,국내증권사,10091,신한투자증권 주식회사,B,SF019,유가증권 보유현황(상각후원가측정증권),A4,기타,0,0,0,0,0,0,0,0,0,0,0,0,0,0,0,0,0,0,0,0,0,0,0,0,0,0,0,0,0,0,0,0,0,0, ,0,0,0,0,0,0,0,0,0,0,0,0,0,0,0,0,0
10,국내증권사,10093,대신증권주식회사,B,SF019,유가증권 보유현황(상각후원가측정증권),A,상각후원가측정증권,0,0,0,0,0,0,0,0,0,0,0,0,0,0,0,0,0,0,0,0,0,0,0,0,0,0,0,0,0,0,0,0,0,0,0,0,0,0,0,0,0,0,0,0,0,0,0,0,0,0,0,0
11,국내증권사,10093,대신증권주식회사,B,SF019,유가증권 보유현황(상각후원가측정증권),A1,국채·지방채,0,0,0,0,0,0,0,0,0,0,0,0,0,0,0,0,0,0,0,0,0,0, , , , , , , , ,0, , , , , , , , , , , ,0,0,0,0,0,0,0,0,0,0
12,국내증권사,10093,대신증권주식회사,B,SF019,유가증권 보유현황(상각후원가측정증권),A2,특수채,0,0,0,0,0,0,0,0,0,0,0,0,0,0,0,0,0,0,0,0,0,0, , , , , , , , ,0, , , , , , , , , , , ,0,0,0,0,0,0,0,0,0,0
13,국내증권사,10093,대신증권주식회사,B,SF019,유가증권 보유현황(상각후원가측정증권),A3,회사채,0,0,0,0,0,0,0,0,0,0,0,0,0,0,0,0,0,0,0,0,0,0, , , , , , , , ,0, , , , , , , , , , , ,0,0,0,0,0,0,0,0,0,0
14,국내증권사,10093,대신증권주식회사,B,SF019,유가증권 보유현황(상각후원가측정증권),A4,기타,0,0,0,0,0,0,0,0,0,0,0,0,0,0,0,0,0,0,0,0,0,0, , , , , , , , ,0, , , , , , , , , , , ,0,0,0,0,0,0,0,0,0,0
15,국내증권사,10094,미래에셋증권 주식회사,B,SF019,유가증권 보유현황(상각후원가측정증권),A,상각후원가측정증권,0,0,0,0,0,0,0,0,0,0,0,0,0,0,0,0,0,0,0,0,0,0,0,0,0,0,0,0,0,0,0,0,0,0,0,0,0,0,0,0,0,0,0,0,0,0,0,0,0,0,0,0
16,국내증권사,10094,미래에셋증권 주식회사,B,SF019,유가증권 보유현황(상각후원가측정증권),A1,국채·지방채,0,0,0,0,0,0,0,0,0,0,0,0,0,0,0,0,0,0,0,0,0,0,0,0,0,0,0,0,0,0,0,0,0,0,0,0,0,0,0,0,0,0,0,0,0,0,0,0,0, , ,0
17,국내증권사,10094,미래에셋증권 주식회사,B,SF019,유가증권 보유현황(상각후원가측정증권),A2,특수채,0,0,0,0,0,0,0,0,0,0,0,0,0,0,0,0,0,0,0,0,0,0,0,0,0,0,0,0,0,0,0,0,0,0,0,0,0,0,0,0,0,0,0,0,0,0,0,0,0, , ,0
18,국내증권사,10094,미래에셋증권 주식회사,B,SF019,유가증권 보유현황(상각후원가측정증권),A3,회사채,0,0,0,0,0,0,0,0,0,0,0,0,0,0,0,0,0,0,0,0,0,0,0,0,0,0,0,0,0,0,0,0,0,0,0,0,0,0,0,0,0,0,0,0,0,0,0,0,0, , ,0
19,국내증권사,10094,미래에셋증권 주식회사,B,SF019,유가증권 보유현황(상각후원가측정증권),A4,기타,0,0,0,0,0,0,0,0,0,0,0,0,0,0,0,0,0,0,0,0,0,0,0,0,0,0,0,0,0,0,0,0,0,0,0,0,0,0,0,0,0,0,0,0,0,0,0,0,0, , ,0
20,국내증권사,10095,신영증권주식회사,B,SF019,유가증권 보유현황(상각후원가측정증권),A,상각후원가측정증권,0,0,0,0,0,0,0,0,0,0,0,0,0,0,0,0,0,0,0,0,0,0,0,0,0,0,0,0,0,0,0,0,0,0,0,0,0,0,0,0,0,0,0,0,0,0,0,0,0,0,0,0
21,국내증권사,10095,신영증권주식회사,B,SF019,유가증권 보유현황(상각후원가측정증권),A1,국채·지방채, , , , , , , , , , , , , , , , , , , , , , , , , , , , , , ,0, , , , , , ,0, , , , , , , , , , , , , , 
22,국내증권사,10095,신영증권주식회사,B,SF019,유가증권 보유현황(상각후원가측정증권),A2,특수채, , , , , , , , , , , , , , , , , , , , , , , , , , , , , , ,0, , , , , , ,0, , , , , , , , , , , , , , 
23,국내증권사,10095,신영증권주식회사,B,SF019,유가증권 보유현황(상각후원가측정증권),A3,회사채, , , , , , , , , , , , , , , , , , , , , , , , , , , , , , ,0, , , , , , ,0, , , , , , , , , , , , , , 
24,국내증권사,10095,신영증권주식회사,B,SF019,유가증권 보유현황(상각후원가측정증권),A4,기타, , , , , , , , , , , , , , , , , , , , , , , , , , , , , , ,0, , , , , , ,0, , , , , , , , , , , , , , 
25,국내증권사,10097,유진투자증권주식회사,B,SF019,유가증권 보유현황(상각후원가측정증권),A,상각후원가측정증권,800000000,800000000,800000000,800000000,800000000,800000000,800000000,800000000,800000000,800000000,800000000,800000000,0,0,0,0,0,0,0,0,0,0,0,0,0,0,0,0,0,0,0,0,0,0,0,0,0,0,0,0,0,0,0,0,0,0,0,0,0,0,0,0
26,국내증권사,10097,유진투자증권주식회사,B,SF019,유가증권 보유현황(상각후원가측정증권),A1,국채·지방채,800000000,800000000, , , , , , , ,0,0, , , , , , , , ,0,0,0,0,0,0,0,0,0,0,0,0,0, ,0,0,0,0,0, ,0,0,0,0,0,0,0,0,0,0,0,0,0
27,국내증권사,10097,유진투자증권주식회사,B,SF019,유가증권 보유현황(상각후원가측정증권),A2,특수채, , , , , , , , , ,0,0, , , , , , , , ,0,0,0,0,0,0,0,0,0,0,0,0,0, ,0,0,0,0,0, ,0,0,0,0,0,0,0,0,0,0,0,0,0
28,국내증권사,10097,유진투자증권주식회사,B,SF019,유가증권 보유현황(상각후원가측정증권),A3,회사채, , ,800000000,800000000,800000000,800000000,800000000,800000000,800000000,800000000,800000000,800000000, , , , , , , ,0,0,0,0,0,0,0,0,0,0,0,0,0, ,0,0,0,0,0, ,0,0,0,0,0,0,0,0,0,0,0,0,0
29,국내증권사,10097,유진투자증권주식회사,B,SF019,유가증권 보유현황(상각후원가측정증권),A4,기타, , , , , , , , , , ,0, , , , , , , , , , , , , , , ,0,0,0,0,0,0, ,0,0,0,0,0, ,0,0,0,0,0,0,0,0,0,0,0,0,0
30,국내증권사,10098,한양증권주식회사,B,SF019,유가증권 보유현황(상각후원가측정증권),A,상각후원가측정증권,0,0,0,0,0,0,0,0,0,0,0,0,0,0,0,0,0,0,0,0,0,0,0,0,0,0,0,0,0,0,0,0,0,0,0,0,0,0,0,0,0,0,0,0,0,0,0,0,0,0,0,0
31,국내증권사,10098,한양증권주식회사,B,SF019,유가증권 보유현황(상각후원가측정증권),A1,국채·지방채, , , , , , , , , , , , , , , , , , , , , , , , , , , , , , , , , , , , , , , , , , , , ,0, , , , , , , 
32,국내증권사,10098,한양증권주식회사,B,SF019,유가증권 보유현황(상각후원가측정증권),A2,특수채, , , , , , , , , , , , , , , , , , , , , , , , , , , , , , , , , , , , , , , , , , , , ,0, , , , , , , 
33,국내증권사,10098,한양증권주식회사,B,SF019,유가증권 보유현황(상각후원가측정증권),A3,회사채, , , , , , , , , , , , , , , , , , , , , , , , , , , , , , , , , , , , , , , , , , , , ,0, , , , , , , 
34,국내증권사,10098,한양증권주식회사,B,SF019,유가증권 보유현황(상각후원가측정증권),A4,기타, , , , , , , , , , , , , , , , , , , , , , ,0, , , , , , , , , , , , , , , , , , , , , ,0, , , , , , , 
35,국내증권사,10099,메리츠증권(주),B,SF019,유가증권 보유현황(상각후원가측정증권),A,상각후원가측정증권,0,0,0,0,0,0,0,0,0,0,0,0,0,0,0,0,0,0,0,0,0,0,0,0,0,0,0,0,0,0,0,0,0,0,0,0,0,0,0,0,0,0,0,0,0,0,0,0,0,0,0,0
36,국내증권사,10099,메리츠증권(주),B,SF019,유가증권 보유현황(상각후원가측정증권),A1,국채·지방채,0,0,0,0,0,0,0,0,0,0,0,0,0,0,0,0,0,0,0,0,0,0,0,0,0,0,0, , , , ,0,0,0,0,0,0,0,0,0,0,0,0,0,0,0,0,0,0,0,0, 
37,국내증권사,10099,메리츠증권(주),B,SF019,유가증권 보유현황(상각후원가측정증권),A2,특수채,0,0,0,0,0,0,0,0,0,0,0,0,0,0,0,0,0,0,0,0,0,0,0,0,0,0,0, , , , ,0,0,0,0,0,0,0,0,0,0,0,0,0,0,0,0,0,0,0,0, 
38,국내증권사,10099,메리츠증권(주),B,SF019,유가증권 보유현황(상각후원가측정증권),A3,회사채,0,0,0,0,0,0,0,0,0,0,0,0,0,0,0,0,0,0,0,0,0,0,0,0,0,0,0, , , , ,0,0,0,0,0,0,0,0,0,0,0,0,0,0,0,0,0,0,0,0, 
39,국내증권사,10099,메리츠증권(주),B,SF019,유가증권 보유현황(상각후원가측정증권),A4,기타,0,0,0,0,0,0,0,0,0,0,0,0,0,0,0,0,0,0,0,0,0,0,0,0,0,0,0, , , , ,0,0,0,0,0,0,0,0,0,0,0,0,0,0,0,0,0,0,0,0, 
40,국내증권사,10101,NH투자증권,B,SF019,유가증권 보유현황(상각후원가측정증권),A,상각후원가측정증권,0,0,0,0,0,0,0,0,0,0,0,0,0,0,0,0,0,0,0,0,0,0,0,0,0,0,0,105302084445,87302084445,85302084445,82302084445,80002084445,78002084445,75502084445,72002084445,0,0,0,0,0,0,0,0,0,0,0,0,0,0,0,0,0
41,국내증권사,10101,NH투자증권,B,SF019,유가증권 보유현황(상각후원가측정증권),A1,국채·지방채,0,0,0, ,0,0,0,0,0,0,0,0, , , ,0,0,0,0,0,0,0,0,0,0,0,0,0,0,0,0,0,0,0,0,0,0,0, ,0,0,0,0,0,0,0,0,0,0,0,0,0
42,국내증권사,10101,NH투자증권,B,SF019,유가증권 보유현황(상각후원가측정증권),A2,특수채,0,0,0, ,0,0,0,0,0,0,0,0, , , ,0,0,0,0,0,0,0,0,0,0,0,0,0,0,0,0,0,0,0,0,0,0,0, ,0,0,0,0,0,0,0,0,0,0,0,0,0
43,국내증권사,10101,NH투자증권,B,SF019,유가증권 보유현황(상각후원가측정증권),A3,회사채,0,0,0, ,0,0,0,0,0,0,0,0, , , ,0,0,0,0,0,0,0,0,0,0,0,0,0,0,0,0,0,0,0,0,0,0,0, ,0,0,0,0,0,0,0,0,0,0,0,0,0
44,국내증권사,10101,NH투자증권,B,SF019,유가증권 보유현황(상각후원가측정증권),A4,기타,0,0,0, ,0,0,0,0,0,0,0,0, , , ,0,0,0,0,0,0,0,0,0,0,0,0,105302084445,87302084445,85302084445,82302084445,80002084445,78002084445,75502084445,72002084445,0,0,0, ,0,0,0,0,0,0,0,0,0,0,0,0,0
45,국내증권사,10102,부국증권주식회사,B,SF019,유가증권 보유현황(상각후원가측정증권),A,상각후원가측정증권,0,0,0,0,0,0,0,0,0,0,0,0,0,0,0,0,0,0,0,0,0,0,0,0,0,0,0,0,0,0,0,0,0,0,0,0,0,0,0,0,0,0,0,0,0,0,0,0,0,0,0,0
46,국내증권사,10102,부국증권주식회사,B,SF019,유가증권 보유현황(상각후원가측정증권),A1,국채·지방채, , , , , , , , , , , , , , , , , , , , , , , , , , , , , , , , , , , , , , , , , , , , , , , , , , , , 
47,국내증권사,10102,부국증권주식회사,B,SF019,유가증권 보유현황(상각후원가측정증권),A2,특수채, , , , , , , , , , , , , , , , , , , , , , , , , , , , , , , , , , , , , , , , , , , , , , , , , , , , 
48,국내증권사,10102,부국증권주식회사,B,SF019,유가증권 보유현황(상각후원가측정증권),A3,회사채, , , , , , , , , , , , , , , , , , , , , , , , , , , , , , , , , , , , , , , , , , , , , , , , , , , , 
49,국내증권사,10102,부국증권주식회사,B,SF019,유가증권 보유현황(상각후원가측정증권),A4,기타, , , , , , , , , , , , , , , , , , , , , , , , , , , , , , , , , , , , , , , , , , , , , , , , , , , , 
50,국내증권사,10104,상상인증권,B,SF019,유가증권 보유현황(상각후원가측정증권),A,상각후원가측정증권,0,0,0,0,0,0,0,0,0,0,0,0,0,0,0,0,0,0,0,0,0,0,0,0,0,0,0,0,0,0,0,0,0,0,0,0,0,0,0,0,0,0,0,0,0,0,0,0,0,0,0,0
51,국내증권사,10104,상상인증권,B,SF019,유가증권 보유현황(상각후원가측정증권),A1,국채·지방채, , , ,0,0, , ,0,0,0,0,0,0,0,0,0,0,0,0,0,0,0,0,0,0,0,0,0,0,0,0,0,0,0,0,0,0,0,0,0,0,0,0,0,0,0,0,0,0,0,0, 
52,국내증권사,10104,상상인증권,B,SF019,유가증권 보유현황(상각후원가측정증권),A2,특수채, , , ,0,0, , ,0,0,0,0,0,0,0,0,0,0,0,0,0,0,0,0,0,0,0,0,0,0,0,0,0,0,0,0,0,0,0,0,0,0,0,0,0,0,0,0,0,0,0,0, 
53,국내증권사,10104,상상인증권,B,SF019,유가증권 보유현황(상각후원가측정증권),A3,회사채, , , ,0,0, , ,0,0,0,0,0,0,0,0,0,0,0,0,0,0,0,0,0,0,0,0,0,0,0,0,0,0,0,0,0,0,0,0,0,0,0,0,0,0,0,0,0,0,0,0, 
54,국내증권사,10104,상상인증권,B,SF019,유가증권 보유현황(상각후원가측정증권),A4,기타, , , ,0,0, , ,0,0,0,0,0,0,0,0,0,0,0,0,0,0,0,0,0,0,0,0,0,0,0,0,0,0,0,0,0,0,0,0,0,0,0,0,0,0,0,0,0,0,0,0, 
55,국내증권사,10106,KB증권주식회사,B,SF019,유가증권 보유현황(상각후원가측정증권),A,상각후원가측정증권,0,0,0,0,0,0,0,0,0,0,0,0,0,0,10000000000,10000000000,10000000000,10000000000,10000000000,10000000000,10000000000,10000000000,10000000000,10000000000,10000000000,10000000000,0,0,0,0,0,0,0,0,0,0,0,0,0,0,0,0,0,0,0,0,0,0,0,0,0,0
56,국내증권사,10106,KB증권주식회사,B,SF019,유가증권 보유현황(상각후원가측정증권),A1,국채·지방채,0,0,0,0,0,0,0,0,0,0,0,0,0,0,0,0,0,0,0,0,0,0,0,0, , , ,0,0,0,0, ,0,0,0,0,0,0,0,0,0,0,0,0,0,0,0,0,0,0,0,0
57,국내증권사,10106,KB증권주식회사,B,SF019,유가증권 보유현황(상각후원가측정증권),A2,특수채,0,0,0,0,0,0,0,0,0,0,0,0,0,0,0,0,0,0,0,0,0,0,0,0, , , ,0,0,0,0, ,0,0,0,0,0,0,0,0,0,0,0,0,0,0,0,0,0,0,0,0
58,국내증권사,10106,KB증권주식회사,B,SF019,유가증권 보유현황(상각후원가측정증권),A3,회사채,0,0,0,0,0,0,0,0,0,0,0,0,0,0,10000000000,10000000000,10000000000,10000000000,10000000000,10000000000,10000000000,10000000000,10000000000,10000000000,10000000000,10000000000, ,0,0,0,0, ,0,0,0,0,0,0,0,0,0,0,0,0,0,0,0,0,0,0,0,0
59,국내증권사,10106,KB증권주식회사,B,SF019,유가증권 보유현황(상각후원가측정증권),A4,기타,0,0,0,0,0,0,0,0,0,0,0,0,0,0,0,0,0,0,0,0,0,0,0,0, , , ,0,0,0,0, ,0,0,0,0,0,0,0,0,0,0,0,0,0,0,0,0,0,0,0,0
60,국내증권사,10110,한화투자증권주식회사,B,SF019,유가증권 보유현황(상각후원가측정증권),A,상각후원가측정증권,0,0,0,0,0,0,0,0,0,0,0,0,0,0,0,0,0,0,0,0,0,0,0,0,0,0,0,0,0,0,0,0,0,0,0,0,0,0,0,0,0,0,0,0,0,0,0,0,0,0,0,0
61,국내증권사,10110,한화투자증권주식회사,B,SF019,유가증권 보유현황(상각후원가측정증권),A1,국채·지방채, , , , , , , ,0,0,0,0,0,0,0,0,0,0,0,0,0,0,0,0,0,0,0,0,0,0,0,0,0,0,0,0,0,0,0,0,0,0,0,0,0,0,0, ,0,0,0, ,0
62,국내증권사,10110,한화투자증권주식회사,B,SF019,유가증권 보유현황(상각후원가측정증권),A2,특수채, , , , , , , ,0,0,0,0,0,0,0,0,0,0,0,0,0,0,0,0,0,0,0,0,0,0,0,0,0,0,0,0,0,0,0,0,0,0,0,0,0,0,0, ,0,0,0, ,0
63,국내증권사,10110,한화투자증권주식회사,B,SF019,유가증권 보유현황(상각후원가측정증권),A3,회사채, , , , , , , ,0,0,0,0,0,0,0,0,0,0,0,0,0,0,0,0,0,0,0,0,0,0,0,0,0,0,0,0,0,0,0,0,0,0,0,0,0,0,0, ,0,0,0, ,0
64,국내증권사,10110,한화투자증권주식회사,B,SF019,유가증권 보유현황(상각후원가측정증권),A4,기타, , , , , , , ,0,0,0,0,0,0,0,0,0,0,0,0,0,0,0,0,0,0,0,0,0,0,0,0,0,0,0,0,0,0,0,0,0,0,0,0,0,0,0, ,0,0,0, ,0
65,국내증권사,10111,현대차증권주식회사,B,SF019,유가증권 보유현황(상각후원가측정증권),A,상각후원가측정증권,0,0,0,0,0,0,0,0,0,0,0,0,0,0,0,0,0,0,0,0,0,0,0,0,0,0,0,0,0,0,0,0,0,0,0,0,0,0,0,0,0,0,0,0,0,0,0,0,0,0,0,0
66,국내증권사,10111,현대차증권주식회사,B,SF019,유가증권 보유현황(상각후원가측정증권),A1,국채·지방채,0,0,0,0,0,0,0,0,0,0,0,0,0,0,0,0,0,0,0,0,0,0,0,0,0,0,0,0,0,0,0,0,0,0,0,0,0,0,0,0,0,0,0,0,0,0,0,0,0,0,0,0
67,국내증권사,10111,현대차증권주식회사,B,SF019,유가증권 보유현황(상각후원가측정증권),A2,특수채,0,0,0,0,0,0,0,0,0,0,0,0,0,0,0,0,0,0,0,0,0,0,0,0,0,0,0,0,0,0,0,0,0,0,0,0,0,0,0,0,0,0,0,0,0,0,0,0,0,0,0,0
68,국내증권사,10111,현대차증권주식회사,B,SF019,유가증권 보유현황(상각후원가측정증권),A3,회사채,0,0,0,0,0,0,0,0,0,0,0,0,0,0,0,0,0,0,0,0,0,0,0,0,0,0,0,0,0,0,0,0,0,0,0,0,0,0,0,0,0,0,0,0,0,0,0,0,0,0,0,0
69,국내증권사,10111,현대차증권주식회사,B,SF019,유가증권 보유현황(상각후원가측정증권),A4,기타,0,0,0,0,0,0,0,0,0,0,0,0,0,0,0,0,0,0,0,0,0,0,0,0,0,0,0,0,0,0,0,0,0,0,0,0,0,0,0,0,0,0,0,0,0,0,0,0,0,0,0,0
70,국내증권사,10112,유화증권주식회사,B,SF019,유가증권 보유현황(상각후원가측정증권),A,상각후원가측정증권,0,0,0,0,0,0,0,0,0,0,0,0,0,0,0,0,0,0,0,0,0,0,0,0,0,0,0,0,0,0,0,0,0,0,0,0,0,0,0,0,0,0,0,0,0,0,0,0,0,0,0,0
71,국내증권사,10112,유화증권주식회사,B,SF019,유가증권 보유현황(상각후원가측정증권),A1,국채·지방채,0,0,0,0,0,0,0,0,0,0,0,0,0,0,0,0,0,0,0,0,0,0,0,0,0,0,0,0,0,0,0,0,0,0,0,0,0,0,0,0,0,0,0,0,0,0,0,0,0,0,0,0
72,국내증권사,10112,유화증권주식회사,B,SF019,유가증권 보유현황(상각후원가측정증권),A2,특수채,0,0,0,0,0,0,0,0,0,0,0,0,0,0,0,0,0,0,0,0,0,0,0,0,0,0,0,0,0,0,0,0,0,0,0,0,0,0,0,0,0,0,0,0,0,0,0,0,0,0,0,0
73,국내증권사,10112,유화증권주식회사,B,SF019,유가증권 보유현황(상각후원가측정증권),A3,회사채,0,0,0,0,0,0,0,0,0,0,0,0,0,0,0,0,0,0,0,0,0,0,0,0,0,0,0,0,0,0,0,0,0,0,0,0,0,0,0,0,0,0,0,0,0,0,0,0,0,0,0,0
74,국내증권사,10112,유화증권주식회사,B,SF019,유가증권 보유현황(상각후원가측정증권),A4,기타,0,0,0,0,0,0,0,0,0,0,0,0,0,0,0,0,0,0,0,0,0,0,0,0,0,0,0,0,0,0,0,0,0,0,0,0,0,0,0,0,0,0,0,0,0,0,0,0,0,0,0,0
75,국내증권사,10113,유안타증권주식회사,B,SF019,유가증권 보유현황(상각후원가측정증권),A,상각후원가측정증권,0,0,0,0,0,0,0,0,0,0,0,0,0,0,0,0,0,0,0,0,0,0,0,0,0,0,0,0,0,0,0,0,0,0,0,0,0,0,0,0,0,0,0,0,0,0,20895561644,61299989589,64125697261,40551758904,20914389041,21225537534
76,국내증권사,10113,유안타증권주식회사,B,SF019,유가증권 보유현황(상각후원가측정증권),A1,국채·지방채,0,0,0,0,0,0,0,0,0,0,0,0,0,0,0,0,0,0,0,0,0,0,0,0,0,0,0,0,0,0,0,0,0,0,0,0,0,0,0,0,0,0,0,0,0,0,0,0,0,0,0,0
77,국내증권사,10113,유안타증권주식회사,B,SF019,유가증권 보유현황(상각후원가측정증권),A2,특수채,0,0,0,0,0,0,0,0,0,0,0,0,0,0,0,0,0,0,0,0,0,0,0,0,0,0,0,0,0,0,0,0,0,0,0,0,0,0,0,0,0,0,0,0,0,0,0,0,0,0,0,0
78,국내증권사,10113,유안타증권주식회사,B,SF019,유가증권 보유현황(상각후원가측정증권),A3,회사채,0,0,0,0,0,0,0,0,0,0,0,0,0,0,0,0,0,0,0,0,0,0,0,0,0,0,0,0,0,0,0,0,0,0,0,0,0,0,0,0,0,0,0,0,0,0,0,0,0,0,0,0
79,국내증권사,10113,유안타증권주식회사,B,SF019,유가증권 보유현황(상각후원가측정증권),A4,기타,0,0,0,0,0,0,0,0,0,0,0,0,0,0,0,0,0,0,0,0,0,0,0,0,0,0,0,0,0,0,0,0,0,0,0,0,0,0,0,0,0,0,0,0,0,0,20895561644,61299989589,64125697261,40551758904,20914389041,21225537534
80,국내증권사,10114,SK증권주식회사,B,SF019,유가증권 보유현황(상각후원가측정증권),A,상각후원가측정증권,0,0,0,0,0,0,0,0,0,0,0,0,0,0,0,0,0,0,0,0,0,0,0,0,0,0,0,0,0,0,0,0,0,0,0,0,0,0,0,0,0,0,0,0,0,0,0,0,0,0,0,0
81,국내증권사,10114,SK증권주식회사,B,SF019,유가증권 보유현황(상각후원가측정증권),A1,국채·지방채,0,0,0,0,0,0,0,0,0,0,0,0,0,0,0,0,0,0,0,0,0,0,0,0,0,0,0,0,0,0,0,0,0,0,0,0,0,0,0, ,0,0,0,0,0,0,0,0,0,0,0,0
82,국내증권사,10114,SK증권주식회사,B,SF019,유가증권 보유현황(상각후원가측정증권),A2,특수채,0,0,0,0,0,0,0,0,0,0,0,0,0,0,0,0,0,0,0,0,0,0,0,0,0,0,0,0,0,0,0,0,0,0,0,0,0,0,0, ,0,0,0,0,0,0,0,0,0,0,0,0
83,국내증권사,10114,SK증권주식회사,B,SF019,유가증권 보유현황(상각후원가측정증권),A3,회사채,0,0,0,0,0,0,0,0,0,0,0,0,0,0,0,0,0,0,0,0,0,0,0,0,0,0,0,0,0,0,0,0,0,0,0,0,0,0,0, ,0,0,0,0,0,0,0,0,0,0,0,0
84,국내증권사,10114,SK증권주식회사,B,SF019,유가증권 보유현황(상각후원가측정증권),A4,기타,0,0,0,0,0,0,0,0,0,0,0,0,0,0,0,0,0,0,0,0,0,0,0,0,0,0,0,0,0,0,0,0,0,0,0,0,0,0,0, ,0,0,0,0,0,0,0,0,0,0,0,0
85,국내증권사,10119,삼성증권(주),B,SF019,유가증권 보유현황(상각후원가측정증권),A,상각후원가측정증권,0,0,0,0,0,0,0,0,0,0,0,0,0,0,0,0,0,0,0,0,0,0,0,0,0,0,0,0,0,0,0,0,0,0,0,0,0,0,0,0,0,0,0,0,0,0,0,0,0,0,0,0
86,국내증권사,10119,삼성증권(주),B,SF019,유가증권 보유현황(상각후원가측정증권),A1,국채·지방채,0, , , , , , , , , , , , , , , , , , , , , , , , , , , , , ,0, , , , , , , , , , , , , , , , , , , , , 
87,국내증권사,10119,삼성증권(주),B,SF019,유가증권 보유현황(상각후원가측정증권),A2,특수채,0, , , , , , , , , , , , , , , , , , , , , , , , , , , , , ,0, , , , , , , , , , , , , , , , , , , , , 
88,국내증권사,10119,삼성증권(주),B,SF019,유가증권 보유현황(상각후원가측정증권),A3,회사채,0, , , , , , , , , , , , , , , , , , , , , , , , , , , , , ,0, , , , , , , , , , , , , , , , , , , , , 
89,국내증권사,10119,삼성증권(주),B,SF019,유가증권 보유현황(상각후원가측정증권),A4,기타,0, , , , , , , , , , , , , , , , , , , , , , , , , , , , , ,0, , , , , , , , , , , , , , , , , , , , , 
90,국내증권사,10120,DB금융투자주식회사,B,SF019,유가증권 보유현황(상각후원가측정증권),A,상각후원가측정증권,0,0,0,0,0,0,0,0,0,0,0,0,0,0,0,0,0,0,0,0,0,0,0,0,0,0,0,0,0,0,0,0,0,0,0,0,0,0,0,0,0,0,0,0,0,0,0,0,0,0,0,0
91,국내증권사,10120,DB금융투자주식회사,B,SF019,유가증권 보유현황(상각후원가측정증권),A1,국채·지방채, ,0,0,0,0,0,0,0,0,0,0,0,0,0,0,0,0,0,0,0,0,0,0,0,0,0,0,0,0,0,0,0,0,0,0,0,0,0,0,0,0,0,0,0,0,0, ,0,0,0,0,0
92,국내증권사,10120,DB금융투자주식회사,B,SF019,유가증권 보유현황(상각후원가측정증권),A2,특수채, ,0,0,0,0,0,0,0,0,0,0,0,0,0,0,0,0,0,0,0,0,0,0,0,0,0,0,0,0,0,0,0,0,0,0,0,0,0,0,0,0,0,0,0,0,0, ,0,0,0,0,0
93,국내증권사,10120,DB금융투자주식회사,B,SF019,유가증권 보유현황(상각후원가측정증권),A3,회사채, ,0,0,0,0,0,0,0,0,0,0,0,0,0,0,0,0,0,0,0,0,0,0,0,0,0,0,0,0,0,0,0,0,0,0,0,0,0,0,0,0,0,0,0,0,0, ,0,0,0,0,0
94,국내증권사,10120,DB금융투자주식회사,B,SF019,유가증권 보유현황(상각후원가측정증권),A4,기타, ,0,0,0,0,0,0,0,0,0,0,0,0,0,0,0,0,0,0,0,0,0,0,0,0,0,0,0,0,0,0,0,0,0,0,0,0,0,0,0,0,0,0,0,0,0, ,0,0,0,0,0
95,국내증권사,10123,씨티그룹글로벌마켓증권주식회사,B,SF019,유가증권 보유현황(상각후원가측정증권),A,상각후원가측정증권,0,0,0,0,0,0,0,0,0,0,0,0,0,0,0,0,0,0,0,0,0,0,0,0,0,0,0,0,0,0,0,0,0,0,0,0,0,0,0,0,0,0,0,0,0,0,0,0,0,0,0,0
96,국내증권사,10123,씨티그룹글로벌마켓증권주식회사,B,SF019,유가증권 보유현황(상각후원가측정증권),A1,국채·지방채,0,0,0, , , , , , , , , , , , , , , , , , , , , , , , , , , , , , , , , , , , , , , , , , , , , , , , , 
97,국내증권사,10123,씨티그룹글로벌마켓증권주식회사,B,SF019,유가증권 보유현황(상각후원가측정증권),A2,특수채,0,0,0, , , , , , , , , , , , , , , , , , , , , , , , , , , , , , , , , , , , , , , , , , , , , , , , , 
98,국내증권사,10123,씨티그룹글로벌마켓증권주식회사,B,SF019,유가증권 보유현황(상각후원가측정증권),A3,회사채,0,0,0, , , , , , , , , , , , , , , , , , , , , , , , , , , , , , , , , , , , , , , , , , , , , , , , , 
99,국내증권사,10123,씨티그룹글로벌마켓증권주식회사,B,SF019,유가증권 보유현황(상각후원가측정증권),A4,기타,0,0,0, , , , , , , , , , , , , , , , , , , , , , , , , , , , , , , , , , , , , , , , , , , , , , , , , 
100,국내증권사,10128,하이투자증권(주),B,SF019,유가증권 보유현황(상각후원가측정증권),A,상각후원가측정증권,0,0,0,0,0,0,0,0,0,0,0,0,0,0,0,0,0,0,0,0,0,0,0,0,0,0,0,0,0,0,0,0,0,0,0,0,0,0,0,0,0,0,0,0,0,0,0,0,0,0,0,0
101,국내증권사,10128,하이투자증권(주),B,SF019,유가증권 보유현황(상각후원가측정증권),A1,국채·지방채, , , , , , , ,0, , ,0, , ,0, ,0, , ,0, ,0, , ,0, ,0, , , , , , ,0, , , , , , , , , , , ,0, , , , , , , 
102,국내증권사,10128,하이투자증권(주),B,SF019,유가증권 보유현황(상각후원가측정증권),A2,특수채, , , , , , , ,0, , ,0, , ,0, ,0, , ,0, ,0, , ,0, ,0, , , , , , ,0, , , , , , , , , , , ,0, , , , , , , 
103,국내증권사,10128,하이투자증권(주),B,SF019,유가증권 보유현황(상각후원가측정증권),A3,회사채, , , , , , , ,0, , ,0, , ,0, ,0, , ,0, ,0, , ,0, ,0, , , , , , ,0, , , , , , , , , , , ,0, , , , , , , 
104,국내증권사,10128,하이투자증권(주),B,SF019,유가증권 보유현황(상각후원가측정증권),A4,기타, ,0,0,0,0,0,0,0, , ,0, , ,0, ,0, , ,0, ,0, , ,0, ,0, , , , , , ,0, , , , , , , , , , , ,0, , , , , , , 
105,국내증권사,10129,한국투자증권,B,SF019,유가증권 보유현황(상각후원가측정증권),A,상각후원가측정증권,0,0,0,0,0,0,0,0,0,0,0,0,0,0,0,0,0,0,0,0,0,0,0,0,0,0,0,19077415264,29118320476,50161040334,106205167098,106248478439,106291230930,106335851585,106381913206,106427726309,106472635235,106519486025,106568298233,106615335648,95763462115,85212701493,80162533293,76711860075,75862321517,75913942303,75966176567,56000000000,56000000000,56000000000,0,0
106,국내증권사,10129,한국투자증권,B,SF019,유가증권 보유현황(상각후원가측정증권),A1,국채·지방채,0,0,0,0,0,0,0,0,0,0,0,0,0,0, ,0,0,0,0,0,0,0,0,0,0,0,0,19077415264,19118320476,19161040334,19205167098,19248478439,19291230930,19335851585,19381913206,19427726309,19472635235,19519486025,19568298233,19615335648,19663462115,19712701493,19762533293,19811860075,19862321517,19913942303,19966176567,0,0,0,0,0
107,국내증권사,10129,한국투자증권,B,SF019,유가증권 보유현황(상각후원가측정증권),A2,특수채,0,0,0,0,0,0,0,0,0,0,0,0,0,0, ,0,0,0,0,0,0,0,0,0,0,0,0,0,0,0,0,0,0,0,0,0,0,0,0,0,0,0,0,0,0,0,0,0,0,0,0,0
108,국내증권사,10129,한국투자증권,B,SF019,유가증권 보유현황(상각후원가측정증권),A3,회사채,0,0,0,0,0,0,0,0,0,0,0,0,0,0, ,0,0,0,0,0,0,0,0,0,0,0,0,0,10000000000,31000000000,87000000000,87000000000,87000000000,87000000000,87000000000,87000000000,87000000000,87000000000,87000000000,87000000000,76100000000,65500000000,60400000000,56900000000,56000000000,56000000000,56000000000,56000000000,56000000000,56000000000,0,0
109,국내증권사,10129,한국투자증권,B,SF019,유가증권 보유현황(상각후원가측정증권),A4,기타,0,0,0,0,0,0,0,0,0,0,0,0,0,0, ,0,0,0,0,0,0,0,0,0,0,0,0,0,0,0,0,0,0,0,0,0,0,0,0,0,0,0,0,0,0,0,0,0,0,0,0,0
110,국내증권사,10130,하나증권주식회사,B,SF019,유가증권 보유현황(상각후원가측정증권),A,상각후원가측정증권,186243309843,186207690485,186171886869,116134473430,116088940244,70042682657,69996171539,39988904175,110004623956,110004202084,110003777048,110003340641,110002895407,110002449545,110002000240,110001539723,110001069825,110000598399,110000123579,100000000000,100000000000,100000000000,100000000000,100000000000,100000000000,100000000000,100000000000,100000000000,99109973352,99108747516,0,0,0,0,0,0,0,0,0,0,0,0,0,0,0,0,0,0,0,0,0,0
111,국내증권사,10130,하나증권주식회사,B,SF019,유가증권 보유현황(상각후원가측정증권),A1,국채·지방채, , , , , , , , , , , , , , , , , , , , , , ,0,0,0,0,0,0,0,0, ,0,0,0, , , , , , , , , , , , , , , , , , 
112,국내증권사,10130,하나증권주식회사,B,SF019,유가증권 보유현황(상각후원가측정증권),A2,특수채, , , , , , , , ,100000000000,100000000000,100000000000,100000000000,100000000000,100000000000,100000000000,100000000000,100000000000,100000000000,100000000000,100000000000,100000000000,100000000000,100000000000,100000000000,100000000000,100000000000,100000000000,100000000000,99109973352,99108747516, ,0,0,0, , , , , , , , , , , , , , , , , , 
113,국내증권사,10130,하나증권주식회사,B,SF019,유가증권 보유현황(상각후원가측정증권),A3,회사채,186243309843,186207690485,186171886869,116134473430,116088940244,70042682657,69996171539,39988904175,10004623956,10004202084,10003777048,10003340641,10002895407,10002449545,10002000240,10001539723,10001069825,10000598399,10000123579, , , ,0,0,0,0,0,0,0,0, ,0,0,0, , , , , , , , , , , , , , , , , , 
114,국내증권사,10130,하나증권주식회사,B,SF019,유가증권 보유현황(상각후원가측정증권),A4,기타, , , , , , , , ,0, , , , , , , , , , , , , ,0,0,0,0,0,0,0,0, ,0,0,0, , , , , , , , , , , , , , , , , , 
115,국내증권사,10132,리딩투자증권주식회사,B,SF019,유가증권 보유현황(상각후원가측정증권),A,상각후원가측정증권,0,0,0,0,0,0,0,0,0,0,0,0,0,0,0,0,0,0,0,0,0,0,0,0,0,0,0,4000000000,4000000000,3950000000,0,0,0,0,0,0,0,0,0,0,0,0,0,0,0,0,0,0,0,0,0,0
116,국내증권사,10132,리딩투자증권주식회사,B,SF019,유가증권 보유현황(상각후원가측정증권),A1,국채·지방채, , ,0,0,0,0,0,0,0,0,0,0,0,0,0,0,0,0,0,0,0,0,0,0,0,0,0,0,0,0,0,0,0,0,0, ,0,0,0, , ,0,0,0,0,0,0,0,0,0,0,0
117,국내증권사,10132,리딩투자증권주식회사,B,SF019,유가증권 보유현황(상각후원가측정증권),A2,특수채, , ,0,0,0,0,0,0,0,0,0,0,0,0,0,0,0,0,0,0,0,0,0,0,0,0,0,0,0,0,0,0,0,0,0, ,0,0,0, , ,0,0,0,0,0,0,0,0,0,0,0
118,국내증권사,10132,리딩투자증권주식회사,B,SF019,유가증권 보유현황(상각후원가측정증권),A3,회사채, , ,0,0,0,0,0,0,0,0,0,0,0,0,0,0,0,0,0,0,0,0,0,0,0,0,0,4000000000,4000000000,3950000000,0,0,0,0,0, ,0,0,0, , ,0,0,0,0,0,0,0,0,0,0,0
119,국내증권사,10132,리딩투자증권주식회사,B,SF019,유가증권 보유현황(상각후원가측정증권),A4,기타, , ,0,0,0,0,0,0,0,0,0,0,0,0,0,0,0,0,0,0,0,0,0,0,0,0,0,0,0,0,0,0,0,0,0, ,0,0,0, , ,0,0,0,0,0,0,0,0,0,0,0
120,국내증권사,10136,키움증권(주),B,SF019,유가증권 보유현황(상각후원가측정증권),A,상각후원가측정증권,0,0,0,0,0,0,0,0,0,0,0,0,0,0,0,0,0,0,0,0,0,0,0,0,0,0,0,0,0,0,0,0,0,0,0,0,0,0,0,0,0,0,0,0,0,0,0,0,0,0,0,0
121,국내증권사,10136,키움증권(주),B,SF019,유가증권 보유현황(상각후원가측정증권),A1,국채·지방채,0,0,0,0,0,0,0,0,0,0,0,0,0,0,0,0,0, ,0, ,0, , , , , ,0,0,0,0,0,0,0,0, ,0,0,0,0,0,0,0,0,0,0,0,0,0,0,0,0,0
122,국내증권사,10136,키움증권(주),B,SF019,유가증권 보유현황(상각후원가측정증권),A2,특수채,0,0,0,0,0,0,0,0,0,0,0,0,0,0,0,0,0, ,0, ,0, , , , , ,0,0,0,0,0,0,0,0, ,0,0,0,0,0,0,0,0,0,0,0,0,0,0,0,0,0
123,국내증권사,10136,키움증권(주),B,SF019,유가증권 보유현황(상각후원가측정증권),A3,회사채,0,0,0,0,0,0,0,0,0,0,0,0,0,0,0,0,0, ,0, ,0, , , , , ,0,0,0,0,0,0,0,0, ,0,0,0,0,0,0,0,0,0,0,0,0,0,0,0,0,0
124,국내증권사,10136,키움증권(주),B,SF019,유가증권 보유현황(상각후원가측정증권),A4,기타,0,0,0,0,0,0,0,0,0,0,0,0,0,0,0,0,0, ,0, ,0, , , , , ,0,0,0,0,0,0,0,0, ,0,0,0,0,0,0,0,0,0,0,0,0,0,0,0,0,0
125,국내증권사,10137,이베스트투자증권(주),B,SF019,유가증권 보유현황(상각후원가측정증권),A,상각후원가측정증권,0,0,0,0,0,0,0,0,0,0,0,0,0,0,0,0,0,0,0,0,0,0,0,0,0,0,0,0,0,0,0,0,0,0,0,0,0,0,0,0,0,0,0,0,0,0,0,0,0,0,0,0
126,국내증권사,10137,이베스트투자증권(주),B,SF019,유가증권 보유현황(상각후원가측정증권),A1,국채·지방채,0, , , , , , , , , , , , , , , , , , , , , ,0, , , ,0,0, , ,0, , , , , , , , , , , ,0, , , ,0, , ,0,0,0
127,국내증권사,10137,이베스트투자증권(주),B,SF019,유가증권 보유현황(상각후원가측정증권),A2,특수채,0, , , , , , , , , , , , , , , , , , , , , ,0, , , ,0,0, , ,0, , , , , , , , , , , ,0, , , ,0, , ,0,0,0
128,국내증권사,10137,이베스트투자증권(주),B,SF019,유가증권 보유현황(상각후원가측정증권),A3,회사채,0, , , , , , , , , , , , , , , , , , , , , ,0, , , ,0,0, , ,0, , , , , , , , , , , ,0, , , ,0, , ,0,0,0
129,국내증권사,10137,이베스트투자증권(주),B,SF019,유가증권 보유현황(상각후원가측정증권),A4,기타,0, , , , , , , , , , , , , , , , , , , , , ,0, , , ,0,0, , ,0, , , , , , , , , , , ,0, , , ,0, , ,0,0,0
130,국내증권사,10138,코리아에셋투자증권,B,SF019,유가증권 보유현황(상각후원가측정증권),A,상각후원가측정증권,0,0,0,0,0,0,0,0,0,0,0,0,0,0,0,0,0,0,0,0,0,0,0,0,0,0,0,0,0,250000000,250000000,0,0,0,0,0,0,0,0,0,0,0,0,0,0,0,0,0,0,0,0,0
131,국내증권사,10138,코리아에셋투자증권,B,SF019,유가증권 보유현황(상각후원가측정증권),A1,국채·지방채,0,0,0,0,0,0,0,0,0,0,0,0,0,0,0,0,0,0,0,0, , , , ,0,0,0,0,0,0,0,0, , ,0,0,0,0,0, ,0,0,0, ,0,0,0, ,0,0,0,0
132,국내증권사,10138,코리아에셋투자증권,B,SF019,유가증권 보유현황(상각후원가측정증권),A2,특수채,0,0,0,0,0,0,0,0,0,0,0,0,0,0,0,0,0,0,0,0, , , , ,0,0,0,0,0,0,0,0, , ,0,0,0,0,0, ,0,0,0, ,0,0,0, ,0,0,0,0
133,국내증권사,10138,코리아에셋투자증권,B,SF019,유가증권 보유현황(상각후원가측정증권),A3,회사채,0,0,0,0,0,0,0,0,0,0,0,0,0,0,0,0,0,0,0,0, , , , ,0,0,0,0,0,0,0,0, , ,0,0,0,0,0, ,0,0,0, ,0,0,0, ,0,0,0,0
134,국내증권사,10138,코리아에셋투자증권,B,SF019,유가증권 보유현황(상각후원가측정증권),A4,기타,0,0,0,0,0,0,0,0,0,0,0,0,0,0,0,0,0,0,0,0, , , , ,0,0,0,0,0,250000000,250000000,0, , ,0,0,0,0,0, ,0,0,0, ,0,0,0, ,0,0,0,0
135,국내증권사,10139,흥국증권주식회사,B,SF019,유가증권 보유현황(상각후원가측정증권),A,상각후원가측정증권,0,0,0,0,0,0,0,0,0,0,0,0,0,0,0,0,0,0,0,0,0,0,0,0,0,0,0,0,0,0,0,0,0,0,0,0,0,0,0,0,0,0,0,0,0,0,0,0,0,0,0,0
136,국내증권사,10139,흥국증권주식회사,B,SF019,유가증권 보유현황(상각후원가측정증권),A1,국채·지방채,0,0,0,0,0,0,0,0,0,0,0,0,0,0,0,0,0,0,0,0,0,0,0,0,0,0,0,0,0,0,0, ,0,0,0,0,0,0,0,0, , , , , , , , , , , , 
137,국내증권사,10139,흥국증권주식회사,B,SF019,유가증권 보유현황(상각후원가측정증권),A2,특수채,0,0,0,0,0,0,0,0,0,0,0,0,0,0,0,0,0,0,0,0,0,0,0,0,0,0,0,0,0,0,0, ,0,0,0,0,0,0,0,0, , , , , , , , , , , , 
138,국내증권사,10139,흥국증권주식회사,B,SF019,유가증권 보유현황(상각후원가측정증권),A3,회사채,0,0,0,0,0,0,0,0,0,0,0,0,0,0,0,0,0,0,0,0,0,0,0,0,0,0,0,0,0,0,0, ,0,0,0,0,0,0,0,0, , , , , , , , , , , , 
139,국내증권사,10139,흥국증권주식회사,B,SF019,유가증권 보유현황(상각후원가측정증권),A4,기타,0,0,0,0,0,0,0,0,0,0,0,0,0,0,0,0,0,0,0,0,0,0,0,0,0,0,0,0,0,0,0, ,0,0,0,0,0,0,0,0, , , , , , , , , , , , 
140,국내증권사,10169,도이치증권,B,SF019,유가증권 보유현황(상각후원가측정증권),A,상각후원가측정증권,0,0,0,0,0,0,0,0,0,0,0,0,0,0,0,0,0,0,0,0,0,0,0,0,0,0,0,0,0,0,0,0,0,0,0,0,0,0,0,0,0,0,0,0,0,0,0,0,0,0,0,0
141,국내증권사,10169,도이치증권,B,SF019,유가증권 보유현황(상각후원가측정증권),A1,국채·지방채,0,0,0, ,0,0,0,0,0,0,0,0,0,0,0,0,0,0,0,0,0,0,0,0,0,0,0,0,0,0,0,0,0,0,0,0,0,0,0,0,0,0,0,0,0,0,0,0,0,0,0,0
142,국내증권사,10169,도이치증권,B,SF019,유가증권 보유현황(상각후원가측정증권),A2,특수채,0,0,0, ,0,0,0,0,0,0,0,0,0,0,0,0,0,0,0,0,0,0,0,0,0,0,0,0,0,0,0,0,0,0,0,0,0,0,0,0,0,0,0,0,0,0,0,0,0,0,0,0
143,국내증권사,10169,도이치증권,B,SF019,유가증권 보유현황(상각후원가측정증권),A3,회사채,0,0,0, ,0,0,0,0,0,0,0,0,0,0,0,0,0,0,0,0,0,0,0,0,0,0,0,0,0,0,0,0,0,0,0,0,0,0,0,0,0,0,0,0,0,0,0,0,0,0,0,0
144,국내증권사,10169,도이치증권,B,SF019,유가증권 보유현황(상각후원가측정증권),A4,기타,0,0,0, ,0,0,0,0,0,0,0,0,0,0,0,0,0,0,0,0,0,0,0,0,0,0,0,0,0,0,0,0,0,0,0,0,0,0,0,0,0,0,0,0,0,0,0,0,0,0,0,0
145,국내증권사,10659,케이아이디비채권중개(주),B,SF019,유가증권 보유현황(상각후원가측정증권),A,상각후원가측정증권,1600298363,942727927,341307843,140216095,880000,880000,880000,880000,880000,880000,880000,880000,880000,880000,880000,0,0,0,0,0,0,0,0,0,0,0,0,0,0,0,0,0,0,0,0,0,0,0,0,0,0,0,0,0,0,0,0,0,0,0,0,0
146,국내증권사,10659,케이아이디비채권중개(주),B,SF019,유가증권 보유현황(상각후원가측정증권),A1,국채·지방채,880000,880000,880000,880000,880000,880000,880000,880000,880000,880000,880000,880000,880000,880000,880000,0,0,0,0,0,0,0, , , , , , , , , , , , , , , , , , , , , , , , , , , , , , 
147,국내증권사,10659,케이아이디비채권중개(주),B,SF019,유가증권 보유현황(상각후원가측정증권),A2,특수채,0,0,0,0,0,0,0,0,0,0,0,0,0,0,0,0,0,0,0,0,0,0, , , , , , , , , , , , , , , , , , , , , , , , , , , , , , 
148,국내증권사,10659,케이아이디비채권중개(주),B,SF019,유가증권 보유현황(상각후원가측정증권),A3,회사채,1599418363,941847927,340427843,139336095,0,0,0,0,0,0,0,0,0,0,0,0,0,0,0,0,0,0, , , , , , , , , , , , , , , , , , , , , , , , , , , , , , 
149,국내증권사,10659,케이아이디비채권중개(주),B,SF019,유가증권 보유현황(상각후원가측정증권),A4,기타,0,0,0,0,0,0,0,0,0,0,0,0,0,0,0,0,0,0,0,0,0,0, , , , , , , , , , , , , , , , , , , , , , , , , , , , , , 
150,국내증권사,10897,케이알투자증권주식회사,B,SF019,유가증권 보유현황(상각후원가측정증권),A,상각후원가측정증권,947608756,0,921724041,1921653507,1923122432,1924558243,1926006459,1927436374,1928894293,1930381449,1994578795,995529156,497959339,0,0,0,0,0,0,0,0,0,0,0,0,0,0,0,0,0,0,0,0,0,0,0,0,0,0,0,0,0,0,0,0,0,0,0,0,1275000000,885000000,246000000
151,국내증권사,10897,케이알투자증권주식회사,B,SF019,유가증권 보유현황(상각후원가측정증권),A1,국채·지방채,947608756,0,921724041,1921653507,1923122432,1924558243,1926006459,1927436374,1928894293,1930381449,1994578795,995529156,497959339,0,0,0,0,0,0,0,0,0,0,0,0,0,0,0,0,0,0,0,0,0,0,0,0,0,0,0,0,0,0,0,0,0,0,0,0,0, , 
152,국내증권사,10897,케이알투자증권주식회사,B,SF019,유가증권 보유현황(상각후원가측정증권),A2,특수채,0,0,0,0,0,0,0,0,0,0,0,0,0,0,0,0,0,0,0,0,0,0,0,0,0,0,0,0,0,0,0,0,0,0,0,0,0,0,0,0,0,0,0,0,0,0,0,0,0,0, , 
153,국내증권사,10897,케이알투자증권주식회사,B,SF019,유가증권 보유현황(상각후원가측정증권),A3,회사채,0,0,0,0,0,0,0,0,0,0,0,0,0,0,0,0,0,0,0,0,0,0,0,0,0,0,0,0,0,0,0,0,0,0,0,0,0,0,0,0,0,0,0,0,0,0,0,0,0,1275000000,885000000,246000000
154,국내증권사,10897,케이알투자증권주식회사,B,SF019,유가증권 보유현황(상각후원가측정증권),A4,기타,0,0,0,0,0,0,0,0,0,0,0,0,0,0,0,0,0,0,0,0,0,0,0,0,0,0,0,0,0,0,0,0,0,0,0,0,0,0,0,0,0,0,0,0,0,0,0,0,0,0, , 
155,국내증권사,10899,에스아이증권 주식회사,B,SF019,유가증권 보유현황(상각후원가측정증권),A,상각후원가측정증권,,,,,,,,,,,,,,,,,,,,,,,,,,,,,,,,,,,,,,,,,,,,,,,10093998320,99782918,99845195,99899222,99959411,5067639873
156,국내증권사,10899,에스아이증권 주식회사,B,SF019,유가증권 보유현황(상각후원가측정증권),A1,국채·지방채,,,,,,,,,,,,,,,,,,,,,,,,,,,,,,,,,,,,,,,,,,,,,,,0,0,0,0,0,0
157,국내증권사,10899,에스아이증권 주식회사,B,SF019,유가증권 보유현황(상각후원가측정증권),A2,특수채,,,,,,,,,,,,,,,,,,,,,,,,,,,,,,,,,,,,,,,,,,,,,,,10093998320,99782918,99845195,99899222,99959411,5067639873
158,국내증권사,10899,에스아이증권 주식회사,B,SF019,유가증권 보유현황(상각후원가측정증권),A3,회사채,,,,,,,,,,,,,,,,,,,,,,,,,,,,,,,,,,,,,,,,,,,,,,,0,0,0,0,0,0
159,국내증권사,10899,에스아이증권 주식회사,B,SF019,유가증권 보유현황(상각후원가측정증권),A4,기타,,,,,,,,,,,,,,,,,,,,,,,,,,,,,,,,,,,,,,,,,,,,,,,0,0,0,0,0,0
160,국내증권사,11221,비엔피파리바증권주식회사,B,SF019,유가증권 보유현황(상각후원가측정증권),A,상각후원가측정증권,0,0,0,0,0,0,0,0,0,0,0,0,0,0,0,0,0,0,0,0,0,0,0,0,0,0,0,0,0,0,0,0,0,0,0,0,0,0,0,0,0,0,0,0,0,0,0,0,0,0,0,0
161,국내증권사,11221,비엔피파리바증권주식회사,B,SF019,유가증권 보유현황(상각후원가측정증권),A1,국채·지방채,0,0,0,0,0,0,0,0,0,0,0,0,0,0,0,0,0,0,0,0,0,0,0,0,0,0,0,0,0,0,0,0,0,0,0,0,0,0,0,0,0,0,0,0,0,0,0,0,0,0, ,0
162,국내증권사,11221,비엔피파리바증권주식회사,B,SF019,유가증권 보유현황(상각후원가측정증권),A2,특수채,0,0,0,0,0,0,0,0,0,0,0,0,0,0,0,0,0,0,0,0,0,0,0,0,0,0,0,0,0,0,0,0,0,0,0,0,0,0,0,0,0,0,0,0,0,0,0,0,0,0, ,0
163,국내증권사,11221,비엔피파리바증권주식회사,B,SF019,유가증권 보유현황(상각후원가측정증권),A3,회사채,0,0,0,0,0,0,0,0,0,0,0,0,0,0,0,0,0,0,0,0,0,0,0,0,0,0,0,0,0,0,0,0,0,0,0,0,0,0,0,0,0,0,0,0,0,0,0,0,0,0, ,0
164,국내증권사,11221,비엔피파리바증권주식회사,B,SF019,유가증권 보유현황(상각후원가측정증권),A4,기타,0,0,0,0,0,0,0,0,0,0,0,0,0,0,0,0,0,0,0,0,0,0,0,0,0,0,0,0,0,0,0,0,0,0,0,0,0,0,0,0,0,0,0,0,0,0,0,0,0,0, ,0
165,국내증권사,11238,씨엘에스에이코리아증권(주),B,SF019,유가증권 보유현황(상각후원가측정증권),A,상각후원가측정증권,0,0,0,0,0,0,0,0,0,0,0,0,0,0,0,0,0,0,0,0,0,0,0,0,0,0,0,0,0,0,0,0,0,0,0,0,0,0,0,0,0,0,0,0,0,0,0,0,0,0,0,0
166,국내증권사,11238,씨엘에스에이코리아증권(주),B,SF019,유가증권 보유현황(상각후원가측정증권),A1,국채·지방채,0,0,0,0,0,0,0,0,0,0,0,0,0,0,0,0,0,0,0,0,0,0,0,0,0,0,0,0,0,0,0,0,0,0, ,0,0,0,0,0,0,0, , , , , , ,0,0, ,0
167,국내증권사,11238,씨엘에스에이코리아증권(주),B,SF019,유가증권 보유현황(상각후원가측정증권),A2,특수채,0,0,0,0,0,0,0,0,0,0,0,0,0,0,0,0,0,0,0,0,0,0,0,0,0,0,0,0,0,0,0,0,0,0, ,0,0,0,0,0,0,0, , , , , , ,0,0, ,0
168,국내증권사,11238,씨엘에스에이코리아증권(주),B,SF019,유가증권 보유현황(상각후원가측정증권),A3,회사채,0,0,0,0,0,0,0,0,0,0,0,0,0,0,0,0,0,0,0,0,0,0,0,0,0,0,0,0,0,0,0,0,0,0, ,0,0,0,0,0,0,0, , , , , , ,0,0, ,0
169,국내증권사,11238,씨엘에스에이코리아증권(주),B,SF019,유가증권 보유현황(상각후원가측정증권),A4,기타,0,0,0,0,0,0,0,0,0,0,0,0,0,0,0,0,0,0,0,0,0,0,0,0,0,0,0,0,0,0,0,0,0,0, ,0,0,0,0,0,0,0, , , , , , ,0,0, ,0
170,국내증권사,11611,맥쿼리증권,B,SF019,유가증권 보유현황(상각후원가측정증권),A,상각후원가측정증권,0,0,0,0,0,0,0,0,0,0,0,0,0,0,0,0,0,0,0,0,0,0,0,0,0,0,0,0,0,0,0,0,0,0,0,0,0,0,0,0,0,0,0,0,0,0,0,0,0,0,0,0
171,국내증권사,11611,맥쿼리증권,B,SF019,유가증권 보유현황(상각후원가측정증권),A1,국채·지방채,0,0,0,0,0,0,0,0,0,0,0,0,0,0,0,0,0,0,0,0,0,0,0,0,0,0,0,0,0,0,0,0,0,0,0,0,0,0,0,0,0,0,0,0,0,0,0,0,0,0,0,0
172,국내증권사,11611,맥쿼리증권,B,SF019,유가증권 보유현황(상각후원가측정증권),A2,특수채,0,0,0,0,0,0,0,0,0,0,0,0,0,0,0,0,0,0,0,0,0,0,0,0,0,0,0,0,0,0,0,0,0,0,0,0,0,0,0,0,0,0,0,0,0,0,0,0,0,0,0,0
173,국내증권사,11611,맥쿼리증권,B,SF019,유가증권 보유현황(상각후원가측정증권),A3,회사채,0,0,0,0,0,0,0,0,0,0,0,0,0,0,0,0,0,0,0,0,0,0,0,0,0,0,0,0,0,0,0,0,0,0,0,0,0,0,0,0,0,0,0,0,0,0,0,0,0,0,0,0
174,국내증권사,11611,맥쿼리증권,B,SF019,유가증권 보유현황(상각후원가측정증권),A4,기타,0,0,0,0,0,0,0,0,0,0,0,0,0,0,0,0,0,0,0,0,0,0,0,0,0,0,0,0,0,0,0,0,0,0,0,0,0,0,0,0,0,0,0,0,0,0,0,0,0,0,0,0
175,국내증권사,11978,케이프투자증권,B,SF019,유가증권 보유현황(상각후원가측정증권),A,상각후원가측정증권,0,0,0,0,0,0,0,0,0,0,0,0,0,0,0,0,0,0,0,0,0,0,0,0,0,0,0,0,0,0,0,0,0,0,0,0,0,0,0,0,0,0,0,0,0,0,0,0,0,0,0,0
176,국내증권사,11978,케이프투자증권,B,SF019,유가증권 보유현황(상각후원가측정증권),A1,국채·지방채,0,0,0,0,0,0,0,0,0,0,0,0,0,0,0,0,0,0, , ,0,0,0,0,0,0,0,0,0,0,0,0,0,0,0,0,0,0,0,0,0,0,0,0,0,0,0,0,0,0,0,0
177,국내증권사,11978,케이프투자증권,B,SF019,유가증권 보유현황(상각후원가측정증권),A2,특수채,0,0,0,0,0,0,0,0,0,0,0,0,0,0,0,0,0,0, , ,0,0,0,0,0,0,0,0,0,0,0,0,0,0,0,0,0,0,0,0,0,0,0,0,0,0,0,0,0,0,0,0
178,국내증권사,11978,케이프투자증권,B,SF019,유가증권 보유현황(상각후원가측정증권),A3,회사채,0,0,0,0,0,0,0,0,0,0,0,0,0,0,0,0,0,0, , ,0,0,0,0,0,0,0,0,0,0,0,0,0,0,0,0,0,0,0,0,0,0,0,0,0,0,0,0,0,0,0,0
179,국내증권사,11978,케이프투자증권,B,SF019,유가증권 보유현황(상각후원가측정증권),A4,기타,0,0,0,0,0,0,0,0,0,0,0,0,0,0,0,0,0,0, , ,0,0,0,0,0,0,0,0,0,0,0,0,0,0,0,0,0,0,0,0,0,0,0,0,0,0,0,0,0,0,0,0
180,국내증권사,11980,디에스투자증권,B,SF019,유가증권 보유현황(상각후원가측정증권),A,상각후원가측정증권,30000000,30000000,30000000,30000000,30000000,30000000,30000000,30000000,30000000,30000000,30000000,30000000,30000000,30000000,30000000,30000000,0,0,0,0,0,0,0,0,0,0,0,0,0,0,0,0,0,0,0,0,0,0,0,0,0,0,0,0,0,0,0,0,0,0,0,0
181,국내증권사,11980,디에스투자증권,B,SF019,유가증권 보유현황(상각후원가측정증권),A1,국채·지방채,30000000,30000000,30000000,30000000,30000000,30000000,30000000,30000000,30000000,30000000,30000000,30000000,30000000,30000000,30000000,30000000,0,0,0,0,0,0,0,0,0,0,0,0,0,0,0,0,0,0,0,0,0,0,0,0,0,0,0,0,0,0,0,0,0,0,0,0
182,국내증권사,11980,디에스투자증권,B,SF019,유가증권 보유현황(상각후원가측정증권),A2,특수채,0,0,0,0,0,0,0,0,0,0,0,0,0,0,0,0,0,0,0,0,0,0,0,0,0,0,0,0,0,0,0,0,0,0,0,0,0,0,0,0,0,0,0,0,0,0,0,0,0,0,0,0
183,국내증권사,11980,디에스투자증권,B,SF019,유가증권 보유현황(상각후원가측정증권),A3,회사채,0,0,0,0,0,0,0,0,0,0,0,0,0,0,0,0,0,0,0,0,0,0,0,0,0,0,0,0,0,0,0,0,0,0,0,0,0,0,0,0,0,0,0,0,0,0,0,0,0,0,0,0
184,국내증권사,11980,디에스투자증권,B,SF019,유가증권 보유현황(상각후원가측정증권),A4,기타,0,0,0,0,0,0,0,0,0,0,0,0,0,0,0,0,0,0,0,0,0,0,0,0,0,0,0,0,0,0,0,0,0,0,0,0,0,0,0,0,0,0,0,0,0,0,0,0,0,0,0,0
185,국내증권사,11981,다올투자증권 주식회사,B,SF019,유가증권 보유현황(상각후원가측정증권),A,상각후원가측정증권,0,0,0,0,0,0,0,0,0,0,0,0,0,0,0,0,0,0,0,0,0,0,0,0,0,0,0,0,0,0,0,0,0,0,0,0,0,0,0,0,0,0,0,0,0,0,0,0,0,0,0,0
186,국내증권사,11981,다올투자증권 주식회사,B,SF019,유가증권 보유현황(상각후원가측정증권),A1,국채·지방채,0,0,0,0,0,0,0,0,0,0,0,0,0,0,0,0,0,0,0,0,0,0,0,0,0,0,0,0,0,0,0,0, ,0,0, ,0,0,0,0, ,0, ,0,0,0, ,0, , , , 
187,국내증권사,11981,다올투자증권 주식회사,B,SF019,유가증권 보유현황(상각후원가측정증권),A2,특수채,0,0,0,0,0,0,0,0,0,0,0,0,0,0,0,0,0,0,0,0,0,0,0,0,0,0,0,0,0,0,0,0, ,0,0, ,0,0,0,0, ,0, ,0,0,0, ,0, , , , 
188,국내증권사,11981,다올투자증권 주식회사,B,SF019,유가증권 보유현황(상각후원가측정증권),A3,회사채,0,0,0,0,0,0,0,0,0,0,0,0,0,0,0,0,0,0,0,0,0,0,0,0,0,0,0,0,0,0,0,0, ,0,0, ,0,0,0,0, ,0, ,0,0,0, ,0, , , , 
189,국내증권사,11981,다올투자증권 주식회사,B,SF019,유가증권 보유현황(상각후원가측정증권),A4,기타,0,0,0,0,0,0,0,0,0,0,0,0,0,0,0,0,0,0,0,0,0,0,0,0,0,0,0,0,0,0,0,0, ,0,0, ,0,0,0,0, ,0, ,0,0,0, ,0, , , , 
190,국내증권사,11982,주식회사 카카오페이증권,B,SF019,유가증권 보유현황(상각후원가측정증권),A,상각후원가측정증권,0,0,0,0,0,0,0,0,0,0,0,0,0,0,0,0,0,0,0,0,0,0,0,0,0,0,0,0,0,0,0,0,0,0,0,0,0,0,0,0,0,0,0,0,0,0,0,0,0,0,0,0
191,국내증권사,11982,주식회사 카카오페이증권,B,SF019,유가증권 보유현황(상각후원가측정증권),A1,국채·지방채,0,0,0,0,0,0,0,0,0,0,0, , , , , , , , , , , , , , , , , , , , , , , , ,0,0,0,0,0,0,0,0,0,0,0,0,0,0,0,0,0
192,국내증권사,11982,주식회사 카카오페이증권,B,SF019,유가증권 보유현황(상각후원가측정증권),A2,특수채,0,0,0,0,0,0,0,0,0,0,0, , , , , , , , , , , , , , , , , , , , , , , , ,0,0,0,0,0,0,0,0,0,0,0,0,0,0,0,0,0
193,국내증권사,11982,주식회사 카카오페이증권,B,SF019,유가증권 보유현황(상각후원가측정증권),A3,회사채,0,0,0,0,0,0,0,0,0,0,0, , , , , , , , , , , , , , , , , , , , , , , , ,0,0,0,0,0,0,0,0,0,0,0,0,0,0,0,0,0
194,국내증권사,11982,주식회사 카카오페이증권,B,SF019,유가증권 보유현황(상각후원가측정증권),A4,기타,0,0,0,0,0,0,0,0,0,0,0, , , , , , , , , , , , , , , , , , , , , , , , ,0,0,0,0,0,0,0,0,0,0,0,0,0,0,0,0,0
195,국내증권사,12001,IBK투자증권,B,SF019,유가증권 보유현황(상각후원가측정증권),A,상각후원가측정증권,0,0,0,0,0,0,0,0,0,0,0,0,0,0,0,0,0,0,0,0,0,0,0,0,0,0,0,0,0,0,0,0,0,0,0,0,0,0,0,0,0,0,0,0,0,0,0,0,0,0,0,0
196,국내증권사,12001,IBK투자증권,B,SF019,유가증권 보유현황(상각후원가측정증권),A1,국채·지방채, , , , , , , , , , , , ,0,0,0,0,0,0,0,0,0,0,0,0,0,0,0,0,0,0,0,0,0,0, ,0,0,0,0, ,0,0,0,0,0,0,0, ,0,0,0,0
197,국내증권사,12001,IBK투자증권,B,SF019,유가증권 보유현황(상각후원가측정증권),A2,특수채, , , , , , , , , , , , ,0,0,0,0,0,0,0,0,0,0,0,0,0,0,0,0,0,0,0,0,0,0, ,0,0,0,0, ,0,0,0,0,0,0,0, ,0,0,0,0
198,국내증권사,12001,IBK투자증권,B,SF019,유가증권 보유현황(상각후원가측정증권),A3,회사채, , , , , , , , , , , , ,0,0,0,0,0,0,0,0,0,0,0,0,0,0,0,0,0,0,0,0,0,0, ,0,0,0,0, ,0,0,0,0,0,0,0, ,0,0,0,0
199,국내증권사,12001,IBK투자증권,B,SF019,유가증권 보유현황(상각후원가측정증권),A4,기타, , , , , , , , , , , , ,0,0,0,0,0,0,0,0,0,0,0,0,0,0,0,0,0,0,0,0,0,0, ,0,0,0,0,0,0,0,0,0,0,0,0, ,0,0,0,0
200,국내증권사,12002,한국스탠다드차타드증권,B,SF019,유가증권 보유현황(상각후원가측정증권),A,상각후원가측정증권,0,0,0,0,0,0,0,0,0,0,0,0,0,0,0,0,0,0,0,0,0,0,0,0,0,0,0,0,0,0,0,0,0,0,0,0,0,0,0,0,0,0,0,0,0,0,0,0,0,0,0,0
201,국내증권사,12002,한국스탠다드차타드증권,B,SF019,유가증권 보유현황(상각후원가측정증권),A1,국채·지방채,0,0,0,0,0,0,0,0,0,0,0,0,0,0,0,0,0,0,0,0,0,0,0,0,0,0,0,0,0,0,0,0,0,0, , , , , , , , , , , , , , , , , , 
202,국내증권사,12002,한국스탠다드차타드증권,B,SF019,유가증권 보유현황(상각후원가측정증권),A2,특수채,0,0,0,0,0,0,0,0,0,0,0,0,0,0,0,0,0,0,0,0,0,0,0,0,0,0,0,0,0,0,0,0,0,0, , , , , , , , , , , , , , , , , , 
203,국내증권사,12002,한국스탠다드차타드증권,B,SF019,유가증권 보유현황(상각후원가측정증권),A3,회사채,0,0,0,0,0,0,0,0,0,0,0,0,0,0,0,0,0,0,0,0,0,0,0,0,0,0,0,0,0,0,0,0,0,0, , , , , , , , , , , , , , , , , , 
204,국내증권사,12002,한국스탠다드차타드증권,B,SF019,유가증권 보유현황(상각후원가측정증권),A4,기타,0,0,0,0,0,0,0,0,0,0,0,0,0,0,0,0,0,0,0,0,0,0,0,0,0,0,0,0,0,0,0,0,0,0, , , , , , , , , , , , , , , , , , 
205,국내증권사,12334,(주)비엔케이투자증권,B,SF019,유가증권 보유현황(상각후원가측정증권),A,상각후원가측정증권,9000000000,15000000000,0,0,0,0,0,0,0,0,0,0,0,0,0,0,0,0,0,0,0,0,0,0,0,0,0,0,0,0,0,0,0,0,0,0,0,0,0,0,0,0,0,0,0,0,0,0,0,0,0,0
206,국내증권사,12334,(주)비엔케이투자증권,B,SF019,유가증권 보유현황(상각후원가측정증권),A1,국채·지방채,0,0,0,0,0,0,0,0,0,0,0,0,0,0,0,0,0,0,0,0,0,0,0,0,0,0,0,0,0,0,0,0,0,0,0,0,0,0,0,0,0,0,0,0,0,0,0,0,0,0,0,0
207,국내증권사,12334,(주)비엔케이투자증권,B,SF019,유가증권 보유현황(상각후원가측정증권),A2,특수채,0,0,0,0,0,0,0,0,0,0,0,0,0,0,0,0,0,0,0,0,0,0,0,0,0,0,0,0,0,0,0,0,0,0,0,0,0,0,0,0,0,0,0,0,0,0,0,0,0,0,0,0
208,국내증권사,12334,(주)비엔케이투자증권,B,SF019,유가증권 보유현황(상각후원가측정증권),A3,회사채,0,0,0,0,0,0,0,0,0,0,0,0,0,0,0,0,0,0,0,0,0,0,0,0,0,0,0,0,0,0,0,0,0,0,0,0,0,0,0,0,0,0,0,0,0,0,0,0,0,0,0,0
209,국내증권사,12334,(주)비엔케이투자증권,B,SF019,유가증권 보유현황(상각후원가측정증권),A4,기타,9000000000,15000000000,0,0,0,0,0,0,0,0,0,0,0,0,0,0,0,0,0,0,0,0,0,0,0,0,0,0,0,0,0,0,0,0,0,0,0,0,0,0,0,0,0,0,0,0,0,0,0,0,0,0
210,국내증권사,12390,노무라금융투자주식회사,B,SF019,유가증권 보유현황(상각후원가측정증권),A,상각후원가측정증권,0,0,0,0,0,0,0,0,0,0,0,0,0,0,0,0,0,0,0,0,0,0,0,0,0,0,0,0,0,0,0,0,0,0,0,0,0,0,0,0,0,0,0,0,0,0,0,0,0,0,0,0
211,국내증권사,12390,노무라금융투자주식회사,B,SF019,유가증권 보유현황(상각후원가측정증권),A1,국채·지방채,0,0,0,0,0,0,0,0,0,0,0,0,0,0,0,0,0,0,0,0,0,0,0,0,0,0,0,0,0,0,0, ,0,0,0, ,0,0,0, ,0,0,0, ,0,0,0, ,0,0,0,0
212,국내증권사,12390,노무라금융투자주식회사,B,SF019,유가증권 보유현황(상각후원가측정증권),A2,특수채,0,0,0,0,0,0,0,0,0,0,0,0,0,0,0,0,0,0,0,0,0,0,0,0,0,0,0,0,0,0,0, ,0,0,0, ,0,0,0, ,0,0,0, ,0,0,0, ,0,0,0,0
213,국내증권사,12390,노무라금융투자주식회사,B,SF019,유가증권 보유현황(상각후원가측정증권),A3,회사채,0,0,0,0,0,0,0,0,0,0,0,0,0,0,0,0,0,0,0,0,0,0,0,0,0,0,0,0,0,0,0, ,0,0,0, ,0,0,0, ,0,0,0, ,0,0,0, ,0,0,0,0
214,국내증권사,12390,노무라금융투자주식회사,B,SF019,유가증권 보유현황(상각후원가측정증권),A4,기타,0,0,0,0,0,0,0,0,0,0,0,0,0,0,0,0,0,0,0,0,0,0,0,0,0,0,0,0,0,0,0, ,0,0,0, ,0,0,0, ,0,0,0, ,0,0,0, ,0,0,0,0
215,국내증권사,13003,다이와증권캐피탈마켓코리아 주식회사,B,SF019,유가증권 보유현황(상각후원가측정증권),A,상각후원가측정증권,,,,0,0,0,0,0,0,0,0,0,0,0,0,0,0,0,0,0,0,0,0,0,0,0,0,0,0,0,0,0,0,0,0,0,0,0,0,0,0,0,0,0,0,0,0,0,0,0,0,0
216,국내증권사,13003,다이와증권캐피탈마켓코리아 주식회사,B,SF019,유가증권 보유현황(상각후원가측정증권),A1,국채·지방채,,,, , , , , , , , , , , , , , , , , , , , , , , , ,0, , , , , , , , , , , , , , , , , , , , , , , , 
217,국내증권사,13003,다이와증권캐피탈마켓코리아 주식회사,B,SF019,유가증권 보유현황(상각후원가측정증권),A2,특수채,,,, , , , , , , , , , , , , , , , , , , , , , , , ,0, , , , , , , , , , , , , , , , , , , , , , , , 
218,국내증권사,13003,다이와증권캐피탈마켓코리아 주식회사,B,SF019,유가증권 보유현황(상각후원가측정증권),A3,회사채,,,, , , , , , , , , , , , , , , , , , , , , , , , ,0, , , , , , , , , , , , , , , , , , , , , , , , 
219,국내증권사,13003,다이와증권캐피탈마켓코리아 주식회사,B,SF019,유가증권 보유현황(상각후원가측정증권),A4,기타,,,, , , , , , , , , , , , , , , , , , , , , , , , ,0, , , , , , , , , , , , , , , , , , , , , , , , 
220,국내증권사,13414,한국 에스지증권 주식회사,B,SF019,유가증권 보유현황(상각후원가측정증권),A,상각후원가측정증권,,,,,,,,,,0,0,0,0,0,0,0,0,0,0,0,0,0,0,0,0,0,0,0,0,0,0,0,0,0,0,0,0,0,0,0,0,0,0,0,0,0,0,0,0,0,0,0
221,국내증권사,13414,한국 에스지증권 주식회사,B,SF019,유가증권 보유현황(상각후원가측정증권),A1,국채·지방채,,,,,,,,,, , , , , , , , , , , , , , ,0,0,0,0,0,0, , , , , , , , , , , , , , , , , , , , , , , 
222,국내증권사,13414,한국 에스지증권 주식회사,B,SF019,유가증권 보유현황(상각후원가측정증권),A2,특수채,,,,,,,,,, , , , , , , , , , , , , , ,0,0,0,0,0,0, , , , , , , , , , , , , , , , , , , , , , , 
223,국내증권사,13414,한국 에스지증권 주식회사,B,SF019,유가증권 보유현황(상각후원가측정증권),A3,회사채,,,,,,,,,, , , , , , , , , , , , , , ,0,0,0,0,0,0, , , , , , , , , , , , , , , , , , , , , , , 
224,국내증권사,13414,한국 에스지증권 주식회사,B,SF019,유가증권 보유현황(상각후원가측정증권),A4,기타,,,,,,,,,, , , , , , , , , , , , , , ,0,0,0,0,0,0, , , , , , , , , , , , , , , , , , , , , , , 
225,국내증권사,15363,CMS증권한국주식회사,B,SF019,유가증권 보유현황(상각후원가측정증권),A,상각후원가측정증권,,,,,,,,,,,,,,,,,,,,,,,,,,0,0,0,0,0,0,0,0,0,0,0,0,0,0,0,0,0,0,0,0,0,0,0,0,0,0,0
226,국내증권사,15363,CMS증권한국주식회사,B,SF019,유가증권 보유현황(상각후원가측정증권),A1,국채·지방채,,,,,,,,,,,,,,,,,,,,,,,,,, , , , , , , , , , , , , , , , ,0, , , , , , , , , , 
227,국내증권사,15363,CMS증권한국주식회사,B,SF019,유가증권 보유현황(상각후원가측정증권),A2,특수채,,,,,,,,,,,,,,,,,,,,,,,,,, , , , , , , , , , , , , , , , ,0, , , , , , , , , , 
228,국내증권사,15363,CMS증권한국주식회사,B,SF019,유가증권 보유현황(상각후원가측정증권),A3,회사채,,,,,,,,,,,,,,,,,,,,,,,,,, , , , , , , , , , , , , , , , ,0, , , , , , , , , , 
229,국내증권사,15363,CMS증권한국주식회사,B,SF019,유가증권 보유현황(상각후원가측정증권),A4,기타,,,,,,,,,,,,,,,,,,,,,,,,,, , , , , , , , , , , , , , , , ,0, , , , , , , , , , 
230,국내증권사,17713,토스증권 주식회사,B,SF019,유가증권 보유현황(상각후원가측정증권),A,상각후원가측정증권,,,,,,,,,,,,,,,,,,,,,,,,,,,,,,,,,,,,,,,0,0,0,0,0,0,0,0,0,0,0,0,0,0
231,국내증권사,17713,토스증권 주식회사,B,SF019,유가증권 보유현황(상각후원가측정증권),A1,국채·지방채,,,,,,,,,,,,,,,,,,,,,,,,,,,,,,,,,,,,,,,0,0, ,0, ,0,0,0, ,0, ,0,0,0
232,국내증권사,17713,토스증권 주식회사,B,SF019,유가증권 보유현황(상각후원가측정증권),A2,특수채,,,,,,,,,,,,,,,,,,,,,,,,,,,,,,,,,,,,,,,0,0, ,0, ,0,0,0, ,0, ,0,0,0
233,국내증권사,17713,토스증권 주식회사,B,SF019,유가증권 보유현황(상각후원가측정증권),A3,회사채,,,,,,,,,,,,,,,,,,,,,,,,,,,,,,,,,,,,,,,0,0, ,0, ,0,0,0, ,0, ,0,0,0
234,국내증권사,17713,토스증권 주식회사,B,SF019,유가증권 보유현황(상각후원가측정증권),A4,기타,,,,,,,,,,,,,,,,,,,,,,,,,,,,,,,,,,,,,,,0,0, ,0, ,0,0,0, ,0, ,0,0,0
235,국내증권사,17993,한국아이엠씨증권 주식회사,B,SF019,유가증권 보유현황(상각후원가측정증권),A,상각후원가측정증권,,,,,,,,,,,,,,,,,,,,,,,,,,,,,,,,,,,,,,,,,0,0,0,0,0,0,0,0,0,0,0,0
236,국내증권사,17993,한국아이엠씨증권 주식회사,B,SF019,유가증권 보유현황(상각후원가측정증권),A1,국채·지방채,,,,,,,,,,,,,,,,,,,,,,,,,,,,,,,,,,,,,,,,, ,0, , , , , , , , , , 
237,국내증권사,17993,한국아이엠씨증권 주식회사,B,SF019,유가증권 보유현황(상각후원가측정증권),A2,특수채,,,,,,,,,,,,,,,,,,,,,,,,,,,,,,,,,,,,,,,,, ,0, , , , , , , , , , 
238,국내증권사,17993,한국아이엠씨증권 주식회사,B,SF019,유가증권 보유현황(상각후원가측정증권),A3,회사채,,,,,,,,,,,,,,,,,,,,,,,,,,,,,,,,,,,,,,,,, ,0, , , , , , , , , , 
239,국내증권사,17993,한국아이엠씨증권 주식회사,B,SF019,유가증권 보유현황(상각후원가측정증권),A4,기타,,,,,,,,,,,,,,,,,,,,,,,,,,,,,,,,,,,,,,,,, ,0, , , , , , , , , , 
240,외국계증권사,10145,크레디트스위스증권서울지점,B,SF019,유가증권 보유현황(상각후원가측정증권),A,상각후원가측정증권,0,0,0,0,0,0,0,0,0,0,0,0,0,0,0,0,0,0,0,0,0,0,0,0,0,0,0,0,0,0,0,0,0,0,0,0,0,0,0,0,0,0,0,0,0,0,0,0,0,0,0,0
241,외국계증권사,10145,크레디트스위스증권서울지점,B,SF019,유가증권 보유현황(상각후원가측정증권),A1,국채·지방채, , , , , , , ,0, , , , , , , , , , , , , , , , , , , , , , ,0, , , , , , , , , , , , , , , , , , , , , 
242,외국계증권사,10145,크레디트스위스증권서울지점,B,SF019,유가증권 보유현황(상각후원가측정증권),A2,특수채, , , , , , , ,0, , , , , , , , , , , , , , , , , , , , , , ,0, , , , , , , , , , , , , , , , , , , , , 
243,외국계증권사,10145,크레디트스위스증권서울지점,B,SF019,유가증권 보유현황(상각후원가측정증권),A3,회사채, , , , , , , ,0, , , , , , , , , , , , , , , , , , , , , , ,0, , , , , , , , , , , , , , , , , , , , , 
244,외국계증권사,10145,크레디트스위스증권서울지점,B,SF019,유가증권 보유현황(상각후원가측정증권),A4,기타, , , , , , , ,0, , , , , , , , , , , , , , , , , , , , , , ,0, , , , , , , , , , , , , , , , , , , , , 
245,외국계증권사,10149,골드만삭스증권회사서울지점,B,SF019,유가증권 보유현황(상각후원가측정증권),A,상각후원가측정증권,0,0,0,0,0,0,0,0,0,0,0,0,0,0,0,0,0,0,0,0,0,0,0,0,0,0,0,0,0,0,0,0,0,0,0,0,0,0,0,0,0,0,0,0,0,0,0,0,0,0,0,0
246,외국계증권사,10149,골드만삭스증권회사서울지점,B,SF019,유가증권 보유현황(상각후원가측정증권),A1,국채·지방채, , , , , , , , , , , ,0, , ,0, , , ,0, , , ,0, , , ,0, , , ,0, , , ,0, , , , , , , , , , , ,0, , , , , 
247,외국계증권사,10149,골드만삭스증권회사서울지점,B,SF019,유가증권 보유현황(상각후원가측정증권),A2,특수채, , , , , , , , , , , ,0, , ,0, , , ,0, , , ,0, , , ,0, , , ,0, , , ,0, , , , , , , , , , , ,0, , , , , 
248,외국계증권사,10149,골드만삭스증권회사서울지점,B,SF019,유가증권 보유현황(상각후원가측정증권),A3,회사채, , , , , , , , , , , ,0, , ,0, , , ,0, , , ,0, , , ,0, , , ,0, , , ,0, , , , , , , , , , , ,0, , , , , 
249,외국계증권사,10149,골드만삭스증권회사서울지점,B,SF019,유가증권 보유현황(상각후원가측정증권),A4,기타, , , , , , , , , , , ,0, , ,0, , , ,0, , , ,0, , , ,0, , , ,0, , , ,0, , , , , , , , , , , ,0, , , , , 
250,외국계증권사,10153,메릴린치인터내셔날엘엘씨증권 서울지점,B,SF019,유가증권 보유현황(상각후원가측정증권),A,상각후원가측정증권,0,0,0,0,0,0,0,0,0,0,0,0,0,0,0,0,0,0,0,0,0,0,0,0,0,0,0,0,0,0,0,0,0,0,0,0,0,0,0,0,0,0,0,0,0,0,0,0,0,0,0,0
251,외국계증권사,10153,메릴린치인터내셔날엘엘씨증권 서울지점,B,SF019,유가증권 보유현황(상각후원가측정증권),A1,국채·지방채,0,0,0,0,0,0,0,0, , , , , , , , , , , , , , , , , , , ,0, , , , ,0,0,0,0,0,0,0,0,0,0,0,0,0,0,0,0,0,0,0,0
252,외국계증권사,10153,메릴린치인터내셔날엘엘씨증권 서울지점,B,SF019,유가증권 보유현황(상각후원가측정증권),A2,특수채,0,0,0,0,0,0,0,0, , , , , , , , , , , , , , , , , , , ,0, , , , ,0,0,0,0,0,0,0,0,0,0,0,0,0,0,0,0,0,0,0,0
253,외국계증권사,10153,메릴린치인터내셔날엘엘씨증권 서울지점,B,SF019,유가증권 보유현황(상각후원가측정증권),A3,회사채,0,0,0,0,0,0,0,0, , , , , , , , , , , , , , , , , , , ,0, , , , ,0,0,0,0,0,0,0,0,0,0,0,0,0,0,0,0,0,0,0,0
254,외국계증권사,10153,메릴린치인터내셔날엘엘씨증권 서울지점,B,SF019,유가증권 보유현황(상각후원가측정증권),A4,기타,0,0,0,0,0,0,0,0, , , , , , , , , , , , , , , , , , , ,0, , , , ,0,0,0,0,0,0,0,0,0,0,0,0,0,0,0,0,0,0,0,0
255,외국계증권사,10154,모간스탠리인터내셔날증권회사서울지점,B,SF019,유가증권 보유현황(상각후원가측정증권),A,상각후원가측정증권,0,0,0,0,0,0,0,0,0,0,0,0,0,0,0,0,0,0,0,0,0,0,0,0,0,0,0,0,0,0,0,0,0,0,0,0,0,0,0,0,0,0,0,0,0,0,0,0,0,0,0,0
256,외국계증권사,10154,모간스탠리인터내셔날증권회사서울지점,B,SF019,유가증권 보유현황(상각후원가측정증권),A1,국채·지방채,0,0,0,0,0,0,0,0,0,0,0,0,0,0,0,0,0,0,0,0,0,0,0,0,0,0,0,0,0,0,0,0,0,0,0,0,0,0,0,0,0,0,0,0,0,0,0,0,0,0,0,0
257,외국계증권사,10154,모간스탠리인터내셔날증권회사서울지점,B,SF019,유가증권 보유현황(상각후원가측정증권),A2,특수채,0,0,0,0,0,0,0,0,0,0,0,0,0,0,0,0,0,0,0,0,0,0,0,0,0,0,0,0,0,0,0,0,0,0,0,0,0,0,0,0,0,0,0,0,0,0,0,0,0,0,0,0
258,외국계증권사,10154,모간스탠리인터내셔날증권회사서울지점,B,SF019,유가증권 보유현황(상각후원가측정증권),A3,회사채,0,0,0,0,0,0,0,0,0,0,0,0,0,0,0,0,0,0,0,0,0,0,0,0,0,0,0,0,0,0,0,0,0,0,0,0,0,0,0,0,0,0,0,0,0,0,0,0,0,0,0,0
259,외국계증권사,10154,모간스탠리인터내셔날증권회사서울지점,B,SF019,유가증권 보유현황(상각후원가측정증권),A4,기타,0,0,0,0,0,0,0,0,0,0,0,0,0,0,0,0,0,0,0,0,0,0,0,0,0,0,0,0,0,0,0,0,0,0,0,0,0,0,0,0,0,0,0,0,0,0,0,0,0,0,0,0
260,외국계증권사,10158,제이피모간증권회사서울지점,B,SF019,유가증권 보유현황(상각후원가측정증권),A,상각후원가측정증권,0,0,0,0,0,0,0,0,0,0,0,0,0,0,0,0,0,0,0,0,0,0,0,0,0,0,0,0,0,0,0,0,0,0,0,0,0,0,0,0,0,0,0,0,0,0,0,0,0,0,0,0
261,외국계증권사,10158,제이피모간증권회사서울지점,B,SF019,유가증권 보유현황(상각후원가측정증권),A1,국채·지방채, , , , , , , , , , , , , , , ,0,0,0, , , , ,0, , ,0,0,0,0,0,0,0,0, , , , , , , , , , , , , , , , , , , 
262,외국계증권사,10158,제이피모간증권회사서울지점,B,SF019,유가증권 보유현황(상각후원가측정증권),A2,특수채, , , , , , , , , , , , , , , ,0,0,0, , , , ,0, , ,0,0,0,0,0,0,0,0, , , , , , , , , , , , , , , , , , , 
263,외국계증권사,10158,제이피모간증권회사서울지점,B,SF019,유가증권 보유현황(상각후원가측정증권),A3,회사채, , , , , , , , , , , , , , , ,0,0,0, , , , ,0, , ,0,0,0,0,0,0,0,0, , , , , , , , , , , , , , , , , , , 
264,외국계증권사,10158,제이피모간증권회사서울지점,B,SF019,유가증권 보유현황(상각후원가측정증권),A4,기타, , , , , , , , , , , , , , , ,0,0,0, , , , ,0, , ,0,0,0,0,0,0,0,0, , , , , , , , , , , , , , , , , , , 
265,외국계증권사,10162,크레디 아그리콜 아시아증권 서울지점,B,SF019,유가증권 보유현황(상각후원가측정증권),A,상각후원가측정증권,0,0,0,0,0,0,0,0,0,0,0,0,0,0,0,0,0,0,0,0,0,0,0,0,0,0,0,0,0,0,0,0,0,0,0,0,0,0,0,0,0,0,0,0,0,0,0,0,0,0,0,0
266,외국계증권사,10162,크레디 아그리콜 아시아증권 서울지점,B,SF019,유가증권 보유현황(상각후원가측정증권),A1,국채·지방채,0,0,0,0,0,0,0,0,0,0,0,0,0,0,0,0,0,0,0,0,0,0,0,0,0,0,0,0,0,0,0,0, , , , , , , , , , , , , , , , , , , , 
267,외국계증권사,10162,크레디 아그리콜 아시아증권 서울지점,B,SF019,유가증권 보유현황(상각후원가측정증권),A2,특수채,0,0,0,0,0,0,0,0,0,0,0,0,0,0,0,0,0,0,0,0,0,0,0,0,0,0,0,0,0,0,0,0, , , , , , , , , , , , , , , , , , , , 
268,외국계증권사,10162,크레디 아그리콜 아시아증권 서울지점,B,SF019,유가증권 보유현황(상각후원가측정증권),A3,회사채,0,0,0,0,0,0,0,0,0,0,0,0,0,0,0,0,0,0,0,0,0,0,0,0,0,0,0,0,0,0,0,0, , , , , , , , , , , , , , , , , , , , 
269,외국계증권사,10162,크레디 아그리콜 아시아증권 서울지점,B,SF019,유가증권 보유현황(상각후원가측정증권),A4,기타,0,0,0,0,0,0,0,0,0,0,0,0,0,0,0,0,0,0,0,0,0,0,0,0,0,0,0,0,0,0,0,0, , , , , , , , , , , , , , , , , , , , 
270,외국계증권사,11218,홍콩상하이증권서울지점,B,SF019,유가증권 보유현황(상각후원가측정증권),A,상각후원가측정증권,0,0,0,0,0,0,0,0,0,0,0,0,0,0,0,0,0,0,0,0,0,0,0,0,0,0,0,0,0,0,0,0,0,0,0,0,0,0,0,0,0,0,0,0,0,0,0,0,0,0,0,0
271,외국계증권사,11218,홍콩상하이증권서울지점,B,SF019,유가증권 보유현황(상각후원가측정증권),A1,국채·지방채, , , , , , , , , , , , ,0, , , , , , , , , , , , , , , , , , , , , , , , , , , , , , , ,0, , , , , , , 
272,외국계증권사,11218,홍콩상하이증권서울지점,B,SF019,유가증권 보유현황(상각후원가측정증권),A2,특수채, , , , , , , , , , , , ,0, , , , , , , , , , , , , , , , , , , , , , , , , , , , , , , ,0, , , , , , , 
273,외국계증권사,11218,홍콩상하이증권서울지점,B,SF019,유가증권 보유현황(상각후원가측정증권),A3,회사채, , , , , , , , , , , , ,0, , , , , , , , , , , , , , , , , , , , , , , , , , , , , , , ,0, , , , , , , 
274,외국계증권사,11218,홍콩상하이증권서울지점,B,SF019,유가증권 보유현황(상각후원가측정증권),A4,기타, , , , , , , , , , , , ,0, , , , , , , , , , , , , , , , , , , , , , , , , , , , , , , ,0, , , , , , , 
275,외국계증권사,11612,유비에스증권리미티드서울지점,B,SF019,유가증권 보유현황(상각후원가측정증권),A,상각후원가측정증권,0,0,0,0,0,0,0,0,0,0,0,0,0,0,0,0,0,0,0,0,0,0,0,0,0,0,0,0,0,0,0,0,0,0,0,0,0,0,0,0,0,0,0,0,0,0,0,0,0,0,0,0
276,외국계증권사,11612,유비에스증권리미티드서울지점,B,SF019,유가증권 보유현황(상각후원가측정증권),A1,국채·지방채,0,0,0,0,0,0,0,0,0,0,0,0,0,0,0,0,0,0,0,0,0,0,0,0,0,0,0,0,0,0,0,0,0,0,0,0,0,0,0,0,0,0,0,0,0,0,0,0, , , , 
277,외국계증권사,11612,유비에스증권리미티드서울지점,B,SF019,유가증권 보유현황(상각후원가측정증권),A2,특수채,0,0,0,0,0,0,0,0,0,0,0,0,0,0,0,0,0,0,0,0,0,0,0,0,0,0,0,0,0,0,0,0,0,0,0,0,0,0,0,0,0,0,0,0,0,0,0,0, , , , 
278,외국계증권사,11612,유비에스증권리미티드서울지점,B,SF019,유가증권 보유현황(상각후원가측정증권),A3,회사채,0,0,0,0,0,0,0,0,0,0,0,0,0,0,0,0,0,0,0,0,0,0,0,0,0,0,0,0,0,0,0,0,0,0,0,0,0,0,0,0,0,0,0,0,0,0,0,0, , , , 
279,외국계증권사,11612,유비에스증권리미티드서울지점,B,SF019,유가증권 보유현황(상각후원가측정증권),A4,기타,0,0,0,0,0,0,0,0,0,0,0,0,0,0,0,0,0,0,0,0,0,0,0,0,0,0,0,0,0,0,0,0,0,0,0,0,0,0,0,0,0,0,0,0,0,0,0,0, , , , 
280,외국계증권사,13352,씨지에스 인터내셔널증권 홍콩 한국지점,B,SF019,유가증권 보유현황(상각후원가측정증권),A,상각후원가측정증권,,,,,,,,0,0,0,0,0,0,0,0,0,0,0,0,0,0,0,0,0,0,0,0,0,0,0,0,0,0,0,0,0,0,0,0,0,0,0,0,0,0,0,0,0,0,0,0,0
281,외국계증권사,13352,씨지에스 인터내셔널증권 홍콩 한국지점,B,SF019,유가증권 보유현황(상각후원가측정증권),A1,국채·지방채,,,,,,,,0,0,0,0,0,0,0,0,0,0,0,0,0,0,0,0,0,0,0,0,0,0,0, , , , , , , , , , , , , , , , , , , , , , 
282,외국계증권사,13352,씨지에스 인터내셔널증권 홍콩 한국지점,B,SF019,유가증권 보유현황(상각후원가측정증권),A2,특수채,,,,,,,,0,0,0,0,0,0,0,0,0,0,0,0,0,0,0,0,0,0,0,0,0,0,0, , , , , , , , , , , , , , , , , , , , , , 
283,외국계증권사,13352,씨지에스 인터내셔널증권 홍콩 한국지점,B,SF019,유가증권 보유현황(상각후원가측정증권),A3,회사채,,,,,,,,0,0,0,0,0,0,0,0,0,0,0,0,0,0,0,0,0,0,0,0,0,0,0, , , , , , , , , , , , , , , , , , , , , , 
284,외국계증권사,13352,씨지에스 인터내셔널증권 홍콩 한국지점,B,SF019,유가증권 보유현황(상각후원가측정증권),A4,기타,,,,,,,,0,0,0,0,0,0,0,0,0,0,0,0,0,0,0,0,0,0,0,0,0,0,0, , , , , , , , , , , , , , , , , , , , , , 
285,외국계증권사,14595,아이엔지증권 서울지점,B,SF019,유가증권 보유현황(상각후원가측정증권),A,상각후원가측정증권,,,,,,,,,,,,,,,,,,,,,,0,0,0,0,0,0,139873999012,139924702897,130004604715,130021333159,129982938910,129841610123,120133455204,120077728230,120032181381,120104978430,120050462974,120017119033,120007451875,119994200323,129942292124,119923007247,130233553160,120061232807,129929227145,80032721313,9997191209,0,0,0,0
286,외국계증권사,14595,아이엔지증권 서울지점,B,SF019,유가증권 보유현황(상각후원가측정증권),A1,국채·지방채,,,,,,,,,,,,,,,,,,,,,, , , , ,0,0,0,0,0,0,0,0,0,0, , ,0,0,0, , , ,30274930588,30222003522,30140954617,30059905712,0,0,0,0,0
287,외국계증권사,14595,아이엔지증권 서울지점,B,SF019,유가증권 보유현황(상각후원가측정증권),A2,특수채,,,,,,,,,,,,,,,,,,,,,, , , , ,0,0,139873999012,139924702897,130004604715,130021333159,129982938910,129841610123,120133455204,120077728230,120032181381,120104978430,120050462974,120017119033,120007451875,119994200323,129942292124,119923007247,99958622572,89839229285,99788272528,49972815601,9997191209,0,0,0,0
288,외국계증권사,14595,아이엔지증권 서울지점,B,SF019,유가증권 보유현황(상각후원가측정증권),A3,회사채,,,,,,,,,,,,,,,,,,,,,, , , , ,0,0,0,0,0,0,0,0,0,0, , ,0,0,0, , , , , ,0,0,0,0,0,0,0
289,외국계증권사,14595,아이엔지증권 서울지점,B,SF019,유가증권 보유현황(상각후원가측정증권),A4,기타,,,,,,,,,,,,,,,,,,,,,, , , , ,0,0,0,0,0,0,0,0,0,0, , ,0,0,0, , , , , ,0,0,0,0,0,0,0
290,외국계증권사,15535,미즈호증권아시아리미티드 서울지점,B,SF019,유가증권 보유현황(상각후원가측정증권),A,상각후원가측정증권,,,,,,,,,,,,,,,,,,,,,,,,,,,0,0,0,0,0,0,0,0,0,0,0,0,0,0,0,0,0,0,0,0,0,0,0,0,0,0
291,외국계증권사,15535,미즈호증권아시아리미티드 서울지점,B,SF019,유가증권 보유현황(상각후원가측정증권),A1,국채·지방채,,,,,,,,,,,,,,,,,,,,,,,,,,,0,0,0,0,0,0,0,0,0,0,0,0,0,0,0,0,0,0,0,0,0,0,0,0,0,0
292,외국계증권사,15535,미즈호증권아시아리미티드 서울지점,B,SF019,유가증권 보유현황(상각후원가측정증권),A2,특수채,,,,,,,,,,,,,,,,,,,,,,,,,,,0,0,0,0,0,0,0,0,0,0,0,0,0,0,0,0,0,0,0,0,0,0,0,0,0,0
293,외국계증권사,15535,미즈호증권아시아리미티드 서울지점,B,SF019,유가증권 보유현황(상각후원가측정증권),A3,회사채,,,,,,,,,,,,,,,,,,,,,,,,,,,0,0,0,0,0,0,0,0,0,0,0,0,0,0,0,0,0,0,0,0,0,0,0,0,0,0
294,외국계증권사,15535,미즈호증권아시아리미티드 서울지점,B,SF019,유가증권 보유현황(상각후원가측정증권),A4,기타,,,,,,,,,,,,,,,,,,,,,,,,,,,0,0,0,0,0,0,0,0,0,0,0,0,0,0,0,0,0,0,0,0,0,0,0,0,0,0
295,외국계증권사,20016,나틱시스증권 서울지점,B,SF019,유가증권 보유현황(상각후원가측정증권),A,상각후원가측정증권,,,,,,,,,,,,,,,,,,,,,,,,,,,,,,,,,,,,,,,,,,,,,,,,0,0,0,0,0
296,외국계증권사,20016,나틱시스증권 서울지점,B,SF019,유가증권 보유현황(상각후원가측정증권),A1,국채·지방채,,,,,,,,,,,,,,,,,,,,,,,,,,,,,,,,,,,,,,,,,,,,,,,,0,0,0,0,0
297,외국계증권사,20016,나틱시스증권 서울지점,B,SF019,유가증권 보유현황(상각후원가측정증권),A2,특수채,,,,,,,,,,,,,,,,,,,,,,,,,,,,,,,,,,,,,,,,,,,,,,,,0,0,0,0,0
298,외국계증권사,20016,나틱시스증권 서울지점,B,SF019,유가증권 보유현황(상각후원가측정증권),A3,회사채,,,,,,,,,,,,,,,,,,,,,,,,,,,,,,,,,,,,,,,,,,,,,,,,0,0,0,0,0
299,외국계증권사,20016,나틱시스증권 서울지점,B,SF019,유가증권 보유현황(상각후원가측정증권),A4,기타,,,,,,,,,,,,,,,,,,,,,,,,,,,,,,,,,,,,,,,,,,,,,,,,0,0,0,0,0
