,금융구분,금융회사코드,금융회사명,통계분류,통계표코드,통계표명,코드,구분,201106,201109,201112,201203,201206,201209,201212,201303,201306,201309,201312,201403,201406,201409,201412,201503,201506,201509,201512,201603,201606,201609,201612,201703,201706,201709,201712,201803,201806,201809,201812,201903,201906,201909,201912,202003,202006,202009,202012,202103,202106,202109,202112,202203,202206,202209,202212,202303,202306,202309,202312,202403,202406,202409,202412,202503,202506
0,국내증권사,10090,교보증권(주),B,SF020,유가증권 보유현황(관계회사 투자지분),A,관계회사투자지분,4862660631.0,4898755136.0,4125075114.0,3277535235.0,5088000000.0,5733000000.0,21433000000.0,25693000000.0,25693000000.0,24888897333.0,9188897333.0,9263897333.0,9263897333.0,9316897333.0,25300399477.0,25354502144.0,25359502144.0,82268862144.0,81601862144.0,65211388407.0,63612888407.0,62133888407.0,60933888407.0,60643888407.0,60643888407.0,60343888407.0,1809028407.0,1809028407.0,1809028407.0,1504028407.0,1037482319.0,648028407.0,648028407.0,658028407.0,520000000.0,829000000.0,889000000.0,738000000.0,3978000000.0,6392499479.0,9652499479.0,12728000000.0,16409000000.0,18419000000.0,20431989431.0,28445215387.0,248403165492.0,495654351892.0,500663351892.0,508333029426.0,511943826485.0,515473125469.0,478487030829.0,537664263417.0,146906818365.0,166919785231.0,177037163717.0
1,국내증권사,10090,교보증권(주),B,SF020,유가증권 보유현황(관계회사 투자지분),A1,연결대상회사 투자지분,0.0,0.0,0.0,0.0,0.0,0.0,0.0,0.0,0.0,0.0,0.0,0.0,0.0,0.0,15979502144.0,15979502144.0,15979502144.0,74814362144.0,74814362144.0,58972888407.0,58972888407.0,58972888407.0,58972888407.0,58972888407.0,58972888407.0,58972888407.0,138028407.0,138028407.0,138028407.0,138028407.0,138028407.0,138028407.0,138028407.0,138028407.0,0.0,0.0,0.0,0.0,0.0,0.0,0.0,0.0,0.0,0.0,0.0,0.0,217464957830.0,442964957830.0,442964957830.0,442964957830.0,434011849866.0,424188648850.0,424188648850.0,395550161749.0,55922716697.0,75922716697.0,59846199160.0
2,국내증권사,10090,교보증권(주),B,SF020,유가증권 보유현황(관계회사 투자지분),A2,비연결대상회사 투자지분,4862660631.0,4898755136.0,4125075114.0,3277535235.0,5088000000.0,5733000000.0,21433000000.0,25693000000.0,25693000000.0,24888897333.0,9188897333.0,9263897333.0,9263897333.0,9316897333.0,9320897333.0,9375000000.0,9380000000.0,7454500000.0,6787500000.0,6238500000.0,4640000000.0,3161000000.0,1961000000.0,1671000000.0,1671000000.0,1371000000.0,1671000000.0,1671000000.0,1671000000.0,1366000000.0,899453912.0,510000000.0,510000000.0,520000000.0,520000000.0,829000000.0,889000000.0,738000000.0,3978000000.0,6392499479.0,9652499479.0,12728000000.0,16409000000.0,18419000000.0,20431989431.0,28445215387.0,30938207662.0,52689394062.0,57698394062.0,65368071596.0,77931976619.0,91284476619.0,54298381979.0,142114101668.0,90984101668.0,90997068534.0,117190964557.0
3,국내증권사,10091,신한투자증권 주식회사,B,SF020,유가증권 보유현황(관계회사 투자지분),A,관계회사투자지분,49758217498.0,52598280789.0,52625599124.0,50668961274.0,50669076748.0,42678749068.0,42681412352.0,43561596072.0,53095540794.0,65064333141.0,91866894926.0,95190750893.0,82185009872.0,115363125737.0,77884651901.0,72456707686.0,74028007318.0,86536447179.0,87380628367.0,86002869806.0,64374347381.0,125964468073.0,242643937973.0,417778648669.0,489186558040.0,477589209463.0,738367628414.0,720222118807.0,523721910232.0,619621001352.0,548748825025.0,525851989061.0,500790894360.0,574485396532.0,1235043534378.0,1285283556475.0,1303173078629.0,1229338332327.0,1105722467523.0,1067669746373.0,975386875177.0,979279296725.0,989508706692.0,1042589174614.0,1052322287814.0,1068744670046.0,1062335433628.0,1075307095409.0,1094849321549.0,1094724032313.0,979394841790.0,999491319895.0,1023420028567.0,1027980463690.0,1081856055399.0,1061527117648.0,1031443768608.0
4,국내증권사,10091,신한투자증권 주식회사,B,SF020,유가증권 보유현황(관계회사 투자지분),A1,연결대상회사 투자지분,25926362578.0,25302356126.0,25329196287.0,25329196287.0,25329311761.0,17388823101.0,17556469477.0,17556469477.0,17394330970.0,17353666922.0,53409726929.0,56409076089.0,23408433107.0,61202049592.0,24208766149.0,18407021934.0,17206321566.0,33803292524.0,33804703441.0,28175717375.0,33175717375.0,58923028262.0,109992915565.0,115089697130.0,120463030246.0,132738659806.0,371698761146.0,365689291176.0,215784201962.0,308965181393.0,313950694305.0,277866120094.0,230565725101.0,268843578994.0,889199298759.0,868759893435.0,845081142011.0,780958477561.0,668380000517.0,644545718466.0,569026038327.0,578524305958.0,599056213122.0,599625178213.0,596374828213.0,586461219704.0,566643570391.0,581248180085.0,591758099655.0,593065296840.0,529578863303.0,537500025126.0,549965657296.0,535839338619.0,492093382218.0,447043167855.0,435268284372.0
5,국내증권사,10091,신한투자증권 주식회사,B,SF020,유가증권 보유현황(관계회사 투자지분),A2,비연결대상회사 투자지분,23831854920.0,27295924663.0,27296402837.0,25339764987.0,25339764987.0,25289925967.0,25124942875.0,26005126595.0,35701209824.0,47710666219.0,38457167997.0,38781674804.0,58776576765.0,54161076145.0,53675885752.0,54049685752.0,56821685752.0,52733154655.0,53575924926.0,57827152431.0,31198630006.0,67041439811.0,132651022408.0,302688951539.0,368723527794.0,344850549657.0,366668867268.0,354532827631.0,307937708270.0,310655819959.0,234798130720.0,247985868967.0,270225169259.0,305641817538.0,345844235619.0,416523663040.0,458091936618.0,448379854766.0,437342467006.0,423124027907.0,406360836850.0,400754990767.0,390452493570.0,442963996401.0,455947459601.0,482283450342.0,495691863237.0,494058915324.0,503091221894.0,501658735473.0,449815978487.0,461991294769.0,473454371271.0,492141125071.0,589762673181.0,614483949793.0,596175484236.0
6,국내증권사,10093,대신증권주식회사,B,SF020,유가증권 보유현황(관계회사 투자지분),A,관계회사투자지분,59259582804.0,183218488331.0,187137454333.0,177776855442.0,210793466553.0,227103466553.0,226462816213.0,269928412278.0,272867317938.0,267967317938.0,261396317938.0,235623817938.0,602211927938.0,606086927938.0,589746970058.0,596556735442.0,588670876946.0,638573112489.0,688517011576.0,681308766164.0,717463110191.0,707859591227.0,717650867500.0,715902785747.0,717393785747.0,744376923062.0,763437046922.0,745166164492.0,791882692673.0,926565773010.0,844993060949.0,842934178097.0,935683940588.0,944788177267.0,980868031450.0,1039908521751.0,1051001841893.0,1066335627227.0,1071054753090.0,1133963553358.0,1205293692854.0,1204502691465.0,1207401158025.0,1236873402750.0,1226357479666.0,1234631734987.0,1288283262940.0,1316717750219.0,1316595522076.0,1330914276212.0,1821254941273.0,1828959882962.0,1818353961898.0,2315948319666.0,2025576160138.0,1783634678401.0,2087942084210.0
7,국내증권사,10093,대신증권주식회사,B,SF020,유가증권 보유현황(관계회사 투자지분),A1,연결대상회사 투자지분,50539417753.0,173448813928.0,173448813928.0,155346117938.0,188346117938.0,198346117938.0,198346117938.0,231346117938.0,234346117938.0,234346117938.0,226346117938.0,201346117938.0,569826117938.0,574826117938.0,569172621354.0,577172621354.0,569171756270.0,619073991813.0,674073991813.0,668985189089.0,705454533116.0,695841014152.0,705543776591.0,703805694838.0,703805694838.0,733259282153.0,739959282153.0,722178599723.0,768902618023.0,904064301338.0,816785382367.0,814465515381.0,907204678530.0,914906305504.0,959399014605.0,1013977706530.0,1025057705619.0,1038923755865.0,1039020954642.0,1077647914181.0,1140523953429.0,1129112253672.0,1128636401804.0,1151503059500.0,1147866341441.0,1156647711222.0,1196595593173.0,1202818381147.0,1195999030061.0,1180662648322.0,1667091827576.0,1675869737799.0,1670984876407.0,2165462453588.0,1684921830316.0,1637273429942.0,1880934470785.0
8,국내증권사,10093,대신증권주식회사,B,SF020,유가증권 보유현황(관계회사 투자지분),A2,비연결대상회사 투자지분,8720165051.0,9769674403.0,13688640405.0,22430737504.0,22447348615.0,28757348615.0,28116698275.0,38582294340.0,38521200000.0,33621200000.0,35050200000.0,34277700000.0,32385810000.0,31260810000.0,20574348704.0,19384114088.0,19499120676.0,19499120676.0,14443019763.0,12323577075.0,12008577075.0,12018577075.0,12107090909.0,12097090909.0,13588090909.0,11117640909.0,23477764769.0,22987564769.0,22980074650.0,22501471672.0,28207678582.0,28468662716.0,28479262058.0,29881871763.0,21469016845.0,25930815221.0,25944136274.0,27411871362.0,32033798448.0,56315639177.0,64769739425.0,75390437793.0,78764756221.0,85370343250.0,78491138225.0,77984023765.0,91687669767.0,113899369072.0,120596492015.0,150251627890.0,154163113697.0,153090145163.0,147369085491.0,150485866078.0,340654329822.0,146361248459.0,207007613425.0
9,국내증권사,10094,미래에셋증권 주식회사,B,SF020,유가증권 보유현황(관계회사 투자지분),A,관계회사투자지분,178873669975.0,245706160089.0,363656323678.0,380375112484.0,492819097321.0,517409375441.0,521142520115.0,528998926566.0,532757369928.0,532445222888.0,537503924635.0,587677121794.0,591400134357.0,467679616804.0,483987851309.0,483132893637.0,519656664358.0,499908864969.0,538157358808.0,1628916471008.0,2079103687537.0,2093025392170.0,5659489803342.0,4164266837490.0,4253190016057.0,4072414154488.0,5086327552197.0,5462709643455.0,6568816376716.0,6216387166736.0,5895810532436.0,6101371297762.0,7397357180915.0,8095463467971.0,7717541762196.0,7989968021183.0,7224304566889.0,7736664186060.0,7836464232813.0,7310956033536.0,7363925219600.0,7466839136072.0,7851179138782.0,7133617038807.0,7366005726228.0,7403549971478.0,7307917994565.0,7588551917121.0,7354158952336.0,7240121771201.0,7180315289375.0,7169818359852.0,7158893976806.0,6964339305378.0,7091212601515.0,7571222917811.0,7437142860741.0
10,국내증권사,10094,미래에셋증권 주식회사,B,SF020,유가증권 보유현황(관계회사 투자지분),A1,연결대상회사 투자지분,168153942591.0,234986432705.0,352787096164.0,373790008808.0,486233993645.0,510824271765.0,514557416439.0,523113123589.0,526871566951.0,526559419911.0,528121621658.0,579524932578.0,583247945141.0,459527427588.0,475835662093.0,474980704421.0,511504475142.0,491736675753.0,529985169592.0,1621094281792.0,2071202498321.0,2085304202954.0,5320900371576.0,3816015776781.0,3905000757023.0,3724767803604.0,4724056202313.0,5094813293571.0,6191352954452.0,5739228472734.0,5404675176709.0,5519219243063.0,6719560092918.0,7395855879974.0,6908229752555.0,7169997196542.0,6354436084748.0,6865837495919.0,6966224109892.0,6392570385734.0,6438158776498.0,6478351181392.0,6837585659602.0,6141189466376.0,6461203458167.0,6468452255883.0,6370947371169.0,6652436620725.0,6423152039434.0,6324066425299.0,6295007482073.0,6290316737570.0,6296998842954.0,6113177471526.0,6241078343737.0,6463700166432.0,6328891659618.0
11,국내증권사,10094,미래에셋증권 주식회사,B,SF020,유가증권 보유현황(관계회사 투자지분),A2,비연결대상회사 투자지분,10719727384.0,10719727384.0,10869227514.0,6585103676.0,6585103676.0,6585103676.0,6585103676.0,5885802977.0,5885802977.0,5885802977.0,9382302977.0,8152189216.0,8152189216.0,8152189216.0,8152189216.0,8152189216.0,8152189216.0,8172189216.0,8172189216.0,7822189216.0,7901189216.0,7721189216.0,338589431766.0,348251060709.0,348189259034.0,347646350884.0,362271349884.0,367896349884.0,377463422264.0,477158694002.0,491135355727.0,582152054699.0,677797087997.0,699607587997.0,809312009641.0,819970824641.0,869868482141.0,870826690141.0,870240122921.0,918385647802.0,925766443102.0,988487954680.0,1013593479180.0,992427572431.0,904802268061.0,935097715595.0,936970623396.0,936115296396.0,931006912902.0,916055345902.0,885307807302.0,879501622282.0,861895133852.0,851161833852.0,850134257778.0,1107522751379.0,1108251201123.0
12,국내증권사,10095,신영증권주식회사,B,SF020,유가증권 보유현황(관계회사 투자지분),A,관계회사투자지분,62865547168.0,62865547168.0,62865547168.0,68372547168.0,68372547168.0,68372547168.0,68372547168.0,68399547168.0,68234247168.0,68234247168.0,68234247168.0,78764149692.0,78764149692.0,78764149692.0,78764149692.0,78764149692.0,78764149692.0,73201936992.0,73201936992.0,73201936992.0,73201936992.0,73201936992.0,73201936992.0,67764880080.0,67764880080.0,67764880080.0,75005680080.0,75506680080.0,75506680080.0,72639747168.0,71922747168.0,69760947168.0,88056204836.0,91062672836.0,90271997989.0,98850218848.0,100850218848.0,99398218848.0,99397322242.0,142816965100.0,146188995482.0,143863842109.0,154441766712.0,172619093569.0,228217869221.0,228227869221.0,227014778173.0,225851647459.0,229333076031.0,238684147459.0,235103147459.0,236605832359.0,236989814773.0,240682817512.0,256617908743.0,256895548835.0,256234321841.0
13,국내증권사,10095,신영증권주식회사,B,SF020,유가증권 보유현황(관계회사 투자지분),A1,연결대상회사 투자지분,62865547168.0,62865547168.0,62865547168.0,68372547168.0,68372547168.0,68372547168.0,68372547168.0,68399547168.0,68234247168.0,68234247168.0,68234247168.0,68234247168.0,68234247168.0,68234247168.0,68234247168.0,68234247168.0,68234247168.0,68234247168.0,68234247168.0,68234247168.0,68234247168.0,68234247168.0,68234247168.0,66764880080.0,66764880080.0,66764880080.0,66764880080.0,66764880080.0,66764880080.0,62865547168.0,62865547168.0,62865547168.0,79395547168.0,79395547168.0,79395547168.0,79395547168.0,79395547168.0,79395547168.0,79395547168.0,117965547168.0,117965547168.0,117965547168.0,124692519390.0,135523765164.0,135523765164.0,135523765164.0,132523765164.0,186720040816.0,188970040816.0,198970040816.0,198970040816.0,198970040816.0,198970040816.0,201220040816.0,216220040816.0,216220040816.0,216220040816.0
14,국내증권사,10095,신영증권주식회사,B,SF020,유가증권 보유현황(관계회사 투자지분),A2,비연결대상회사 투자지분,0.0,0.0,0.0,0.0,0.0,0.0,0.0,0.0,0.0,0.0,0.0,10529902524.0,10529902524.0,10529902524.0,10529902524.0,10529902524.0,10529902524.0,4967689824.0,4967689824.0,4967689824.0,4967689824.0,4967689824.0,4967689824.0,1000000000.0,1000000000.0,1000000000.0,8240800000.0,8741800000.0,8741800000.0,9774200000.0,9057200000.0,6895400000.0,8660657668.0,11667125668.0,10876450821.0,19454671680.0,21454671680.0,20002671680.0,20001775074.0,24851417932.0,28223448314.0,25898294941.0,29749247322.0,37095328405.0,92694104057.0,92704104057.0,94491013009.0,39131606643.0,40363035215.0,39714106643.0,36133106643.0,37635791543.0,38019773957.0,39462776696.0,40397867927.0,40675508019.0,40014281025.0
15,국내증권사,10097,유진투자증권주식회사,B,SF020,유가증권 보유현황(관계회사 투자지분),A,관계회사투자지분,62858837809.0,62858837809.0,62858837809.0,62858837809.0,62858837809.0,62858837809.0,62858837809.0,68550891259.0,68550891259.0,68550891259.0,68550891259.0,68550891259.0,78550891259.0,81550891259.0,138550891259.0,143550891259.0,105894451163.0,105894451163.0,105894451163.0,105894451163.0,92950339704.0,92950339704.0,82355220107.0,82355220107.0,68663166657.0,66663166657.0,66663166657.0,66663166657.0,66663166657.0,70163166657.0,70163166657.0,70163166657.0,81785466657.0,81785466657.0,81785466657.0,82327354557.0,82419016557.0,88054903757.0,88382800577.0,121821859727.0,123986542037.0,127521728455.0,132503116233.0,133226386233.0,133965886233.0,135965886233.0,134218111454.0,134621989334.0,134900060264.0,135215611064.0,135859611064.0,136407131064.0,138527599004.0,139171230604.0,137388496360.0,137921255020.0,144985544867.0
16,국내증권사,10097,유진투자증권주식회사,B,SF020,유가증권 보유현황(관계회사 투자지분),A1,연결대상회사 투자지분,62858837809.0,62858837809.0,62858837809.0,62858837809.0,62858837809.0,62858837809.0,62858837809.0,68550891259.0,68550891259.0,68550891259.0,68550891259.0,68550891259.0,78550891259.0,81550891259.0,138550891259.0,143550891259.0,105894451163.0,105894451163.0,105894451163.0,105894451163.0,92950339704.0,92950339704.0,78550891259.0,78550891259.0,64858837809.0,62858837809.0,62858837809.0,62858837809.0,62858837809.0,66358837809.0,66358837809.0,66358837809.0,66358837809.0,77981137809.0,66358837809.0,66900725709.0,66992387709.0,72628274909.0,72956171729.0,81895230879.0,84059913189.0,86878692549.0,87587052549.0,88310322549.0,89049822549.0,91049822549.0,89302047770.0,89705925650.0,89983996580.0,90299547380.0,90943547380.0,91491067380.0,93611535320.0,94255166920.0,92472432676.0,93005191336.0,100069481183.0
17,국내증권사,10097,유진투자증권주식회사,B,SF020,유가증권 보유현황(관계회사 투자지분),A2,비연결대상회사 투자지분,0.0,0.0,0.0,0.0,0.0,0.0,0.0,0.0,0.0,0.0,0.0,0.0,0.0,0.0,0.0,0.0,0.0,0.0,0.0,0.0,0.0,0.0,3804328848.0,3804328848.0,3804328848.0,3804328848.0,3804328848.0,3804328848.0,3804328848.0,3804328848.0,3804328848.0,3804328848.0,15426628848.0,3804328848.0,15426628848.0,15426628848.0,15426628848.0,15426628848.0,15426628848.0,39926628848.0,39926628848.0,40643035906.0,44916063684.0,44916063684.0,44916063684.0,44916063684.0,44916063684.0,44916063684.0,44916063684.0,44916063684.0,44916063684.0,44916063684.0,44916063684.0,44916063684.0,44916063684.0,44916063684.0,44916063684.0
18,국내증권사,10098,한양증권주식회사,B,SF020,유가증권 보유현황(관계회사 투자지분),A,관계회사투자지분,0.0,0.0,0.0,0.0,0.0,0.0,0.0,0.0,0.0,0.0,0.0,0.0,0.0,0.0,0.0,0.0,0.0,0.0,0.0,0.0,0.0,0.0,0.0,0.0,0.0,0.0,0.0,0.0,0.0,0.0,0.0,0.0,0.0,0.0,0.0,0.0,0.0,0.0,0.0,0.0,0.0,0.0,0.0,0.0,0.0,0.0,0.0,0.0,0.0,15587192069.0,14934904947.0,14751527212.0,14917560805.0,19401682860.0,18457384344.0,12930894089.0,12680535913.0
19,국내증권사,10098,한양증권주식회사,B,SF020,유가증권 보유현황(관계회사 투자지분),A1,연결대상회사 투자지분,0.0,0.0,0.0,0.0,0.0,0.0,0.0,0.0,0.0,0.0,0.0,0.0,0.0,0.0,0.0,0.0,0.0,0.0,0.0,0.0,0.0,0.0,0.0,0.0,0.0,0.0,0.0,0.0,0.0,0.0,0.0,0.0,0.0,0.0,0.0,0.0,0.0,0.0,0.0,0.0,0.0,0.0,0.0,0.0,0.0,0.0,0.0,0.0,0.0,0.0,0.0,0.0,0.0,0.0,0.0,0.0,0.0
20,국내증권사,10098,한양증권주식회사,B,SF020,유가증권 보유현황(관계회사 투자지분),A2,비연결대상회사 투자지분,0.0,0.0,0.0,0.0,0.0,0.0,0.0,0.0,0.0,0.0,0.0,0.0,0.0,0.0,0.0,0.0,0.0,0.0,0.0,0.0,0.0,0.0,0.0,0.0,0.0,0.0,0.0,0.0,0.0,0.0,0.0,0.0,0.0,0.0,0.0,0.0,0.0,0.0,0.0,0.0,0.0,0.0,0.0,0.0,0.0,0.0,0.0,0.0,0.0,15587192069.0,14934904947.0,14751527212.0,14917560805.0,19401682860.0,18457384344.0,12930894089.0,12680535913.0
21,국내증권사,10099,메리츠증권(주),B,SF020,유가증권 보유현황(관계회사 투자지분),A,관계회사투자지분,21014180683.0,20997886804.0,21147886804.0,43297976804.0,40254541495.0,40254541495.0,40254641495.0,18254641495.0,12674641495.0,12674641495.0,9758826853.0,8813002572.0,100838955481.0,329838955481.0,608577651870.0,489147686326.0,342719759455.0,294681288657.0,258432625807.0,214207242453.0,213086749676.0,288299803854.0,376794348819.0,423155198928.0,979306617025.0,1077545972943.0,1117756592031.0,1236954070117.0,1266117341713.0,1087149154941.0,1165206715681.0,1155236208885.0,1209382425060.0,1134014360522.0,1328170647305.0,1293089495244.0,1482515567310.0,1762167108808.0,1517349933632.0,1669983611316.0,1854895787422.0,2150452250983.0,2269549742975.0,2544994922155.0,2574998310535.0,2305024921970.0,2630334902806.0,2289734280414.0,2265464406602.0,2108906805695.0,2194858021912.0,2390829558387.0,2608416834140.0,2589054672550.0,2518625045396.0,2940663250117.0,3024620677292.0
22,국내증권사,10099,메리츠증권(주),B,SF020,유가증권 보유현황(관계회사 투자지분),A1,연결대상회사 투자지분,21014180683.0,20997886804.0,21147886804.0,43297976804.0,34674541495.0,34674541495.0,34674641495.0,12674641495.0,12674641495.0,12674641495.0,9758826853.0,8813002572.0,100838955481.0,329838955481.0,608577651870.0,489147686326.0,342719759455.0,294681288657.0,258432625807.0,202206082453.0,201586749676.0,201391269533.0,171655669217.0,183189707626.0,762351898109.0,853591254027.0,909380554852.0,909357603931.0,935448419946.0,917227302184.0,946144642394.0,968459941520.0,1009769965758.0,998187738373.0,926506106926.0,921849613490.0,1129468005004.0,1403064196829.0,1226269350357.0,1347846120384.0,1549012617074.0,1830017493576.0,1948889234022.0,2260631993679.0,2247324315592.0,1974721186291.0,2284401596206.0,1904067210150.0,1893347093109.0,1787793407768.0,1466458895189.0,1604127187704.0,1846932645843.0,1806546851524.0,1819494099308.0,1834183071815.0,1859456921819.0
23,국내증권사,10099,메리츠증권(주),B,SF020,유가증권 보유현황(관계회사 투자지분),A2,비연결대상회사 투자지분,0.0,0.0,0.0,0.0,5580000000.0,5580000000.0,5580000000.0,5580000000.0,0.0,0.0,0.0,0.0,0.0,0.0,0.0,0.0,0.0,0.0,0.0,12001160000.0,11500000000.0,86908534321.0,205138679602.0,239965491302.0,216954718916.0,223954718916.0,208376037179.0,327596466186.0,330668921767.0,169921852757.0,219062073287.0,186776267365.0,199612459302.0,135826622149.0,401664540379.0,371239881754.0,353047562306.0,359102911979.0,291080583275.0,322137490932.0,305883170348.0,320434757407.0,320660508953.0,284362928476.0,327673994943.0,330303735679.0,345933306600.0,385667070264.0,372117313493.0,321113397927.0,728399126723.0,786702370683.0,761484188297.0,782507821026.0,699130946088.0,1106480178302.0,1165163755473.0
24,국내증권사,10101,NH투자증권,B,SF020,유가증권 보유현황(관계회사 투자지분),A,관계회사투자지분,399238308771.0,399314808771.0,407660808771.0,386905512894.0,380026706981.0,383455706981.0,411904207997.0,412090037272.0,437995192716.0,436925692716.0,428930835365.0,428930835365.0,409710096537.0,409776096537.0,401800449221.0,512108504211.0,509254774761.0,504979774761.0,524438441955.0,534438441955.0,537261476363.0,641801358871.0,715495481768.0,716709452805.0,714609202805.0,816601882805.0,787670667938.0,824770514329.0,825763102849.0,827261256449.0,1003324874324.0,1004989974324.0,1063130339673.0,1155684788773.0,1180889567614.0,1213385728498.0,1253968329073.0,1258644812284.0,1382648441100.0,1390844128471.0,1407269024287.0,1420198673738.0,1424496097722.0,1491542978383.0,1502813403007.0,1491604789514.0,1539038255736.0,1505667091763.0,1472802731314.0,1414177078765.0,1457335855834.0,1414160900086.0,1381324353721.0,1598277378275.0,1558084449703.0,1543978836889.0,1536163227258.0
25,국내증권사,10101,NH투자증권,B,SF020,유가증권 보유현황(관계회사 투자지분),A1,연결대상회사 투자지분,399238308771.0,399314808771.0,407660808771.0,386905512894.0,380026706981.0,383455706981.0,411904207997.0,412090037272.0,417625037272.0,416555537272.0,408560679921.0,408560679921.0,389339941093.0,389405941093.0,394612241285.0,504920296275.0,502415882825.0,498140882825.0,491881786747.0,491881786747.0,491881786747.0,593080735922.0,689646115947.0,689646115947.0,689646115947.0,789646115947.0,750799098054.0,792219870778.0,794219870778.0,794219870778.0,929127850855.0,929127850855.0,970781851338.0,1015296760438.0,1031552979734.0,1041981979744.0,1009818331100.0,1009818331100.0,1117407485136.0,1116907485136.0,1122231121506.0,1123458394246.0,1105258899002.0,1164652294089.0,1165018394255.0,1165018394255.0,1166925256866.0,1158202927730.0,1158088590025.0,1122178024996.0,1159970317691.0,1159970317691.0,1150214319128.0,1183475479128.0,1148676124172.0,1148676124172.0,1146353912217.0
26,국내증권사,10101,NH투자증권,B,SF020,유가증권 보유현황(관계회사 투자지분),A2,비연결대상회사 투자지분,0.0,0.0,0.0,0.0,0.0,0.0,0.0,0.0,20370155444.0,20370155444.0,20370155444.0,20370155444.0,20370155444.0,20370155444.0,7188207936.0,7188207936.0,6838891936.0,6838891936.0,32556655208.0,42556655208.0,45379689616.0,48720622949.0,25849365821.0,27063336858.0,24963086858.0,26955766858.0,36871569884.0,32550643551.0,31543232071.0,33041385671.0,74197023469.0,75862123469.0,92348488335.0,140388028335.0,149336587880.0,171403748754.0,244149997973.0,248826481184.0,265240955964.0,273936643335.0,285037902781.0,296740279492.0,319237198720.0,326890684294.0,337795008752.0,326586395259.0,372112998870.0,347464164033.0,314714141289.0,291999053769.0,297365538143.0,254190582395.0,231110034593.0,414801899147.0,409408325531.0,395302712717.0,389809315041.0
27,국내증권사,10102,부국증권주식회사,B,SF020,유가증권 보유현황(관계회사 투자지분),A,관계회사투자지분,25461481087.0,25461481087.0,25461481087.0,36689858139.0,36689858139.0,34689858139.0,34689858139.0,36689858139.0,31023191469.0,28189858139.0,25461481087.0,30105802019.0,31105802019.0,25461481087.0,29961481087.0,37961481087.0,37961481087.0,38461481087.0,38657231087.0,37657231087.0,41657231087.0,41450860270.0,41550860270.0,43050860270.0,42050860270.0,42050860270.0,42050860270.0,42050860270.0,37650860270.0,37650860270.0,37650860270.0,37650860270.0,40650860270.0,39650860270.0,37540127329.0,36564966837.0,36564966837.0,36564966837.0,42264966837.0,36164966837.0,36164966837.0,65623807206.0,64404199363.0,64404199363.0,62445358994.0,67245358994.0,67245358994.0,69344080076.0,158814820008.0,151314820008.0,150745358994.0,152245358994.0,141481834106.0,141228776378.0,139728776378.0,139728776378.0,138745358994.0
28,국내증권사,10102,부국증권주식회사,B,SF020,유가증권 보유현황(관계회사 투자지분),A1,연결대상회사 투자지분,25461481087.0,25461481087.0,25461481087.0,36689858139.0,36689858139.0,34689858139.0,34689858139.0,36689858139.0,31023191469.0,28189858139.0,25461481087.0,25461481087.0,25461481087.0,25461481087.0,26461481087.0,34461481087.0,34461481087.0,34461481087.0,34657231087.0,33657231087.0,33657231087.0,31657231087.0,31657231087.0,31657231087.0,31657231087.0,31657231087.0,31657231087.0,31657231087.0,30857231087.0,30857231087.0,30857231087.0,30857231087.0,30857231087.0,30857231087.0,30746498146.0,30575131484.0,30575131484.0,30575131484.0,30575131484.0,30575131484.0,30575131484.0,30575131484.0,55875131484.0,56464966837.0,56464966837.0,59264966837.0,59264966837.0,59264966837.0,149264966837.0,141764966837.0,141764966837.0,131764966837.0,131764966837.0,131764966837.0,131764966837.0,131764966837.0,131764966837.0
29,국내증권사,10102,부국증권주식회사,B,SF020,유가증권 보유현황(관계회사 투자지분),A2,비연결대상회사 투자지분,0.0,0.0,0.0,0.0,0.0,0.0,0.0,0.0,0.0,0.0,0.0,4644320932.0,5644320932.0,0.0,3500000000.0,3500000000.0,3500000000.0,4000000000.0,4000000000.0,4000000000.0,8000000000.0,9793629183.0,9893629183.0,11393629183.0,10393629183.0,10393629183.0,10393629183.0,10393629183.0,6793629183.0,6793629183.0,6793629183.0,6793629183.0,9793629183.0,8793629183.0,6793629183.0,5989835353.0,5989835353.0,5989835353.0,11689835353.0,5589835353.0,5589835353.0,35048675722.0,8529067879.0,7939232526.0,5980392157.0,7980392157.0,7980392157.0,10079113239.0,9549853171.0,9549853171.0,8980392157.0,20480392157.0,9716867269.0,9463809541.0,7963809541.0,7963809541.0,6980392157.0
30,국내증권사,10104,상상인증권,B,SF020,유가증권 보유현황(관계회사 투자지분),A,관계회사투자지분,30141324068.0,30841324068.0,25709651742.0,25102645778.0,24102645778.0,26830876307.0,28239015528.0,23962989504.0,23962989504.0,22072989504.0,22072989504.0,51872989504.0,51872989504.0,51628377043.0,39505279727.0,40524598655.0,39755070683.0,39755070683.0,41555070683.0,41555070683.0,41555070683.0,41555070683.0,49555070683.0,49555070683.0,29564595374.0,29564595374.0,28081774875.0,32076771275.0,32076771275.0,30276771275.0,34276052258.0,30080629991.0,30080629991.0,30080629991.0,30080629991.0,30080629991.0,30080629991.0,30080629991.0,30080629991.0,30080629991.0,44177029991.0,44677029991.0,0.0,0.0,749000000.0,749000000.0,749000000.0,749000000.0,1149000000.0,1149000000.0,1199000000.0,1199000000.0,1199000000.0,1199000000.0,1199000000.0,1199000000.0,1199000000.0
31,국내증권사,10104,상상인증권,B,SF020,유가증권 보유현황(관계회사 투자지분),A1,연결대상회사 투자지분,20733625718.0,26565298044.0,21433625716.0,20826619752.0,19826619752.0,22554850281.0,28239015528.0,23962989504.0,23962989504.0,22072989504.0,22072989504.0,51872989504.0,51872989504.0,51628377043.0,39505279727.0,40524598655.0,39755070683.0,39755070683.0,41555070683.0,41555070683.0,41555070683.0,41555070683.0,49555070683.0,49555070683.0,29564595374.0,29564595374.0,28081774875.0,32076771275.0,32076771275.0,30276771275.0,34276052258.0,30080629991.0,30080629991.0,30080629991.0,30080629991.0,30080629991.0,30080629991.0,30080629991.0,30080629991.0,30080629991.0,44177029991.0,44677029991.0,0.0,0.0,749000000.0,749000000.0,749000000.0,749000000.0,1149000000.0,1149000000.0,1199000000.0,1199000000.0,1199000000.0,1199000000.0,1199000000.0,1199000000.0,1199000000.0
32,국내증권사,10104,상상인증권,B,SF020,유가증권 보유현황(관계회사 투자지분),A2,비연결대상회사 투자지분,9407698350.0,4276026024.0,4276026026.0,4276026026.0,4276026026.0,4276026026.0,0.0,0.0,0.0,0.0,0.0,0.0,0.0,0.0,0.0,0.0,0.0,0.0,0.0,0.0,0.0,0.0,0.0,0.0,0.0,0.0,0.0,0.0,0.0,0.0,0.0,0.0,0.0,0.0,0.0,0.0,0.0,0.0,0.0,0.0,0.0,0.0,0.0,0.0,0.0,0.0,0.0,0.0,0.0,0.0,0.0,0.0,0.0,0.0,0.0,0.0,0.0
33,국내증권사,10106,KB증권주식회사,B,SF020,유가증권 보유현황(관계회사 투자지분),A,관계회사투자지분,314352760628.0,304813290008.0,401246573409.0,367001885083.0,428752305416.0,422287782547.0,436522273162.0,541739988395.0,551238624496.0,636546200966.0,690034055611.0,690262800611.0,716448868907.0,765963533276.0,911120479792.0,856343887623.0,853820322797.0,897111481603.0,892968322286.0,818205798498.0,889578036454.0,856807896377.0,870540308479.0,856052247165.0,648827811347.0,605469557569.0,760103441840.0,845454161480.0,753554514078.0,789551571163.0,882497849024.0,967374769560.0,958733314879.0,907463277153.0,950853896016.0,896675238404.0,899276482727.0,1155975574838.0,1000315860981.0,997365202884.0,974405750642.0,1033553523190.0,1161067339755.0,1067688329735.0,1081472317598.0,1248693449890.0,1162482316219.0,1075014607630.0,1009452403076.0,1096073642163.0,1032030537974.0,950330878589.0,951930097184.0,935725509775.0,1012253240848.0,1000134663840.0,968039295620.0
34,국내증권사,10106,KB증권주식회사,B,SF020,유가증권 보유현황(관계회사 투자지분),A1,연결대상회사 투자지분,307796202488.0,298390214580.0,394705125888.0,360460437562.0,423108357895.0,419435282547.0,433669773162.0,538887488395.0,548386124496.0,635119950966.0,688607805611.0,689325550611.0,712903618907.0,761093283276.0,906250229792.0,849854212623.0,847330647797.0,891274481603.0,887131322286.0,787368798498.0,883741036454.0,850970896377.0,846657966182.0,826974008642.0,634951584028.0,589343330250.0,744307714521.0,809028251901.0,714777274494.0,741800565860.0,871967079330.0,909865033951.0,894416083270.0,832275045544.0,873432908407.0,834419433055.0,833599290727.0,806212344838.0,687086237981.0,696361145261.0,868153033019.0,922688832307.0,1039629632458.0,940510363001.0,946070035901.0,1061608608998.0,970142176228.0,896892561969.0,829822093969.0,902684550980.0,836505687561.0,761164495731.0,749809162210.0,727550631110.0,776124565500.0,760561737831.0,710140676824.0
35,국내증권사,10106,KB증권주식회사,B,SF020,유가증권 보유현황(관계회사 투자지분),A2,비연결대상회사 투자지분,6556558140.0,6423075428.0,6541447521.0,6541447521.0,5643947521.0,2852500000.0,2852500000.0,2852500000.0,2852500000.0,1426250000.0,1426250000.0,937250000.0,3545250000.0,4870250000.0,4870250000.0,6489675000.0,6489675000.0,5837000000.0,5837000000.0,30837000000.0,5837000000.0,5837000000.0,23882342297.0,29078238523.0,13876227319.0,16126227319.0,15795727319.0,36425909579.0,38777239584.0,47751005303.0,10530769694.0,57509735609.0,64317231609.0,75188231609.0,77420987609.0,62255805349.0,65677192000.0,349763230000.0,313229623000.0,301004057623.0,106252717623.0,110864690883.0,121437707297.0,127177966734.0,135402281697.0,187084840892.0,192340139991.0,178122045661.0,179630309107.0,193389091183.0,195524850413.0,189166382858.0,202120934974.0,208174878665.0,236128675348.0,239572926009.0,257898618796.0
36,국내증권사,10110,한화투자증권주식회사,B,SF020,유가증권 보유현황(관계회사 투자지분),A,관계회사투자지분,406452257996.0,406452257996.0,406351433409.0,391599366778.0,391599366778.0,48122669928.0,68482670244.0,48849209823.0,48634361809.0,42510221809.0,41541726270.0,41481726270.0,41481726270.0,41481726270.0,41481726270.0,41098226270.0,41122226270.0,40762226270.0,40962226270.0,40662226270.0,40037102309.0,41172102309.0,41065602309.0,41100602309.0,41850602309.0,42815602309.0,46320597003.0,46596597003.0,61949597003.0,61969597003.0,62619597003.0,57629597003.0,324756743336.0,120905539508.0,110389076698.0,173455784828.0,181452046675.0,130207652949.0,127923542181.0,155226113717.0,260535973386.0,208998418323.0,214589943748.0,235133690832.0,250932626363.0,291728939927.0,381993068849.0,308152592438.0,312763283807.0,445126052368.0,401932067064.0,209155804644.0,212779975728.0,212758107444.0,269386841379.0,276340574147.0,250825849893.0
37,국내증권사,10110,한화투자증권주식회사,B,SF020,유가증권 보유현황(관계회사 투자지분),A1,연결대상회사 투자지분,402923953521.0,402923953521.0,402923953521.0,388171886890.0,388171886890.0,44395190040.0,64155190356.0,46234361809.0,46234361809.0,0.0,0.0,0.0,0.0,0.0,0.0,38541726270.0,0.0,0.0,0.0,0.0,0.0,0.0,0.0,37916602309.0,37916602309.0,37916602309.0,28816602309.0,28816602309.0,43816602309.0,43816602309.0,43816602309.0,38816602309.0,285733748642.0,80786330031.0,68083051308.0,67753051308.0,71699627559.0,81205627559.0,78342699331.0,96259270867.0,173843946257.0,74921046123.0,94211689182.0,94296689182.0,93916689182.0,105605153698.0,107259194071.0,107259194071.0,108564194071.0,109869194071.0,105784543811.0,105784543811.0,107784543811.0,107784543811.0,159092325359.0,164817325359.0,163599325359.0
38,국내증권사,10110,한화투자증권주식회사,B,SF020,유가증권 보유현황(관계회사 투자지분),A2,비연결대상회사 투자지분,3528304475.0,3528304475.0,3427479888.0,3427479888.0,3427479888.0,3727479888.0,4327479888.0,2614848014.0,2400000000.0,42510221809.0,41541726270.0,41481726270.0,41481726270.0,41481726270.0,41481726270.0,2556500000.0,41122226270.0,40762226270.0,40962226270.0,40662226270.0,40037102309.0,41172102309.0,41065602309.0,3184000000.0,3934000000.0,4899000000.0,17503994694.0,17779994694.0,18132994694.0,18152994694.0,18802994694.0,18812994694.0,39022994694.0,40119209477.0,42306025390.0,105702733520.0,109752419116.0,49002025390.0,49580842850.0,58966842850.0,86692027129.0,134077372200.0,120378254566.0,140837001650.0,157015937181.0,186123786229.0,274733874778.0,200893398367.0,204199089736.0,335256858297.0,296147523253.0,103371260833.0,104995431917.0,104973563633.0,110294516020.0,111523248788.0,87226524534.0
39,국내증권사,10111,현대차증권주식회사,B,SF020,유가증권 보유현황(관계회사 투자지분),A,관계회사투자지분,0.0,0.0,0.0,0.0,0.0,0.0,0.0,0.0,18100425404.0,18000000000.0,18000000000.0,18000000000.0,43250000000.0,18000000000.0,18000000000.0,28000000000.0,35500312068.0,36500000000.0,83682300000.0,72682300000.0,72682300000.0,79682300000.0,72682300000.0,62682300000.0,71182300000.0,71182300000.0,71182300000.0,71182300000.0,71182300000.0,71182300000.0,71182300000.0,83944733629.0,89917068839.0,92528204728.0,114059382891.0,114059382891.0,114059382891.0,120150666431.0,110696864345.0,111422808736.0,109672808736.0,109780817610.0,96967398215.0,100553652031.0,83553652031.0,87585895593.0,94732190593.0,122096477072.0,97421477072.0,99632583492.0,104063857666.0,106120931810.0,116709441809.0,120396064449.0,125446887447.0,89378573851.0,113154838808.0
40,국내증권사,10111,현대차증권주식회사,B,SF020,유가증권 보유현황(관계회사 투자지분),A1,연결대상회사 투자지분,0.0,0.0,0.0,0.0,0.0,0.0,0.0,0.0,0.0,0.0,0.0,0.0,25250000000.0,0.0,0.0,0.0,0.0,0.0,0.0,0.0,0.0,0.0,0.0,0.0,0.0,0.0,0.0,0.0,0.0,0.0,0.0,0.0,0.0,0.0,0.0,0.0,0.0,0.0,0.0,0.0,0.0,0.0,0.0,2500000000.0,2500000000.0,4877762000.0,11926057000.0,14426057000.0,14426057000.0,16711379000.0,16711379000.0,16211379000.0,16211379000.0,17038297000.0,20305970000.0,20305970000.0,33945970000.0
41,국내증권사,10111,현대차증권주식회사,B,SF020,유가증권 보유현황(관계회사 투자지분),A2,비연결대상회사 투자지분,0.0,0.0,0.0,0.0,0.0,0.0,0.0,0.0,18100425404.0,18000000000.0,18000000000.0,18000000000.0,18000000000.0,18000000000.0,18000000000.0,28000000000.0,35500312068.0,36500000000.0,83682300000.0,72682300000.0,72682300000.0,79682300000.0,72682300000.0,62682300000.0,71182300000.0,71182300000.0,71182300000.0,71182300000.0,71182300000.0,71182300000.0,71182300000.0,83944733629.0,89917068839.0,92528204728.0,114059382891.0,114059382891.0,114059382891.0,120150666431.0,110696864345.0,111422808736.0,109672808736.0,109780817610.0,96967398215.0,98053652031.0,81053652031.0,82708133593.0,82806133593.0,107670420072.0,82995420072.0,82921204492.0,87352478666.0,89909552810.0,100498062809.0,103357767449.0,105140917447.0,69072603851.0,79208868808.0
42,국내증권사,10112,유화증권주식회사,B,SF020,유가증권 보유현황(관계회사 투자지분),A,관계회사투자지분,0.0,0.0,0.0,0.0,0.0,0.0,0.0,0.0,0.0,0.0,0.0,0.0,0.0,0.0,0.0,0.0,0.0,0.0,0.0,0.0,0.0,0.0,0.0,0.0,0.0,0.0,0.0,0.0,0.0,0.0,0.0,0.0,0.0,0.0,0.0,0.0,0.0,0.0,0.0,0.0,0.0,0.0,0.0,0.0,0.0,0.0,0.0,0.0,0.0,0.0,0.0,0.0,0.0,0.0,0.0,0.0,0.0
43,국내증권사,10112,유화증권주식회사,B,SF020,유가증권 보유현황(관계회사 투자지분),A1,연결대상회사 투자지분,0.0,0.0,0.0,0.0,0.0,0.0,0.0,0.0,0.0,0.0,0.0,0.0,0.0,0.0,0.0,0.0,0.0,0.0,0.0,0.0,0.0,0.0,0.0,0.0,0.0,0.0,0.0,0.0,0.0,0.0,0.0,0.0,0.0,0.0,0.0,0.0,0.0,0.0,0.0,0.0,0.0,0.0,0.0,0.0,0.0,0.0,0.0,0.0,0.0,0.0,0.0,0.0,0.0,0.0,0.0,0.0,0.0
44,국내증권사,10112,유화증권주식회사,B,SF020,유가증권 보유현황(관계회사 투자지분),A2,비연결대상회사 투자지분,0.0,0.0,0.0,0.0,0.0,0.0,0.0,0.0,0.0,0.0,0.0,0.0,0.0,0.0,0.0,0.0,0.0,0.0,0.0,0.0,0.0,0.0,0.0,0.0,0.0,0.0,0.0,0.0,0.0,0.0,0.0,0.0,0.0,0.0,0.0,0.0,0.0,0.0,0.0,0.0,0.0,0.0,0.0,0.0,0.0,0.0,0.0,0.0,0.0,0.0,0.0,0.0,0.0,0.0,0.0,0.0,0.0
45,국내증권사,10113,유안타증권주식회사,B,SF020,유가증권 보유현황(관계회사 투자지분),A,관계회사투자지분,297255715690.0,353284853073.0,353456025750.0,354656025750.0,354730346477.0,355130346477.0,354220538081.0,357609953216.0,358187229622.0,196344610608.0,147178640945.0,104915813614.0,104917911589.0,105281945228.0,103372926338.0,111328466922.0,110615762478.0,99732193884.0,98447751808.0,101863751808.0,101430769882.0,100798769882.0,100954769882.0,100850769882.0,100977497339.0,98988429837.0,94770100673.0,94770100673.0,96018693189.0,96050693189.0,96231693189.0,94658760691.0,96546740691.0,96561740691.0,96576740691.0,99397140691.0,99201140691.0,103041140691.0,102677140691.0,102387548175.0,102638548175.0,102283548175.0,102349087996.0,102109087996.0,100588566110.0,101685565783.0,101655565783.0,101555565783.0,101107565783.0,101097565783.0,100762565783.0,110482230545.0,99631897212.0,98036897212.0,99073898328.0,109467380545.0,110067380545.0
46,국내증권사,10113,유안타증권주식회사,B,SF020,유가증권 보유현황(관계회사 투자지분),A1,연결대상회사 투자지분,242447066245.0,298368529676.0,298368529676.0,298368529676.0,298368529676.0,298368529676.0,298368529676.0,303138089676.0,303138089676.0,159529470662.0,116143456253.0,85472209839.0,85182609174.0,85182609174.0,85182609174.0,85182609174.0,85182609174.0,75787409354.0,75787409354.0,75787409354.0,75787409354.0,75787409354.0,75787409354.0,75787409354.0,75787409354.0,75787409354.0,75787409354.0,75787409354.0,75787409354.0,75787409354.0,75787409354.0,75787409354.0,75787409354.0,75787409354.0,75787409354.0,75787409354.0,75787409354.0,75787409354.0,75787409354.0,75787409354.0,75787409354.0,75787409354.0,73551949175.0,73551949175.0,73551949175.0,73551949175.0,73551949175.0,73551949175.0,73551949175.0,73551949175.0,73551949175.0,73551949175.0,73551949175.0,73551949175.0,73551949175.0,73551949175.0,73551949175.0
47,국내증권사,10113,유안타증권주식회사,B,SF020,유가증권 보유현황(관계회사 투자지분),A2,비연결대상회사 투자지분,54808649445.0,54916323397.0,55087496074.0,56287496074.0,56361816801.0,56761816801.0,55852008405.0,54471863540.0,55049139946.0,36815139946.0,31035184692.0,19443603775.0,19735302415.0,20099336054.0,18190317164.0,26145857748.0,25433153304.0,23944784530.0,22660342454.0,26076342454.0,25643360528.0,25011360528.0,25167360528.0,25063360528.0,25190087985.0,23201020483.0,18982691319.0,18982691319.0,20231283835.0,20263283835.0,20444283835.0,18871351337.0,20759331337.0,20774331337.0,20789331337.0,23609731337.0,23413731337.0,27253731337.0,26889731337.0,26600138821.0,26851138821.0,26496138821.0,28797138821.0,28557138821.0,27036616935.0,28133616608.0,28103616608.0,28003616608.0,27555616608.0,27545616608.0,27210616608.0,36930281370.0,26079948037.0,24484948037.0,25521949153.0,35915431370.0,36515431370.0
48,국내증권사,10114,SK증권주식회사,B,SF020,유가증권 보유현황(관계회사 투자지분),A,관계회사투자지분,7371385269.0,15996709669.0,33157887995.0,32974884344.0,32974884344.0,34637184344.0,32877910078.0,34371619756.0,43953139756.0,45024919756.0,44998614423.0,43017600286.0,40623306286.0,40420091968.0,44928245691.0,44548533414.0,47786124234.0,51468887649.0,49722754269.0,49867054269.0,47184871778.0,50363951778.0,45593216536.0,45910056536.0,46100747058.0,52734308761.0,54885506686.0,54883739968.0,48654000615.0,48293789615.0,43217184037.0,36190504661.0,40449455104.0,53947243104.0,70119749212.0,83564212305.0,92064884905.0,100252925504.0,106596947966.0,117792388617.0,148012337320.0,213927065432.0,290084488237.0,316333920381.0,322541932985.0,352420725544.0,362302494487.0,371912346487.0,370285360828.0,381901308640.0,368216813647.0,369464017535.0,373200426908.0,368557038869.0,349173503526.0,346650612316.0,341488289603.0
49,국내증권사,10114,SK증권주식회사,B,SF020,유가증권 보유현황(관계회사 투자지분),A1,연결대상회사 투자지분,972170700.0,9597495100.0,24317873426.0,22900569775.0,22900569775.0,22900569775.0,22270295509.0,20770085187.0,20770085187.0,20770085187.0,20770085187.0,20671991650.0,20671991650.0,20671991650.0,20671991650.0,20671991650.0,20671991650.0,20671991650.0,12931815360.0,12931815360.0,12931815360.0,12931815360.0,9634840918.0,9634840918.0,9634840918.0,9634840918.0,7467071123.0,7467071123.0,7467071123.0,7467071123.0,7150538350.0,6422044735.0,11422044735.0,21412044735.0,19952827482.0,32980152721.0,37871952721.0,38930688320.0,42760827982.0,50731978633.0,51102731736.0,84789699775.0,199725775170.0,214720857314.0,216017786469.0,248737454028.0,266575243971.0,266575243971.0,263785289934.0,272885289934.0,269782099941.0,265782099941.0,272412715979.0,272416116959.0,264642205503.0,264643523833.0,264643523833.0
50,국내증권사,10114,SK증권주식회사,B,SF020,유가증권 보유현황(관계회사 투자지분),A2,비연결대상회사 투자지분,6399214569.0,6399214569.0,8840014569.0,10074314569.0,10074314569.0,11736614569.0,10607614569.0,13601534569.0,23183054569.0,24254834569.0,24228529236.0,22345608636.0,19951314636.0,19748100318.0,24256254041.0,23876541764.0,27114132584.0,30796895999.0,36790938909.0,36935238909.0,34253056418.0,37432136418.0,35958375618.0,36275215618.0,36465906140.0,43099467843.0,47418435563.0,47416668845.0,41186929492.0,40826718492.0,36066645687.0,29768459926.0,29027410369.0,32535198369.0,50166921730.0,50584059584.0,54192932184.0,61322237184.0,63836119984.0,67060409984.0,96909605584.0,129137365657.0,90358713067.0,101613063067.0,106524146516.0,103683271516.0,95727250516.0,105337102516.0,106500070894.0,109016018706.0,98434713706.0,103681917594.0,100787710929.0,96140921910.0,84531298023.0,82007088483.0,76844765770.0
51,국내증권사,10119,삼성증권(주),B,SF020,유가증권 보유현황(관계회사 투자지분),A,관계회사투자지분,397605115979.0,394647514399.0,404848303379.0,315392807761.0,311821486208.0,311589343292.0,300660809568.0,285420424028.0,285432293900.0,283579046261.0,283154393305.0,281859916122.0,418940370500.0,423024031475.0,476365567640.0,428717216630.0,429080968058.0,428754618406.0,421299837996.0,270293513561.0,270283624024.0,255185351139.0,255366738549.0,255204968296.0,251990594785.0,250927483201.0,319255344140.0,320045634959.0,320393033702.0,352088415880.0,339214446059.0,366659344555.0,449177534004.0,371354859949.0,579062822873.0,423732466371.0,479069105045.0,434094067618.0,381111340077.0,374424111506.0,330486386089.0,343345139216.0,349696380253.0,363882853841.0,368915615089.0,374162556989.0,379393576945.0,408201288949.0,409418792490.0,400778539013.0,431206607549.0,432300153310.0,414641789126.0,437669734761.0,388552732936.0,388374463708.0,392322131105.0
52,국내증권사,10119,삼성증권(주),B,SF020,유가증권 보유현황(관계회사 투자지분),A1,연결대상회사 투자지분,397605115979.0,394647514399.0,394826503379.0,305788975790.0,302904771257.0,302826427760.0,292257740931.0,277391936995.0,277516709794.0,276389185486.0,276425674624.0,276463356892.0,405590370500.0,409674031475.0,463015567640.0,415367216630.0,415730968058.0,415404618406.0,407949837996.0,256943513561.0,256933624024.0,241835351139.0,242016738549.0,241854968296.0,238640594785.0,237577483201.0,305905344140.0,306695634959.0,307043033702.0,338738415880.0,325864446059.0,366659344555.0,449177534004.0,371354859949.0,579062822873.0,423732466371.0,479069105045.0,434094067618.0,367113965077.0,356417697506.0,317419602089.0,317954663667.0,318175974704.0,318692844332.0,318437634960.0,318816109000.0,313252905015.0,338572862019.0,342394520659.0,342852909348.0,380898038670.0,381073117034.0,362843563974.0,387864530722.0,346652060387.0,348752060387.0,348752060387.0
53,국내증권사,10119,삼성증권(주),B,SF020,유가증권 보유현황(관계회사 투자지분),A2,비연결대상회사 투자지분,0.0,0.0,10021800000.0,9603831971.0,8916714951.0,8762915532.0,8403068637.0,8028487033.0,7915584106.0,7189860775.0,6728718681.0,5396559230.0,13350000000.0,13350000000.0,13350000000.0,13350000000.0,13350000000.0,13350000000.0,13350000000.0,13350000000.0,13350000000.0,13350000000.0,13350000000.0,13350000000.0,13350000000.0,13350000000.0,13350000000.0,13350000000.0,13350000000.0,13350000000.0,13350000000.0,0.0,0.0,0.0,0.0,0.0,0.0,0.0,13997375000.0,18006414000.0,13066784000.0,25390475549.0,31520405549.0,45190009509.0,50477980129.0,55346447989.0,66140671930.0,69628426930.0,67024271831.0,57925629665.0,50308568879.0,51227036276.0,51798225152.0,49805204039.0,41900672549.0,39622403321.0,43570070718.0
54,국내증권사,10120,DB금융투자주식회사,B,SF020,유가증권 보유현황(관계회사 투자지분),A,관계회사투자지분,68706300775.0,68706300775.0,70486300775.0,70486300775.0,75410425087.0,75378425087.0,75378425087.0,77338425087.0,77338425087.0,77338425087.0,77423411753.0,77423411753.0,77423411753.0,156625911753.0,76649911753.0,76649911753.0,102358411753.0,109772411753.0,108803494253.0,308803494253.0,108803494253.0,108803494253.0,108128514253.0,,,,,,,,,,,,,,,,,,,,,,,,,,,,,,,,,,
55,국내증권사,10120,DB금융투자주식회사,B,SF020,유가증권 보유현황(관계회사 투자지분),A1,연결대상회사 투자지분,21315306727.0,21315306727.0,21315306727.0,21315306727.0,24369431039.0,24369431039.0,24369431039.0,24369431039.0,71760425087.0,71760425087.0,71760425087.0,71760425087.0,71760425087.0,151760425087.0,71760425087.0,71760425087.0,97468925087.0,104868925087.0,104868925087.0,304868925087.0,104868925087.0,104868925087.0,104868925087.0,,,,,,,,,,,,,,,,,,,,,,,,,,,,,,,,,,
56,국내증권사,10120,DB금융투자주식회사,B,SF020,유가증권 보유현황(관계회사 투자지분),A2,비연결대상회사 투자지분,47390994048.0,47390994048.0,49170994048.0,49170994048.0,51040994048.0,51008994048.0,51008994048.0,52968994048.0,5578000000.0,5578000000.0,5662986666.0,5662986666.0,5662986666.0,4865486666.0,4889486666.0,4889486666.0,4889486666.0,4903486666.0,3934569166.0,3934569166.0,3934569166.0,3934569166.0,3259589166.0,,,,,,,,,,,,,,,,,,,,,,,,,,,,,,,,,,
57,국내증권사,10120,디비증권주식회사,B,SF020,유가증권 보유현황(관계회사 투자지분),A,관계회사투자지분,,,,,,,,,,,,,,,,,,,,,,,,108128514253.0,107842974253.0,107882974253.0,83686913888.0,80481560925.0,80311296525.0,78157365025.0,74230225089.0,71840425087.0,71865425087.0,71865425087.0,74697545087.0,71563420775.0,71563420775.0,71653420775.0,71628420775.0,71628420775.0,74628420775.0,74628420775.0,79624870714.0,79624870714.0,79624870714.0,79624870714.0,83874870714.0,85874870714.0,84931427701.0,84311377146.0,83655120670.0,83595120670.0,85947515045.0,85963515045.0,126137515045.0,126137515045.0,127174489719.0
58,국내증권사,10120,디비증권주식회사,B,SF020,유가증권 보유현황(관계회사 투자지분),A1,연결대상회사 투자지분,,,,,,,,,,,,,,,,,,,,,,,,104868925087.0,104868925087.0,104868925087.0,79927448722.0,77467511759.0,77467511759.0,77467511759.0,73748425494.0,71760425087.0,71760425087.0,71760425087.0,74592545087.0,71538420775.0,71538420775.0,71538420775.0,71538420775.0,71538420775.0,71538420775.0,71538420775.0,71538420775.0,71538420775.0,71538420775.0,71538420775.0,74538420775.0,75538420775.0,75538420775.0,78328143598.0,77801887122.0,77801887122.0,80039534182.0,80039534182.0,120198534182.0,120198534182.0,120198534182.0
59,국내증권사,10120,디비증권주식회사,B,SF020,유가증권 보유현황(관계회사 투자지분),A2,비연결대상회사 투자지분,,,,,,,,,,,,,,,,,,,,,,,,3259589166.0,2974049166.0,3014049166.0,3759465166.0,3014049166.0,2843784766.0,689853266.0,481799595.0,80000000.0,105000000.0,105000000.0,105000000.0,25000000.0,25000000.0,115000000.0,90000000.0,90000000.0,3090000000.0,3090000000.0,8086449939.0,8086449939.0,8086449939.0,8086449939.0,9336449939.0,10336449939.0,9393006926.0,5983233548.0,5853233548.0,5793233548.0,5907980863.0,5923980863.0,5938980863.0,5938980863.0,6975955537.0
60,국내증권사,10123,씨티그룹글로벌마켓증권주식회사,B,SF020,유가증권 보유현황(관계회사 투자지분),A,관계회사투자지분,0.0,0.0,0.0,0.0,0.0,0.0,0.0,0.0,0.0,0.0,0.0,0.0,0.0,0.0,0.0,0.0,0.0,0.0,0.0,0.0,0.0,0.0,0.0,0.0,0.0,0.0,0.0,0.0,0.0,0.0,0.0,0.0,0.0,0.0,0.0,0.0,0.0,0.0,0.0,0.0,0.0,0.0,0.0,0.0,0.0,0.0,0.0,0.0,0.0,0.0,0.0,0.0,0.0,0.0,0.0,0.0,0.0
61,국내증권사,10123,씨티그룹글로벌마켓증권주식회사,B,SF020,유가증권 보유현황(관계회사 투자지분),A1,연결대상회사 투자지분,0.0,0.0,0.0,0.0,0.0,0.0,0.0,0.0,0.0,0.0,0.0,0.0,0.0,0.0,0.0,0.0,0.0,0.0,0.0,0.0,0.0,0.0,0.0,0.0,0.0,0.0,0.0,0.0,0.0,0.0,0.0,0.0,0.0,0.0,0.0,0.0,0.0,0.0,0.0,0.0,0.0,0.0,0.0,0.0,0.0,0.0,0.0,0.0,0.0,0.0,0.0,0.0,0.0,0.0,0.0,0.0,0.0
62,국내증권사,10123,씨티그룹글로벌마켓증권주식회사,B,SF020,유가증권 보유현황(관계회사 투자지분),A2,비연결대상회사 투자지분,0.0,0.0,0.0,0.0,0.0,0.0,0.0,0.0,0.0,0.0,0.0,0.0,0.0,0.0,0.0,0.0,0.0,0.0,0.0,0.0,0.0,0.0,0.0,0.0,0.0,0.0,0.0,0.0,0.0,0.0,0.0,0.0,0.0,0.0,0.0,0.0,0.0,0.0,0.0,0.0,0.0,0.0,0.0,0.0,0.0,0.0,0.0,0.0,0.0,0.0,0.0,0.0,0.0,0.0,0.0,0.0,0.0
63,국내증권사,10128,주식회사 아이엠증권,B,SF020,유가증권 보유현황(관계회사 투자지분),A,관계회사투자지분,128585055476.0,143234915955.0,161976443200.0,107902778405.0,151250156770.0,151250156770.0,156459349658.0,110086538253.0,87032245261.0,78802568624.0,70736163778.0,70736163778.0,70736163778.0,69163163778.0,68729163778.0,65729163778.0,68330163778.0,61271163778.0,87246322494.0,87567322494.0,84567322494.0,84567322494.0,84084322494.0,99602587054.0,98279515453.0,98279515453.0,88641515453.0,86528515453.0,89528515453.0,89528515453.0,89528515453.0,87309515453.0,7865192959.0,7865192959.0,7865192959.0,4865192959.0,16865192959.0,16865192959.0,16061932007.0,31401663058.0,36929775000.0,84434775000.0,33779775000.0,32934775000.0,62934775000.0,78424994037.0,79471962037.0,80145500000.0,87489000000.0,86289000000.0,87138500000.0,100591000000.0,100616287636.0,94112871942.0,79725939432.0,80428231504.0,79963132306.0
64,국내증권사,10128,주식회사 아이엠증권,B,SF020,유가증권 보유현황(관계회사 투자지분),A1,연결대상회사 투자지분,128585055476.0,143234915955.0,161976443200.0,107902778405.0,151250156770.0,135633757780.0,140633757780.0,101015036857.0,79269163778.0,74269163778.0,65269163778.0,65269163778.0,65269163778.0,63269163778.0,63269163778.0,60269163778.0,63269163778.0,56469163778.0,82444322494.0,83444322494.0,80444322494.0,80444322494.0,80444322494.0,95962587054.0,94639515453.0,94639515453.0,85309515453.0,84309515453.0,87309515453.0,87309515453.0,87309515453.0,87309515453.0,7865192959.0,7865192959.0,4865192959.0,4865192959.0,4865192959.0,4865192959.0,61932007.0,61932007.0,500000000.0,500000000.0,11500000000.0,3500000000.0,10000000000.0,15495219037.0,10926462037.0,9600000000.0,9600000000.0,7000000000.0,7000000000.0,7000000000.0,7000000000.0,5335974000.0,2210292000.0,2210292000.0,2210292000.0
65,국내증권사,10128,주식회사 아이엠증권,B,SF020,유가증권 보유현황(관계회사 투자지분),A2,비연결대상회사 투자지분,0.0,0.0,0.0,0.0,0.0,15616398990.0,15825591878.0,9071501396.0,7763081483.0,4533404846.0,5467000000.0,5467000000.0,5467000000.0,5894000000.0,5460000000.0,5460000000.0,5061000000.0,4802000000.0,4802000000.0,4123000000.0,4123000000.0,4123000000.0,3640000000.0,3640000000.0,3640000000.0,3640000000.0,3332000000.0,2219000000.0,2219000000.0,2219000000.0,2219000000.0,0.0,0.0,0.0,3000000000.0,0.0,12000000000.0,12000000000.0,16000000000.0,31339731051.0,36429775000.0,83934775000.0,22279775000.0,29434775000.0,52934775000.0,62929775000.0,68545500000.0,70545500000.0,77889000000.0,79289000000.0,80138500000.0,93591000000.0,93616287636.0,88776897942.0,77515647432.0,78217939504.0,77752840306.0
66,국내증권사,10129,한국투자증권,B,SF020,유가증권 보유현황(관계회사 투자지분),A,관계회사투자지분,84833608247.0,85132758859.0,110265532205.0,109974065755.0,95218341084.0,429101833946.0,427909782479.0,425429782766.0,400630815470.0,411024315470.0,457735865233.0,465999037782.0,524088919597.0,576903913155.0,593529107723.0,693101341370.0,733078270084.0,763479439779.0,690680568881.0,744769178267.0,748367810116.0,750894326455.0,761150325342.0,801566760906.0,808499872142.0,819615842497.0,811749368396.0,856643330170.0,1300407023693.0,1230470488910.0,1816444908766.0,2577066891527.0,3064819675420.0,3371947040854.0,4062595702692.0,4073388374734.0,4176602212355.0,4040063597781.0,4292358259278.0,3951877754547.0,4009228617334.0,4513294902285.0,4694217113935.0,4716572428450.0,4827092840944.0,4916002639026.0,8485651418558.0,8623917683342.0,8864378874767.0,8985410591204.0,8843897904426.0,8871416701042.0,9017987702174.0,9392182262362.0,9731811689622.0,9864268208137.0,9989027234315.0
67,국내증권사,10129,한국투자증권,B,SF020,유가증권 보유현황(관계회사 투자지분),A1,연결대상회사 투자지분,31470780956.0,31470780956.0,56470780956.0,56470780956.0,56470780956.0,388680380956.0,389941829489.0,389369096785.0,364941829489.0,364941829489.0,407273739489.0,412554207221.0,470656707221.0,522411707221.0,542411707221.0,641559440868.0,681559440868.0,701559440868.0,621860583894.0,683245583894.0,683245583894.0,683245583894.0,683245583894.0,683245583894.0,683245583894.0,683245583894.0,683245583894.0,712945583894.0,1095535904718.0,934435904718.0,1264472830618.0,1906381179022.0,2105325891595.0,2372555386739.0,2925587368030.0,2936994582110.0,3036725913482.0,2908296335549.0,3011776166496.0,2884340630011.0,2951697073468.0,3339922834141.0,3379739349220.0,3409088960299.0,3416388051358.0,3521323751013.0,3544944999281.0,3591929749093.0,3737217529901.0,3769407128306.0,3676690283362.0,3744204270432.0,3788907319697.0,4112128673900.0,4111195242153.0,4374389890319.0,4549547903902.0
68,국내증권사,10129,한국투자증권,B,SF020,유가증권 보유현황(관계회사 투자지분),A2,비연결대상회사 투자지분,53362827291.0,53661977903.0,53794751249.0,53503284799.0,38747560128.0,40421452990.0,37967952990.0,36060685981.0,35688985981.0,46082485981.0,50462125744.0,53444830561.0,53432212376.0,54492205934.0,51117400502.0,51541900502.0,51518829216.0,61919998911.0,68819984987.0,61523594373.0,65122226222.0,67648742561.0,77904741448.0,118321177012.0,125254288248.0,136370258603.0,128503784502.0,143697746276.0,204871118975.0,296034584192.0,551972078148.0,670685712505.0,959493783825.0,999391654115.0,1137008334662.0,1136393792624.0,1139876298873.0,1131767262232.0,1280582092782.0,1067537124536.0,1057531543866.0,1173372068144.0,1314477764715.0,1307483468151.0,1410704789586.0,1394678888013.0,4940706419277.0,5031987934249.0,5127161344866.0,5216003462898.0,5167207621064.0,5127212430610.0,5229080382477.0,5280053588462.0,5620616447469.0,5489878317818.0,5439479330413.0
69,국내증권사,10130,하나증권주식회사,B,SF020,유가증권 보유현황(관계회사 투자지분),A,관계회사투자지분,62847166663.0,63924866663.0,80654566663.0,80654566663.0,87199566663.0,85947566663.0,87049866663.0,112929866663.0,108372905663.0,104592905663.0,102206436519.0,102206436519.0,102206436519.0,99415186519.0,108849249291.0,129705381878.0,130057981878.0,130057981878.0,138809765069.0,140512823717.0,140897144117.0,143121054717.0,132197192872.0,131697202872.0,128691564821.0,127090126110.0,128877034609.0,135196911717.0,136096465908.0,217165060405.0,228165060405.0,240450707023.0,242663689370.0,1105347503610.0,692165746949.0,816979709689.0,1165189439471.0,1043430414761.0,1288068580590.0,1267360235953.0,1463170543404.0,1409437093946.0,1522755171382.0,1722965761298.0,1624282376112.0,1737426629359.0,1745627336820.0,1623646776806.0,1648303553991.0,1680708253820.0,1706723350813.0,1714501022906.0,1699544443926.0,1824787653396.0,1724108108717.0,1846546729508.0,1898889360552.0
70,국내증권사,10130,하나증권주식회사,B,SF020,유가증권 보유현황(관계회사 투자지분),A1,연결대상회사 투자지분,32890610000.0,33968310000.0,50698010000.0,50698010000.0,57243010000.0,55991010000.0,57093310000.0,82973310000.0,78413310000.0,74633310000.0,72246840856.0,72246840856.0,72246840856.0,69455590856.0,64429653628.0,78245486215.0,77598086215.0,77598086215.0,65462224406.0,62882198006.0,61766518406.0,61766518406.0,50845995561.0,50845995561.0,47840357510.0,47534728799.0,49601854498.0,47553874129.0,46084570845.0,46993165342.0,46993165342.0,54768795587.0,54711777934.0,918983504262.0,518781212161.0,671453417833.0,1045884266149.0,872045444439.0,1128679161641.0,1108751578827.0,1279309294933.0,1197731556676.0,1308909449313.0,1406037018774.0,1258799639368.0,1283255036906.0,1300858453040.0,1196694693026.0,1214876650047.0,1216021028522.0,1257060212647.0,1266995945968.0,1266098222774.0,1399380093667.0,1300780753456.0,1424234593111.0,1482974215557.0
71,국내증권사,10130,하나증권주식회사,B,SF020,유가증권 보유현황(관계회사 투자지분),A2,비연결대상회사 투자지분,29956556663.0,29956556663.0,29956556663.0,29956556663.0,29956556663.0,29956556663.0,29956556663.0,29956556663.0,29959595663.0,29959595663.0,29959595663.0,29959595663.0,29959595663.0,29959595663.0,44419595663.0,51459895663.0,52459895663.0,52459895663.0,73347540663.0,77630625711.0,79130625711.0,81354536311.0,81351197311.0,80851207311.0,80851207311.0,79555397311.0,79275180111.0,87643037588.0,90011895063.0,170171895063.0,181171895063.0,185681911436.0,187951911436.0,186363999348.0,173384534788.0,145526291856.0,119305173322.0,171384970322.0,159389418949.0,158608657126.0,183861248471.0,211705537270.0,213845722069.0,316928742524.0,365482736744.0,454171592453.0,444768883780.0,426952083780.0,433426903944.0,464687225298.0,449663138166.0,447505076938.0,433446221152.0,425407559729.0,423327355261.0,422312136397.0,415915144995.0
72,국내증권사,10132,리딩투자증권주식회사,B,SF020,유가증권 보유현황(관계회사 투자지분),A,관계회사투자지분,29073032851.0,33513914737.0,45094809777.0,52312357376.0,57412357376.0,61014633176.0,61014633176.0,23469041702.0,14969041702.0,14969041702.0,14969041702.0,14969041702.0,14969041702.0,32754243148.0,24922305882.0,26087704117.0,25179326497.0,24570295437.0,21569041702.0,19034183403.0,22034183403.0,23934183403.0,32134183403.0,44734183403.0,38234183403.0,42834183403.0,52734183403.0,4969646107.0,4969646107.0,4969646107.0,4969646107.0,19530904000.0,12593270257.0,29333354000.0,32301319270.0,32119838470.0,44117988470.0,44117988470.0,46304368299.0,56004368299.0,74454823633.0,74454823633.0,83552793633.0,83380293633.0,80350197571.0,84150197571.0,84250197571.0,81886329410.0,82579329410.0,84490500942.0,84490500942.0,85002901183.0,88002901183.0,93002901183.0,93002901183.0,92881004973.0,80849592498.0
73,국내증권사,10132,리딩투자증권주식회사,B,SF020,유가증권 보유현황(관계회사 투자지분),A1,연결대상회사 투자지분,29073032851.0,33513914737.0,45094809777.0,52312357376.0,57412357376.0,61014633176.0,61014633176.0,23469041702.0,14969041702.0,14969041702.0,14969041702.0,14969041702.0,14969041702.0,32754243148.0,24922305882.0,26087704117.0,25179326497.0,24570295437.0,21569041702.0,19034183403.0,22034183403.0,23934183403.0,32134183403.0,44734183403.0,38234183403.0,42834183403.0,52734183403.0,4969646107.0,4969646107.0,4969646107.0,4969646107.0,19530904000.0,7285432695.0,29333354000.0,29333354000.0,27751873200.0,39750023200.0,39750023200.0,41936403029.0,41936403029.0,55386858363.0,55386858363.0,55386858363.0,55214358363.0,55289744254.0,59089744254.0,59389744254.0,58244287861.0,58244287861.0,58244287861.0,58244287861.0,60189953406.0,63189953406.0,68189953406.0,68189953406.0,68189953406.0,71767349251.0
74,국내증권사,10132,리딩투자증권주식회사,B,SF020,유가증권 보유현황(관계회사 투자지분),A2,비연결대상회사 투자지분,0.0,0.0,0.0,0.0,0.0,0.0,0.0,0.0,0.0,0.0,0.0,0.0,0.0,0.0,0.0,0.0,0.0,0.0,0.0,0.0,0.0,0.0,0.0,0.0,0.0,0.0,0.0,0.0,0.0,0.0,0.0,0.0,5307837562.0,0.0,2967965270.0,4367965270.0,4367965270.0,4367965270.0,4367965270.0,14067965270.0,19067965270.0,19067965270.0,28165935270.0,28165935270.0,25060453317.0,25060453317.0,24860453317.0,23642041549.0,24335041549.0,26246213081.0,26246213081.0,24812947777.0,24812947777.0,24812947777.0,24812947777.0,24691051567.0,9082243247.0
75,국내증권사,10136,키움증권(주),B,SF020,유가증권 보유현황(관계회사 투자지분),A,관계회사투자지분,81189298471.0,81022268622.0,118127473429.0,143013130189.0,129517033881.0,129311025405.0,129018415288.0,188300875508.0,219681818868.0,220409108779.0,223900518091.0,220288025483.0,298857746655.0,300632985673.0,337489192311.0,352220532019.0,351513068869.0,366827341769.0,366169359472.0,359678624517.0,422442567652.0,453075155548.0,551718501070.0,555065889002.0,597040483966.0,598740483966.0,660470021958.0,716858065071.0,903470379148.0,1027290312731.0,1254054123972.0,1325926814695.0,1262348747221.0,1082274599392.0,1324383049525.0,1247732630278.0,1251937710328.0,1239504165864.0,1265037267724.0,1365798481177.0,1429701873540.0,1477927101628.0,1643958855603.0,1723336002911.0,1748890106418.0,1845451104668.0,1890829805071.0,1981708357062.0,2005954218331.0,2141909553705.0,2112950433537.0,2162186414788.0,2173966777874.0,2194930926302.0,2277652111836.0,2526257382712.0,2577465471464.0
76,국내증권사,10136,키움증권(주),B,SF020,유가증권 보유현황(관계회사 투자지분),A1,연결대상회사 투자지분,69604660635.0,69437630786.0,106542835593.0,131428492353.0,117932396045.0,117726387569.0,117848777452.0,177131237672.0,202812181032.0,197539470943.0,197629470943.0,197418387647.0,273501071827.0,275182264201.0,307038470839.0,321769810547.0,321062347397.0,337617100256.0,349335788303.0,343678386681.0,385870794923.0,416302996799.0,505658247214.0,499736004452.0,543541199416.0,545541199416.0,573868938504.0,612473754733.0,757004032810.0,876823966393.0,989789387979.0,1070678194431.0,1021265264118.0,916007392435.0,1014202582949.0,1039860193159.0,1046992632900.0,1026254094560.0,1081082680940.0,1174926944393.0,1211864098934.0,1244985439786.0,1357438662737.0,1408156341200.0,1367689332122.0,1443966108713.0,1431343846241.0,1478570789955.0,1524040453549.0,1552865955623.0,1530515690726.0,1568896928218.0,1565029865644.0,1564721368750.0,1640696291299.0,1884060735355.0,1942206388792.0
77,국내증권사,10136,키움증권(주),B,SF020,유가증권 보유현황(관계회사 투자지분),A2,비연결대상회사 투자지분,11584637836.0,11584637836.0,11584637836.0,11584637836.0,11584637836.0,11584637836.0,11169637836.0,11169637836.0,16869637836.0,22869637836.0,26271047148.0,22869637836.0,25356674828.0,25450721472.0,30450721472.0,30450721472.0,30450721472.0,29210241513.0,16833571169.0,16000237836.0,36571772729.0,36772158749.0,46060253856.0,55329884550.0,53499284550.0,53199284550.0,86601083454.0,104384310338.0,146466346338.0,150466346338.0,264264735993.0,255248620264.0,241083483103.0,166267206957.0,310180466576.0,207872437119.0,204945077428.0,213250071304.0,183954586784.0,190871536784.0,217837774606.0,232941661842.0,286520192866.0,315179661711.0,381200774296.0,401484995955.0,459485958830.0,503137567107.0,481913764782.0,589043598082.0,582434742811.0,593289486570.0,608936912230.0,630209557552.0,636955820537.0,642196647357.0,635259082672.0
78,국내증권사,10137,LS증권,B,SF020,유가증권 보유현황(관계회사 투자지분),A,관계회사투자지분,0.0,0.0,0.0,0.0,0.0,0.0,0.0,0.0,0.0,0.0,0.0,0.0,0.0,0.0,0.0,0.0,0.0,0.0,0.0,0.0,0.0,0.0,60000000.0,60000000.0,160000000.0,1160000000.0,1141898351.0,7629479696.0,8010029592.0,7775567180.0,7507904369.0,8038700682.0,9616457010.0,11814139251.0,12196721240.0,12764562816.0,15203814992.0,22475237860.0,28801131238.0,29182671693.0,29537585749.0,35883022582.0,32302988192.0,32989417142.0,34774127108.0,37146655235.0,30574511392.0,24785068908.0,24151864127.0,31364100481.0,37000583233.0,43358009491.0,43834553350.0,46637094263.0,46977362011.0,46255016755.0,58958467754.0
79,국내증권사,10137,LS증권,B,SF020,유가증권 보유현황(관계회사 투자지분),A1,연결대상회사 투자지분,0.0,0.0,0.0,0.0,0.0,0.0,0.0,0.0,0.0,0.0,0.0,0.0,0.0,0.0,0.0,0.0,0.0,0.0,0.0,0.0,0.0,0.0,0.0,0.0,0.0,0.0,0.0,0.0,0.0,0.0,0.0,0.0,0.0,0.0,0.0,0.0,0.0,0.0,0.0,0.0,0.0,0.0,0.0,0.0,0.0,0.0,0.0,0.0,0.0,0.0,0.0,0.0,0.0,0.0,0.0,6740000000.0,22740000000.0
80,국내증권사,10137,LS증권,B,SF020,유가증권 보유현황(관계회사 투자지분),A2,비연결대상회사 투자지분,0.0,0.0,0.0,0.0,0.0,0.0,0.0,0.0,0.0,0.0,0.0,0.0,0.0,0.0,0.0,0.0,0.0,0.0,0.0,0.0,0.0,0.0,60000000.0,60000000.0,160000000.0,1160000000.0,1141898351.0,7629479696.0,8010029592.0,7775567180.0,7507904369.0,8038700682.0,9616457010.0,11814139251.0,12196721240.0,12764562816.0,15203814992.0,22475237860.0,28801131238.0,29182671693.0,29537585749.0,35883022582.0,32302988192.0,32989417142.0,34774127108.0,37146655235.0,30574511392.0,24785068908.0,24151864127.0,31364100481.0,37000583233.0,43358009491.0,43834553350.0,46637094263.0,46977362011.0,39515016755.0,36218467754.0
81,국내증권사,10138,코리아에셋투자증권,B,SF020,유가증권 보유현황(관계회사 투자지분),A,관계회사투자지분,0.0,0.0,0.0,0.0,0.0,0.0,0.0,0.0,0.0,0.0,0.0,0.0,0.0,0.0,0.0,0.0,0.0,0.0,0.0,0.0,0.0,0.0,0.0,0.0,0.0,0.0,0.0,2727500000.0,3210500000.0,3290500000.0,3397500000.0,3472500000.0,3557500000.0,2238207877.0,2661512613.0,2946899173.0,3566738602.0,5897428217.0,6834002329.0,7396664691.0,8275288543.0,8625772646.0,13990068660.0,15469128387.0,15867516224.0,15967345690.0,17171758067.0,18892383129.0,18877086598.0,20204243687.0,20830148890.0,20439775429.0,20850887031.0,22301907633.0,22982346896.0,19947421238.0,20508891813.0
82,국내증권사,10138,코리아에셋투자증권,B,SF020,유가증권 보유현황(관계회사 투자지분),A1,연결대상회사 투자지분,0.0,0.0,0.0,0.0,0.0,0.0,0.0,0.0,0.0,0.0,0.0,0.0,0.0,0.0,0.0,0.0,0.0,0.0,0.0,0.0,0.0,0.0,0.0,0.0,0.0,0.0,0.0,900000000.0,1350000000.0,1350000000.0,1350000000.0,1350000000.0,1350000000.0,0.0,0.0,0.0,0.0,0.0,0.0,0.0,0.0,0.0,0.0,0.0,0.0,0.0,0.0,0.0,0.0,0.0,0.0,0.0,0.0,0.0,0.0,0.0,0.0
83,국내증권사,10138,코리아에셋투자증권,B,SF020,유가증권 보유현황(관계회사 투자지분),A2,비연결대상회사 투자지분,0.0,0.0,0.0,0.0,0.0,0.0,0.0,0.0,0.0,0.0,0.0,0.0,0.0,0.0,0.0,0.0,0.0,0.0,0.0,0.0,0.0,0.0,0.0,0.0,0.0,0.0,0.0,1827500000.0,1860500000.0,1940500000.0,2047500000.0,2122500000.0,2207500000.0,2238207877.0,2661512613.0,2946899173.0,3566738602.0,5897428217.0,6834002329.0,7396664691.0,8275288543.0,8625772646.0,13990068660.0,15469128387.0,15867516224.0,15967345690.0,17171758067.0,18892383129.0,18877086598.0,20204243687.0,20830148890.0,20439775429.0,20850887031.0,22301907633.0,22982346896.0,19947421238.0,20508891813.0
84,국내증권사,10139,흥국증권주식회사,B,SF020,유가증권 보유현황(관계회사 투자지분),A,관계회사투자지분,11929018537.0,11929018537.0,11929018537.0,11929018537.0,11929018537.0,11929018537.0,11929018537.0,11929018537.0,11929018537.0,11929018537.0,11929018537.0,11929018537.0,11929018537.0,11929018537.0,11929018537.0,11929018537.0,11929018537.0,11929018537.0,11929018537.0,11929018537.0,11929018537.0,11929018537.0,11929018537.0,11929018537.0,11929018537.0,11929018537.0,11929018537.0,11929018537.0,11929018537.0,11929018537.0,11929018537.0,11929018537.0,11929018537.0,11929018537.0,11929018537.0,11929018537.0,11929018537.0,11929018537.0,11929018537.0,11929018537.0,11929018537.0,12029018537.0,12068014949.0,12068014949.0,12146344371.0,12156344371.0,12163875341.0,12163875341.0,12359967851.0,12528467851.0,12787518537.0,12962518537.0,13182518537.0,13232518537.0,13432518537.0,13432518537.0,13395033120.0
85,국내증권사,10139,흥국증권주식회사,B,SF020,유가증권 보유현황(관계회사 투자지분),A1,연결대상회사 투자지분,11929018537.0,11929018537.0,11929018537.0,11929018537.0,11929018537.0,11929018537.0,11929018537.0,11929018537.0,11929018537.0,11929018537.0,11929018537.0,11929018537.0,11929018537.0,11929018537.0,11929018537.0,11929018537.0,11929018537.0,11929018537.0,11929018537.0,11929018537.0,11929018537.0,11929018537.0,11929018537.0,11929018537.0,11929018537.0,11929018537.0,11929018537.0,11929018537.0,11929018537.0,11929018537.0,11929018537.0,11929018537.0,11929018537.0,11929018537.0,11929018537.0,11929018537.0,11929018537.0,11929018537.0,11929018537.0,11929018537.0,11929018537.0,11929018537.0,11929018537.0,11929018537.0,11929018537.0,11929018537.0,11929018537.0,11929018537.0,11929018537.0,11929018537.0,11929018537.0,11929018537.0,11929018537.0,11929018537.0,11929018537.0,11929018537.0,11929018537.0
86,국내증권사,10139,흥국증권주식회사,B,SF020,유가증권 보유현황(관계회사 투자지분),A2,비연결대상회사 투자지분,0.0,0.0,0.0,0.0,0.0,0.0,0.0,0.0,0.0,0.0,0.0,0.0,0.0,0.0,0.0,0.0,0.0,0.0,0.0,0.0,0.0,0.0,0.0,0.0,0.0,0.0,0.0,0.0,0.0,0.0,0.0,0.0,0.0,0.0,0.0,0.0,0.0,0.0,0.0,0.0,0.0,100000000.0,138996412.0,138996412.0,217325834.0,227325834.0,234856804.0,234856804.0,430949314.0,599449314.0,858500000.0,1033500000.0,1253500000.0,1303500000.0,1503500000.0,1503500000.0,1466014583.0
87,국내증권사,10169,도이치증권,B,SF020,유가증권 보유현황(관계회사 투자지분),A,관계회사투자지분,0.0,0.0,0.0,0.0,0.0,0.0,0.0,0.0,0.0,0.0,0.0,0.0,0.0,0.0,0.0,0.0,32700000000.0,29157207524.0,94450659.0,94450659.0,94450659.0,94450659.0,94450659.0,94450659.0,0.0,0.0,0.0,0.0,0.0,0.0,0.0,0.0,0.0,0.0,0.0,0.0,0.0,0.0,0.0,0.0,0.0,0.0,0.0,0.0,0.0,0.0,0.0,0.0,0.0,0.0,0.0,0.0,0.0,0.0,0.0,0.0,0.0
88,국내증권사,10169,도이치증권,B,SF020,유가증권 보유현황(관계회사 투자지분),A1,연결대상회사 투자지분,0.0,0.0,0.0,0.0,0.0,0.0,0.0,0.0,0.0,0.0,0.0,0.0,0.0,0.0,0.0,0.0,32700000000.0,29157207524.0,94450659.0,94450659.0,94450659.0,94450659.0,94450659.0,94450659.0,0.0,0.0,0.0,0.0,0.0,0.0,0.0,0.0,0.0,0.0,0.0,0.0,0.0,0.0,0.0,0.0,0.0,0.0,0.0,0.0,0.0,0.0,0.0,0.0,0.0,0.0,0.0,0.0,0.0,0.0,0.0,0.0,0.0
89,국내증권사,10169,도이치증권,B,SF020,유가증권 보유현황(관계회사 투자지분),A2,비연결대상회사 투자지분,0.0,0.0,0.0,0.0,0.0,0.0,0.0,0.0,0.0,0.0,0.0,0.0,0.0,0.0,0.0,0.0,0.0,0.0,0.0,0.0,0.0,0.0,0.0,0.0,0.0,0.0,0.0,0.0,0.0,0.0,0.0,0.0,0.0,0.0,0.0,0.0,0.0,0.0,0.0,0.0,0.0,0.0,0.0,0.0,0.0,0.0,0.0,0.0,0.0,0.0,0.0,0.0,0.0,0.0,0.0,0.0,0.0
90,국내증권사,10659,케이아이디비채권중개(주),B,SF020,유가증권 보유현황(관계회사 투자지분),A,관계회사투자지분,5190901466.0,5190901466.0,5190901466.0,5190901466.0,5190901466.0,5190901466.0,5190901466.0,5190901466.0,5190901466.0,5190901466.0,5190901466.0,5190901466.0,5190901466.0,5190901466.0,5190901466.0,5190901466.0,5190901466.0,5190901466.0,5190901466.0,5190901466.0,5190901466.0,5190901466.0,5190901466.0,5190901466.0,5190901466.0,5190901466.0,5190901466.0,5190901466.0,5190901466.0,5190901466.0,5190901466.0,5190901466.0,5190901466.0,5190901466.0,5190901466.0,5190901466.0,5190901466.0,5190901466.0,5190901466.0,5190901466.0,5190901466.0,5190901466.0,5190901466.0,5190901466.0,5190901466.0,5190901466.0,5190901466.0,5190901466.0,5190901466.0,5190901466.0,5190901466.0,5190901466.0,5190901466.0,5190901466.0,5190901466.0,5190901466.0,5190901466.0
91,국내증권사,10659,케이아이디비채권중개(주),B,SF020,유가증권 보유현황(관계회사 투자지분),A1,연결대상회사 투자지분,0.0,0.0,0.0,5190901466.0,5190901466.0,5190901466.0,5190901466.0,5190901466.0,5190901466.0,5190901466.0,5190901466.0,5190901466.0,5190901466.0,5190901466.0,5190901466.0,5190901466.0,5190901466.0,5190901466.0,5190901466.0,5190901466.0,5190901466.0,5190901466.0,5190901466.0,5190901466.0,5190901466.0,5190901466.0,5190901466.0,5190901466.0,5190901466.0,5190901466.0,5190901466.0,5190901466.0,5190901466.0,5190901466.0,5190901466.0,5190901466.0,5190901466.0,5190901466.0,5190901466.0,5190901466.0,5190901466.0,5190901466.0,5190901466.0,5190901466.0,5190901466.0,5190901466.0,5190901466.0,5190901466.0,5190901466.0,5190901466.0,5190901466.0,5190901466.0,5190901466.0,5190901466.0,5190901466.0,5190901466.0,5190901466.0
92,국내증권사,10659,케이아이디비채권중개(주),B,SF020,유가증권 보유현황(관계회사 투자지분),A2,비연결대상회사 투자지분,5190901466.0,5190901466.0,5190901466.0,0.0,0.0,0.0,0.0,0.0,0.0,0.0,0.0,0.0,0.0,0.0,0.0,0.0,0.0,0.0,0.0,0.0,0.0,0.0,0.0,0.0,0.0,0.0,0.0,0.0,0.0,0.0,0.0,0.0,0.0,0.0,0.0,0.0,0.0,0.0,0.0,0.0,0.0,0.0,0.0,0.0,0.0,0.0,0.0,0.0,0.0,0.0,0.0,0.0,0.0,0.0,0.0,0.0,0.0
93,국내증권사,10897,케이알투자증권주식회사,B,SF020,유가증권 보유현황(관계회사 투자지분),A,관계회사투자지분,0.0,0.0,0.0,0.0,0.0,0.0,0.0,0.0,0.0,0.0,0.0,0.0,0.0,0.0,0.0,0.0,0.0,0.0,0.0,0.0,0.0,0.0,0.0,0.0,0.0,0.0,0.0,0.0,0.0,0.0,0.0,0.0,0.0,0.0,0.0,0.0,0.0,0.0,0.0,0.0,0.0,0.0,0.0,0.0,0.0,0.0,0.0,0.0,0.0,0.0,0.0,0.0,0.0,0.0,0.0,0.0,0.0
94,국내증권사,10897,케이알투자증권주식회사,B,SF020,유가증권 보유현황(관계회사 투자지분),A1,연결대상회사 투자지분,0.0,0.0,0.0,0.0,0.0,0.0,0.0,0.0,0.0,0.0,0.0,0.0,0.0,0.0,0.0,0.0,0.0,0.0,0.0,0.0,0.0,0.0,0.0,0.0,0.0,0.0,0.0,0.0,0.0,0.0,0.0,0.0,0.0,0.0,0.0,0.0,0.0,0.0,0.0,0.0,0.0,0.0,0.0,0.0,0.0,0.0,0.0,0.0,0.0,0.0,0.0,0.0,0.0,0.0,0.0,0.0,0.0
95,국내증권사,10897,케이알투자증권주식회사,B,SF020,유가증권 보유현황(관계회사 투자지분),A2,비연결대상회사 투자지분,0.0,0.0,0.0,0.0,0.0,0.0,0.0,0.0,0.0,0.0,0.0,0.0,0.0,0.0,0.0,0.0,0.0,0.0,0.0,0.0,0.0,0.0,0.0,0.0,0.0,0.0,0.0,0.0,0.0,0.0,0.0,0.0,0.0,0.0,0.0,0.0,0.0,0.0,0.0,0.0,0.0,0.0,0.0,0.0,0.0,0.0,0.0,0.0,0.0,0.0,0.0,0.0,0.0,0.0,0.0,0.0,0.0
96,국내증권사,10899,넥스트증권 주식회사,B,SF020,유가증권 보유현황(관계회사 투자지분),A,관계회사투자지분,,,,,,,,,,,,,,,,,,,,,,,,,,,,,,,,,,,,,,,,,,,,,,,0.0,0.0,0.0,0.0,0.0,0.0,0.0,0.0,0.0,0.0,0.0
97,국내증권사,10899,넥스트증권 주식회사,B,SF020,유가증권 보유현황(관계회사 투자지분),A1,연결대상회사 투자지분,,,,,,,,,,,,,,,,,,,,,,,,,,,,,,,,,,,,,,,,,,,,,,,0.0,0.0,0.0,0.0,0.0,0.0,0.0,0.0,0.0,0.0,0.0
98,국내증권사,10899,넥스트증권 주식회사,B,SF020,유가증권 보유현황(관계회사 투자지분),A2,비연결대상회사 투자지분,,,,,,,,,,,,,,,,,,,,,,,,,,,,,,,,,,,,,,,,,,,,,,,0.0,0.0,0.0,0.0,0.0,0.0,0.0,0.0,0.0,0.0,0.0
99,국내증권사,11221,비엔피파리바증권주식회사,B,SF020,유가증권 보유현황(관계회사 투자지분),A,관계회사투자지분,0.0,0.0,0.0,0.0,0.0,0.0,0.0,0.0,0.0,0.0,0.0,0.0,0.0,0.0,0.0,0.0,0.0,0.0,0.0,0.0,0.0,0.0,0.0,0.0,0.0,0.0,0.0,0.0,0.0,0.0,0.0,0.0,0.0,0.0,0.0,0.0,0.0,0.0,0.0,0.0,0.0,0.0,0.0,0.0,0.0,0.0,0.0,0.0,0.0,0.0,0.0,0.0,0.0,0.0,0.0,0.0,0.0
100,국내증권사,11221,비엔피파리바증권주식회사,B,SF020,유가증권 보유현황(관계회사 투자지분),A1,연결대상회사 투자지분,0.0,0.0,0.0,0.0,0.0,0.0,0.0,0.0,0.0,0.0,0.0,0.0,0.0,0.0,0.0,0.0,0.0,0.0,0.0,0.0,0.0,0.0,0.0,0.0,0.0,0.0,0.0,0.0,0.0,0.0,0.0,0.0,0.0,0.0,0.0,0.0,0.0,0.0,0.0,0.0,0.0,0.0,0.0,0.0,0.0,0.0,0.0,0.0,0.0,0.0,0.0,0.0,0.0,0.0,0.0,0.0,0.0
101,국내증권사,11221,비엔피파리바증권주식회사,B,SF020,유가증권 보유현황(관계회사 투자지분),A2,비연결대상회사 투자지분,0.0,0.0,0.0,0.0,0.0,0.0,0.0,0.0,0.0,0.0,0.0,0.0,0.0,0.0,0.0,0.0,0.0,0.0,0.0,0.0,0.0,0.0,0.0,0.0,0.0,0.0,0.0,0.0,0.0,0.0,0.0,0.0,0.0,0.0,0.0,0.0,0.0,0.0,0.0,0.0,0.0,0.0,0.0,0.0,0.0,0.0,0.0,0.0,0.0,0.0,0.0,0.0,0.0,0.0,0.0,0.0,0.0
102,국내증권사,11238,씨엘에스에이코리아증권(주),B,SF020,유가증권 보유현황(관계회사 투자지분),A,관계회사투자지분,0.0,0.0,0.0,0.0,0.0,0.0,0.0,0.0,0.0,0.0,0.0,0.0,0.0,0.0,0.0,0.0,0.0,0.0,0.0,0.0,0.0,0.0,0.0,0.0,0.0,0.0,0.0,0.0,0.0,0.0,0.0,0.0,0.0,0.0,0.0,0.0,0.0,0.0,0.0,0.0,0.0,0.0,0.0,0.0,0.0,0.0,0.0,0.0,0.0,0.0,0.0,0.0,0.0,0.0,0.0,0.0,0.0
103,국내증권사,11238,씨엘에스에이코리아증권(주),B,SF020,유가증권 보유현황(관계회사 투자지분),A1,연결대상회사 투자지분,0.0,0.0,0.0,0.0,0.0,0.0,0.0,0.0,0.0,0.0,0.0,0.0,0.0,0.0,0.0,0.0,0.0,0.0,0.0,0.0,0.0,0.0,0.0,0.0,0.0,0.0,0.0,0.0,0.0,0.0,0.0,0.0,0.0,0.0,0.0,0.0,0.0,0.0,0.0,0.0,0.0,0.0,0.0,0.0,0.0,0.0,0.0,0.0,0.0,0.0,0.0,0.0,0.0,0.0,0.0,0.0,0.0
104,국내증권사,11238,씨엘에스에이코리아증권(주),B,SF020,유가증권 보유현황(관계회사 투자지분),A2,비연결대상회사 투자지분,0.0,0.0,0.0,0.0,0.0,0.0,0.0,0.0,0.0,0.0,0.0,0.0,0.0,0.0,0.0,0.0,0.0,0.0,0.0,0.0,0.0,0.0,0.0,0.0,0.0,0.0,0.0,0.0,0.0,0.0,0.0,0.0,0.0,0.0,0.0,0.0,0.0,0.0,0.0,0.0,0.0,0.0,0.0,0.0,0.0,0.0,0.0,0.0,0.0,0.0,0.0,0.0,0.0,0.0,0.0,0.0,0.0
105,국내증권사,11611,맥쿼리증권,B,SF020,유가증권 보유현황(관계회사 투자지분),A,관계회사투자지분,0.0,0.0,0.0,0.0,0.0,0.0,0.0,0.0,0.0,0.0,0.0,0.0,0.0,0.0,0.0,0.0,0.0,0.0,0.0,0.0,0.0,0.0,0.0,0.0,0.0,0.0,0.0,0.0,0.0,0.0,0.0,0.0,0.0,0.0,0.0,0.0,0.0,0.0,0.0,0.0,0.0,0.0,0.0,0.0,0.0,0.0,0.0,0.0,0.0,0.0,0.0,0.0,0.0,0.0,0.0,0.0,0.0
106,국내증권사,11611,맥쿼리증권,B,SF020,유가증권 보유현황(관계회사 투자지분),A1,연결대상회사 투자지분,0.0,0.0,0.0,0.0,0.0,0.0,0.0,0.0,0.0,0.0,0.0,0.0,0.0,0.0,0.0,0.0,0.0,0.0,0.0,0.0,0.0,0.0,0.0,0.0,0.0,0.0,0.0,0.0,0.0,0.0,0.0,0.0,0.0,0.0,0.0,0.0,0.0,0.0,0.0,0.0,0.0,0.0,0.0,0.0,0.0,0.0,0.0,0.0,0.0,0.0,0.0,0.0,0.0,0.0,0.0,0.0,0.0
107,국내증권사,11611,맥쿼리증권,B,SF020,유가증권 보유현황(관계회사 투자지분),A2,비연결대상회사 투자지분,0.0,0.0,0.0,0.0,0.0,0.0,0.0,0.0,0.0,0.0,0.0,0.0,0.0,0.0,0.0,0.0,0.0,0.0,0.0,0.0,0.0,0.0,0.0,0.0,0.0,0.0,0.0,0.0,0.0,0.0,0.0,0.0,0.0,0.0,0.0,0.0,0.0,0.0,0.0,0.0,0.0,0.0,0.0,0.0,0.0,0.0,0.0,0.0,0.0,0.0,0.0,0.0,0.0,0.0,0.0,0.0,0.0
108,국내증권사,11978,케이프투자증권,B,SF020,유가증권 보유현황(관계회사 투자지분),A,관계회사투자지분,551653747.0,548526387.0,549597181.0,532257251.0,492470967.0,491262537.0,374387133.0,376716284.0,237708531.0,237141339.0,238839221.0,231237275.0,230665284.0,230090737.0,248685742.0,250209258.0,40522174.0,55258301.0,55440518.0,55459259.0,36199297.0,156280983.0,156292066.0,156276635.0,10156281691.0,18120000000.0,19115513228.0,21106162385.0,26108081053.0,33121318655.0,36894119776.0,35700721404.0,41322721404.0,41972721404.0,42200721404.0,60139721404.0,71589721404.0,86069031749.0,89603932034.0,96387185491.0,107437185491.0,107687185491.0,113447185491.0,132609380135.0,132820822081.0,134520822081.0,113133550467.0,113787646749.0,114841246749.0,112666246749.0,101220004823.0,95462905583.0,92944195238.0,93294195238.0,106226061261.0,112533967857.0,104067124048.0
109,국내증권사,11978,케이프투자증권,B,SF020,유가증권 보유현황(관계회사 투자지분),A1,연결대상회사 투자지분,551653747.0,548526387.0,549597181.0,532257251.0,492470967.0,491262537.0,0.0,0.0,0.0,0.0,0.0,0.0,0.0,0.0,0.0,0.0,0.0,0.0,0.0,0.0,0.0,120000000.0,120000000.0,120000000.0,10120000000.0,15120000000.0,15120000000.0,15120000000.0,25120000000.0,30120000000.0,30620000000.0,28756601628.0,28756601628.0,28756601628.0,18756601628.0,36756601628.0,36756601628.0,51756601628.0,54756601628.0,60991755370.0,60991755370.0,60991755370.0,68091755370.0,88753950014.0,88753950014.0,88753950014.0,74766678400.0,75765391121.0,75765391121.0,75765391121.0,66766293478.0,71759194238.0,71759194238.0,71759194238.0,77788381261.0,81860488707.0,81860488707.0
110,국내증권사,11978,케이프투자증권,B,SF020,유가증권 보유현황(관계회사 투자지분),A2,비연결대상회사 투자지분,0.0,0.0,0.0,0.0,0.0,0.0,374387133.0,376716284.0,237708531.0,237141339.0,238839221.0,231237275.0,230665284.0,230090737.0,248685742.0,250209258.0,40522174.0,55258301.0,55440518.0,55459259.0,36199297.0,36280983.0,36292066.0,36276635.0,36281691.0,3000000000.0,3995513228.0,5986162385.0,988081053.0,3001318655.0,6274119776.0,6944119776.0,12566119776.0,13216119776.0,23444119776.0,23383119776.0,34833119776.0,34312430121.0,34847330406.0,35395430121.0,46445430121.0,46695430121.0,45355430121.0,43855430121.0,44066872067.0,45766872067.0,38366872067.0,38022255628.0,39075855628.0,36900855628.0,34453711345.0,23703711345.0,21185001000.0,21535001000.0,28437680000.0,30673479150.0,22206635341.0
111,국내증권사,11980,디에스투자증권,B,SF020,유가증권 보유현황(관계회사 투자지분),A,관계회사투자지분,0.0,0.0,0.0,0.0,0.0,0.0,0.0,0.0,0.0,0.0,0.0,0.0,0.0,0.0,0.0,0.0,0.0,0.0,0.0,0.0,0.0,0.0,0.0,0.0,0.0,0.0,0.0,0.0,0.0,0.0,0.0,0.0,0.0,0.0,100000000.0,2170000000.0,3170000000.0,3170000000.0,8670000000.0,8670000000.0,8670000000.0,8670000000.0,7670000000.0,100000000.0,1100000000.0,7089500000.0,7089500000.0,18089500000.0,13090000000.0,13090000000.0,13090000000.0,12090000000.0,14340000000.0,14340000000.0,14240000000.0,14240000000.0,14240000000.0
112,국내증권사,11980,디에스투자증권,B,SF020,유가증권 보유현황(관계회사 투자지분),A1,연결대상회사 투자지분,0.0,0.0,0.0,0.0,0.0,0.0,0.0,0.0,0.0,0.0,0.0,0.0,0.0,0.0,0.0,0.0,0.0,0.0,0.0,0.0,0.0,0.0,0.0,0.0,0.0,0.0,0.0,0.0,0.0,0.0,0.0,0.0,0.0,0.0,0.0,2070000000.0,2070000000.0,2070000000.0,7570000000.0,7570000000.0,7570000000.0,7570000000.0,7570000000.0,0.0,0.0,0.0,0.0,11000000000.0,11000000000.0,11000000000.0,11000000000.0,11000000000.0,11000000000.0,11000000000.0,11000000000.0,11000000000.0,11000000000.0
113,국내증권사,11980,디에스투자증권,B,SF020,유가증권 보유현황(관계회사 투자지분),A2,비연결대상회사 투자지분,0.0,0.0,0.0,0.0,0.0,0.0,0.0,0.0,0.0,0.0,0.0,0.0,0.0,0.0,0.0,0.0,0.0,0.0,0.0,0.0,0.0,0.0,0.0,0.0,0.0,0.0,0.0,0.0,0.0,0.0,0.0,0.0,0.0,0.0,100000000.0,100000000.0,1100000000.0,1100000000.0,1100000000.0,1100000000.0,1100000000.0,1100000000.0,100000000.0,100000000.0,1100000000.0,7089500000.0,7089500000.0,7089500000.0,2090000000.0,2090000000.0,2090000000.0,1090000000.0,3340000000.0,3340000000.0,3240000000.0,3240000000.0,3240000000.0
114,국내증권사,11981,다올투자증권 주식회사,B,SF020,유가증권 보유현황(관계회사 투자지분),A,관계회사투자지분,229002088163.0,230475621063.0,227926504360.0,236858263469.0,231214067676.0,228714045176.0,240068532178.0,249099325693.0,251507055501.0,251338689427.0,257139032120.0,258893314770.0,258395002806.0,210937145063.0,233556722679.0,233117386416.0,227496242703.0,227167362982.0,225116954853.0,221484576591.0,221187703465.0,220924045115.0,220982507997.0,219145783064.0,219110607315.0,217386058896.0,216285232286.0,218585232286.0,232371753602.0,232003904332.0,209149283589.0,209453922340.0,218953920334.0,238271920334.0,235369457231.0,214180245203.0,207764546365.0,208948880617.0,239901022139.0,247177886551.0,217839529064.0,201689433361.0,409399271848.0,385519054809.0,386806493062.0,387993824635.0,432415374221.0,349154053638.0,348659053638.0,348833210067.0,314337587802.0,316280359321.0,316227393219.0,310101253964.0,310300307709.0,309581311149.0,310810388596.0
115,국내증권사,11981,다올투자증권 주식회사,B,SF020,유가증권 보유현황(관계회사 투자지분),A1,연결대상회사 투자지분,184812524266.0,184812524266.0,186386854214.0,195318180423.0,193248280580.0,186243805838.0,195524853568.0,200226820682.0,205205121308.0,205205121308.0,213173968436.0,213175674236.0,223255674236.0,177103236027.0,200777094382.0,200241758119.0,200241758119.0,200241758119.0,199467185741.0,197867185741.0,197867185741.0,197867185741.0,198184032897.0,198185728437.0,198185929207.0,198185929207.0,198185929207.0,198185929207.0,198185929207.0,219185929207.0,204357663604.0,205502302355.0,215002472682.0,234800302355.0,232142078633.0,210952866605.0,204537186756.0,205721521008.0,233160657316.0,235158242449.0,205819897472.0,188669801769.0,396464640256.0,373596179974.0,370992462577.0,370678497540.0,411674614907.0,329483294324.0,329483294324.0,329483294324.0,294483294324.0,296795793215.0,296795793215.0,289975593960.0,288587487928.0,287166895978.0,289913295978.0
116,국내증권사,11981,다올투자증권 주식회사,B,SF020,유가증권 보유현황(관계회사 투자지분),A2,비연결대상회사 투자지분,44189563897.0,45663096797.0,41539650146.0,41540083046.0,37965787096.0,42470239338.0,44543678610.0,48872505011.0,46301934193.0,46133568119.0,43965063684.0,45717640534.0,35139328570.0,33833909036.0,32779628297.0,32875628297.0,27254484584.0,26925604863.0,25649769112.0,23617390850.0,23320517724.0,23056859374.0,22798475100.0,20960054627.0,20924678108.0,19200129689.0,18099303079.0,20399303079.0,34185824395.0,12817975125.0,4791619985.0,3951619985.0,3951447652.0,3471617979.0,3227378598.0,3227378598.0,3227359609.0,3227359609.0,6740364823.0,12019644102.0,12019631592.0,13019631592.0,12934631592.0,11922874835.0,15814030485.0,17315327095.0,20740759314.0,19670759314.0,19175759314.0,19349915743.0,19854293478.0,19484566106.0,19431600004.0,20125660004.0,21712819781.0,22414415171.0,20897092618.0
117,국내증권사,11982,주식회사 카카오페이증권,B,SF020,유가증권 보유현황(관계회사 투자지분),A,관계회사투자지분,0.0,0.0,0.0,0.0,0.0,0.0,0.0,0.0,0.0,0.0,0.0,0.0,0.0,0.0,0.0,0.0,0.0,0.0,0.0,0.0,0.0,0.0,0.0,0.0,0.0,0.0,0.0,0.0,0.0,0.0,0.0,0.0,0.0,0.0,0.0,0.0,0.0,0.0,0.0,0.0,0.0,0.0,0.0,0.0,0.0,0.0,0.0,0.0,0.0,0.0,0.0,8000000000.0,8000000000.0,8000000000.0,7915369735.0,7964157715.0,7942371972.0
118,국내증권사,11982,주식회사 카카오페이증권,B,SF020,유가증권 보유현황(관계회사 투자지분),A1,연결대상회사 투자지분,0.0,0.0,0.0,0.0,0.0,0.0,0.0,0.0,0.0,0.0,0.0,0.0,0.0,0.0,0.0,0.0,0.0,0.0,0.0,0.0,0.0,0.0,0.0,0.0,0.0,0.0,0.0,0.0,0.0,0.0,0.0,0.0,0.0,0.0,0.0,0.0,0.0,0.0,0.0,0.0,0.0,0.0,0.0,0.0,0.0,0.0,0.0,0.0,0.0,0.0,0.0,0.0,0.0,0.0,0.0,0.0,0.0
119,국내증권사,11982,주식회사 카카오페이증권,B,SF020,유가증권 보유현황(관계회사 투자지분),A2,비연결대상회사 투자지분,0.0,0.0,0.0,0.0,0.0,0.0,0.0,0.0,0.0,0.0,0.0,0.0,0.0,0.0,0.0,0.0,0.0,0.0,0.0,0.0,0.0,0.0,0.0,0.0,0.0,0.0,0.0,0.0,0.0,0.0,0.0,0.0,0.0,0.0,0.0,0.0,0.0,0.0,0.0,0.0,0.0,0.0,0.0,0.0,0.0,0.0,0.0,0.0,0.0,0.0,0.0,8000000000.0,8000000000.0,8000000000.0,7915369735.0,7964157715.0,7942371972.0
120,국내증권사,12001,IBK투자증권,B,SF020,유가증권 보유현황(관계회사 투자지분),A,관계회사투자지분,1304849508.0,1602510128.0,1600779447.0,1599078037.0,2607482966.0,6113191289.0,8195961970.0,9044067465.0,9644660971.0,10457229402.0,10112665002.0,10308683887.0,10620763849.0,9607769841.0,8897041492.0,9639486548.0,10413035440.0,11017781784.0,10633398094.0,10712874512.0,12168523758.0,12161095803.0,12914211898.0,12972145833.0,8130793306.0,8760700106.0,8419032139.0,9545055540.0,8481911757.0,7871512366.0,8810531356.0,9686879466.0,9823659416.0,11990575416.0,13068787785.0,13230018159.0,12908941764.0,13209814233.0,13752839272.0,14281366914.0,14884358201.0,21386564735.0,27163598985.0,25678554961.0,29664317631.0,35291779531.0,32914942522.0,34097019802.0,38771214677.0,100120487056.0,55950984207.0,57688353235.0,50723479895.0,52184225303.0,48719532901.0,57752372547.0,58935924603.0
121,국내증권사,12001,IBK투자증권,B,SF020,유가증권 보유현황(관계회사 투자지분),A1,연결대상회사 투자지분,1304849508.0,1602510128.0,1600779447.0,1599078037.0,2607482966.0,3113191289.0,4611445484.0,5504160312.0,6827763055.0,7130750233.0,7121022506.0,7128833744.0,7124084762.0,6419256384.0,6152241572.0,6211721883.0,6368031677.0,6562723358.0,6168322017.0,6255452713.0,6494741228.0,6508901349.0,6479061519.0,6459301418.0,5892324679.0,6011018365.0,5097566139.0,5090312369.0,3778253622.0,3017730227.0,2665882659.0,2916197085.0,2911965540.0,3162640548.0,2987977425.0,3477197775.0,3660616464.0,3649364143.0,3124293967.0,3116602661.0,3300535910.0,3440585536.0,3513724352.0,3322288408.0,3029378177.0,9613131090.0,9237275726.0,9213065952.0,9197755688.0,8920661835.0,8976040994.0,8269884969.0,8263667256.0,8252532592.0,7254779573.0,7003240857.0,7009339982.0
122,국내증권사,12001,IBK투자증권,B,SF020,유가증권 보유현황(관계회사 투자지분),A2,비연결대상회사 투자지분,0.0,0.0,0.0,0.0,0.0,3000000000.0,3584516486.0,3539907153.0,2816897916.0,3326479169.0,2991642496.0,3179850143.0,3496679087.0,3188513457.0,2744799920.0,3427764665.0,4045003763.0,4455058426.0,4465076077.0,4457421799.0,5673782530.0,5652194454.0,6435150379.0,6512844415.0,2238468627.0,2749681741.0,3321466000.0,4454743171.0,4703658135.0,4853782139.0,6144648697.0,6770682381.0,6911693876.0,8827934868.0,10080810360.0,9752820384.0,9248325300.0,9560450090.0,10628545305.0,11164764253.0,11583822291.0,17945979199.0,23649874633.0,22356266553.0,26634939454.0,25678648441.0,23677666796.0,24883953850.0,29573458989.0,91199825221.0,46974943213.0,49418468266.0,42459812639.0,43931692711.0,41464753328.0,50749131690.0,51926584621.0
123,국내증권사,12002,한국스탠다드차타드증권,B,SF020,유가증권 보유현황(관계회사 투자지분),A,관계회사투자지분,0.0,0.0,0.0,0.0,0.0,0.0,0.0,0.0,0.0,0.0,0.0,0.0,0.0,0.0,0.0,0.0,0.0,0.0,0.0,0.0,0.0,0.0,0.0,0.0,0.0,0.0,0.0,0.0,0.0,0.0,0.0,0.0,0.0,0.0,0.0,0.0,0.0,0.0,0.0,0.0,0.0,0.0,0.0,0.0,0.0,0.0,0.0,0.0,0.0,0.0,0.0,0.0,0.0,0.0,0.0,0.0,0.0
124,국내증권사,12002,한국스탠다드차타드증권,B,SF020,유가증권 보유현황(관계회사 투자지분),A1,연결대상회사 투자지분,0.0,0.0,0.0,0.0,0.0,0.0,0.0,0.0,0.0,0.0,0.0,0.0,0.0,0.0,0.0,0.0,0.0,0.0,0.0,0.0,0.0,0.0,0.0,0.0,0.0,0.0,0.0,0.0,0.0,0.0,0.0,0.0,0.0,0.0,0.0,0.0,0.0,0.0,0.0,0.0,0.0,0.0,0.0,0.0,0.0,0.0,0.0,0.0,0.0,0.0,0.0,0.0,0.0,0.0,0.0,0.0,0.0
125,국내증권사,12002,한국스탠다드차타드증권,B,SF020,유가증권 보유현황(관계회사 투자지분),A2,비연결대상회사 투자지분,0.0,0.0,0.0,0.0,0.0,0.0,0.0,0.0,0.0,0.0,0.0,0.0,0.0,0.0,0.0,0.0,0.0,0.0,0.0,0.0,0.0,0.0,0.0,0.0,0.0,0.0,0.0,0.0,0.0,0.0,0.0,0.0,0.0,0.0,0.0,0.0,0.0,0.0,0.0,0.0,0.0,0.0,0.0,0.0,0.0,0.0,0.0,0.0,0.0,0.0,0.0,0.0,0.0,0.0,0.0,0.0,0.0
126,국내증권사,12334,(주)비엔케이투자증권,B,SF020,유가증권 보유현황(관계회사 투자지분),A,관계회사투자지분,0.0,0.0,0.0,0.0,0.0,0.0,0.0,0.0,0.0,0.0,0.0,0.0,0.0,0.0,0.0,3315000000.0,3315000000.0,3315000000.0,3315000000.0,0.0,0.0,0.0,0.0,0.0,0.0,0.0,0.0,0.0,0.0,0.0,0.0,3238882009.0,6765481251.0,9140497717.0,9256179723.0,11870792540.0,13939451442.0,15520131830.0,15773601844.0,47205437659.0,84485931974.0,102481459646.0,86567089748.0,51816996780.0,46378984230.0,46350522660.0,39781066777.0,38814731882.0,40654742707.0,43003159512.0,46223270007.0,46633995718.0,46139010959.0,49092979935.0,49052332838.0,52494011891.0,50704044929.0
127,국내증권사,12334,(주)비엔케이투자증권,B,SF020,유가증권 보유현황(관계회사 투자지분),A1,연결대상회사 투자지분,0.0,0.0,0.0,0.0,0.0,0.0,0.0,0.0,0.0,0.0,0.0,0.0,0.0,0.0,0.0,3315000000.0,3315000000.0,3315000000.0,3315000000.0,0.0,0.0,0.0,0.0,0.0,0.0,0.0,0.0,0.0,0.0,0.0,0.0,2999165200.0,3999155200.0,6410659748.0,6426465535.0,6426465535.0,6499000000.0,7499000000.0,7499000000.0,7499000000.0,6347667986.0,6347667986.0,4500234689.0,4500234689.0,4500234689.0,3500368022.0,3500368022.0,3500368022.0,3500368022.0,3500368022.0,2959848567.0,2959848567.0,2959848567.0,2959848567.0,2959848567.0,2959848567.0,877217002.0
128,국내증권사,12334,(주)비엔케이투자증권,B,SF020,유가증권 보유현황(관계회사 투자지분),A2,비연결대상회사 투자지분,0.0,0.0,0.0,0.0,0.0,0.0,0.0,0.0,0.0,0.0,0.0,0.0,0.0,0.0,0.0,0.0,0.0,0.0,0.0,0.0,0.0,0.0,0.0,0.0,0.0,0.0,0.0,0.0,0.0,0.0,0.0,239716809.0,2766326051.0,2729837969.0,2829714188.0,5444327005.0,7440451442.0,8021131830.0,8274601844.0,39706437659.0,78138263988.0,96133791660.0,82066855059.0,47316762091.0,41878749541.0,42850154638.0,36280698755.0,35314363860.0,37154374685.0,39502791490.0,43263421440.0,43674147151.0,43179162392.0,46133131368.0,46092484271.0,49534163324.0,49826827927.0
129,국내증권사,12390,노무라금융투자주식회사,B,SF020,유가증권 보유현황(관계회사 투자지분),A,관계회사투자지분,0.0,0.0,0.0,0.0,0.0,0.0,0.0,0.0,0.0,0.0,0.0,0.0,0.0,0.0,0.0,0.0,0.0,0.0,0.0,0.0,0.0,0.0,0.0,0.0,0.0,0.0,0.0,0.0,0.0,0.0,0.0,0.0,0.0,0.0,0.0,0.0,0.0,0.0,0.0,0.0,0.0,0.0,0.0,0.0,0.0,0.0,0.0,0.0,0.0,0.0,0.0,0.0,0.0,0.0,0.0,0.0,0.0
130,국내증권사,12390,노무라금융투자주식회사,B,SF020,유가증권 보유현황(관계회사 투자지분),A1,연결대상회사 투자지분,0.0,0.0,0.0,0.0,0.0,0.0,0.0,0.0,0.0,0.0,0.0,0.0,0.0,0.0,0.0,0.0,0.0,0.0,0.0,0.0,0.0,0.0,0.0,0.0,0.0,0.0,0.0,0.0,0.0,0.0,0.0,0.0,0.0,0.0,0.0,0.0,0.0,0.0,0.0,0.0,0.0,0.0,0.0,0.0,0.0,0.0,0.0,0.0,0.0,0.0,0.0,0.0,0.0,0.0,0.0,0.0,0.0
131,국내증권사,12390,노무라금융투자주식회사,B,SF020,유가증권 보유현황(관계회사 투자지분),A2,비연결대상회사 투자지분,0.0,0.0,0.0,0.0,0.0,0.0,0.0,0.0,0.0,0.0,0.0,0.0,0.0,0.0,0.0,0.0,0.0,0.0,0.0,0.0,0.0,0.0,0.0,0.0,0.0,0.0,0.0,0.0,0.0,0.0,0.0,0.0,0.0,0.0,0.0,0.0,0.0,0.0,0.0,0.0,0.0,0.0,0.0,0.0,0.0,0.0,0.0,0.0,0.0,0.0,0.0,0.0,0.0,0.0,0.0,0.0,0.0
132,국내증권사,13003,다이와증권캐피탈마켓코리아 주식회사,B,SF020,유가증권 보유현황(관계회사 투자지분),A,관계회사투자지분,,,,0.0,0.0,0.0,0.0,0.0,0.0,0.0,0.0,0.0,0.0,0.0,0.0,0.0,0.0,0.0,0.0,0.0,0.0,0.0,0.0,0.0,0.0,0.0,0.0,0.0,0.0,0.0,0.0,0.0,0.0,0.0,0.0,0.0,0.0,0.0,0.0,0.0,0.0,0.0,0.0,0.0,0.0,0.0,0.0,0.0,0.0,0.0,0.0,0.0,0.0,0.0,0.0,0.0,0.0
133,국내증권사,13003,다이와증권캐피탈마켓코리아 주식회사,B,SF020,유가증권 보유현황(관계회사 투자지분),A1,연결대상회사 투자지분,,,,0.0,0.0,0.0,0.0,0.0,0.0,0.0,0.0,0.0,0.0,0.0,0.0,0.0,0.0,0.0,0.0,0.0,0.0,0.0,0.0,0.0,0.0,0.0,0.0,0.0,0.0,0.0,0.0,0.0,0.0,0.0,0.0,0.0,0.0,0.0,0.0,0.0,0.0,0.0,0.0,0.0,0.0,0.0,0.0,0.0,0.0,0.0,0.0,0.0,0.0,0.0,0.0,0.0,0.0
134,국내증권사,13003,다이와증권캐피탈마켓코리아 주식회사,B,SF020,유가증권 보유현황(관계회사 투자지분),A2,비연결대상회사 투자지분,,,,0.0,0.0,0.0,0.0,0.0,0.0,0.0,0.0,0.0,0.0,0.0,0.0,0.0,0.0,0.0,0.0,0.0,0.0,0.0,0.0,0.0,0.0,0.0,0.0,0.0,0.0,0.0,0.0,0.0,0.0,0.0,0.0,0.0,0.0,0.0,0.0,0.0,0.0,0.0,0.0,0.0,0.0,0.0,0.0,0.0,0.0,0.0,0.0,0.0,0.0,0.0,0.0,0.0,0.0
135,국내증권사,13414,한국 에스지증권 주식회사,B,SF020,유가증권 보유현황(관계회사 투자지분),A,관계회사투자지분,,,,,,,,,,0.0,0.0,0.0,0.0,0.0,0.0,0.0,0.0,0.0,0.0,0.0,0.0,0.0,0.0,0.0,0.0,0.0,0.0,0.0,0.0,0.0,0.0,0.0,0.0,0.0,0.0,0.0,0.0,0.0,0.0,0.0,0.0,0.0,0.0,0.0,0.0,0.0,0.0,0.0,0.0,0.0,0.0,0.0,0.0,0.0,0.0,0.0,0.0
136,국내증권사,13414,한국 에스지증권 주식회사,B,SF020,유가증권 보유현황(관계회사 투자지분),A1,연결대상회사 투자지분,,,,,,,,,,0.0,0.0,0.0,0.0,0.0,0.0,0.0,0.0,0.0,0.0,0.0,0.0,0.0,0.0,0.0,0.0,0.0,0.0,0.0,0.0,0.0,0.0,0.0,0.0,0.0,0.0,0.0,0.0,0.0,0.0,0.0,0.0,0.0,0.0,0.0,0.0,0.0,0.0,0.0,0.0,0.0,0.0,0.0,0.0,0.0,0.0,0.0,0.0
137,국내증권사,13414,한국 에스지증권 주식회사,B,SF020,유가증권 보유현황(관계회사 투자지분),A2,비연결대상회사 투자지분,,,,,,,,,,0.0,0.0,0.0,0.0,0.0,0.0,0.0,0.0,0.0,0.0,0.0,0.0,0.0,0.0,0.0,0.0,0.0,0.0,0.0,0.0,0.0,0.0,0.0,0.0,0.0,0.0,0.0,0.0,0.0,0.0,0.0,0.0,0.0,0.0,0.0,0.0,0.0,0.0,0.0,0.0,0.0,0.0,0.0,0.0,0.0,0.0,0.0,0.0
138,국내증권사,13515,주식회사 우리투자증권,B,SF020,유가증권 보유현황(관계회사 투자지분),A,관계회사투자지분,,,,,,,,,,,,,,,,,,,,,,,,,,,,,,,,,,,,,,,,,,,,,,,,,,,,,,3459427311.0,3282943665.0,3324651947.0,3127244540.0
139,국내증권사,13515,주식회사 우리투자증권,B,SF020,유가증권 보유현황(관계회사 투자지분),A1,연결대상회사 투자지분,,,,,,,,,,,,,,,,,,,,,,,,,,,,,,,,,,,,,,,,,,,,,,,,,,,,,,3459427311.0,3282943665.0,3324651947.0,3127244540.0
140,국내증권사,13515,주식회사 우리투자증권,B,SF020,유가증권 보유현황(관계회사 투자지분),A2,비연결대상회사 투자지분,,,,,,,,,,,,,,,,,,,,,,,,,,,,,,,,,,,,,,,,,,,,,,,,,,,,,,0.0,0.0,0.0,0.0
141,국내증권사,15363,CMS증권한국주식회사,B,SF020,유가증권 보유현황(관계회사 투자지분),A,관계회사투자지분,,,,,,,,,,,,,,,,,,,,,,,,,,0.0,0.0,0.0,0.0,0.0,0.0,0.0,0.0,0.0,0.0,0.0,0.0,0.0,0.0,0.0,0.0,0.0,0.0,0.0,0.0,0.0,0.0,0.0,0.0,0.0,0.0,0.0,0.0,0.0,0.0,0.0,0.0
142,국내증권사,15363,CMS증권한국주식회사,B,SF020,유가증권 보유현황(관계회사 투자지분),A1,연결대상회사 투자지분,,,,,,,,,,,,,,,,,,,,,,,,,,0.0,0.0,0.0,0.0,0.0,0.0,0.0,0.0,0.0,0.0,0.0,0.0,0.0,0.0,0.0,0.0,0.0,0.0,0.0,0.0,0.0,0.0,0.0,0.0,0.0,0.0,0.0,0.0,0.0,0.0,0.0,0.0
143,국내증권사,15363,CMS증권한국주식회사,B,SF020,유가증권 보유현황(관계회사 투자지분),A2,비연결대상회사 투자지분,,,,,,,,,,,,,,,,,,,,,,,,,,0.0,0.0,0.0,0.0,0.0,0.0,0.0,0.0,0.0,0.0,0.0,0.0,0.0,0.0,0.0,0.0,0.0,0.0,0.0,0.0,0.0,0.0,0.0,0.0,0.0,0.0,0.0,0.0,0.0,0.0,0.0,0.0
144,국내증권사,17713,토스증권 주식회사,B,SF020,유가증권 보유현황(관계회사 투자지분),A,관계회사투자지분,,,,,,,,,,,,,,,,,,,,,,,,,,,,,,,,,,,,,,,0.0,0.0,0.0,0.0,0.0,0.0,0.0,0.0,0.0,0.0,0.0,0.0,0.0,0.0,0.0,0.0,6916396819.0,6298269368.0,6916396819.0
145,국내증권사,17713,토스증권 주식회사,B,SF020,유가증권 보유현황(관계회사 투자지분),A1,연결대상회사 투자지분,,,,,,,,,,,,,,,,,,,,,,,,,,,,,,,,,,,,,,,0.0,0.0,0.0,0.0,0.0,0.0,0.0,0.0,0.0,0.0,0.0,0.0,0.0,0.0,0.0,0.0,6916396819.0,6298269368.0,6916396819.0
146,국내증권사,17713,토스증권 주식회사,B,SF020,유가증권 보유현황(관계회사 투자지분),A2,비연결대상회사 투자지분,,,,,,,,,,,,,,,,,,,,,,,,,,,,,,,,,,,,,,,0.0,0.0,0.0,0.0,0.0,0.0,0.0,0.0,0.0,0.0,0.0,0.0,0.0,0.0,0.0,0.0,0.0,0.0,0.0
147,국내증권사,17993,한국아이엠씨증권 주식회사,B,SF020,유가증권 보유현황(관계회사 투자지분),A,관계회사투자지분,,,,,,,,,,,,,,,,,,,,,,,,,,,,,,,,,,,,,,,,,0.0,0.0,0.0,0.0,0.0,0.0,0.0,0.0,0.0,0.0,0.0,0.0,0.0,0.0,0.0,0.0,0.0
148,국내증권사,17993,한국아이엠씨증권 주식회사,B,SF020,유가증권 보유현황(관계회사 투자지분),A1,연결대상회사 투자지분,,,,,,,,,,,,,,,,,,,,,,,,,,,,,,,,,,,,,,,,,0.0,0.0,0.0,0.0,0.0,0.0,0.0,0.0,0.0,0.0,0.0,0.0,0.0,0.0,0.0,0.0,0.0
149,국내증권사,17993,한국아이엠씨증권 주식회사,B,SF020,유가증권 보유현황(관계회사 투자지분),A2,비연결대상회사 투자지분,,,,,,,,,,,,,,,,,,,,,,,,,,,,,,,,,,,,,,,,,0.0,0.0,0.0,0.0,0.0,0.0,0.0,0.0,0.0,0.0,0.0,0.0,0.0,0.0,0.0,0.0,0.0
150,외국계증권사,10145,크레디트스위스증권서울지점,B,SF020,유가증권 보유현황(관계회사 투자지분),A,관계회사투자지분,0.0,0.0,0.0,0.0,0.0,0.0,0.0,0.0,0.0,0.0,0.0,0.0,0.0,0.0,0.0,0.0,0.0,0.0,0.0,0.0,0.0,0.0,0.0,,,,,,,,,,,,,,,,,,,,,,,,,,,,,,,,,,
151,외국계증권사,10145,크레디트스위스증권서울지점,B,SF020,유가증권 보유현황(관계회사 투자지분),A1,연결대상회사 투자지분,0.0,0.0,0.0,0.0,0.0,0.0,0.0,0.0,0.0,0.0,0.0,0.0,0.0,0.0,0.0,0.0,0.0,0.0,0.0,0.0,0.0,0.0,0.0,,,,,,,,,,,,,,,,,,,,,,,,,,,,,,,,,,
152,외국계증권사,10145,크레디트스위스증권서울지점,B,SF020,유가증권 보유현황(관계회사 투자지분),A2,비연결대상회사 투자지분,0.0,0.0,0.0,0.0,0.0,0.0,0.0,0.0,0.0,0.0,0.0,0.0,0.0,0.0,0.0,0.0,0.0,0.0,0.0,0.0,0.0,0.0,0.0,,,,,,,,,,,,,,,,,,,,,,,,,,,,,,,,,,
153,외국계증권사,10149,골드만삭스증권회사서울지점,B,SF020,유가증권 보유현황(관계회사 투자지분),A,관계회사투자지분,0.0,0.0,0.0,0.0,0.0,0.0,0.0,0.0,0.0,0.0,0.0,0.0,0.0,0.0,0.0,0.0,0.0,0.0,0.0,0.0,0.0,0.0,0.0,0.0,0.0,0.0,0.0,0.0,0.0,0.0,0.0,0.0,0.0,0.0,0.0,0.0,0.0,0.0,0.0,0.0,0.0,0.0,0.0,0.0,0.0,0.0,0.0,0.0,0.0,0.0,0.0,0.0,0.0,0.0,0.0,0.0,0.0
154,외국계증권사,10149,골드만삭스증권회사서울지점,B,SF020,유가증권 보유현황(관계회사 투자지분),A1,연결대상회사 투자지분,0.0,0.0,0.0,0.0,0.0,0.0,0.0,0.0,0.0,0.0,0.0,0.0,0.0,0.0,0.0,0.0,0.0,0.0,0.0,0.0,0.0,0.0,0.0,0.0,0.0,0.0,0.0,0.0,0.0,0.0,0.0,0.0,0.0,0.0,0.0,0.0,0.0,0.0,0.0,0.0,0.0,0.0,0.0,0.0,0.0,0.0,0.0,0.0,0.0,0.0,0.0,0.0,0.0,0.0,0.0,0.0,0.0
155,외국계증권사,10149,골드만삭스증권회사서울지점,B,SF020,유가증권 보유현황(관계회사 투자지분),A2,비연결대상회사 투자지분,0.0,0.0,0.0,0.0,0.0,0.0,0.0,0.0,0.0,0.0,0.0,0.0,0.0,0.0,0.0,0.0,0.0,0.0,0.0,0.0,0.0,0.0,0.0,0.0,0.0,0.0,0.0,0.0,0.0,0.0,0.0,0.0,0.0,0.0,0.0,0.0,0.0,0.0,0.0,0.0,0.0,0.0,0.0,0.0,0.0,0.0,0.0,0.0,0.0,0.0,0.0,0.0,0.0,0.0,0.0,0.0,0.0
156,외국계증권사,10153,메릴린치인터내셔날엘엘씨증권 서울지점,B,SF020,유가증권 보유현황(관계회사 투자지분),A,관계회사투자지분,0.0,0.0,0.0,0.0,0.0,0.0,0.0,0.0,0.0,0.0,0.0,0.0,0.0,0.0,0.0,0.0,0.0,0.0,0.0,0.0,0.0,0.0,0.0,0.0,0.0,0.0,0.0,0.0,0.0,0.0,0.0,0.0,0.0,0.0,0.0,0.0,0.0,0.0,0.0,0.0,0.0,0.0,0.0,0.0,0.0,0.0,0.0,0.0,0.0,0.0,0.0,0.0,0.0,0.0,0.0,0.0,0.0
157,외국계증권사,10153,메릴린치인터내셔날엘엘씨증권 서울지점,B,SF020,유가증권 보유현황(관계회사 투자지분),A1,연결대상회사 투자지분,0.0,0.0,0.0,0.0,0.0,0.0,0.0,0.0,0.0,0.0,0.0,0.0,0.0,0.0,0.0,0.0,0.0,0.0,0.0,0.0,0.0,0.0,0.0,0.0,0.0,0.0,0.0,0.0,0.0,0.0,0.0,0.0,0.0,0.0,0.0,0.0,0.0,0.0,0.0,0.0,0.0,0.0,0.0,0.0,0.0,0.0,0.0,0.0,0.0,0.0,0.0,0.0,0.0,0.0,0.0,0.0,0.0
158,외국계증권사,10153,메릴린치인터내셔날엘엘씨증권 서울지점,B,SF020,유가증권 보유현황(관계회사 투자지분),A2,비연결대상회사 투자지분,0.0,0.0,0.0,0.0,0.0,0.0,0.0,0.0,0.0,0.0,0.0,0.0,0.0,0.0,0.0,0.0,0.0,0.0,0.0,0.0,0.0,0.0,0.0,0.0,0.0,0.0,0.0,0.0,0.0,0.0,0.0,0.0,0.0,0.0,0.0,0.0,0.0,0.0,0.0,0.0,0.0,0.0,0.0,0.0,0.0,0.0,0.0,0.0,0.0,0.0,0.0,0.0,0.0,0.0,0.0,0.0,0.0
159,외국계증권사,10154,모간스탠리인터내셔날증권회사서울지점,B,SF020,유가증권 보유현황(관계회사 투자지분),A,관계회사투자지분,0.0,0.0,0.0,0.0,0.0,0.0,0.0,0.0,0.0,0.0,0.0,0.0,0.0,0.0,0.0,0.0,0.0,0.0,0.0,0.0,0.0,0.0,0.0,0.0,0.0,0.0,0.0,0.0,0.0,0.0,0.0,0.0,0.0,0.0,0.0,0.0,0.0,0.0,0.0,0.0,0.0,0.0,0.0,0.0,0.0,0.0,0.0,0.0,0.0,0.0,0.0,0.0,0.0,0.0,0.0,0.0,0.0
160,외국계증권사,10154,모간스탠리인터내셔날증권회사서울지점,B,SF020,유가증권 보유현황(관계회사 투자지분),A1,연결대상회사 투자지분,0.0,0.0,0.0,0.0,0.0,0.0,0.0,0.0,0.0,0.0,0.0,0.0,0.0,0.0,0.0,0.0,0.0,0.0,0.0,0.0,0.0,0.0,0.0,0.0,0.0,0.0,0.0,0.0,0.0,0.0,0.0,0.0,0.0,0.0,0.0,0.0,0.0,0.0,0.0,0.0,0.0,0.0,0.0,0.0,0.0,0.0,0.0,0.0,0.0,0.0,0.0,0.0,0.0,0.0,0.0,0.0,0.0
161,외국계증권사,10154,모간스탠리인터내셔날증권회사서울지점,B,SF020,유가증권 보유현황(관계회사 투자지분),A2,비연결대상회사 투자지분,0.0,0.0,0.0,0.0,0.0,0.0,0.0,0.0,0.0,0.0,0.0,0.0,0.0,0.0,0.0,0.0,0.0,0.0,0.0,0.0,0.0,0.0,0.0,0.0,0.0,0.0,0.0,0.0,0.0,0.0,0.0,0.0,0.0,0.0,0.0,0.0,0.0,0.0,0.0,0.0,0.0,0.0,0.0,0.0,0.0,0.0,0.0,0.0,0.0,0.0,0.0,0.0,0.0,0.0,0.0,0.0,0.0
162,외국계증권사,10158,제이피모간증권회사서울지점,B,SF020,유가증권 보유현황(관계회사 투자지분),A,관계회사투자지분,0.0,0.0,0.0,0.0,0.0,0.0,0.0,0.0,0.0,0.0,0.0,0.0,0.0,0.0,0.0,0.0,0.0,0.0,0.0,0.0,0.0,0.0,0.0,0.0,0.0,0.0,0.0,0.0,0.0,0.0,0.0,0.0,0.0,0.0,0.0,0.0,0.0,0.0,0.0,0.0,0.0,0.0,0.0,0.0,0.0,0.0,0.0,0.0,0.0,0.0,0.0,0.0,0.0,0.0,0.0,0.0,0.0
163,외국계증권사,10158,제이피모간증권회사서울지점,B,SF020,유가증권 보유현황(관계회사 투자지분),A1,연결대상회사 투자지분,0.0,0.0,0.0,0.0,0.0,0.0,0.0,0.0,0.0,0.0,0.0,0.0,0.0,0.0,0.0,0.0,0.0,0.0,0.0,0.0,0.0,0.0,0.0,0.0,0.0,0.0,0.0,0.0,0.0,0.0,0.0,0.0,0.0,0.0,0.0,0.0,0.0,0.0,0.0,0.0,0.0,0.0,0.0,0.0,0.0,0.0,0.0,0.0,0.0,0.0,0.0,0.0,0.0,0.0,0.0,0.0,0.0
164,외국계증권사,10158,제이피모간증권회사서울지점,B,SF020,유가증권 보유현황(관계회사 투자지분),A2,비연결대상회사 투자지분,0.0,0.0,0.0,0.0,0.0,0.0,0.0,0.0,0.0,0.0,0.0,0.0,0.0,0.0,0.0,0.0,0.0,0.0,0.0,0.0,0.0,0.0,0.0,0.0,0.0,0.0,0.0,0.0,0.0,0.0,0.0,0.0,0.0,0.0,0.0,0.0,0.0,0.0,0.0,0.0,0.0,0.0,0.0,0.0,0.0,0.0,0.0,0.0,0.0,0.0,0.0,0.0,0.0,0.0,0.0,0.0,0.0
165,외국계증권사,10162,크레디 아그리콜 아시아증권 서울지점,B,SF020,유가증권 보유현황(관계회사 투자지분),A,관계회사투자지분,0.0,0.0,0.0,0.0,0.0,0.0,0.0,0.0,0.0,0.0,0.0,0.0,0.0,0.0,0.0,0.0,0.0,0.0,0.0,0.0,0.0,0.0,0.0,0.0,0.0,0.0,0.0,0.0,0.0,0.0,0.0,0.0,0.0,0.0,0.0,0.0,0.0,0.0,0.0,0.0,0.0,0.0,0.0,0.0,0.0,0.0,0.0,0.0,0.0,0.0,0.0,0.0,0.0,0.0,0.0,0.0,0.0
166,외국계증권사,10162,크레디 아그리콜 아시아증권 서울지점,B,SF020,유가증권 보유현황(관계회사 투자지분),A1,연결대상회사 투자지분,0.0,0.0,0.0,0.0,0.0,0.0,0.0,0.0,0.0,0.0,0.0,0.0,0.0,0.0,0.0,0.0,0.0,0.0,0.0,0.0,0.0,0.0,0.0,0.0,0.0,0.0,0.0,0.0,0.0,0.0,0.0,0.0,0.0,0.0,0.0,0.0,0.0,0.0,0.0,0.0,0.0,0.0,0.0,0.0,0.0,0.0,0.0,0.0,0.0,0.0,0.0,0.0,0.0,0.0,0.0,0.0,0.0
167,외국계증권사,10162,크레디 아그리콜 아시아증권 서울지점,B,SF020,유가증권 보유현황(관계회사 투자지분),A2,비연결대상회사 투자지분,0.0,0.0,0.0,0.0,0.0,0.0,0.0,0.0,0.0,0.0,0.0,0.0,0.0,0.0,0.0,0.0,0.0,0.0,0.0,0.0,0.0,0.0,0.0,0.0,0.0,0.0,0.0,0.0,0.0,0.0,0.0,0.0,0.0,0.0,0.0,0.0,0.0,0.0,0.0,0.0,0.0,0.0,0.0,0.0,0.0,0.0,0.0,0.0,0.0,0.0,0.0,0.0,0.0,0.0,0.0,0.0,0.0
168,외국계증권사,11218,홍콩상하이증권서울지점,B,SF020,유가증권 보유현황(관계회사 투자지분),A,관계회사투자지분,0.0,0.0,0.0,0.0,0.0,0.0,0.0,0.0,0.0,0.0,0.0,0.0,0.0,0.0,0.0,0.0,0.0,0.0,0.0,0.0,0.0,0.0,0.0,0.0,0.0,0.0,0.0,0.0,0.0,0.0,0.0,0.0,0.0,0.0,0.0,0.0,0.0,0.0,0.0,0.0,0.0,0.0,0.0,0.0,0.0,0.0,0.0,0.0,0.0,0.0,0.0,0.0,0.0,0.0,0.0,0.0,0.0
169,외국계증권사,11218,홍콩상하이증권서울지점,B,SF020,유가증권 보유현황(관계회사 투자지분),A1,연결대상회사 투자지분,0.0,0.0,0.0,0.0,0.0,0.0,0.0,0.0,0.0,0.0,0.0,0.0,0.0,0.0,0.0,0.0,0.0,0.0,0.0,0.0,0.0,0.0,0.0,0.0,0.0,0.0,0.0,0.0,0.0,0.0,0.0,0.0,0.0,0.0,0.0,0.0,0.0,0.0,0.0,0.0,0.0,0.0,0.0,0.0,0.0,0.0,0.0,0.0,0.0,0.0,0.0,0.0,0.0,0.0,0.0,0.0,0.0
170,외국계증권사,11218,홍콩상하이증권서울지점,B,SF020,유가증권 보유현황(관계회사 투자지분),A2,비연결대상회사 투자지분,0.0,0.0,0.0,0.0,0.0,0.0,0.0,0.0,0.0,0.0,0.0,0.0,0.0,0.0,0.0,0.0,0.0,0.0,0.0,0.0,0.0,0.0,0.0,0.0,0.0,0.0,0.0,0.0,0.0,0.0,0.0,0.0,0.0,0.0,0.0,0.0,0.0,0.0,0.0,0.0,0.0,0.0,0.0,0.0,0.0,0.0,0.0,0.0,0.0,0.0,0.0,0.0,0.0,0.0,0.0,0.0,0.0
171,외국계증권사,11612,유비에스증권리미티드서울지점,B,SF020,유가증권 보유현황(관계회사 투자지분),A,관계회사투자지분,0.0,0.0,0.0,0.0,0.0,0.0,0.0,0.0,0.0,0.0,0.0,0.0,0.0,0.0,0.0,0.0,0.0,0.0,0.0,0.0,0.0,0.0,0.0,0.0,0.0,0.0,0.0,0.0,0.0,0.0,0.0,0.0,0.0,0.0,0.0,0.0,0.0,0.0,0.0,0.0,0.0,0.0,0.0,0.0,0.0,0.0,0.0,0.0,0.0,0.0,0.0,0.0,0.0,0.0,0.0,0.0,0.0
172,외국계증권사,11612,유비에스증권리미티드서울지점,B,SF020,유가증권 보유현황(관계회사 투자지분),A1,연결대상회사 투자지분,0.0,0.0,0.0,0.0,0.0,0.0,0.0,0.0,0.0,0.0,0.0,0.0,0.0,0.0,0.0,0.0,0.0,0.0,0.0,0.0,0.0,0.0,0.0,0.0,0.0,0.0,0.0,0.0,0.0,0.0,0.0,0.0,0.0,0.0,0.0,0.0,0.0,0.0,0.0,0.0,0.0,0.0,0.0,0.0,0.0,0.0,0.0,0.0,0.0,0.0,0.0,0.0,0.0,0.0,0.0,0.0,0.0
173,외국계증권사,11612,유비에스증권리미티드서울지점,B,SF020,유가증권 보유현황(관계회사 투자지분),A2,비연결대상회사 투자지분,0.0,0.0,0.0,0.0,0.0,0.0,0.0,0.0,0.0,0.0,0.0,0.0,0.0,0.0,0.0,0.0,0.0,0.0,0.0,0.0,0.0,0.0,0.0,0.0,0.0,0.0,0.0,0.0,0.0,0.0,0.0,0.0,0.0,0.0,0.0,0.0,0.0,0.0,0.0,0.0,0.0,0.0,0.0,0.0,0.0,0.0,0.0,0.0,0.0,0.0,0.0,0.0,0.0,0.0,0.0,0.0,0.0
174,외국계증권사,13352,씨지에스 인터내셔널증권 홍콩 한국지점,B,SF020,유가증권 보유현황(관계회사 투자지분),A,관계회사투자지분,,,,,,,,0.0,0.0,0.0,0.0,0.0,0.0,0.0,0.0,0.0,0.0,0.0,0.0,0.0,0.0,0.0,0.0,0.0,0.0,0.0,0.0,0.0,0.0,0.0,0.0,0.0,0.0,0.0,0.0,0.0,0.0,0.0,0.0,0.0,0.0,0.0,0.0,0.0,0.0,0.0,0.0,0.0,0.0,0.0,0.0,0.0,0.0,0.0,0.0,0.0,0.0
175,외국계증권사,13352,씨지에스 인터내셔널증권 홍콩 한국지점,B,SF020,유가증권 보유현황(관계회사 투자지분),A1,연결대상회사 투자지분,,,,,,,,0.0,0.0,0.0,0.0,0.0,0.0,0.0,0.0,0.0,0.0,0.0,0.0,0.0,0.0,0.0,0.0,0.0,0.0,0.0,0.0,0.0,0.0,0.0,0.0,0.0,0.0,0.0,0.0,0.0,0.0,0.0,0.0,0.0,0.0,0.0,0.0,0.0,0.0,0.0,0.0,0.0,0.0,0.0,0.0,0.0,0.0,0.0,0.0,0.0,0.0
176,외국계증권사,13352,씨지에스 인터내셔널증권 홍콩 한국지점,B,SF020,유가증권 보유현황(관계회사 투자지분),A2,비연결대상회사 투자지분,,,,,,,,0.0,0.0,0.0,0.0,0.0,0.0,0.0,0.0,0.0,0.0,0.0,0.0,0.0,0.0,0.0,0.0,0.0,0.0,0.0,0.0,0.0,0.0,0.0,0.0,0.0,0.0,0.0,0.0,0.0,0.0,0.0,0.0,0.0,0.0,0.0,0.0,0.0,0.0,0.0,0.0,0.0,0.0,0.0,0.0,0.0,0.0,0.0,0.0,0.0,0.0
177,외국계증권사,14595,아이엔지증권 서울지점,B,SF020,유가증권 보유현황(관계회사 투자지분),A,관계회사투자지분,,,,,,,,,,,,,,,,,,,,,,0.0,0.0,0.0,0.0,0.0,0.0,0.0,0.0,0.0,0.0,0.0,0.0,0.0,0.0,0.0,0.0,0.0,0.0,0.0,0.0,0.0,0.0,0.0,0.0,0.0,0.0,0.0,0.0,0.0,0.0,0.0,0.0,0.0,0.0,0.0,0.0
178,외국계증권사,14595,아이엔지증권 서울지점,B,SF020,유가증권 보유현황(관계회사 투자지분),A1,연결대상회사 투자지분,,,,,,,,,,,,,,,,,,,,,,0.0,0.0,0.0,0.0,0.0,0.0,0.0,0.0,0.0,0.0,0.0,0.0,0.0,0.0,0.0,0.0,0.0,0.0,0.0,0.0,0.0,0.0,0.0,0.0,0.0,0.0,0.0,0.0,0.0,0.0,0.0,0.0,0.0,0.0,0.0,0.0
179,외국계증권사,14595,아이엔지증권 서울지점,B,SF020,유가증권 보유현황(관계회사 투자지분),A2,비연결대상회사 투자지분,,,,,,,,,,,,,,,,,,,,,,0.0,0.0,0.0,0.0,0.0,0.0,0.0,0.0,0.0,0.0,0.0,0.0,0.0,0.0,0.0,0.0,0.0,0.0,0.0,0.0,0.0,0.0,0.0,0.0,0.0,0.0,0.0,0.0,0.0,0.0,0.0,0.0,0.0,0.0,0.0,0.0
180,외국계증권사,15535,미즈호증권아시아리미티드 서울지점,B,SF020,유가증권 보유현황(관계회사 투자지분),A,관계회사투자지분,,,,,,,,,,,,,,,,,,,,,,,,,,,0.0,0.0,0.0,0.0,0.0,0.0,0.0,0.0,0.0,0.0,0.0,0.0,0.0,0.0,0.0,0.0,0.0,0.0,0.0,0.0,0.0,0.0,0.0,0.0,0.0,0.0,0.0,0.0,0.0,0.0,0.0
181,외국계증권사,15535,미즈호증권아시아리미티드 서울지점,B,SF020,유가증권 보유현황(관계회사 투자지분),A1,연결대상회사 투자지분,,,,,,,,,,,,,,,,,,,,,,,,,,,0.0,0.0,0.0,0.0,0.0,0.0,0.0,0.0,0.0,0.0,0.0,0.0,0.0,0.0,0.0,0.0,0.0,0.0,0.0,0.0,0.0,0.0,0.0,0.0,0.0,0.0,0.0,0.0,0.0,0.0,0.0
182,외국계증권사,15535,미즈호증권아시아리미티드 서울지점,B,SF020,유가증권 보유현황(관계회사 투자지분),A2,비연결대상회사 투자지분,,,,,,,,,,,,,,,,,,,,,,,,,,,0.0,0.0,0.0,0.0,0.0,0.0,0.0,0.0,0.0,0.0,0.0,0.0,0.0,0.0,0.0,0.0,0.0,0.0,0.0,0.0,0.0,0.0,0.0,0.0,0.0,0.0,0.0,0.0,0.0,0.0,0.0
183,외국계증권사,20016,나틱시스증권 서울지점,B,SF020,유가증권 보유현황(관계회사 투자지분),A,관계회사투자지분,,,,,,,,,,,,,,,,,,,,,,,,,,,,,,,,,,,,,,,,,,,,,,,,0.0,0.0,0.0,0.0,0.0,0.0,0.0,0.0,0.0,0.0
184,외국계증권사,20016,나틱시스증권 서울지점,B,SF020,유가증권 보유현황(관계회사 투자지분),A1,연결대상회사 투자지분,,,,,,,,,,,,,,,,,,,,,,,,,,,,,,,,,,,,,,,,,,,,,,,,0.0,0.0,0.0,0.0,0.0,0.0,0.0,0.0,0.0,0.0
185,외국계증권사,20016,나틱시스증권 서울지점,B,SF020,유가증권 보유현황(관계회사 투자지분),A2,비연결대상회사 투자지분,,,,,,,,,,,,,,,,,,,,,,,,,,,,,,,,,,,,,,,,,,,,,,,,0.0,0.0,0.0,0.0,0.0,0.0,0.0,0.0,0.0,0.0
