,금융구분,금융회사코드,금융회사명,통계분류,통계표코드,통계표명,코드,구분,200212,200303,200306,200309,200312,200403,200406,200409,200412,200503,200506,200509,200512,200603,200606,200609,200612,200703,200706,200709,200712,200803,200806,200809,200812,200903,200906,200909,200912,201003,201006,201009,201012,201103,201106
0,신기술금융사,10274,아주아이비투자㈜,B,SN004,요약재무상태표(부채 및 자본)(07.12월 이전),A,부채 및 자본총계,149815000000.0,142078000000.0,133824000000.0,139180000000.0,129448000000.0,125417000000.0,114600000000.0,148311000000.0,132007000000.0,133813000000.0,133664000000.0,132427000000.0,115260000000.0,113059000000.0,111463000000.0,109802000000.0,112899000000.0,113735000000.0,135535000000.0,113626000000.0,108424000000.0,105504000000.0,105835000000.0,102604000000.0,101986000000.0,102636000000.0,109884000000.0,113350000000.0,116790000000.0,125272000000.0,125564000000.0,125360000000.0,138330000000.0,0.0,
1,신기술금융사,10274,아주아이비투자㈜,B,SN004,요약재무상태표(부채 및 자본)(07.12월 이전),A1,부채,77364000000.0,70345000000.0,64801000000.0,60747000000.0,54234000000.0,50914000000.0,48826000000.0,73346000000.0,72134000000.0,71794000000.0,71828000000.0,67094000000.0,57137000000.0,57093000000.0,57165000000.0,52157000000.0,52281000000.0,52233000000.0,72229000000.0,43015000000.0,39563000000.0,36829000000.0,36425000000.0,36662000000.0,36391000000.0,36255000000.0,36532000000.0,35719000000.0,38343000000.0,42487000000.0,41998000000.0,41168000000.0,51237000000.0,0.0,
2,신기술금융사,10274,아주아이비투자㈜,B,SN004,요약재무상태표(부채 및 자본)(07.12월 이전),A11,유동부채,18658000000.0,14871000000.0,11280000000.0,23126000000.0,37347000000.0,34660000000.0,32717000000.0,22566000000.0,16603000000.0,16324000000.0,16333000000.0,16614000000.0,6724000000.0,6756000000.0,6773000000.0,31734000000.0,51848000000.0,51822000000.0,51937000000.0,22679000000.0,19189000000.0,34931000000.0,34938000000.0,34945000000.0,33953000000.0,33960000000.0,33968000000.0,33976000000.0,33016000000.0,37992000000.0,38898000000.0,38906000000.0,47913000000.0,0.0,
3,신기술금융사,10274,아주아이비투자㈜,B,SN004,요약재무상태표(부채 및 자본)(07.12월 이전),A111,단기차입금,0.0,,,,,,,,,,,,,,,,,,,,,,,,,,,,,,,,,,
4,신기술금융사,10274,아주아이비투자㈜,B,SN004,요약재무상태표(부채 및 자본)(07.12월 이전),A111,유동부채_단기차입금,,0.0,0.0,0.0,0.0,0.0,0.0,0.0,0.0,0.0,0.0,0.0,0.0,0.0,0.0,0.0,0.0,0.0,0.0,500000000.0,17200000000.0,15000000000.0,15000000000.0,15000000000.0,14000000000.0,14000000000.0,14000000000.0,14000000000.0,13000000000.0,18000000000.0,21000000000.0,21000000000.0,25000000000.0,0.0,
5,신기술금융사,10274,아주아이비투자㈜,B,SN004,요약재무상태표(부채 및 자본)(07.12월 이전),A112,유동부채_콜머니,,0.0,0.0,0.0,0.0,0.0,0.0,0.0,0.0,0.0,0.0,0.0,0.0,0.0,0.0,0.0,0.0,0.0,0.0,0.0,0.0,0.0,0.0,0.0,0.0,0.0,0.0,0.0,0.0,0.0,0.0,0.0,0.0,0.0,
6,신기술금융사,10274,아주아이비투자㈜,B,SN004,요약재무상태표(부채 및 자본)(07.12월 이전),A112,콜머니,0.0,,,,,,,,,,,,,,,,,,,,,,,,,,,,,,,,,,
7,신기술금융사,10274,아주아이비투자㈜,B,SN004,요약재무상태표(부채 및 자본)(07.12월 이전),A113,유동부채_유동성 사채,,0.0,0.0,10000000000.0,30000000000.0,30000000000.0,30000000000.0,20000000000.0,15000000000.0,15000000000.0,15000000000.0,15000000000.0,5000000000.0,5000000000.0,5000000000.0,30000000000.0,50000000000.0,50000000000.0,50000000000.0,20000000000.0,0.0,0.0,0.0,0.0,0.0,0.0,0.0,20000000000.0,20000000000.0,40000000000.0,0.0,0.0,0.0,0.0,
8,신기술금융사,10274,아주아이비투자㈜,B,SN004,요약재무상태표(부채 및 자본)(07.12월 이전),A113,유동성 사채,0.0,,,,,,,,,,,,,,,,,,,,,,,,,,,,,,,,,,
9,신기술금융사,10274,아주아이비투자㈜,B,SN004,요약재무상태표(부채 및 자본)(07.12월 이전),A114,유동부채_유동성 장기차입금,,14167000000.0,10654000000.0,12457000000.0,5301000000.0,3279000000.0,2032000000.0,1353000000.0,769000000.0,476000000.0,386000000.0,293000000.0,318000000.0,273000000.0,259000000.0,255000000.0,274000000.0,204000000.0,199000000.0,0.0,0.0,0.0,0.0,0.0,0.0,0.0,0.0,0.0,0.0,0.0,0.0,0.0,5000000000.0,0.0,
10,신기술금융사,10274,아주아이비투자㈜,B,SN004,요약재무상태표(부채 및 자본)(07.12월 이전),A114,유동성 장기차입금,18098000000.0,,,,,,,,,,,,,,,,,,,,,,,,,,,,,,,,,,
11,신기술금융사,10274,아주아이비투자㈜,B,SN004,요약재무상태표(부채 및 자본)(07.12월 이전),A115,기타,560000000.0,,,,,,,,,,,,,,,,,,,,,,,,,,,,,,,,,,
12,신기술금융사,10274,아주아이비투자㈜,B,SN004,요약재무상태표(부채 및 자본)(07.12월 이전),A115,유동부채_기타,,704000000.0,626000000.0,669000000.0,2046000000.0,1381000000.0,685000000.0,1213000000.0,834000000.0,848000000.0,947000000.0,1321000000.0,1406000000.0,1483000000.0,1514000000.0,1479000000.0,1574000000.0,1618000000.0,1738000000.0,2179000000.0,1989000000.0,19931000000.0,19938000000.0,19945000000.0,19953000000.0,19960000000.0,19968000000.0,-24000000.0,16000000.0,-20008000000.0,17898000000.0,17906000000.0,17913000000.0,0.0,
13,신기술금융사,10274,아주아이비투자㈜,B,SN004,요약재무상태표(부채 및 자본)(07.12월 이전),A12,복권회계 부채,0.0,0.0,0.0,0.0,0.0,0.0,0.0,0.0,0.0,0.0,0.0,0.0,0.0,0.0,0.0,0.0,0.0,0.0,0.0,0.0,0.0,0.0,0.0,0.0,0.0,0.0,0.0,0.0,0.0,0.0,0.0,0.0,0.0,0.0,
14,신기술금융사,10274,아주아이비투자㈜,B,SN004,요약재무상태표(부채 및 자본)(07.12월 이전),A13,고정부채,58706000000.0,55474000000.0,53521000000.0,37621000000.0,16887000000.0,16254000000.0,16109000000.0,50780000000.0,55531000000.0,55470000000.0,55495000000.0,50480000000.0,50413000000.0,50337000000.0,50392000000.0,20423000000.0,433000000.0,411000000.0,20292000000.0,20336000000.0,20374000000.0,19931000000.0,19938000000.0,19945000000.0,19953000000.0,19960000000.0,19968000000.0,19976000000.0,20016000000.0,19992000000.0,17898000000.0,17906000000.0,17913000000.0,0.0,
15,신기술금융사,10274,아주아이비투자㈜,B,SN004,요약재무상태표(부채 및 자본)(07.12월 이전),A131,고정부채_사채,,45000000000.0,45000000000.0,35000000000.0,15000000000.0,15000000000.0,15000000000.0,50000000000.0,55000000000.0,55000000000.0,55000000000.0,50000000000.0,50000000000.0,50000000000.0,50000000000.0,20000000000.0,0.0,0.0,20000000000.0,20000000000.0,20000000000.0,20000000000.0,20000000000.0,20000000000.0,20000000000.0,20000000000.0,20000000000.0,0.0,0.0,-20000000000.0,18000000000.0,18000000000.0,18000000000.0,0.0,
16,신기술금융사,10274,아주아이비투자㈜,B,SN004,요약재무상태표(부채 및 자본)(07.12월 이전),A131,사  채,45000000000.0,,,,,,,,,,,,,,,,,,,,,,,,,,,,,,,,,,
17,신기술금융사,10274,아주아이비투자㈜,B,SN004,요약재무상태표(부채 및 자본)(07.12월 이전),A132,고정부채_장기차입금,,10353000000.0,8348000000.0,2389000000.0,1661000000.0,1150000000.0,956000000.0,754000000.0,689000000.0,546000000.0,486000000.0,406000000.0,358000000.0,245000000.0,201000000.0,128000000.0,64000000.0,32000000.0,0.0,0.0,0.0,0.0,0.0,0.0,0.0,0.0,0.0,0.0,0.0,0.0,0.0,0.0,0.0,0.0,
18,신기술금융사,10274,아주아이비투자㈜,B,SN004,요약재무상태표(부채 및 자본)(07.12월 이전),A132,장기차입금,13641000000.0,,,,,,,,,,,,,,,,,,,,,,,,,,,,,,,,,,
19,신기술금융사,10274,아주아이비투자㈜,B,SN004,요약재무상태표(부채 및 자본)(07.12월 이전),A133,고정부채_기타,,121000000.0,173000000.0,232000000.0,226000000.0,104000000.0,153000000.0,26000000.0,-158000000.0,-76000000.0,9000000.0,74000000.0,55000000.0,92000000.0,191000000.0,295000000.0,369000000.0,379000000.0,292000000.0,336000000.0,374000000.0,-69000000.0,-62000000.0,-55000000.0,-47000000.0,-40000000.0,-32000000.0,19976000000.0,20016000000.0,39992000000.0,-102000000.0,-94000000.0,-87000000.0,0.0,
20,신기술금융사,10274,아주아이비투자㈜,B,SN004,요약재무상태표(부채 및 자본)(07.12월 이전),A133,기타,65000000.0,,,,,,,,,,,,,,,,,,,,,,,,,,,,,,,,,,
21,신기술금융사,10274,아주아이비투자㈜,B,SN004,요약재무상태표(부채 및 자본)(07.12월 이전),A2,자본,72451000000.0,71733000000.0,69023000000.0,78433000000.0,75214000000.0,74503000000.0,65774000000.0,74965000000.0,59873000000.0,62019000000.0,61836000000.0,65333000000.0,58123000000.0,55966000000.0,54298000000.0,57645000000.0,60618000000.0,61502000000.0,63306000000.0,70611000000.0,68861000000.0,68675000000.0,69410000000.0,65942000000.0,65595000000.0,66381000000.0,73352000000.0,77631000000.0,78447000000.0,82785000000.0,83566000000.0,84192000000.0,87093000000.0,0.0,
22,신기술금융사,10274,아주아이비투자㈜,B,SN004,요약재무상태표(부채 및 자본)(07.12월 이전),A21,자본금,53962000000.0,53962000000.0,53962000000.0,53962000000.0,53962000000.0,53962000000.0,53962000000.0,53962000000.0,53962000000.0,53962000000.0,53962000000.0,53962000000.0,53962000000.0,53962000000.0,53962000000.0,53962000000.0,53962000000.0,53962000000.0,53962000000.0,53962000000.0,53962000000.0,53962000000.0,53962000000.0,53962000000.0,53962000000.0,53962000000.0,53962000000.0,53962000000.0,53962000000.0,53962000000.0,53962000000.0,53962000000.0,53962000000.0,0.0,
23,신기술금융사,10274,아주아이비투자㈜,B,SN004,요약재무상태표(부채 및 자본)(07.12월 이전),A22,자본잉여금,218000000.0,218000000.0,218000000.0,218000000.0,218000000.0,218000000.0,218000000.0,218000000.0,218000000.0,218000000.0,218000000.0,218000000.0,218000000.0,218000000.0,218000000.0,218000000.0,218000000.0,218000000.0,218000000.0,218000000.0,218000000.0,218000000.0,218000000.0,218000000.0,218000000.0,218000000.0,218000000.0,218000000.0,218000000.0,218000000.0,217000000.0,217000000.0,218000000.0,0.0,
24,신기술금융사,10274,아주아이비투자㈜,B,SN004,요약재무상태표(부채 및 자본)(07.12월 이전),A23,이익잉여금(결손금),20459000000.0,20181000000.0,16181000000.0,21502000000.0,21729000000.0,20991000000.0,14653000000.0,13755000000.0,63000000.0,5153000000.0,6196000000.0,6394000000.0,1791000000.0,592000000.0,-385000000.0,3147000000.0,6465000000.0,6557000000.0,8695000000.0,15865000000.0,13819000000.0,13877000000.0,15095000000.0,13736000000.0,14829000000.0,15356000000.0,19850000000.0,21844000000.0,23293000000.0,27880000000.0,29193000000.0,29669000000.0,32494000000.0,0.0,
25,신기술금융사,10274,아주아이비투자㈜,B,SN004,요약재무상태표(부채 및 자본)(07.12월 이전),A24,자본조정,-2188000000.0,-2628000000.0,-1338000000.0,2751000000.0,-695000000.0,-668000000.0,-3059000000.0,7030000000.0,5630000000.0,2686000000.0,1460000000.0,4759000000.0,2152000000.0,1194000000.0,503000000.0,318000000.0,-27000000.0,765000000.0,431000000.0,566000000.0,862000000.0,0.0,0.0,0.0,0.0,0.0,0.0,0.0,0.0,0.0,0.0,0.0,0.0,0.0,
26,신기술금융사,10275,미래에셋캐피탈㈜,B,SN004,요약재무상태표(부채 및 자본)(07.12월 이전),A,부채 및 자본총계,221120000000.0,191045000000.0,182492000000.0,192046000000.0,192069000000.0,200661000000.0,194508000000.0,273588000000.0,269619000000.0,319600000000.0,451420000000.0,725970000000.0,714427000000.0,893039000000.0,839863000000.0,884359000000.0,902162000000.0,1280538000000.0,1417287000000.0,1474391000000.0,1533218000000.0,1709326000000.0,1675719000000.0,1467067000000.0,1446750000000.0,1776424000000.0,1576375000000.0,1442287000000.0,1574297000000.0,2221979000000.0,1556917000000.0,1705025000000.0,1871791000000.0,2261777000000.0,
27,신기술금융사,10275,미래에셋캐피탈㈜,B,SN004,요약재무상태표(부채 및 자본)(07.12월 이전),A1,부채,60770000000.0,53114000000.0,45406000000.0,45600000000.0,44912000000.0,45288000000.0,41472000000.0,114327000000.0,109201000000.0,161353000000.0,222328000000.0,399614000000.0,390342000000.0,478028000000.0,440088000000.0,478794000000.0,497157000000.0,842138000000.0,855960000000.0,1019193000000.0,989387000000.0,1201452000000.0,1166725000000.0,984872000000.0,1009465000000.0,1232847000000.0,952015000000.0,805786000000.0,943153000000.0,1584131000000.0,979732000000.0,1089496000000.0,1245186000000.0,1636809000000.0,
28,신기술금융사,10275,미래에셋캐피탈㈜,B,SN004,요약재무상태표(부채 및 자본)(07.12월 이전),A11,유동부채,40841000000.0,37609000000.0,31988000000.0,13483000000.0,13616000000.0,17317000000.0,13522000000.0,87876000000.0,82840000000.0,132687000000.0,193746000000.0,355640000000.0,346613000000.0,391461000000.0,374911000000.0,340998000000.0,322544000000.0,510598000000.0,512099000000.0,667619000000.0,459070000000.0,1103791000000.0,1068929000000.0,898461000000.0,948652000000.0,1148846000000.0,869043000000.0,729229000000.0,839392000000.0,1478911000000.0,880068000000.0,981228000000.0,1138924000000.0,1538585000000.0,
29,신기술금융사,10275,미래에셋캐피탈㈜,B,SN004,요약재무상태표(부채 및 자본)(07.12월 이전),A111,단기차입금,37500000000.0,,,,,,,,,,,,,,,,,,,,,,,,,,,,,,,,,,
30,신기술금융사,10275,미래에셋캐피탈㈜,B,SN004,요약재무상태표(부채 및 자본)(07.12월 이전),A111,유동부채_단기차입금,,37500000000.0,31900000000.0,13150000000.0,13305000000.0,16500000000.0,13000000000.0,37000000000.0,32400000000.0,62400000000.0,58400000000.0,97800000000.0,83800000000.0,78000000000.0,58000000000.0,63088000000.0,55249000000.0,49000000000.0,20000000000.0,135000000000.0,16000000000.0,165000000000.0,140000000000.0,70000000000.0,120000000000.0,320000000000.0,100000000000.0,20000000000.0,140000000000.0,700000000000.0,180999000000.0,322000000000.0,590000000000.0,840000000000.0,
31,신기술금융사,10275,미래에셋캐피탈㈜,B,SN004,요약재무상태표(부채 및 자본)(07.12월 이전),A112,유동부채_콜머니,,0.0,0.0,0.0,0.0,0.0,0.0,50000000000.0,50000000000.0,70000000000.0,135000000000.0,255000000000.0,260000000000.0,310000000000.0,290000000000.0,230000000000.0,250000000000.0,460000000000.0,490000000000.0,530000000000.0,440000000000.0,500000000000.0,460000000000.0,250000000000.0,220000000000.0,220000000000.0,220000000000.0,260000000000.0,250000000000.0,330000000000.0,250000000000.0,230000000000.0,170000000000.0,220000000000.0,
32,신기술금융사,10275,미래에셋캐피탈㈜,B,SN004,요약재무상태표(부채 및 자본)(07.12월 이전),A112,콜머니,0.0,,,,,,,,,,,,,,,,,,,,,,,,,,,,,,,,,,
33,신기술금융사,10275,미래에셋캐피탈㈜,B,SN004,요약재무상태표(부채 및 자본)(07.12월 이전),A113,유동부채_유동성 사채,,0.0,0.0,0.0,0.0,0.0,0.0,0.0,0.0,0.0,0.0,0.0,0.0,0.0,0.0,0.0,0.0,0.0,0.0,0.0,0.0,0.0,0.0,0.0,0.0,0.0,0.0,0.0,0.0,0.0,0.0,0.0,0.0,0.0,
34,신기술금융사,10275,미래에셋캐피탈㈜,B,SN004,요약재무상태표(부채 및 자본)(07.12월 이전),A113,유동성 사채,2950000000.0,,,,,,,,,,,,,,,,,,,,,,,,,,,,,,,,,,
35,신기술금융사,10275,미래에셋캐피탈㈜,B,SN004,요약재무상태표(부채 및 자본)(07.12월 이전),A114,유동부채_유동성 장기차입금,,0.0,0.0,0.0,0.0,0.0,0.0,0.0,0.0,0.0,0.0,0.0,0.0,0.0,0.0,30000000000.0,0.0,0.0,0.0,0.0,0.0,0.0,0.0,0.0,0.0,0.0,0.0,0.0,0.0,0.0,0.0,0.0,0.0,0.0,
36,신기술금융사,10275,미래에셋캐피탈㈜,B,SN004,요약재무상태표(부채 및 자본)(07.12월 이전),A114,유동성 장기차입금,0.0,,,,,,,,,,,,,,,,,,,,,,,,,,,,,,,,,,
37,신기술금융사,10275,미래에셋캐피탈㈜,B,SN004,요약재무상태표(부채 및 자본)(07.12월 이전),A115,기타,391000000.0,,,,,,,,,,,,,,,,,,,,,,,,,,,,,,,,,,
38,신기술금융사,10275,미래에셋캐피탈㈜,B,SN004,요약재무상태표(부채 및 자본)(07.12월 이전),A115,유동부채_기타,,109000000.0,88000000.0,333000000.0,311000000.0,817000000.0,522000000.0,876000000.0,440000000.0,287000000.0,346000000.0,2840000000.0,2813000000.0,3461000000.0,26911000000.0,17910000000.0,17295000000.0,1598000000.0,2099000000.0,2619000000.0,3070000000.0,438791000000.0,468929000000.0,578461000000.0,608652000000.0,608846000000.0,549043000000.0,449229000000.0,449392000000.0,448911000000.0,449069000000.0,429228000000.0,378924000000.0,478585000000.0,
39,신기술금융사,10275,미래에셋캐피탈㈜,B,SN004,요약재무상태표(부채 및 자본)(07.12월 이전),A12,복권회계 부채,0.0,0.0,0.0,0.0,0.0,0.0,0.0,0.0,0.0,0.0,0.0,0.0,0.0,0.0,0.0,0.0,0.0,0.0,0.0,0.0,0.0,0.0,0.0,0.0,0.0,0.0,0.0,0.0,0.0,0.0,0.0,0.0,0.0,0.0,
40,신기술금융사,10275,미래에셋캐피탈㈜,B,SN004,요약재무상태표(부채 및 자본)(07.12월 이전),A13,고정부채,19929000000.0,15505000000.0,13418000000.0,32117000000.0,31296000000.0,27971000000.0,27950000000.0,26451000000.0,26361000000.0,28666000000.0,28582000000.0,43974000000.0,43729000000.0,86567000000.0,65177000000.0,137796000000.0,174613000000.0,331540000000.0,343861000000.0,351574000000.0,530317000000.0,398791000000.0,398929000000.0,548461000000.0,578652000000.0,578846000000.0,549043000000.0,449229000000.0,449392000000.0,448911000000.0,449069000000.0,429228000000.0,378924000000.0,478585000000.0,
41,신기술금융사,10275,미래에셋캐피탈㈜,B,SN004,요약재무상태표(부채 및 자본)(07.12월 이전),A131,고정부채_사채,,0.0,0.0,18500000000.0,18500000000.0,18500000000.0,18500000000.0,18500000000.0,18500000000.0,18500000000.0,18500000000.0,0.0,0.0,15000000000.0,0.0,100000000000.0,100000000000.0,250000000000.0,250000000000.0,250000000000.0,400000000000.0,400000000000.0,400000000000.0,550000000000.0,550000000000.0,550000000000.0,550000000000.0,450000000000.0,450000000000.0,450000000000.0,450000000000.0,430000000000.0,380000000000.0,480000000000.0,
42,신기술금융사,10275,미래에셋캐피탈㈜,B,SN004,요약재무상태표(부채 및 자본)(07.12월 이전),A131,사  채,0.0,,,,,,,,,,,,,,,,,,,,,,,,,,,,,,,,,,
43,신기술금융사,10275,미래에셋캐피탈㈜,B,SN004,요약재무상태표(부채 및 자본)(07.12월 이전),A132,고정부채_장기차입금,,0.0,0.0,0.0,0.0,0.0,0.0,0.0,0.0,0.0,0.0,30000000000.0,30000000000.0,30000000000.0,30000000000.0,0.0,40000000000.0,40000000000.0,40000000000.0,40000000000.0,40000000000.0,40000000000.0,70000000000.0,30000000000.0,30000000000.0,30000000000.0,0.0,0.0,0.0,0.0,0.0,0.0,0.0,0.0,
44,신기술금융사,10275,미래에셋캐피탈㈜,B,SN004,요약재무상태표(부채 및 자본)(07.12월 이전),A132,장기차입금,0.0,,,,,,,,,,,,,,,,,,,,,,,,,,,,,,,,,,
45,신기술금융사,10275,미래에셋캐피탈㈜,B,SN004,요약재무상태표(부채 및 자본)(07.12월 이전),A133,고정부채_기타,,15505000000.0,13418000000.0,13617000000.0,12796000000.0,9471000000.0,9450000000.0,7951000000.0,7861000000.0,10166000000.0,10082000000.0,13974000000.0,13729000000.0,41567000000.0,35177000000.0,37796000000.0,34613000000.0,41540000000.0,53861000000.0,61574000000.0,90317000000.0,-41209000000.0,-71071000000.0,-31539000000.0,-1348000000.0,-1154000000.0,-957000000.0,-771000000.0,-608000000.0,-1089000000.0,-931000000.0,-772000000.0,-1076000000.0,-1415000000.0,
46,신기술금융사,10275,미래에셋캐피탈㈜,B,SN004,요약재무상태표(부채 및 자본)(07.12월 이전),A133,기타,19929000000.0,,,,,,,,,,,,,,,,,,,,,,,,,,,,,,,,,,
47,신기술금융사,10275,미래에셋캐피탈㈜,B,SN004,요약재무상태표(부채 및 자본)(07.12월 이전),A2,자본,160350000000.0,137931000000.0,137086000000.0,146446000000.0,147157000000.0,155373000000.0,153036000000.0,159261000000.0,160418000000.0,158247000000.0,229092000000.0,326356000000.0,324085000000.0,415011000000.0,399775000000.0,405565000000.0,405005000000.0,438400000000.0,561327000000.0,455198000000.0,543831000000.0,507874000000.0,508994000000.0,482195000000.0,437285000000.0,543577000000.0,624360000000.0,636501000000.0,631144000000.0,637848000000.0,577185000000.0,615529000000.0,626605000000.0,624968000000.0,
48,신기술금융사,10275,미래에셋캐피탈㈜,B,SN004,요약재무상태표(부채 및 자본)(07.12월 이전),A21,자본금,32760000000.0,32760000000.0,32760000000.0,32760000000.0,32760000000.0,32760000000.0,32760000000.0,32760000000.0,32760000000.0,32760000000.0,39760000000.0,112606000000.0,112606000000.0,112606000000.0,112606000000.0,112606000000.0,112606000000.0,112606000000.0,134727000000.0,121992000000.0,121992000000.0,121992000000.0,121992000000.0,121992000000.0,121992000000.0,121992000000.0,121992000000.0,121992000000.0,121992000000.0,121992000000.0,121992000000.0,121992000000.0,121992000000.0,121992000000.0,
49,신기술금융사,10275,미래에셋캐피탈㈜,B,SN004,요약재무상태표(부채 및 자본)(07.12월 이전),A22,자본잉여금,5352000000.0,5352000000.0,5352000000.0,5352000000.0,5352000000.0,5352000000.0,5352000000.0,5352000000.0,5352000000.0,5352000000.0,68316000000.0,70668000000.0,70668000000.0,70633000000.0,70633000000.0,70633000000.0,70633000000.0,70633000000.0,198397000000.0,198397000000.0,198397000000.0,354539000000.0,351797000000.0,357878000000.0,376125000000.0,414570000000.0,461674000000.0,463188000000.0,423448000000.0,422863000000.0,422893000000.0,422983000000.0,422980000000.0,416751000000.0,
50,신기술금융사,10275,미래에셋캐피탈㈜,B,SN004,요약재무상태표(부채 및 자본)(07.12월 이전),A23,이익잉여금(결손금),126559000000.0,100313000000.0,99467000000.0,108110000000.0,108821000000.0,119270000000.0,116933000000.0,122823000000.0,123980000000.0,119005000000.0,119427000000.0,127712000000.0,128024000000.0,168204000000.0,166618000000.0,173903000000.0,181981000000.0,208739000000.0,151994000000.0,178791000000.0,213307000000.0,178867000000.0,83306000000.0,78641000000.0,92377000000.0,87441000000.0,80451000000.0,148517000000.0,155225000000.0,147139000000.0,87296000000.0,97582000000.0,114734000000.0,119284000000.0,
51,신기술금융사,10275,미래에셋캐피탈㈜,B,SN004,요약재무상태표(부채 및 자본)(07.12월 이전),A24,자본조정,-4321000000.0,-494000000.0,-493000000.0,224000000.0,224000000.0,-2009000000.0,-2009000000.0,-1674000000.0,-1674000000.0,1130000000.0,1589000000.0,15370000000.0,12787000000.0,63568000000.0,49918000000.0,48423000000.0,39785000000.0,46422000000.0,76209000000.0,-43982000000.0,10135000000.0,-127353000000.0,-20464000000.0,-20464000000.0,-30417000000.0,-43229000000.0,-22053000000.0,-22053000000.0,-21528000000.0,-17396000000.0,-11831000000.0,-11888000000.0,-13470000000.0,0.0,
52,신기술금융사,10276,삼성벤처투자㈜,B,SN004,요약재무상태표(부채 및 자본)(07.12월 이전),A,부채 및 자본총계,34798000000.0,36503000000.0,37103000000.0,39164000000.0,37217000000.0,36068000000.0,35786000000.0,36191000000.0,36336000000.0,36257000000.0,36650000000.0,37419000000.0,37832000000.0,39359000000.0,40100000000.0,41332000000.0,41215000000.0,42057000000.0,41858000000.0,43047000000.0,42473000000.0,43450000000.0,44480000000.0,45402000000.0,44394000000.0,44465000000.0,46080000000.0,47068000000.0,48203000000.0,47284000000.0,49376000000.0,49313000000.0,51978000000.0,0.0,0.0
53,신기술금융사,10276,삼성벤처투자㈜,B,SN004,요약재무상태표(부채 및 자본)(07.12월 이전),A1,부채,2014000000.0,1132000000.0,1019000000.0,1109000000.0,1468000000.0,1320000000.0,1522000000.0,1368000000.0,1975000000.0,1342000000.0,1739000000.0,1352000000.0,2094000000.0,1883000000.0,1601000000.0,1639000000.0,2526000000.0,2342000000.0,1722000000.0,1523000000.0,2818000000.0,2534000000.0,2761000000.0,2297000000.0,2390000000.0,1308000000.0,1635000000.0,1463000000.0,3662000000.0,2078000000.0,3170000000.0,2525000000.0,4294000000.0,0.0,0.0
54,신기술금융사,10276,삼성벤처투자㈜,B,SN004,요약재무상태표(부채 및 자본)(07.12월 이전),A11,유동부채,336000000.0,308000000.0,81000000.0,175000000.0,811000000.0,294000000.0,255000000.0,107000000.0,917000000.0,284000000.0,472000000.0,106000000.0,1358000000.0,692000000.0,251000000.0,303000000.0,1265000000.0,1081000000.0,272000000.0,96000000.0,2084000000.0,0.0,0.0,0.0,0.0,0.0,0.0,0.0,0.0,0.0,0.0,0.0,0.0,0.0,0.0
55,신기술금융사,10276,삼성벤처투자㈜,B,SN004,요약재무상태표(부채 및 자본)(07.12월 이전),A111,단기차입금,0.0,,,,,,,,,,,,,,,,,,,,,,,,,,,,,,,,,,
56,신기술금융사,10276,삼성벤처투자㈜,B,SN004,요약재무상태표(부채 및 자본)(07.12월 이전),A111,유동부채_단기차입금,,0.0,0.0,0.0,0.0,0.0,0.0,0.0,0.0,0.0,0.0,0.0,0.0,0.0,0.0,0.0,0.0,0.0,0.0,0.0,0.0,0.0,0.0,0.0,0.0,0.0,0.0,0.0,0.0,0.0,0.0,0.0,0.0,0.0,0.0
57,신기술금융사,10276,삼성벤처투자㈜,B,SN004,요약재무상태표(부채 및 자본)(07.12월 이전),A112,유동부채_콜머니,,0.0,0.0,0.0,0.0,0.0,0.0,0.0,0.0,0.0,0.0,0.0,0.0,0.0,0.0,0.0,0.0,0.0,0.0,0.0,0.0,0.0,0.0,0.0,0.0,0.0,0.0,0.0,0.0,0.0,0.0,0.0,0.0,0.0,0.0
58,신기술금융사,10276,삼성벤처투자㈜,B,SN004,요약재무상태표(부채 및 자본)(07.12월 이전),A112,콜머니,0.0,,,,,,,,,,,,,,,,,,,,,,,,,,,,,,,,,,
59,신기술금융사,10276,삼성벤처투자㈜,B,SN004,요약재무상태표(부채 및 자본)(07.12월 이전),A113,유동부채_유동성 사채,,0.0,0.0,0.0,0.0,0.0,0.0,0.0,0.0,0.0,0.0,0.0,0.0,0.0,0.0,0.0,0.0,0.0,0.0,0.0,0.0,0.0,0.0,0.0,0.0,0.0,0.0,0.0,0.0,0.0,0.0,0.0,0.0,0.0,0.0
60,신기술금융사,10276,삼성벤처투자㈜,B,SN004,요약재무상태표(부채 및 자본)(07.12월 이전),A113,유동성 사채,0.0,,,,,,,,,,,,,,,,,,,,,,,,,,,,,,,,,,
61,신기술금융사,10276,삼성벤처투자㈜,B,SN004,요약재무상태표(부채 및 자본)(07.12월 이전),A114,유동부채_유동성 장기차입금,,0.0,0.0,0.0,0.0,0.0,0.0,0.0,0.0,0.0,0.0,0.0,0.0,0.0,0.0,0.0,0.0,0.0,0.0,0.0,0.0,0.0,0.0,0.0,0.0,0.0,0.0,0.0,0.0,0.0,0.0,0.0,0.0,0.0,0.0
62,신기술금융사,10276,삼성벤처투자㈜,B,SN004,요약재무상태표(부채 및 자본)(07.12월 이전),A114,유동성 장기차입금,0.0,,,,,,,,,,,,,,,,,,,,,,,,,,,,,,,,,,
63,신기술금융사,10276,삼성벤처투자㈜,B,SN004,요약재무상태표(부채 및 자본)(07.12월 이전),A115,기타,336000000.0,,,,,,,,,,,,,,,,,,,,,,,,,,,,,,,,,,
64,신기술금융사,10276,삼성벤처투자㈜,B,SN004,요약재무상태표(부채 및 자본)(07.12월 이전),A115,유동부채_기타,,308000000.0,81000000.0,175000000.0,811000000.0,294000000.0,255000000.0,107000000.0,917000000.0,284000000.0,472000000.0,106000000.0,1358000000.0,692000000.0,251000000.0,303000000.0,1265000000.0,1081000000.0,272000000.0,96000000.0,2084000000.0,0.0,0.0,0.0,0.0,0.0,0.0,0.0,0.0,0.0,0.0,0.0,0.0,0.0,0.0
65,신기술금융사,10276,삼성벤처투자㈜,B,SN004,요약재무상태표(부채 및 자본)(07.12월 이전),A12,복권회계 부채,0.0,0.0,0.0,0.0,0.0,0.0,0.0,0.0,0.0,0.0,0.0,0.0,0.0,0.0,0.0,0.0,0.0,0.0,0.0,0.0,0.0,0.0,0.0,0.0,0.0,0.0,0.0,0.0,0.0,0.0,0.0,0.0,0.0,0.0,0.0
66,신기술금융사,10276,삼성벤처투자㈜,B,SN004,요약재무상태표(부채 및 자본)(07.12월 이전),A13,고정부채,1678000000.0,824000000.0,938000000.0,934000000.0,657000000.0,1026000000.0,1267000000.0,1261000000.0,1058000000.0,1058000000.0,1267000000.0,1246000000.0,736000000.0,1191000000.0,1350000000.0,1336000000.0,1261000000.0,1261000000.0,1450000000.0,1427000000.0,734000000.0,0.0,0.0,0.0,0.0,0.0,0.0,0.0,0.0,0.0,0.0,0.0,0.0,0.0,0.0
67,신기술금융사,10276,삼성벤처투자㈜,B,SN004,요약재무상태표(부채 및 자본)(07.12월 이전),A131,고정부채_사채,,0.0,0.0,0.0,0.0,0.0,0.0,0.0,0.0,0.0,0.0,0.0,0.0,0.0,0.0,0.0,0.0,0.0,0.0,0.0,0.0,0.0,0.0,0.0,0.0,0.0,0.0,0.0,0.0,0.0,0.0,0.0,0.0,0.0,0.0
68,신기술금융사,10276,삼성벤처투자㈜,B,SN004,요약재무상태표(부채 및 자본)(07.12월 이전),A131,사  채,0.0,,,,,,,,,,,,,,,,,,,,,,,,,,,,,,,,,,
69,신기술금융사,10276,삼성벤처투자㈜,B,SN004,요약재무상태표(부채 및 자본)(07.12월 이전),A132,고정부채_장기차입금,,0.0,0.0,0.0,0.0,0.0,0.0,0.0,0.0,0.0,0.0,0.0,0.0,0.0,0.0,0.0,0.0,0.0,0.0,0.0,0.0,0.0,0.0,0.0,0.0,0.0,0.0,0.0,0.0,0.0,0.0,0.0,0.0,0.0,0.0
70,신기술금융사,10276,삼성벤처투자㈜,B,SN004,요약재무상태표(부채 및 자본)(07.12월 이전),A132,장기차입금,0.0,,,,,,,,,,,,,,,,,,,,,,,,,,,,,,,,,,
71,신기술금융사,10276,삼성벤처투자㈜,B,SN004,요약재무상태표(부채 및 자본)(07.12월 이전),A133,고정부채_기타,,824000000.0,938000000.0,934000000.0,657000000.0,1026000000.0,1267000000.0,1261000000.0,1058000000.0,1058000000.0,1267000000.0,1246000000.0,736000000.0,1191000000.0,1350000000.0,1336000000.0,1261000000.0,1261000000.0,1450000000.0,1427000000.0,734000000.0,0.0,0.0,0.0,0.0,0.0,0.0,0.0,0.0,0.0,0.0,0.0,0.0,0.0,0.0
72,신기술금융사,10276,삼성벤처투자㈜,B,SN004,요약재무상태표(부채 및 자본)(07.12월 이전),A133,기타,1678000000.0,,,,,,,,,,,,,,,,,,,,,,,,,,,,,,,,,,
73,신기술금융사,10276,삼성벤처투자㈜,B,SN004,요약재무상태표(부채 및 자본)(07.12월 이전),A2,자본,32784000000.0,35371000000.0,36084000000.0,38055000000.0,35749000000.0,34748000000.0,34264000000.0,34823000000.0,34361000000.0,34915000000.0,34911000000.0,36067000000.0,35738000000.0,37476000000.0,38499000000.0,39693000000.0,38689000000.0,39715000000.0,40136000000.0,41524000000.0,39655000000.0,40916000000.0,41719000000.0,43105000000.0,42004000000.0,43157000000.0,44445000000.0,45605000000.0,44541000000.0,45206000000.0,46206000000.0,46788000000.0,47684000000.0,0.0,0.0
74,신기술금융사,10276,삼성벤처투자㈜,B,SN004,요약재무상태표(부채 및 자본)(07.12월 이전),A21,자본금,30000000000.0,30000000000.0,30000000000.0,30000000000.0,30000000000.0,30000000000.0,30000000000.0,30000000000.0,30000000000.0,30000000000.0,30000000000.0,30000000000.0,30000000000.0,30000000000.0,30000000000.0,30000000000.0,30000000000.0,30000000000.0,30000000000.0,30000000000.0,30000000000.0,30000000000.0,30000000000.0,30000000000.0,30000000000.0,30000000000.0,30000000000.0,30000000000.0,30000000000.0,30000000000.0,30000000000.0,30000000000.0,30000000000.0,0.0,0.0
75,신기술금융사,10276,삼성벤처투자㈜,B,SN004,요약재무상태표(부채 및 자본)(07.12월 이전),A22,자본잉여금,0.0,0.0,0.0,0.0,0.0,0.0,0.0,0.0,0.0,0.0,0.0,0.0,0.0,0.0,0.0,0.0,0.0,0.0,0.0,0.0,0.0,0.0,0.0,0.0,0.0,0.0,0.0,0.0,0.0,0.0,0.0,0.0,0.0,0.0,0.0
76,신기술금융사,10276,삼성벤처투자㈜,B,SN004,요약재무상태표(부채 및 자본)(07.12월 이전),A23,이익잉여금(결손금),5663000000.0,6107000000.0,6820000000.0,8791000000.0,5645000000.0,9083000000.0,8849000000.0,9408000000.0,9032000000.0,9586000000.0,9754000000.0,10910000000.0,9379000000.0,11117000000.0,12140000000.0,13334000000.0,8689000000.0,9715000000.0,10136000000.0,11524000000.0,9655000000.0,10916000000.0,11719000000.0,13105000000.0,12004000000.0,13157000000.0,14445000000.0,15605000000.0,14541000000.0,15206000000.0,16206000000.0,16788000000.0,17684000000.0,0.0,0.0
77,신기술금융사,10276,삼성벤처투자㈜,B,SN004,요약재무상태표(부채 및 자본)(07.12월 이전),A24,자본조정,-2879000000.0,-736000000.0,-736000000.0,-736000000.0,104000000.0,-4335000000.0,-4585000000.0,-4585000000.0,-4671000000.0,-4671000000.0,-4843000000.0,-4843000000.0,-3641000000.0,-3641000000.0,-3641000000.0,-3641000000.0,0.0,0.0,0.0,0.0,0.0,0.0,0.0,0.0,0.0,0.0,0.0,0.0,0.0,0.0,0.0,0.0,0.0,0.0,0.0
78,신기술금융사,10279,큐캐피탈파트너스㈜,B,SN004,요약재무상태표(부채 및 자본)(07.12월 이전),A,부채 및 자본총계,69961000000.0,67033000000.0,66321000000.0,62294000000.0,33080000000.0,38283000000.0,31575000000.0,32635000000.0,32864000000.0,33008000000.0,32114000000.0,32477000000.0,31688000000.0,31708000000.0,30108000000.0,33639000000.0,35117000000.0,35876000000.0,37609000000.0,39589000000.0,38827000000.0,39376000000.0,40098000000.0,39459000000.0,33416000000.0,34040000000.0,37388000000.0,43509000000.0,48475000000.0,48223000000.0,49870000000.0,48950000000.0,57573000000.0,0.0,0.0
79,신기술금융사,10279,큐캐피탈파트너스㈜,B,SN004,요약재무상태표(부채 및 자본)(07.12월 이전),A1,부채,23449000000.0,22755000000.0,20503000000.0,18080000000.0,17818000000.0,21997000000.0,12294000000.0,12186000000.0,11859000000.0,11075000000.0,8353000000.0,8605000000.0,6445000000.0,6680000000.0,6595000000.0,7652000000.0,9663000000.0,9840000000.0,9710000000.0,9883000000.0,9939000000.0,10092000000.0,9541000000.0,6434000000.0,3621000000.0,3383000000.0,3352000000.0,1393000000.0,1699000000.0,3561000000.0,1547000000.0,1649000000.0,4769000000.0,0.0,0.0
80,신기술금융사,10279,큐캐피탈파트너스㈜,B,SN004,요약재무상태표(부채 및 자본)(07.12월 이전),A11,유동부채,11331000000.0,10908000000.0,9638000000.0,10437000000.0,17118000000.0,18244000000.0,9280000000.0,8994000000.0,6607000000.0,5634000000.0,3817000000.0,3880000000.0,2650000000.0,6002000000.0,5914000000.0,1877000000.0,904000000.0,902000000.0,727000000.0,753000000.0,805000000.0,8565000000.0,8204000000.0,5147000000.0,2075000000.0,2085000000.0,2096000000.0,0.0,0.0,0.0,0.0,0.0,0.0,0.0,0.0
81,신기술금융사,10279,큐캐피탈파트너스㈜,B,SN004,요약재무상태표(부채 및 자본)(07.12월 이전),A111,단기차입금,9250000000.0,,,,,,,,,,,,,,,,,,,,,,,,,,,,,,,,,,
82,신기술금융사,10279,큐캐피탈파트너스㈜,B,SN004,요약재무상태표(부채 및 자본)(07.12월 이전),A111,유동부채_단기차입금,,9250000000.0,8250000000.0,6900000000.0,6900000000.0,6400000000.0,972000000.0,0.0,500000000.0,700000000.0,0.0,0.0,0.0,0.0,1700000000.0,1700000000.0,500000000.0,500000000.0,400000000.0,400000000.0,400000000.0,400000000.0,0.0,0.0,0.0,0.0,0.0,0.0,0.0,0.0,0.0,0.0,0.0,0.0,0.0
83,신기술금융사,10279,큐캐피탈파트너스㈜,B,SN004,요약재무상태표(부채 및 자본)(07.12월 이전),A112,유동부채_콜머니,,0.0,0.0,0.0,0.0,0.0,0.0,0.0,0.0,0.0,0.0,0.0,0.0,0.0,0.0,0.0,0.0,0.0,0.0,0.0,0.0,0.0,0.0,0.0,0.0,0.0,0.0,0.0,0.0,0.0,0.0,0.0,0.0,0.0,0.0
84,신기술금융사,10279,큐캐피탈파트너스㈜,B,SN004,요약재무상태표(부채 및 자본)(07.12월 이전),A112,콜머니,0.0,,,,,,,,,,,,,,,,,,,,,,,,,,,,,,,,,,
85,신기술금융사,10279,큐캐피탈파트너스㈜,B,SN004,요약재무상태표(부채 및 자본)(07.12월 이전),A113,유동부채_유동성 사채,,0.0,0.0,0.0,0.0,1000000000.0,0.0,2000000000.0,3500000000.0,3500000000.0,2000000000.0,2000000000.0,0.0,3000000000.0,3000000000.0,0.0,0.0,0.0,0.0,0.0,0.0,0.0,0.0,0.0,0.0,0.0,0.0,0.0,0.0,0.0,0.0,0.0,0.0,0.0,0.0
86,신기술금융사,10279,큐캐피탈파트너스㈜,B,SN004,요약재무상태표(부채 및 자본)(07.12월 이전),A113,유동성 사채,0.0,,,,,,,,,,,,,,,,,,,,,,,,,,,,,,,,,,
87,신기술금융사,10279,큐캐피탈파트너스㈜,B,SN004,요약재무상태표(부채 및 자본)(07.12월 이전),A114,유동부채_유동성 장기차입금,,1197000000.0,1163000000.0,2800000000.0,9444000000.0,8918000000.0,8003000000.0,6606000000.0,1970000000.0,956000000.0,0.0,1567000000.0,1947000000.0,1947000000.0,300000000.0,0.0,0.0,0.0,0.0,0.0,0.0,0.0,0.0,0.0,0.0,0.0,0.0,0.0,0.0,0.0,0.0,0.0,0.0,0.0,0.0
88,신기술금융사,10279,큐캐피탈파트너스㈜,B,SN004,요약재무상태표(부채 및 자본)(07.12월 이전),A114,유동성 장기차입금,1167000000.0,,,,,,,,,,,,,,,,,,,,,,,,,,,,,,,,,,
89,신기술금융사,10279,큐캐피탈파트너스㈜,B,SN004,요약재무상태표(부채 및 자본)(07.12월 이전),A115,기타,914000000.0,,,,,,,,,,,,,,,,,,,,,,,,,,,,,,,,,,
90,신기술금융사,10279,큐캐피탈파트너스㈜,B,SN004,요약재무상태표(부채 및 자본)(07.12월 이전),A115,유동부채_기타,,461000000.0,225000000.0,737000000.0,774000000.0,1926000000.0,305000000.0,388000000.0,637000000.0,478000000.0,1817000000.0,313000000.0,703000000.0,1055000000.0,914000000.0,177000000.0,404000000.0,402000000.0,327000000.0,353000000.0,405000000.0,8165000000.0,8204000000.0,5147000000.0,2075000000.0,2085000000.0,2096000000.0,0.0,0.0,0.0,0.0,0.0,0.0,0.0,0.0
91,신기술금융사,10279,큐캐피탈파트너스㈜,B,SN004,요약재무상태표(부채 및 자본)(07.12월 이전),A12,복권회계 부채,0.0,0.0,0.0,0.0,0.0,0.0,0.0,0.0,0.0,0.0,0.0,0.0,0.0,0.0,0.0,0.0,0.0,0.0,0.0,0.0,0.0,0.0,0.0,0.0,0.0,0.0,0.0,0.0,0.0,0.0,0.0,0.0,0.0,0.0,0.0
92,신기술금융사,10279,큐캐피탈파트너스㈜,B,SN004,요약재무상태표(부채 및 자본)(07.12월 이전),A13,고정부채,12118000000.0,11847000000.0,10865000000.0,7643000000.0,700000000.0,3753000000.0,3014000000.0,3192000000.0,5252000000.0,5441000000.0,4536000000.0,4725000000.0,3795000000.0,678000000.0,681000000.0,5775000000.0,8759000000.0,8938000000.0,8983000000.0,9130000000.0,9134000000.0,8165000000.0,8204000000.0,5147000000.0,2075000000.0,2085000000.0,2096000000.0,0.0,0.0,0.0,0.0,0.0,0.0,0.0,0.0
93,신기술금융사,10279,큐캐피탈파트너스㈜,B,SN004,요약재무상태표(부채 및 자본)(07.12월 이전),A131,고정부채_사채,,0.0,0.0,0.0,0.0,3000000000.0,3000000000.0,0.0,0.0,0.0,0.0,0.0,0.0,0.0,0.0,0.0,0.0,0.0,0.0,0.0,0.0,0.0,0.0,0.0,0.0,0.0,0.0,0.0,0.0,0.0,0.0,0.0,0.0,0.0,0.0
94,신기술금융사,10279,큐캐피탈파트너스㈜,B,SN004,요약재무상태표(부채 및 자본)(07.12월 이전),A131,사  채,0.0,,,,,,,,,,,,,,,,,,,,,,,,,,,,,,,,,,
95,신기술금융사,10279,큐캐피탈파트너스㈜,B,SN004,요약재무상태표(부채 및 자본)(07.12월 이전),A132,고정부채_장기차입금,,11369000000.0,10301000000.0,7000000000.0,0.0,0.0,0.0,0.0,1970000000.0,1970000000.0,985000000.0,985000000.0,0.0,0.0,0.0,0.0,0.0,0.0,0.0,0.0,0.0,0.0,0.0,0.0,0.0,0.0,0.0,0.0,0.0,0.0,0.0,0.0,0.0,0.0,0.0
96,신기술금융사,10279,큐캐피탈파트너스㈜,B,SN004,요약재무상태표(부채 및 자본)(07.12월 이전),A132,장기차입금,11636000000.0,,,,,,,,,,,,,,,,,,,,,,,,,,,,,,,,,,
97,신기술금융사,10279,큐캐피탈파트너스㈜,B,SN004,요약재무상태표(부채 및 자본)(07.12월 이전),A133,고정부채_기타,,478000000.0,564000000.0,643000000.0,700000000.0,753000000.0,14000000.0,3192000000.0,3282000000.0,3471000000.0,3551000000.0,3740000000.0,3795000000.0,678000000.0,681000000.0,5775000000.0,8759000000.0,8938000000.0,8983000000.0,9130000000.0,9134000000.0,8165000000.0,8204000000.0,5147000000.0,2075000000.0,2085000000.0,2096000000.0,0.0,0.0,0.0,0.0,0.0,0.0,0.0,0.0
98,신기술금융사,10279,큐캐피탈파트너스㈜,B,SN004,요약재무상태표(부채 및 자본)(07.12월 이전),A133,기타,482000000.0,,,,,,,,,,,,,,,,,,,,,,,,,,,,,,,,,,
99,신기술금융사,10279,큐캐피탈파트너스㈜,B,SN004,요약재무상태표(부채 및 자본)(07.12월 이전),A2,자본,46512000000.0,44278000000.0,45818000000.0,44214000000.0,15262000000.0,16286000000.0,19281000000.0,20449000000.0,21005000000.0,21933000000.0,23761000000.0,23872000000.0,25243000000.0,25028000000.0,23513000000.0,25987000000.0,25454000000.0,26036000000.0,27899000000.0,29706000000.0,28888000000.0,29284000000.0,30557000000.0,33025000000.0,29795000000.0,30657000000.0,34036000000.0,42116000000.0,46776000000.0,44662000000.0,48323000000.0,47301000000.0,52804000000.0,0.0,0.0
100,신기술금융사,10279,큐캐피탈파트너스㈜,B,SN004,요약재무상태표(부채 및 자본)(07.12월 이전),A21,자본금,60000000000.0,60000000000.0,60000000000.0,60000000000.0,22916000000.0,22916000000.0,28917000000.0,28917000000.0,28917000000.0,28917000000.0,28917000000.0,28917000000.0,28917000000.0,28917000000.0,28917000000.0,31917000000.0,31917000000.0,31917000000.0,31917000000.0,32417000000.0,32417000000.0,32917000000.0,32917000000.0,32917000000.0,32917000000.0,32917000000.0,33082000000.0,37117000000.0,39917000000.0,39917000000.0,39917000000.0,39917000000.0,39917000000.0,0.0,0.0
101,신기술금융사,10279,큐캐피탈파트너스㈜,B,SN004,요약재무상태표(부채 및 자본)(07.12월 이전),A22,자본잉여금,5232000000.0,5232000000.0,5232000000.0,5232000000.0,42283000000.0,0.0,243000000.0,243000000.0,243000000.0,243000000.0,243000000.0,243000000.0,243000000.0,243000000.0,243000000.0,34000000.0,61000000.0,61000000.0,61000000.0,58000000.0,58000000.0,55000000.0,55000000.0,55000000.0,55000000.0,55000000.0,54000000.0,30000000.0,15000000.0,15000000.0,15000000.0,15000000.0,15000000.0,0.0,0.0
102,신기술금융사,10279,큐캐피탈파트너스㈜,B,SN004,요약재무상태표(부채 및 자본)(07.12월 이전),A23,이익잉여금(결손금),0.0,-1762000000.0,-1573000000.0,-3227000000.0,-32284000000.0,1860000000.0,1558000000.0,2625000000.0,1667000000.0,621000000.0,2310000000.0,1743000000.0,2022000000.0,-196000000.0,-331000000.0,-731000000.0,-1230000000.0,-1097000000.0,5000000.0,1041000000.0,2107000000.0,-333000000.0,1309000000.0,4500000000.0,4768000000.0,877000000.0,3672000000.0,5903000000.0,6137000000.0,3926000000.0,7836000000.0,7264000000.0,13749000000.0,0.0,0.0
103,신기술금융사,10279,큐캐피탈파트너스㈜,B,SN004,요약재무상태표(부채 및 자본)(07.12월 이전),A24,자본조정,-18720000000.0,-19192000000.0,-17841000000.0,-17791000000.0,-17653000000.0,-8490000000.0,-11437000000.0,-11336000000.0,-9822000000.0,-7848000000.0,-7709000000.0,-7031000000.0,-5939000000.0,-3936000000.0,-5316000000.0,-5233000000.0,-5294000000.0,-4845000000.0,-4084000000.0,-3810000000.0,-5694000000.0,-3552000000.0,-3551000000.0,-3551000000.0,-3551000000.0,-11000000.0,-11000000.0,-11000000.0,-11000000.0,-99000000.0,-99000000.0,-99000000.0,-99000000.0,0.0,0.0
104,신기술금융사,10741,㈜아이비케이캐피탈,B,SN004,요약재무상태표(부채 및 자본)(07.12월 이전),A,부채 및 자본총계,620243000000.0,421934000000.0,357150000000.0,442397000000.0,541259000000.0,682859000000.0,591332000000.0,608344000000.0,778736000000.0,704171000000.0,759621000000.0,864547000000.0,1095205000000.0,1139385000000.0,1224659000000.0,1346145000000.0,1622989000000.0,1715992000000.0,1915119000000.0,2153770000000.0,2229145000000.0,2369067000000.0,2602840000000.0,2433871000000.0,2179412000000.0,1945105000000.0,1967610000000.0,2011081000000.0,2063385000000.0,2066263000000.0,2164753000000.0,2190115000000.0,2248295000000.0,0.0,
105,신기술금융사,10741,㈜아이비케이캐피탈,B,SN004,요약재무상태표(부채 및 자본)(07.12월 이전),A1,부채,506325000000.0,306944000000.0,240408000000.0,325110000000.0,422242000000.0,566934000000.0,476924000000.0,492229000000.0,662289000000.0,585618000000.0,638264000000.0,738570000000.0,952987000000.0,996778000000.0,1075648000000.0,1187260000000.0,1458725000000.0,1539894000000.0,1725015000000.0,1958426000000.0,2035446000000.0,2173438000000.0,2372409000000.0,2207129000000.0,1966557000000.0,1730645000000.0,1745455000000.0,1699319000000.0,1748216000000.0,1740890000000.0,1822117000000.0,1841171000000.0,1903602000000.0,0.0,
106,신기술금융사,10741,㈜아이비케이캐피탈,B,SN004,요약재무상태표(부채 및 자본)(07.12월 이전),A11,유동부채,496319000000.0,296642000000.0,231733000000.0,322871000000.0,421798000000.0,566360000000.0,436297000000.0,451483000000.0,592032000000.0,515025000000.0,567903000000.0,707863000000.0,896078000000.0,877170000000.0,953465000000.0,1024223000000.0,1284231000000.0,1333927000000.0,1437378000000.0,1663191000000.0,1537826000000.0,2123858000000.0,2321812000000.0,2154034000000.0,1918499000000.0,1676035000000.0,1685680000000.0,1639146000000.0,1686534000000.0,1674454000000.0,1756300000000.0,1774360000000.0,1841518000000.0,0.0,
107,신기술금융사,10741,㈜아이비케이캐피탈,B,SN004,요약재무상태표(부채 및 자본)(07.12월 이전),A111,단기차입금,484001000000.0,,,,,,,,,,,,,,,,,,,,,,,,,,,,,,,,,,
108,신기술금융사,10741,㈜아이비케이캐피탈,B,SN004,요약재무상태표(부채 및 자본)(07.12월 이전),A111,유동부채_단기차입금,,284400000000.0,220830000000.0,312984000000.0,390450000000.0,515060000000.0,397733000000.0,420318000000.0,558990000000.0,502570000000.0,534551000000.0,653910000000.0,839078000000.0,821602000000.0,880085000000.0,929211000000.0,1133511000000.0,1159902000000.0,1256422000000.0,1479764000000.0,1467236000000.0,1564704000000.0,1685420000000.0,1390154000000.0,1150426000000.0,832007000000.0,786348000000.0,739118000000.0,777240000000.0,721400000000.0,820303000000.0,675770000000.0,892651000000.0,0.0,
109,신기술금융사,10741,㈜아이비케이캐피탈,B,SN004,요약재무상태표(부채 및 자본)(07.12월 이전),A112,유동부채_콜머니,,0.0,0.0,0.0,10000000000.0,30000000000.0,20000000000.0,18500000000.0,20000000000.0,0.0,20000000000.0,0.0,5000000000.0,0.0,0.0,20000000000.0,25000000000.0,20000000000.0,30000000000.0,30000000000.0,0.0,0.0,0.0,0.0,0.0,0.0,0.0,0.0,0.0,0.0,0.0,0.0,0.0,0.0,
110,신기술금융사,10741,㈜아이비케이캐피탈,B,SN004,요약재무상태표(부채 및 자본)(07.12월 이전),A112,콜머니,0.0,,,,,,,,,,,,,,,,,,,,,,,,,,,,,,,,,,
111,신기술금융사,10741,㈜아이비케이캐피탈,B,SN004,요약재무상태표(부채 및 자본)(07.12월 이전),A113,유동부채_유동성 사채,,0.0,0.0,500000000.0,500000000.0,500000000.0,500000000.0,0.0,0.0,0.0,0.0,10000000000.0,10000000000.0,10000000000.0,60000000000.0,60000000000.0,110000000000.0,130000000000.0,130000000000.0,130000000000.0,50000000000.0,50000000000.0,50000000000.0,50000000000.0,235000000000.0,235000000000.0,440000000000.0,345000000000.0,405866000000.0,389578000000.0,357361000000.0,364970000000.0,245000000000.0,0.0,
112,신기술금융사,10741,㈜아이비케이캐피탈,B,SN004,요약재무상태표(부채 및 자본)(07.12월 이전),A113,유동성 사채,0.0,,,,,,,,,,,,,,,,,,,,,,,,,,,,,,,,,,
113,신기술금융사,10741,㈜아이비케이캐피탈,B,SN004,요약재무상태표(부채 및 자본)(07.12월 이전),A114,유동부채_유동성 장기차입금,,2326000000.0,2425000000.0,0.0,7830000000.0,7700000000.0,7470000000.0,1640000000.0,0.0,0.0,0.0,30000000000.0,30000000000.0,30000000000.0,0.0,0.0,0.0,0.0,0.0,0.0,0.0,0.0,0.0,0.0,20000000000.0,0.0,0.0,0.0,0.0,0.0,0.0,0.0,0.0,0.0,
114,신기술금융사,10741,㈜아이비케이캐피탈,B,SN004,요약재무상태표(부채 및 자본)(07.12월 이전),A114,유동성 장기차입금,2416000000.0,,,,,,,,,,,,,,,,,,,,,,,,,,,,,,,,,,
115,신기술금융사,10741,㈜아이비케이캐피탈,B,SN004,요약재무상태표(부채 및 자본)(07.12월 이전),A115,기타,9902000000.0,,,,,,,,,,,,,,,,,,,,,,,,,,,,,,,,,,
116,신기술금융사,10741,㈜아이비케이캐피탈,B,SN004,요약재무상태표(부채 및 자본)(07.12월 이전),A115,유동부채_기타,,9916000000.0,8478000000.0,9387000000.0,13018000000.0,13100000000.0,10594000000.0,11025000000.0,13042000000.0,12455000000.0,13352000000.0,13953000000.0,12000000000.0,15568000000.0,13380000000.0,15012000000.0,15720000000.0,24025000000.0,20956000000.0,23427000000.0,20590000000.0,509154000000.0,586392000000.0,713880000000.0,513073000000.0,609028000000.0,459332000000.0,555028000000.0,503428000000.0,563476000000.0,578636000000.0,733620000000.0,703867000000.0,0.0,
117,신기술금융사,10741,㈜아이비케이캐피탈,B,SN004,요약재무상태표(부채 및 자본)(07.12월 이전),A12,복권회계 부채,0.0,0.0,0.0,0.0,0.0,0.0,0.0,0.0,0.0,0.0,0.0,0.0,0.0,0.0,0.0,0.0,0.0,0.0,0.0,0.0,0.0,0.0,0.0,0.0,0.0,0.0,0.0,0.0,0.0,0.0,0.0,0.0,0.0,0.0,
118,신기술금융사,10741,㈜아이비케이캐피탈,B,SN004,요약재무상태표(부채 및 자본)(07.12월 이전),A13,고정부채,10006000000.0,10302000000.0,8675000000.0,2239000000.0,444000000.0,574000000.0,40627000000.0,40746000000.0,70257000000.0,70593000000.0,70361000000.0,30707000000.0,56909000000.0,119608000000.0,122183000000.0,163037000000.0,174494000000.0,205967000000.0,287637000000.0,295235000000.0,497620000000.0,523142000000.0,599545000000.0,724703000000.0,727769000000.0,821793000000.0,878589000000.0,900028000000.0,909294000000.0,953054000000.0,935997000000.0,1098590000000.0,948867000000.0,0.0,
119,신기술금융사,10741,㈜아이비케이캐피탈,B,SN004,요약재무상태표(부채 및 자본)(07.12월 이전),A131,고정부채_사채,,500000000.0,500000000.0,0.0,0.0,0.0,10000000000.0,10000000000.0,40000000000.0,40000000000.0,40000000000.0,30000000000.0,50000000000.0,110000000000.0,110000000000.0,150000000000.0,159842000000.0,189910000000.0,269688000000.0,239499000000.0,442358000000.0,474531000000.0,551160000000.0,676361000000.0,494156000000.0,588463000000.0,440154000000.0,556703000000.0,505000000000.0,565000000000.0,580000000000.0,735000000000.0,705000000000.0,0.0,
120,신기술금융사,10741,㈜아이비케이캐피탈,B,SN004,요약재무상태표(부채 및 자본)(07.12월 이전),A131,사  채,500000000.0,,,,,,,,,,,,,,,,,,,,,,,,,,,,,,,,,,
121,신기술금융사,10741,㈜아이비케이캐피탈,B,SN004,요약재무상태표(부채 및 자본)(07.12월 이전),A132,고정부채_장기차입금,,7906000000.0,7470000000.0,1640000000.0,0.0,0.0,30000000000.0,30000000000.0,30000000000.0,30000000000.0,30000000000.0,0.0,0.0,0.0,0.0,0.0,0.0,0.0,0.0,34866000000.0,35148000000.0,36012000000.0,36847000000.0,39177000000.0,20304000000.0,22235000000.0,20743000000.0,0.0,0.0,0.0,0.0,0.0,0.0,0.0,
122,신기술금융사,10741,㈜아이비케이캐피탈,B,SN004,요약재무상태표(부채 및 자본)(07.12월 이전),A132,장기차입금,7830000000.0,,,,,,,,,,,,,,,,,,,,,,,,,,,,,,,,,,
123,신기술금융사,10741,㈜아이비케이캐피탈,B,SN004,요약재무상태표(부채 및 자본)(07.12월 이전),A133,고정부채_기타,,1896000000.0,705000000.0,599000000.0,444000000.0,574000000.0,627000000.0,746000000.0,257000000.0,593000000.0,361000000.0,707000000.0,6909000000.0,9608000000.0,12183000000.0,13037000000.0,14652000000.0,16057000000.0,17949000000.0,20870000000.0,20114000000.0,12599000000.0,11538000000.0,9165000000.0,213309000000.0,211095000000.0,417692000000.0,343325000000.0,404294000000.0,388054000000.0,355997000000.0,363590000000.0,243867000000.0,0.0,
124,신기술금융사,10741,㈜아이비케이캐피탈,B,SN004,요약재무상태표(부채 및 자본)(07.12월 이전),A133,기타,1676000000.0,,,,,,,,,,,,,,,,,,,,,,,,,,,,,,,,,,
125,신기술금융사,10741,㈜아이비케이캐피탈,B,SN004,요약재무상태표(부채 및 자본)(07.12월 이전),A2,자본,113918000000.0,114990000000.0,116742000000.0,117287000000.0,119017000000.0,115925000000.0,114408000000.0,116115000000.0,116447000000.0,118553000000.0,121357000000.0,125977000000.0,142218000000.0,142607000000.0,149011000000.0,158885000000.0,164264000000.0,176098000000.0,190104000000.0,195344000000.0,193699000000.0,195629000000.0,230431000000.0,226742000000.0,212855000000.0,214460000000.0,222155000000.0,311762000000.0,315169000000.0,325373000000.0,342636000000.0,348944000000.0,344693000000.0,0.0,
126,신기술금융사,10741,㈜아이비케이캐피탈,B,SN004,요약재무상태표(부채 및 자본)(07.12월 이전),A21,자본금,55452000000.0,55452000000.0,55452000000.0,55452000000.0,55452000000.0,55452000000.0,55452000000.0,55452000000.0,55452000000.0,55452000000.0,55452000000.0,55452000000.0,65452000000.0,65452000000.0,65452000000.0,65452000000.0,65452000000.0,65452000000.0,65452000000.0,65452000000.0,65452000000.0,65452000000.0,85452000000.0,85452000000.0,85452000000.0,85452000000.0,85452000000.0,165452000000.0,165452000000.0,165452000000.0,165452000000.0,165452000000.0,165452000000.0,0.0,
127,신기술금융사,10741,㈜아이비케이캐피탈,B,SN004,요약재무상태표(부채 및 자본)(07.12월 이전),A22,자본잉여금,423000000.0,423000000.0,423000000.0,423000000.0,423000000.0,423000000.0,423000000.0,423000000.0,423000000.0,423000000.0,423000000.0,423000000.0,374000000.0,374000000.0,374000000.0,374000000.0,374000000.0,374000000.0,374000000.0,374000000.0,374000000.0,374000000.0,270000000.0,270000000.0,270000000.0,270000000.0,270000000.0,0.0,0.0,0.0,0.0,0.0,0.0,0.0,
128,신기술금융사,10741,㈜아이비케이캐피탈,B,SN004,요약재무상태표(부채 및 자본)(07.12월 이전),A23,이익잉여금(결손금),60476000000.0,62018000000.0,63080000000.0,64079000000.0,66081000000.0,64972000000.0,63652000000.0,65531000000.0,65101000000.0,65887000000.0,69441000000.0,71859000000.0,75220000000.0,76573000000.0,84785000000.0,90719000000.0,97223000000.0,103773000000.0,119093000000.0,124408000000.0,125828000000.0,130864000000.0,141624000000.0,146114000000.0,133937000000.0,137996000000.0,145135000000.0,150740000000.0,154649000000.0,164290000000.0,175124000000.0,184762000000.0,179323000000.0,0.0,
129,신기술금융사,10741,㈜아이비케이캐피탈,B,SN004,요약재무상태표(부채 및 자본)(07.12월 이전),A24,자본조정,-2433000000.0,-2903000000.0,-2213000000.0,-2667000000.0,-2939000000.0,-4922000000.0,-5119000000.0,-5291000000.0,-4529000000.0,-3209000000.0,-3959000000.0,-1757000000.0,1172000000.0,208000000.0,-1600000000.0,2340000000.0,1215000000.0,6499000000.0,5185000000.0,5110000000.0,2045000000.0,-2272000000.0,0.0,-267000000.0,-634000000.0,0.0,0.0,-118000000.0,-118000000.0,0.0,0.0,0.0,0.0,0.0,
130,신기술금융사,10828,우리기술투자㈜,B,SN004,요약재무상태표(부채 및 자본)(07.12월 이전),A,부채 및 자본총계,,,,,,,,,,,,,,,,,51538000000.0,61074000000.0,77601000000.0,97356000000.0,118973000000.0,127586000000.0,134029000000.0,132371000000.0,116707000000.0,100147000000.0,93193000000.0,83959000000.0,83510000000.0,83216000000.0,81775000000.0,78343000000.0,80519000000.0,,
131,신기술금융사,10828,우리기술투자㈜,B,SN004,요약재무상태표(부채 및 자본)(07.12월 이전),A1,부채,,,,,,,,,,,,,,,,,465000000.0,2957000000.0,15964000000.0,31830000000.0,51234000000.0,62304000000.0,69652000000.0,68208000000.0,59585000000.0,44021000000.0,34962000000.0,25086000000.0,24669000000.0,25133000000.0,24020000000.0,20581000000.0,19384000000.0,,
132,신기술금융사,10828,우리기술투자㈜,B,SN004,요약재무상태표(부채 및 자본)(07.12월 이전),A11,유동부채,,,,,,,,,,,,,,,,,77000000.0,2611000000.0,15511000000.0,29128000000.0,43375000000.0,53660000000.0,62140000000.0,60620000000.0,51500000000.0,36900000000.0,28500000000.0,19000000000.0,19000000000.0,19000000000.0,19000000000.0,16000000000.0,16000000000.0,,
133,신기술금융사,10828,우리기술투자㈜,B,SN004,요약재무상태표(부채 및 자본)(07.12월 이전),A111,유동부채_단기차입금,,,,,,,,,,,,,,,,,0.0,0.0,14000000000.0,27000000000.0,27000000000.0,27000000000.0,41000000000.0,45000000000.0,41400000000.0,31400000000.0,26000000000.0,19000000000.0,19000000000.0,19000000000.0,19000000000.0,16000000000.0,16000000000.0,,
134,신기술금융사,10828,우리기술투자㈜,B,SN004,요약재무상태표(부채 및 자본)(07.12월 이전),A112,유동부채_콜머니,,,,,,,,,,,,,,,,,0.0,0.0,0.0,0.0,0.0,0.0,0.0,0.0,0.0,0.0,0.0,0.0,0.0,0.0,0.0,0.0,0.0,,
135,신기술금융사,10828,우리기술투자㈜,B,SN004,요약재무상태표(부채 및 자본)(07.12월 이전),A113,유동부채_유동성 사채,,,,,,,,,,,,,,,,,0.0,0.0,0.0,0.0,0.0,0.0,0.0,0.0,0.0,0.0,0.0,0.0,0.0,0.0,0.0,0.0,0.0,,
136,신기술금융사,10828,우리기술투자㈜,B,SN004,요약재무상태표(부채 및 자본)(07.12월 이전),A114,유동부채_유동성 장기차입금,,,,,,,,,,,,,,,,,0.0,0.0,0.0,0.0,14400000000.0,21160000000.0,18640000000.0,14620000000.0,10100000000.0,5500000000.0,2500000000.0,0.0,0.0,0.0,0.0,0.0,0.0,,
137,신기술금융사,10828,우리기술투자㈜,B,SN004,요약재무상태표(부채 및 자본)(07.12월 이전),A115,유동부채_기타,,,,,,,,,,,,,,,,,77000000.0,2611000000.0,1511000000.0,2128000000.0,1975000000.0,5500000000.0,2500000000.0,1000000000.0,0.0,0.0,0.0,0.0,0.0,0.0,0.0,0.0,0.0,,
138,신기술금융사,10828,우리기술투자㈜,B,SN004,요약재무상태표(부채 및 자본)(07.12월 이전),A12,복권회계 부채,,,,,,,,,,,,,,,,,0.0,0.0,0.0,0.0,0.0,0.0,0.0,0.0,0.0,0.0,0.0,0.0,0.0,0.0,0.0,0.0,0.0,,
139,신기술금융사,10828,우리기술투자㈜,B,SN004,요약재무상태표(부채 및 자본)(07.12월 이전),A13,고정부채,,,,,,,,,,,,,,,,,388000000.0,346000000.0,453000000.0,2702000000.0,7859000000.0,0.0,0.0,0.0,0.0,0.0,0.0,0.0,0.0,0.0,0.0,0.0,0.0,,
140,신기술금융사,10828,우리기술투자㈜,B,SN004,요약재무상태표(부채 및 자본)(07.12월 이전),A131,고정부채_사채,,,,,,,,,,,,,,,,,0.0,0.0,0.0,0.0,0.0,0.0,0.0,0.0,0.0,0.0,0.0,0.0,0.0,0.0,0.0,0.0,0.0,,
141,신기술금융사,10828,우리기술투자㈜,B,SN004,요약재무상태표(부채 및 자본)(07.12월 이전),A132,고정부채_장기차입금,,,,,,,,,,,,,,,,,0.0,0.0,0.0,0.0,4600000000.0,5500000000.0,2500000000.0,1000000000.0,0.0,0.0,0.0,0.0,0.0,0.0,0.0,0.0,0.0,,
142,신기술금융사,10828,우리기술투자㈜,B,SN004,요약재무상태표(부채 및 자본)(07.12월 이전),A133,고정부채_기타,,,,,,,,,,,,,,,,,388000000.0,346000000.0,453000000.0,2702000000.0,3259000000.0,-5500000000.0,-2500000000.0,-1000000000.0,0.0,0.0,0.0,0.0,0.0,0.0,0.0,0.0,0.0,,
143,신기술금융사,10828,우리기술투자㈜,B,SN004,요약재무상태표(부채 및 자본)(07.12월 이전),A2,자본,,,,,,,,,,,,,,,,,51073000000.0,58117000000.0,61637000000.0,65526000000.0,67739000000.0,65282000000.0,64377000000.0,64163000000.0,57122000000.0,56126000000.0,58231000000.0,58873000000.0,58841000000.0,58083000000.0,57755000000.0,57762000000.0,61135000000.0,,
144,신기술금융사,10828,우리기술투자㈜,B,SN004,요약재무상태표(부채 및 자본)(07.12월 이전),A21,자본금,,,,,,,,,,,,,,,,,21865000000.0,40000000000.0,42000000000.0,42000000000.0,42000000000.0,42000000000.0,42000000000.0,42000000000.0,42000000000.0,42000000000.0,42000000000.0,42000000000.0,42000000000.0,42000000000.0,42000000000.0,42000000000.0,42000000000.0,,
145,신기술금융사,10828,우리기술투자㈜,B,SN004,요약재무상태표(부채 및 자본)(07.12월 이전),A22,자본잉여금,,,,,,,,,,,,,,,,,14485000000.0,4184000000.0,4992000000.0,4992000000.0,4992000000.0,4992000000.0,4992000000.0,4992000000.0,4992000000.0,4992000000.0,4992000000.0,4992000000.0,4992000000.0,4992000000.0,4992000000.0,4992000000.0,4992000000.0,,
146,신기술금융사,10828,우리기술투자㈜,B,SN004,요약재무상태표(부채 및 자본)(07.12월 이전),A23,이익잉여금(결손금),,,,,,,,,,,,,,,,,23098000000.0,23030000000.0,23270000000.0,25347000000.0,25042000000.0,23006000000.0,22917000000.0,22890000000.0,12670000000.0,11518000000.0,14051000000.0,13769000000.0,13893000000.0,13065000000.0,12290000000.0,12502000000.0,15415000000.0,,
147,신기술금융사,10828,우리기술투자㈜,B,SN004,요약재무상태표(부채 및 자본)(07.12월 이전),A24,자본조정,,,,,,,,,,,,,,,,,-8375000000.0,-9097000000.0,-8625000000.0,-6813000000.0,-4295000000.0,-1863000000.0,-1863000000.0,-1863000000.0,-1863000000.0,-1863000000.0,-1863000000.0,-1863000000.0,-1863000000.0,-1863000000.0,-1863000000.0,-1863000000.0,-2710000000.0,,
148,신기술금융사,10866,포스코기술투자㈜,B,SN004,요약재무상태표(부채 및 자본)(07.12월 이전),A,부채 및 자본총계,,,,,,,,38226000000.0,34538000000.0,34598000000.0,34512000000.0,34369000000.0,33047000000.0,34101000000.0,30033000000.0,30320000000.0,33154000000.0,33469000000.0,38165000000.0,46183000000.0,40455000000.0,39736000000.0,39066000000.0,37008000000.0,35418000000.0,35355000000.0,35689000000.0,36060000000.0,36342000000.0,36079000000.0,36629000000.0,36312000000.0,36557000000.0,0.0,0.0
149,신기술금융사,10866,포스코기술투자㈜,B,SN004,요약재무상태표(부채 및 자본)(07.12월 이전),A1,부채,,,,,,,,3032000000.0,105000000.0,115000000.0,58000000.0,68000000.0,85000000.0,94000000.0,162000000.0,651000000.0,414000000.0,245000000.0,975000000.0,1654000000.0,1723000000.0,1155000000.0,503000000.0,293000000.0,618000000.0,551000000.0,601000000.0,620000000.0,783000000.0,645000000.0,684000000.0,737000000.0,863000000.0,0.0,0.0
150,신기술금융사,10866,포스코기술투자㈜,B,SN004,요약재무상태표(부채 및 자본)(07.12월 이전),A11,유동부채,,,,,,,,3004000000.0,68000000.0,69000000.0,4000000.0,7000000.0,10000000.0,9000000.0,61000000.0,541000000.0,273000000.0,63000000.0,785000000.0,1439000000.0,1482000000.0,0.0,0.0,0.0,0.0,0.0,0.0,0.0,0.0,0.0,0.0,0.0,0.0,0.0,0.0
151,신기술금융사,10866,포스코기술투자㈜,B,SN004,요약재무상태표(부채 및 자본)(07.12월 이전),A111,유동부채_단기차입금,,,,,,,,0.0,0.0,0.0,0.0,0.0,0.0,0.0,0.0,0.0,0.0,0.0,0.0,0.0,0.0,0.0,0.0,0.0,0.0,0.0,0.0,0.0,0.0,0.0,0.0,0.0,0.0,0.0,0.0
152,신기술금융사,10866,포스코기술투자㈜,B,SN004,요약재무상태표(부채 및 자본)(07.12월 이전),A112,유동부채_콜머니,,,,,,,,0.0,0.0,0.0,0.0,0.0,0.0,0.0,0.0,0.0,0.0,0.0,0.0,0.0,0.0,0.0,0.0,0.0,0.0,0.0,0.0,0.0,0.0,0.0,0.0,0.0,0.0,0.0,0.0
153,신기술금융사,10866,포스코기술투자㈜,B,SN004,요약재무상태표(부채 및 자본)(07.12월 이전),A113,유동부채_유동성 사채,,,,,,,,0.0,0.0,0.0,0.0,0.0,0.0,0.0,0.0,0.0,0.0,0.0,0.0,0.0,0.0,0.0,0.0,0.0,0.0,0.0,0.0,0.0,0.0,0.0,0.0,0.0,0.0,0.0,0.0
154,신기술금융사,10866,포스코기술투자㈜,B,SN004,요약재무상태표(부채 및 자본)(07.12월 이전),A114,유동부채_유동성 장기차입금,,,,,,,,0.0,0.0,0.0,0.0,0.0,0.0,0.0,0.0,0.0,0.0,0.0,0.0,0.0,0.0,0.0,0.0,0.0,0.0,0.0,0.0,0.0,0.0,0.0,0.0,0.0,0.0,0.0,0.0
155,신기술금융사,10866,포스코기술투자㈜,B,SN004,요약재무상태표(부채 및 자본)(07.12월 이전),A115,유동부채_기타,,,,,,,,3004000000.0,68000000.0,69000000.0,4000000.0,7000000.0,10000000.0,9000000.0,61000000.0,541000000.0,273000000.0,63000000.0,785000000.0,1439000000.0,1482000000.0,0.0,0.0,0.0,0.0,0.0,0.0,0.0,0.0,0.0,0.0,0.0,0.0,0.0,0.0
156,신기술금융사,10866,포스코기술투자㈜,B,SN004,요약재무상태표(부채 및 자본)(07.12월 이전),A12,복권회계 부채,,,,,,,,0.0,0.0,0.0,0.0,0.0,0.0,0.0,0.0,0.0,0.0,0.0,0.0,0.0,0.0,0.0,0.0,0.0,0.0,0.0,0.0,0.0,0.0,0.0,0.0,0.0,0.0,0.0,0.0
157,신기술금융사,10866,포스코기술투자㈜,B,SN004,요약재무상태표(부채 및 자본)(07.12월 이전),A13,고정부채,,,,,,,,28000000.0,37000000.0,46000000.0,54000000.0,61000000.0,75000000.0,85000000.0,101000000.0,110000000.0,141000000.0,182000000.0,190000000.0,215000000.0,241000000.0,0.0,0.0,0.0,0.0,0.0,0.0,0.0,0.0,0.0,0.0,0.0,0.0,0.0,0.0
158,신기술금융사,10866,포스코기술투자㈜,B,SN004,요약재무상태표(부채 및 자본)(07.12월 이전),A131,고정부채_사채,,,,,,,,0.0,0.0,0.0,0.0,0.0,0.0,0.0,0.0,0.0,0.0,0.0,0.0,0.0,0.0,0.0,0.0,0.0,0.0,0.0,0.0,0.0,0.0,0.0,0.0,0.0,0.0,0.0,0.0
159,신기술금융사,10866,포스코기술투자㈜,B,SN004,요약재무상태표(부채 및 자본)(07.12월 이전),A132,고정부채_장기차입금,,,,,,,,0.0,0.0,0.0,0.0,0.0,0.0,0.0,0.0,0.0,0.0,0.0,0.0,0.0,0.0,0.0,0.0,0.0,0.0,0.0,0.0,0.0,0.0,0.0,0.0,0.0,0.0,0.0,0.0
160,신기술금융사,10866,포스코기술투자㈜,B,SN004,요약재무상태표(부채 및 자본)(07.12월 이전),A133,고정부채_기타,,,,,,,,28000000.0,37000000.0,46000000.0,54000000.0,61000000.0,75000000.0,85000000.0,101000000.0,110000000.0,141000000.0,182000000.0,190000000.0,215000000.0,241000000.0,0.0,0.0,0.0,0.0,0.0,0.0,0.0,0.0,0.0,0.0,0.0,0.0,0.0,0.0
161,신기술금융사,10866,포스코기술투자㈜,B,SN004,요약재무상태표(부채 및 자본)(07.12월 이전),A2,자본,,,,,,,,35194000000.0,34433000000.0,34483000000.0,34454000000.0,34301000000.0,32962000000.0,34007000000.0,29871000000.0,29669000000.0,32740000000.0,33224000000.0,37190000000.0,44529000000.0,38732000000.0,38581000000.0,38563000000.0,36715000000.0,34800000000.0,34804000000.0,35088000000.0,35440000000.0,35559000000.0,35434000000.0,35945000000.0,35575000000.0,35694000000.0,0.0,0.0
162,신기술금융사,10866,포스코기술투자㈜,B,SN004,요약재무상태표(부채 및 자본)(07.12월 이전),A21,자본금,,,,,,,,30000000000.0,30000000000.0,30000000000.0,30000000000.0,30000000000.0,30000000000.0,30000000000.0,30000000000.0,30000000000.0,30000000000.0,30000000000.0,30000000000.0,30000000000.0,30000000000.0,30000000000.0,30000000000.0,30000000000.0,30000000000.0,30000000000.0,30000000000.0,30000000000.0,30000000000.0,30000000000.0,30000000000.0,30000000000.0,30000000000.0,0.0,0.0
163,신기술금융사,10866,포스코기술투자㈜,B,SN004,요약재무상태표(부채 및 자본)(07.12월 이전),A22,자본잉여금,,,,,,,,0.0,0.0,0.0,0.0,0.0,0.0,0.0,0.0,0.0,0.0,0.0,0.0,0.0,0.0,0.0,0.0,0.0,0.0,0.0,0.0,0.0,0.0,0.0,0.0,0.0,0.0,0.0,0.0
164,신기술금융사,10866,포스코기술투자㈜,B,SN004,요약재무상태표(부채 및 자본)(07.12월 이전),A23,이익잉여금(결손금),,,,,,,,4198000000.0,4313000000.0,4405000000.0,4377000000.0,4219000000.0,920000000.0,1095000000.0,882000000.0,807000000.0,2290000000.0,2243000000.0,6701000000.0,13156000000.0,9106000000.0,9548000000.0,9926000000.0,9910000000.0,6875000000.0,6831000000.0,6642000000.0,6951000000.0,6995000000.0,6742000000.0,6742000000.0,6653000000.0,7123000000.0,0.0,0.0
165,신기술금융사,10866,포스코기술투자㈜,B,SN004,요약재무상태표(부채 및 자본)(07.12월 이전),A24,자본조정,,,,,,,,996000000.0,120000000.0,78000000.0,77000000.0,82000000.0,2042000000.0,2912000000.0,-1011000000.0,-1138000000.0,450000000.0,981000000.0,489000000.0,1373000000.0,-374000000.0,0.0,0.0,0.0,0.0,0.0,0.0,0.0,0.0,0.0,0.0,0.0,0.0,0.0,0.0
166,신기술금융사,11876,나우아이비캐피탈㈜,B,SN004,요약재무상태표(부채 및 자본)(07.12월 이전),A,부채 및 자본총계,,,,,,,,,,,,,,,,,,,,40085000000.0,42303000000.0,41835000000.0,42111000000.0,42180000000.0,45371000000.0,48211000000.0,38476000000.0,39102000000.0,38576000000.0,36709000000.0,38189000000.0,37322000000.0,38879000000.0,,
167,신기술금융사,11876,나우아이비캐피탈㈜,B,SN004,요약재무상태표(부채 및 자본)(07.12월 이전),A1,부채,,,,,,,,,,,,,,,,,,,,33000000.0,591000000.0,1707000000.0,971000000.0,818000000.0,556000000.0,3322000000.0,1891000000.0,2092000000.0,1760000000.0,1000000000.0,1504000000.0,650000000.0,1025000000.0,,
168,신기술금융사,11876,나우아이비캐피탈㈜,B,SN004,요약재무상태표(부채 및 자본)(07.12월 이전),A11,유동부채,,,,,,,,,,,,,,,,,,,,33000000.0,333000000.0,0.0,0.0,0.0,0.0,0.0,0.0,0.0,0.0,0.0,0.0,0.0,0.0,,
169,신기술금융사,11876,나우아이비캐피탈㈜,B,SN004,요약재무상태표(부채 및 자본)(07.12월 이전),A111,유동부채_단기차입금,,,,,,,,,,,,,,,,,,,,0.0,0.0,0.0,0.0,0.0,0.0,0.0,0.0,0.0,0.0,0.0,0.0,0.0,0.0,,
170,신기술금융사,11876,나우아이비캐피탈㈜,B,SN004,요약재무상태표(부채 및 자본)(07.12월 이전),A112,유동부채_콜머니,,,,,,,,,,,,,,,,,,,,0.0,0.0,0.0,0.0,0.0,0.0,0.0,0.0,0.0,0.0,0.0,0.0,0.0,0.0,,
171,신기술금융사,11876,나우아이비캐피탈㈜,B,SN004,요약재무상태표(부채 및 자본)(07.12월 이전),A113,유동부채_유동성 사채,,,,,,,,,,,,,,,,,,,,0.0,0.0,0.0,0.0,0.0,0.0,0.0,0.0,0.0,0.0,0.0,0.0,0.0,0.0,,
172,신기술금융사,11876,나우아이비캐피탈㈜,B,SN004,요약재무상태표(부채 및 자본)(07.12월 이전),A114,유동부채_유동성 장기차입금,,,,,,,,,,,,,,,,,,,,0.0,0.0,0.0,0.0,0.0,0.0,0.0,0.0,0.0,0.0,0.0,0.0,0.0,0.0,,
173,신기술금융사,11876,나우아이비캐피탈㈜,B,SN004,요약재무상태표(부채 및 자본)(07.12월 이전),A115,유동부채_기타,,,,,,,,,,,,,,,,,,,,33000000.0,333000000.0,0.0,0.0,0.0,0.0,0.0,0.0,0.0,0.0,0.0,0.0,0.0,0.0,,
174,신기술금융사,11876,나우아이비캐피탈㈜,B,SN004,요약재무상태표(부채 및 자본)(07.12월 이전),A12,복권회계 부채,,,,,,,,,,,,,,,,,,,,0.0,0.0,0.0,0.0,0.0,0.0,0.0,0.0,0.0,0.0,0.0,0.0,0.0,0.0,,
175,신기술금융사,11876,나우아이비캐피탈㈜,B,SN004,요약재무상태표(부채 및 자본)(07.12월 이전),A13,고정부채,,,,,,,,,,,,,,,,,,,,0.0,258000000.0,0.0,0.0,0.0,0.0,0.0,0.0,0.0,0.0,0.0,0.0,0.0,0.0,,
176,신기술금융사,11876,나우아이비캐피탈㈜,B,SN004,요약재무상태표(부채 및 자본)(07.12월 이전),A131,고정부채_사채,,,,,,,,,,,,,,,,,,,,0.0,0.0,0.0,0.0,0.0,0.0,0.0,0.0,0.0,0.0,0.0,0.0,0.0,0.0,,
177,신기술금융사,11876,나우아이비캐피탈㈜,B,SN004,요약재무상태표(부채 및 자본)(07.12월 이전),A132,고정부채_장기차입금,,,,,,,,,,,,,,,,,,,,0.0,0.0,0.0,0.0,0.0,0.0,0.0,0.0,0.0,0.0,0.0,0.0,0.0,0.0,,
178,신기술금융사,11876,나우아이비캐피탈㈜,B,SN004,요약재무상태표(부채 및 자본)(07.12월 이전),A133,고정부채_기타,,,,,,,,,,,,,,,,,,,,0.0,258000000.0,0.0,0.0,0.0,0.0,0.0,0.0,0.0,0.0,0.0,0.0,0.0,0.0,,
179,신기술금융사,11876,나우아이비캐피탈㈜,B,SN004,요약재무상태표(부채 및 자본)(07.12월 이전),A2,자본,,,,,,,,,,,,,,,,,,,,40052000000.0,41712000000.0,40128000000.0,41140000000.0,41362000000.0,44815000000.0,44889000000.0,36585000000.0,37010000000.0,36816000000.0,35709000000.0,36685000000.0,36672000000.0,37854000000.0,,
180,신기술금융사,11876,나우아이비캐피탈㈜,B,SN004,요약재무상태표(부채 및 자본)(07.12월 이전),A21,자본금,,,,,,,,,,,,,,,,,,,,40500000000.0,40500000000.0,40500000000.0,40500000000.0,40500000000.0,47500000000.0,47500000000.0,37525000000.0,37525000000.0,37525000000.0,37525000000.0,37525000000.0,37525000000.0,37525000000.0,,
181,신기술금융사,11876,나우아이비캐피탈㈜,B,SN004,요약재무상태표(부채 및 자본)(07.12월 이전),A22,자본잉여금,,,,,,,,,,,,,,,,,,,,0.0,0.0,0.0,0.0,0.0,0.0,0.0,2000000.0,2000000.0,2000000.0,2000000.0,2000000.0,2000000.0,2000000.0,,
182,신기술금융사,11876,나우아이비캐피탈㈜,B,SN004,요약재무상태표(부채 및 자본)(07.12월 이전),A23,이익잉여금(결손금),,,,,,,,,,,,,,,,,,,,-448000000.0,1212000000.0,-372000000.0,640000000.0,862000000.0,-2127000000.0,-1863000000.0,-222000000.0,187000000.0,-6000000.0,-1111000000.0,-136000000.0,-282000000.0,555000000.0,,
183,신기술금융사,11876,나우아이비캐피탈㈜,B,SN004,요약재무상태표(부채 및 자본)(07.12월 이전),A24,자본조정,,,,,,,,,,,,,,,,,,,,0.0,0.0,0.0,0.0,0.0,-558000000.0,-748000000.0,-708000000.0,-708000000.0,-708000000.0,-708000000.0,-708000000.0,-708000000.0,-708000000.0,,
184,신기술금융사,12010,㈜농심캐피탈,B,SN004,요약재무상태표(부채 및 자본)(07.12월 이전),A,부채 및 자본총계,,,,,,,,,,,,,,,,,,,,,,,,45054000000.0,51202000000.0,51675000000.0,62535000000.0,56585000000.0,52530000000.0,65783000000.0,69702000000.0,75657000000.0,75196000000.0,,
185,신기술금융사,12010,㈜농심캐피탈,B,SN004,요약재무상태표(부채 및 자본)(07.12월 이전),A1,부채,,,,,,,,,,,,,,,,,,,,,,,,23963000000.0,30246000000.0,30518000000.0,40417000000.0,33830000000.0,29975000000.0,42707000000.0,46224000000.0,52014000000.0,51623000000.0,,
186,신기술금융사,12010,㈜농심캐피탈,B,SN004,요약재무상태표(부채 및 자본)(07.12월 이전),A11,유동부채,,,,,,,,,,,,,,,,,,,,,,,,23704000000.0,29379000000.0,29486000000.0,39928000000.0,33079000000.0,29145000000.0,42131000000.0,45407000000.0,51395000000.0,48959000000.0,,
187,신기술금융사,12010,㈜농심캐피탈,B,SN004,요약재무상태표(부채 및 자본)(07.12월 이전),A111,유동부채_단기차입금,,,,,,,,,,,,,,,,,,,,,,,,23704000000.0,29379000000.0,29486000000.0,39928000000.0,33079000000.0,29145000000.0,42131000000.0,45407000000.0,51395000000.0,48959000000.0,,
188,신기술금융사,12010,㈜농심캐피탈,B,SN004,요약재무상태표(부채 및 자본)(07.12월 이전),A112,유동부채_콜머니,,,,,,,,,,,,,,,,,,,,,,,,0.0,0.0,0.0,0.0,0.0,0.0,0.0,0.0,0.0,0.0,,
189,신기술금융사,12010,㈜농심캐피탈,B,SN004,요약재무상태표(부채 및 자본)(07.12월 이전),A113,유동부채_유동성 사채,,,,,,,,,,,,,,,,,,,,,,,,0.0,0.0,0.0,0.0,0.0,0.0,0.0,0.0,0.0,0.0,,
190,신기술금융사,12010,㈜농심캐피탈,B,SN004,요약재무상태표(부채 및 자본)(07.12월 이전),A114,유동부채_유동성 장기차입금,,,,,,,,,,,,,,,,,,,,,,,,0.0,0.0,0.0,0.0,0.0,0.0,0.0,0.0,0.0,0.0,,
191,신기술금융사,12010,㈜농심캐피탈,B,SN004,요약재무상태표(부채 및 자본)(07.12월 이전),A115,유동부채_기타,,,,,,,,,,,,,,,,,,,,,,,,0.0,0.0,0.0,0.0,0.0,0.0,0.0,0.0,0.0,0.0,,
192,신기술금융사,12010,㈜농심캐피탈,B,SN004,요약재무상태표(부채 및 자본)(07.12월 이전),A12,복권회계 부채,,,,,,,,,,,,,,,,,,,,,,,,0.0,0.0,0.0,0.0,0.0,0.0,0.0,0.0,0.0,0.0,,
193,신기술금융사,12010,㈜농심캐피탈,B,SN004,요약재무상태표(부채 및 자본)(07.12월 이전),A13,고정부채,,,,,,,,,,,,,,,,,,,,,,,,0.0,0.0,0.0,0.0,0.0,0.0,0.0,0.0,0.0,0.0,,
194,신기술금융사,12010,㈜농심캐피탈,B,SN004,요약재무상태표(부채 및 자본)(07.12월 이전),A131,고정부채_사채,,,,,,,,,,,,,,,,,,,,,,,,0.0,0.0,0.0,0.0,0.0,0.0,0.0,0.0,0.0,0.0,,
195,신기술금융사,12010,㈜농심캐피탈,B,SN004,요약재무상태표(부채 및 자본)(07.12월 이전),A132,고정부채_장기차입금,,,,,,,,,,,,,,,,,,,,,,,,0.0,0.0,0.0,0.0,0.0,0.0,0.0,0.0,0.0,0.0,,
196,신기술금융사,12010,㈜농심캐피탈,B,SN004,요약재무상태표(부채 및 자본)(07.12월 이전),A133,고정부채_기타,,,,,,,,,,,,,,,,,,,,,,,,0.0,0.0,0.0,0.0,0.0,0.0,0.0,0.0,0.0,0.0,,
197,신기술금융사,12010,㈜농심캐피탈,B,SN004,요약재무상태표(부채 및 자본)(07.12월 이전),A2,자본,,,,,,,,,,,,,,,,,,,,,,,,21091000000.0,20956000000.0,21157000000.0,22118000000.0,22755000000.0,22555000000.0,23076000000.0,23478000000.0,23643000000.0,23573000000.0,,
198,신기술금융사,12010,㈜농심캐피탈,B,SN004,요약재무상태표(부채 및 자본)(07.12월 이전),A21,자본금,,,,,,,,,,,,,,,,,,,,,,,,20000000000.0,20000000000.0,20000000000.0,20000000000.0,20000000000.0,20000000000.0,20000000000.0,20000000000.0,20000000000.0,20000000000.0,,
199,신기술금융사,12010,㈜농심캐피탈,B,SN004,요약재무상태표(부채 및 자본)(07.12월 이전),A22,자본잉여금,,,,,,,,,,,,,,,,,,,,,,,,0.0,-64000000.0,-32000000.0,0.0,0.0,0.0,0.0,0.0,0.0,0.0,,
200,신기술금융사,12010,㈜농심캐피탈,B,SN004,요약재무상태표(부채 및 자본)(07.12월 이전),A23,이익잉여금(결손금),,,,,,,,,,,,,,,,,,,,,,,,1155000000.0,1141000000.0,1311000000.0,2304000000.0,2941000000.0,2587000000.0,3108000000.0,3510000000.0,3675000000.0,3573000000.0,,
201,신기술금융사,12010,㈜농심캐피탈,B,SN004,요약재무상태표(부채 및 자본)(07.12월 이전),A24,자본조정,,,,,,,,,,,,,,,,,,,,,,,,-64000000.0,0.0,0.0,-64000000.0,-64000000.0,-32000000.0,-32000000.0,-32000000.0,-32000000.0,0.0,,
202,신기술금융사,12479,한빛인베스트먼트㈜,B,SN004,요약재무상태표(부채 및 자본)(07.12월 이전),A,부채 및 자본총계,,,,,,,,,,,,,,,,,,,,,,,,,,,,,,,,,41807000000.0,0.0,0.0
203,신기술금융사,12479,한빛인베스트먼트㈜,B,SN004,요약재무상태표(부채 및 자본)(07.12월 이전),A1,부채,,,,,,,,,,,,,,,,,,,,,,,,,,,,,,,,,11871000000.0,0.0,0.0
204,신기술금융사,12479,한빛인베스트먼트㈜,B,SN004,요약재무상태표(부채 및 자본)(07.12월 이전),A11,유동부채,,,,,,,,,,,,,,,,,,,,,,,,,,,,,,,,,7217000000.0,0.0,0.0
205,신기술금융사,12479,한빛인베스트먼트㈜,B,SN004,요약재무상태표(부채 및 자본)(07.12월 이전),A111,유동부채_단기차입금,,,,,,,,,,,,,,,,,,,,,,,,,,,,,,,,,0.0,0.0,0.0
206,신기술금융사,12479,한빛인베스트먼트㈜,B,SN004,요약재무상태표(부채 및 자본)(07.12월 이전),A112,유동부채_콜머니,,,,,,,,,,,,,,,,,,,,,,,,,,,,,,,,,0.0,0.0,0.0
207,신기술금융사,12479,한빛인베스트먼트㈜,B,SN004,요약재무상태표(부채 및 자본)(07.12월 이전),A113,유동부채_유동성 사채,,,,,,,,,,,,,,,,,,,,,,,,,,,,,,,,,0.0,0.0,0.0
208,신기술금융사,12479,한빛인베스트먼트㈜,B,SN004,요약재무상태표(부채 및 자본)(07.12월 이전),A114,유동부채_유동성 장기차입금,,,,,,,,,,,,,,,,,,,,,,,,,,,,,,,,,0.0,0.0,0.0
209,신기술금융사,12479,한빛인베스트먼트㈜,B,SN004,요약재무상태표(부채 및 자본)(07.12월 이전),A115,유동부채_기타,,,,,,,,,,,,,,,,,,,,,,,,,,,,,,,,,7217000000.0,0.0,0.0
210,신기술금융사,12479,한빛인베스트먼트㈜,B,SN004,요약재무상태표(부채 및 자본)(07.12월 이전),A12,복권회계 부채,,,,,,,,,,,,,,,,,,,,,,,,,,,,,,,,,0.0,0.0,0.0
211,신기술금융사,12479,한빛인베스트먼트㈜,B,SN004,요약재무상태표(부채 및 자본)(07.12월 이전),A13,고정부채,,,,,,,,,,,,,,,,,,,,,,,,,,,,,,,,,7217000000.0,0.0,0.0
212,신기술금융사,12479,한빛인베스트먼트㈜,B,SN004,요약재무상태표(부채 및 자본)(07.12월 이전),A131,고정부채_사채,,,,,,,,,,,,,,,,,,,,,,,,,,,,,,,,,7217000000.0,0.0,0.0
213,신기술금융사,12479,한빛인베스트먼트㈜,B,SN004,요약재무상태표(부채 및 자본)(07.12월 이전),A132,고정부채_장기차입금,,,,,,,,,,,,,,,,,,,,,,,,,,,,,,,,,0.0,0.0,0.0
214,신기술금융사,12479,한빛인베스트먼트㈜,B,SN004,요약재무상태표(부채 및 자본)(07.12월 이전),A133,고정부채_기타,,,,,,,,,,,,,,,,,,,,,,,,,,,,,,,,,0.0,0.0,0.0
215,신기술금융사,12479,한빛인베스트먼트㈜,B,SN004,요약재무상태표(부채 및 자본)(07.12월 이전),A2,자본,,,,,,,,,,,,,,,,,,,,,,,,,,,,,,,,,29936000000.0,0.0,0.0
216,신기술금융사,12479,한빛인베스트먼트㈜,B,SN004,요약재무상태표(부채 및 자본)(07.12월 이전),A21,자본금,,,,,,,,,,,,,,,,,,,,,,,,,,,,,,,,,20000000000.0,0.0,0.0
217,신기술금융사,12479,한빛인베스트먼트㈜,B,SN004,요약재무상태표(부채 및 자본)(07.12월 이전),A22,자본잉여금,,,,,,,,,,,,,,,,,,,,,,,,,,,,,,,,,797000000.0,0.0,0.0
218,신기술금융사,12479,한빛인베스트먼트㈜,B,SN004,요약재무상태표(부채 및 자본)(07.12월 이전),A23,이익잉여금(결손금),,,,,,,,,,,,,,,,,,,,,,,,,,,,,,,,,8712000000.0,0.0,0.0
219,신기술금융사,12479,한빛인베스트먼트㈜,B,SN004,요약재무상태표(부채 및 자본)(07.12월 이전),A24,자본조정,,,,,,,,,,,,,,,,,,,,,,,,,,,,,,,,,0.0,0.0,0.0
