,금융구분,금융회사코드,금융회사명,통계분류,통계표코드,통계표명,코드,구분,200803,200806,200809,200812,200903,200906,200909,200912,201003,201006,201009,201012,201103,201106,201109,201112,201203,201206,201209,201212,201303,201306,201309,201312,201403,201406,201409,201412,201503,201506,201509,201512,201603,201606,201609,201612,201703,201706,201709,201712,201803,201806,201809,201812,201903,201906,201909,201912,202003,202006,202009,202012,202103,202106,202109,202112,202203,202206,202209,202212,202303,202306,202309,202312,202403,202406,202409,202412,202503
0,신용카드사,10225,현대카드㈜,B,SC110,부문별 자산현황(신기술금융자산),A,신기술금융자산,0,0,0,0,0,0,0,0,0,0,0,0,0, , , , , , , , , , , , , , , , , , , , , , , , , , , , ,1342000000,2576000000,4853000000,0,0,0,0,0,0,0,0,0,0, , , , , , , , , , , , , , , 
1,신용카드사,10225,현대카드㈜,B,SC110,부문별 자산현황(신기술금융자산),A1,(대손충당금 등),0,0,0,0,0,0,0,0,0,0,0,0,,,,,,,,,,,,,,,,,,,,,,,,,,,,,,,,,,,,,,,,,,,,,,,,,,,,,,,,,
2,신용카드사,10225,현대카드㈜,B,SC110,부문별 자산현황(신기술금융자산),A1,신기술금융자산_(대손충당금 등),,,,,,,,,,,,,0, , , , , , , , , , , , , , , , , , , , , , , , , , , , , , , , , , , , , , , , , , , , , , , , , , , , , , , , 
3,신용카드사,10225,현대카드㈜,B,SC110,부문별 자산현황(신기술금융자산),A2,신기술금융자산_투자주식,,,,,,,,,,,,,0, , , , , , , , , , , , , , , , , , , , , , , , , , , , , , , ,0,0,0,0,0,0,0,0,0,0, , , , , , , , , , , , , , , 
4,신용카드사,10225,현대카드㈜,B,SC110,부문별 자산현황(신기술금융자산),A2,투자주식,0,0,0,0,0,0,0,0,0,0,0,0,,,,,,,,,,,,,,,,,,,,,,,,,,,,,,,,,,,,,,,,,,,,,,,,,,,,,,,,,
5,신용카드사,10225,현대카드㈜,B,SC110,부문별 자산현황(신기술금융자산),A3,신기술금융자산_출자금,,,,,,,,,,,,,0, , , , , , , , , , , , , , , , , , , , , , , , , , , , ,1342000000,2576000000,4853000000,0,0,0,0,0,0,0,0,0,0, , , , , , , , , , , , , , , 
6,신용카드사,10225,현대카드㈜,B,SC110,부문별 자산현황(신기술금융자산),A3,출자금,0,0,0,0,0,0,0,0,0,0,0,0,,,,,,,,,,,,,,,,,,,,,,,,,,,,,,,,,,,,,,,,,,,,,,,,,,,,,,,,,
7,신용카드사,10225,현대카드㈜,B,SC110,부문별 자산현황(신기술금융자산),A4,신기술금융대출금,0,0,0,0,0,0,0,0,0,0,0,0,,,,,,,,,,,,,,,,,,,,,,,,,,,,,,,,,,,,,,,,,,,,,,,,,,,,,,,,,
8,신용카드사,10225,현대카드㈜,B,SC110,부문별 자산현황(신기술금융자산),A4,신기술금융자산_신기술금융대출금,,,,,,,,,,,,,0, , , , , , , , , , , , , , , , , , , , , , , , , , , , , , , , , , , , , , , , , , , , , , , , , , , , , , , , 
9,신용카드사,10225,현대카드㈜,B,SC110,부문별 자산현황(신기술금융자산),A6,신기술금융자산_투자사채,,,,,,,,,,,,,0, , , , , , , , , , , , , , , , , , , , , , , , , , , , , , , , , , , , , , , , , , , , , , , , , , , , , , , , 
10,신용카드사,10225,현대카드㈜,B,SC110,부문별 자산현황(신기술금융자산),A6,투자사채,0,0,0,0,0,0,0,0,0,0,0,0,,,,,,,,,,,,,,,,,,,,,,,,,,,,,,,,,,,,,,,,,,,,,,,,,,,,,,,,,
11,신용카드사,10225,현대카드㈜,B,SC110,부문별 자산현황(신기술금융자산),A7,신기술금융자산_조건부융자,,,,,,,,,,,,,0, , , , , , , , , , , , , , , , , , , , , , , , , , , , , , , , , , , , , , , , , , , , , , , , , , , , , , , , 
12,신용카드사,10225,현대카드㈜,B,SC110,부문별 자산현황(신기술금융자산),A7,조건부융자,0,0,0,0,0,0,0,0,0,0,0,0,,,,,,,,,,,,,,,,,,,,,,,,,,,,,,,,,,,,,,,,,,,,,,,,,,,,,,,,,
13,신용카드사,10226,롯데카드㈜,B,SC110,부문별 자산현황(신기술금융자산),A,신기술금융자산,0,257000000,2757000000,1459000000,1633000000,1830000000,1921000000,1994000000,2043000000,2206000000,2205000000,2327000000,718000000,1072000000,1028000000,995000000,1396000000,1391000000,2864000000,315000000,315000000,35000000,35000000,35000000,35000000,35000000,35000000,35000000,35000000,35000000,35000000,35000000,35000000,35000000,35000000,35000000,35000000,35000000,35000000,35000000,35000000,835000000,835000000,835000000,1400000000,1400000000,1400000000,1400000000,2000000000,2000000000,2000000000,1800000000,1800000000,1800000000,2300000000,2124000000,2624000000,2445000000,2445000000,2405000000,2405000000,2286000000,2791000000,2185000000,2174000000,1854000000,2454000000,2513000000,5463000000
14,신용카드사,10226,롯데카드㈜,B,SC110,부문별 자산현황(신기술금융자산),A1,(대손충당금 등),0,0,0,0,0,0,0,0,0,0,0,0,,,,,,,,,,,,,,,,,,,,,,,,,,,,,,,,,,,,,,,,,,,,,,,,,,,,,,,,,
15,신용카드사,10226,롯데카드㈜,B,SC110,부문별 자산현황(신기술금융자산),A1,신기술금융자산_(대손충당금 등),,,,,,,,,,,,, , , , , , , , , , , , , , , , , , , , , , , , , , , , , , , , , , , , , , , , , , , , , , , , , , , , , , , , , 
16,신용카드사,10226,롯데카드㈜,B,SC110,부문별 자산현황(신기술금융자산),A2,신기술금융자산_투자주식,,,,,,,,,,,,,718000000,1072000000,1028000000,995000000,1396000000,1391000000,2864000000,315000000,315000000,35000000,35000000,35000000,35000000,35000000,35000000,35000000,35000000,35000000,35000000,35000000,35000000,35000000,35000000,35000000,35000000,35000000,35000000,35000000,35000000,35000000,35000000,35000000, , , , , , , , , , , , , , , , , , , , , , , , , 
17,신용카드사,10226,롯데카드㈜,B,SC110,부문별 자산현황(신기술금융자산),A2,투자주식,0,257000000,2757000000,1459000000,1633000000,1830000000,1921000000,1994000000,2043000000,2206000000,2205000000,2327000000,,,,,,,,,,,,,,,,,,,,,,,,,,,,,,,,,,,,,,,,,,,,,,,,,,,,,,,,,
18,신용카드사,10226,롯데카드㈜,B,SC110,부문별 자산현황(신기술금융자산),A3,신기술금융자산_출자금,,,,,,,,,,,,, , , , , , , , , , , , , , , , , , , , , , , , , , , , , ,800000000,800000000,800000000,1400000000,1400000000,1400000000,1400000000,2000000000,2000000000,2000000000,1800000000,1800000000,1800000000,2300000000,2124000000,2624000000,2445000000,2445000000,2405000000,2405000000,2286000000,2791000000,2185000000,2174000000,1854000000,2454000000,2513000000,5463000000
19,신용카드사,10226,롯데카드㈜,B,SC110,부문별 자산현황(신기술금융자산),A3,출자금,0,0,0,0,0,0,0,0,0,0,0,0,,,,,,,,,,,,,,,,,,,,,,,,,,,,,,,,,,,,,,,,,,,,,,,,,,,,,,,,,
20,신용카드사,10226,롯데카드㈜,B,SC110,부문별 자산현황(신기술금융자산),A4,신기술금융대출금,0,0,0,0,0,0,0,0,0,0,0,0,,,,,,,,,,,,,,,,,,,,,,,,,,,,,,,,,,,,,,,,,,,,,,,,,,,,,,,,,
21,신용카드사,10226,롯데카드㈜,B,SC110,부문별 자산현황(신기술금융자산),A4,신기술금융자산_신기술금융대출금,,,,,,,,,,,,, , , , , , , , , , , , , , , , , , , , , , , , , , , , , , , , , , , , , , , , , , , , , , , , , , , , , , , , , 
22,신용카드사,10226,롯데카드㈜,B,SC110,부문별 자산현황(신기술금융자산),A6,신기술금융자산_투자사채,,,,,,,,,,,,, , , , , , , , , , , , , , , , , , , , , , , , , , , , , , , , , , , , , , , , , , , , , , , , , , , , , , , , , 
23,신용카드사,10226,롯데카드㈜,B,SC110,부문별 자산현황(신기술금융자산),A6,투자사채,0,0,0,0,0,0,0,0,0,0,0,0,,,,,,,,,,,,,,,,,,,,,,,,,,,,,,,,,,,,,,,,,,,,,,,,,,,,,,,,,
24,신용카드사,10226,롯데카드㈜,B,SC110,부문별 자산현황(신기술금융자산),A7,신기술금융자산_조건부융자,,,,,,,,,,,,, , , , , , , , , , , , , , , , , , , , , , , , , , , , , , , , , , , , , , , , , , , , , , , , , , , , , , , , , 
25,신용카드사,10226,롯데카드㈜,B,SC110,부문별 자산현황(신기술금융자산),A7,조건부융자,0,0,0,0,0,0,0,0,0,0,0,0,,,,,,,,,,,,,,,,,,,,,,,,,,,,,,,,,,,,,,,,,,,,,,,,,,,,,,,,,
26,신용카드사,10227,비씨카드㈜,B,SC110,부문별 자산현황(신기술금융자산),A,신기술금융자산,0,0,0,0,0,0,0,0,0,0,0,0, , ,0,0, , , , , , , , , , , , , , , , , , , , , , , , , , , , , , , , , , , , ,0, , , , , , , , , , , , , , , , 
27,신용카드사,10227,비씨카드㈜,B,SC110,부문별 자산현황(신기술금융자산),A1,(대손충당금 등),0,0,0,0,0,0,0,0,0,0,0,0,,,,,,,,,,,,,,,,,,,,,,,,,,,,,,,,,,,,,,,,,,,,,,,,,,,,,,,,,
28,신용카드사,10227,비씨카드㈜,B,SC110,부문별 자산현황(신기술금융자산),A1,신기술금융자산_(대손충당금 등),,,,,,,,,,,,, , ,0,0, , , , , , , , , , , , , , , , , , , , , , , , , , , , , , , , , , , , ,0, , , , , , , , , , , , , , , , 
29,신용카드사,10227,비씨카드㈜,B,SC110,부문별 자산현황(신기술금융자산),A2,신기술금융자산_투자주식,,,,,,,,,,,,, , ,0,0, , , , , , , , , , , , , , , , , , , , , , , , , , , , , , , , , , , , ,0, , , , , , , , , , , , , , , , 
30,신용카드사,10227,비씨카드㈜,B,SC110,부문별 자산현황(신기술금융자산),A2,투자주식,0,0,0,0,0,0,0,0,0,0,0,0,,,,,,,,,,,,,,,,,,,,,,,,,,,,,,,,,,,,,,,,,,,,,,,,,,,,,,,,,
31,신용카드사,10227,비씨카드㈜,B,SC110,부문별 자산현황(신기술금융자산),A3,신기술금융자산_출자금,,,,,,,,,,,,, , ,0,0, , , , , , , , , , , , , , , , , , , , , , , , , , , , , , , , , , , , ,0, , , , , , , , , , , , , , , , 
32,신용카드사,10227,비씨카드㈜,B,SC110,부문별 자산현황(신기술금융자산),A3,출자금,0,0,0,0,0,0,0,0,0,0,0,0,,,,,,,,,,,,,,,,,,,,,,,,,,,,,,,,,,,,,,,,,,,,,,,,,,,,,,,,,
33,신용카드사,10227,비씨카드㈜,B,SC110,부문별 자산현황(신기술금융자산),A4,신기술금융대출금,0,0,0,0,0,0,0,0,0,0,0,0,,,,,,,,,,,,,,,,,,,,,,,,,,,,,,,,,,,,,,,,,,,,,,,,,,,,,,,,,
34,신용카드사,10227,비씨카드㈜,B,SC110,부문별 자산현황(신기술금융자산),A4,신기술금융자산_신기술금융대출금,,,,,,,,,,,,, , ,0,0, , , , , , , , , , , , , , , , , , , , , , , , , , , , , , , , , , , , ,0, , , , , , , , , , , , , , , , 
35,신용카드사,10227,비씨카드㈜,B,SC110,부문별 자산현황(신기술금융자산),A6,신기술금융자산_투자사채,,,,,,,,,,,,, , ,0,0, , , , , , , , , , , , , , , , , , , , , , , , , , , , , , , , , , , , ,0, , , , , , , , , , , , , , , , 
36,신용카드사,10227,비씨카드㈜,B,SC110,부문별 자산현황(신기술금융자산),A6,투자사채,0,0,0,0,0,0,0,0,0,0,0,0,,,,,,,,,,,,,,,,,,,,,,,,,,,,,,,,,,,,,,,,,,,,,,,,,,,,,,,,,
37,신용카드사,10227,비씨카드㈜,B,SC110,부문별 자산현황(신기술금융자산),A7,신기술금융자산_조건부융자,,,,,,,,,,,,, , ,0,0, , , , , , , , , , , , , , , , , , , , , , , , , , , , , , , , , , , , ,0, , , , , , , , , , , , , , , , 
38,신용카드사,10227,비씨카드㈜,B,SC110,부문별 자산현황(신기술금융자산),A7,조건부융자,0,0,0,0,0,0,0,0,0,0,0,0,,,,,,,,,,,,,,,,,,,,,,,,,,,,,,,,,,,,,,,,,,,,,,,,,,,,,,,,,
39,신용카드사,10228,삼성카드㈜,B,SC110,부문별 자산현황(신기술금융자산),A,신기술금융자산,208000000,134000000,101000000,68000000,34000000,0,0,0,0,0,0,0, , , ,0, , , , , , , , , , , , , , , , , , , , , , , , , ,0,0,0,0,0,0,0,0,0,0,0,0,0,0,0,0,0,0,0,0,0,0,0,0,0,0,0,0
40,신용카드사,10228,삼성카드㈜,B,SC110,부문별 자산현황(신기술금융자산),A1,(대손충당금 등),1000000,1000000,1000000,0,0,0,0,0,0,0,0,0,,,,,,,,,,,,,,,,,,,,,,,,,,,,,,,,,,,,,,,,,,,,,,,,,,,,,,,,,
41,신용카드사,10228,삼성카드㈜,B,SC110,부문별 자산현황(신기술금융자산),A1,신기술금융자산_(대손충당금 등),,,,,,,,,,,,, , , ,0, , , , , , , , , , , , , , , , , , , , , , , , , ,0,0,0,0,0,0,0,0,0,0,0,0,0,0,0,0,0,0,0,0,0,0,0,0,0,0,0,0
42,신용카드사,10228,삼성카드㈜,B,SC110,부문별 자산현황(신기술금융자산),A2,신기술금융자산_투자주식,,,,,,,,,,,,, , , ,0, , , , , , , , , , , , , , , , , , , , , , , , , ,0,0,0,0,0,0,0,0,0,0,0,0,0,0,0,0,0,0,0,0,0,0,0,0,0,0,0,0
43,신용카드사,10228,삼성카드㈜,B,SC110,부문별 자산현황(신기술금융자산),A2,투자주식,0,0,0,0,0,0,0,0,0,0,0,0,,,,,,,,,,,,,,,,,,,,,,,,,,,,,,,,,,,,,,,,,,,,,,,,,,,,,,,,,
44,신용카드사,10228,삼성카드㈜,B,SC110,부문별 자산현황(신기술금융자산),A3,신기술금융자산_출자금,,,,,,,,,,,,, , , ,0, , , , , , , , , , , , , , , , , , , , , , , , , ,0,0,0,0,0,0,0,0,0,0,0,0,0,0,0,0,0,0,0,0,0,0,0,0,0,0,0,0
45,신용카드사,10228,삼성카드㈜,B,SC110,부문별 자산현황(신기술금융자산),A3,출자금,0,0,0,0,0,0,0,0,0,0,0,0,,,,,,,,,,,,,,,,,,,,,,,,,,,,,,,,,,,,,,,,,,,,,,,,,,,,,,,,,
46,신용카드사,10228,삼성카드㈜,B,SC110,부문별 자산현황(신기술금융자산),A4,신기술금융대출금,209000000,135000000,102000000,68000000,34000000,0,0,0,0,0,0,0,,,,,,,,,,,,,,,,,,,,,,,,,,,,,,,,,,,,,,,,,,,,,,,,,,,,,,,,,
47,신용카드사,10228,삼성카드㈜,B,SC110,부문별 자산현황(신기술금융자산),A4,신기술금융자산_신기술금융대출금,,,,,,,,,,,,, , , ,0, , , , , , , , , , , , , , , , , , , , , , , , , ,0,0,0,0,0,0,0,0,0,0,0,0,0,0,0,0,0,0,0,0,0,0,0,0,0,0,0,0
48,신용카드사,10228,삼성카드㈜,B,SC110,부문별 자산현황(신기술금융자산),A6,신기술금융자산_투자사채,,,,,,,,,,,,, , , ,0, , , , , , , , , , , , , , , , , , , , , , , , , ,0,0,0,0,0,0,0,0,0,0,0,0,0,0,0,0,0,0,0,0,0,0,0,0,0,0,0,0
49,신용카드사,10228,삼성카드㈜,B,SC110,부문별 자산현황(신기술금융자산),A6,투자사채,0,0,0,0,0,0,0,0,0,0,0,0,,,,,,,,,,,,,,,,,,,,,,,,,,,,,,,,,,,,,,,,,,,,,,,,,,,,,,,,,
50,신용카드사,10228,삼성카드㈜,B,SC110,부문별 자산현황(신기술금융자산),A7,신기술금융자산_조건부융자,,,,,,,,,,,,, , , ,0, , , , , , , , , , , , , , , , , , , , , , , , , ,0,0,0,0,0,0,0,0,0,0,0,0,0,0,0,0,0,0,0,0,0,0,0,0,0,0,0,0
51,신용카드사,10228,삼성카드㈜,B,SC110,부문별 자산현황(신기술금융자산),A7,조건부융자,0,0,0,0,0,0,0,0,0,0,0,0,,,,,,,,,,,,,,,,,,,,,,,,,,,,,,,,,,,,,,,,,,,,,,,,,,,,,,,,,
52,신용카드사,10229,신한카드㈜,B,SC110,부문별 자산현황(신기술금융자산),A,신기술금융자산,0,0,0,0,0,0,0,0,0,0,0,0, , , , , , , , , , , , , , , , , , , , , , , , , , ,750000000,1500000000,1500000000,2961000000,2961000000,2961000000,2961000000,3861000000,3861000000,5547000000,5731000000,5712000000,5897000000,7222000000,8359000000,62644000000,62716000000,81610000000,92040000000,102674000000,96998000000,101120000000,104042000000,99579000000,93832000000,92693000000,92669000000,92179000000,91208000000,91844000000,92586000000
53,신용카드사,10229,신한카드㈜,B,SC110,부문별 자산현황(신기술금융자산),A1,(대손충당금 등),0,0,0,0,0,0,0,0,0,0,0,0,,,,,,,,,,,,,,,,,,,,,,,,,,,,,,,,,,,,,,,,,,,,,,,,,,,,,,,,,
54,신용카드사,10229,신한카드㈜,B,SC110,부문별 자산현황(신기술금융자산),A1,신기술금융자산_(대손충당금 등),,,,,,,,,,,,, , , , , , , , , , , , , , , , , , , , , , , , , , , , , , , ,0, , , , , , , , , , , , , , , , ,0,0, , , , , ,0, 
55,신용카드사,10229,신한카드㈜,B,SC110,부문별 자산현황(신기술금융자산),A2,신기술금융자산_투자주식,,,,,,,,,,,,, , , , , , , , , , , , , , , , , , , , , , , , , , ,750000000,1500000000,1500000000,2961000000,2961000000,2961000000,2961000000,3361000000,3361000000,4556000000,4256000000,4036000000,4036000000,5165000000,6307000000,6607000000,6485000000,7198000000,6491000000,5912000000,6324000000,10535000000,13546000000,14183000000,14186000000,13069000000,13397000000,13006000000,12133000000,12833000000,12833000000
56,신용카드사,10229,신한카드㈜,B,SC110,부문별 자산현황(신기술금융자산),A2,투자주식,0,0,0,0,0,0,0,0,0,0,0,0,,,,,,,,,,,,,,,,,,,,,,,,,,,,,,,,,,,,,,,,,,,,,,,,,,,,,,,,,
57,신용카드사,10229,신한카드㈜,B,SC110,부문별 자산현황(신기술금융자산),A3,신기술금융자산_출자금,,,,,,,,,,,,, , , , , , , , , , , , , , , , , , , , , , , , , , , , , , , ,0, ,500000000,500000000,992000000,1475000000,1676000000,1861000000,2057000000,2052000000,56038000000,56231000000,74413000000,85549000000,96762000000,90673000000,90585000000,90496000000,85396000000,79647000000,79624000000,79272000000,79173000000,79075000000,79011000000,79753000000
58,신용카드사,10229,신한카드㈜,B,SC110,부문별 자산현황(신기술금융자산),A3,출자금,0,0,0,0,0,0,0,0,0,0,0,0,,,,,,,,,,,,,,,,,,,,,,,,,,,,,,,,,,,,,,,,,,,,,,,,,,,,,,,,,
59,신용카드사,10229,신한카드㈜,B,SC110,부문별 자산현황(신기술금융자산),A4,신기술금융대출금,0,0,0,0,0,0,0,0,0,0,0,0,,,,,,,,,,,,,,,,,,,,,,,,,,,,,,,,,,,,,,,,,,,,,,,,,,,,,,,,,
60,신용카드사,10229,신한카드㈜,B,SC110,부문별 자산현황(신기술금융자산),A4,신기술금융자산_신기술금융대출금,,,,,,,,,,,,, , , , , , , , , , , , , , , , , , , , , , , , , , , , , , , ,0, , , , , , , , , , , , , , , , ,0,0, , , , , ,0, 
61,신용카드사,10229,신한카드㈜,B,SC110,부문별 자산현황(신기술금융자산),A6,신기술금융자산_투자사채,,,,,,,,,,,,, , , , , , , , , , , , , , , , , , , , , , , , , , , , , , , ,0, , , , , , , , , , , , , , , , ,0,0, , , , , ,0, 
62,신용카드사,10229,신한카드㈜,B,SC110,부문별 자산현황(신기술금융자산),A6,투자사채,0,0,0,0,0,0,0,0,0,0,0,0,,,,,,,,,,,,,,,,,,,,,,,,,,,,,,,,,,,,,,,,,,,,,,,,,,,,,,,,,
63,신용카드사,10229,신한카드㈜,B,SC110,부문별 자산현황(신기술금융자산),A7,신기술금융자산_조건부융자,,,,,,,,,,,,, , , , , , , , , , , , , , , , , , , , , , , , , , , , , , , ,0, , , , , , , , , , , , , , , , ,0,0, , , , , ,0, 
64,신용카드사,10229,신한카드㈜,B,SC110,부문별 자산현황(신기술금융자산),A7,조건부융자,0,0,0,0,0,0,0,0,0,0,0,0,,,,,,,,,,,,,,,,,,,,,,,,,,,,,,,,,,,,,,,,,,,,,,,,,,,,,,,,,
65,신용카드사,12627,㈜케이비국민카드,B,SC110,부문별 자산현황(신기술금융자산),A,신기술금융자산,,,,,,,,,,,,,0, , , , , , , , , , , , ,0, , , , , , ,0, ,0, ,0,0, ,440000000,610000000,610000000,1999000000,1989000000,1978000000,1722000000,2141000000,2325000000,3024000000,3073000000,3224000000,3027000000,3028000000,3049000000,3347000000,4607000000,4607000000,3495000000,2486000000,2491000000,2491000000,4054000000,4054000000,4119000000,4119000000,4089000000,3979000000,3771000000,3771000000
66,신용카드사,12627,㈜케이비국민카드,B,SC110,부문별 자산현황(신기술금융자산),A1,신기술금융자산_(대손충당금 등),,,,,,,,,,,,,0, , , , , , , , , , , , ,0, , , , , , ,0, ,0, ,0,0, , , , ,0,0,0, ,0, , , , , , , , , , , , , , , , , , , , , , 
67,신용카드사,12627,㈜케이비국민카드,B,SC110,부문별 자산현황(신기술금융자산),A2,신기술금융자산_투자주식,,,,,,,,,,,,,0, , , , , , , , , , , , ,0, , , , , , ,0, ,0, ,0,0, ,440000000,610000000,610000000,1749000000,1749000000,1749000000,1722000000,2141000000,2325000000,3024000000,2873000000,3024000000,2827000000,2828000000,2849000000,2847000000,4120000000,4120000000,3017000000,2008000000,2008000000,2008000000,3057000000,3057000000,3162000000,3162000000,3163000000,3053000000,3006000000,3006000000
68,신용카드사,12627,㈜케이비국민카드,B,SC110,부문별 자산현황(신기술금융자산),A3,신기술금융자산_출자금,,,,,,,,,,,,,0, , , , , , , , , , , , ,0, , , , , , ,0, ,0, ,0,0, , , , ,250000000,240000000,229000000, ,0, , , , , , , , , , , , , , , , , , , , , , 
69,신용카드사,12627,㈜케이비국민카드,B,SC110,부문별 자산현황(신기술금융자산),A4,신기술금융자산_신기술금융대출금,,,,,,,,,,,,,0, , , , , , , , , , , , ,0, , , , , , ,0, ,0, ,0,0, , , , ,0,0,0, ,0, , , , , , , , , , , , , , , , , , , , , , 
70,신용카드사,12627,㈜케이비국민카드,B,SC110,부문별 자산현황(신기술금융자산),A6,신기술금융자산_투자사채,,,,,,,,,,,,,0, , , , , , , , , , , , ,0, , , , , , ,0, ,0, ,0,0, , , , ,0,0,0, ,0, , ,200000000,200000000,200000000,200000000,200000000,500000000,487000000,487000000,478000000,478000000,483000000,483000000,997000000,997000000,957000000,957000000,926000000,926000000,765000000,765000000
71,신용카드사,12627,㈜케이비국민카드,B,SC110,부문별 자산현황(신기술금융자산),A7,신기술금융자산_조건부융자,,,,,,,,,,,,,0, , , , , , , , , , , , ,0, , , , , , ,0, ,0, ,0,0, , , , ,0,0,0, ,0, , , , , , , , , , , , , , , , , , , , , , 
72,신용카드사,13361,㈜우리카드,B,SC110,부문별 자산현황(신기술금융자산),A,신기술금융자산,,,,,,,,,,,,,,,,,,,,,, , ,0,0,0,0,0,0, , , , , ,0,200000000,200000000,200000000,0, , , , , , ,100000000,100000000,100000000,100000000, , , , , , , , , ,750000000,750000000,750000000,1500000000,1500000000,2212000000,2503000000,2497000000,3236000000,3238000000,3412000000
73,신용카드사,13361,㈜우리카드,B,SC110,부문별 자산현황(신기술금융자산),A1,신기술금융자산_(대손충당금 등),,,,,,,,,,,,,,,,,,,,,, , ,0,0,0,0,0,0, , , , , ,0,0,0,0,0, , , , , , , , , , , , , , , , , , , , ,0,0,0,0,0,0,0, ,0,0
74,신용카드사,13361,㈜우리카드,B,SC110,부문별 자산현황(신기술금융자산),A2,신기술금융자산_투자주식,,,,,,,,,,,,,,,,,,,,,, , ,0,0,0,0,0,0, , , , , ,0,0,0,0,0, , , , , , , , , , , , , , , , , , , , ,0,0,0,0,0,0,0, ,0,0
75,신용카드사,13361,㈜우리카드,B,SC110,부문별 자산현황(신기술금융자산),A3,신기술금융자산_출자금,,,,,,,,,,,,,,,,,,,,,, , ,0,0,0,0,0,0, , , , , ,0,200000000,200000000,200000000,0, , , , , , ,100000000,100000000,100000000,100000000, , , , , , , , , ,750000000,750000000,750000000,1500000000,1500000000,2212000000,2503000000,2497000000,3236000000,3238000000,3412000000
76,신용카드사,13361,㈜우리카드,B,SC110,부문별 자산현황(신기술금융자산),A4,신기술금융자산_신기술금융대출금,,,,,,,,,,,,,,,,,,,,,, , ,0,0,0,0,0,0, , , , , ,0,0,0,0,0, , , , , , , , , , , , , , , , , , , , ,0,0,0,0,0,0,0, ,0,0
77,신용카드사,13361,㈜우리카드,B,SC110,부문별 자산현황(신기술금융자산),A6,신기술금융자산_투자사채,,,,,,,,,,,,,,,,,,,,,, , ,0,0,0,0,0,0, , , , , ,0,0,0,0,0, , , , , , , , , , , , , , , , , , , , ,0,0,0,0,0,0,0, ,0,0
78,신용카드사,13361,㈜우리카드,B,SC110,부문별 자산현황(신기술금융자산),A7,신기술금융자산_조건부융자,,,,,,,,,,,,,,,,,,,,,, , ,0,0,0,0,0,0, , , , , ,0,0,0,0,0, , , , , , , , , , , , , , , , , , , , ,0,0,0,0,0,0,0, ,0,0
79,신용카드사,13640,하나카드㈜,B,SC110,부문별 자산현황(신기술금융자산),A,신기술금융자산,,,,,,,,,,,,,,,,,,,,,,,,,,, , ,0,0,0,0,0,0,0,0,0,0,0,533000000,2333000000,2382000000,5685000000,6695000000,1822000000,1826000000,3874000000,4048000000,4000000000,4000000000,4441000000,0,0,0,0,0,0,0,0,0,0,0,0,0,0,0,0,0,0
80,신용카드사,13640,하나카드㈜,B,SC110,부문별 자산현황(신기술금융자산),A1,신기술금융자산_(대손충당금 등),,,,,,,,,,,,,,,,,,,,,,,,,,, , ,0,0,0,0,0,0,0,0,0,0,0,0,0,0,0,0,0,0,0,0,0,0,0,0,0,0,0,0,0,0,0,0,0,0,0,0,0,0,0,0,0
81,신용카드사,13640,하나카드㈜,B,SC110,부문별 자산현황(신기술금융자산),A2,신기술금융자산_투자주식,,,,,,,,,,,,,,,,,,,,,,,,,,, , ,0,0,0,0,0,0,0,0,0,0,0,0,0,0,0,0,0,0,0,0,0,0,0,0,0,0,0,0,0,0,0,0,0,0,0,0,0,0,0,0,0
82,신용카드사,13640,하나카드㈜,B,SC110,부문별 자산현황(신기술금융자산),A3,신기술금융자산_출자금,,,,,,,,,,,,,,,,,,,,,,,,,,, , ,0,0,0,0,0,0,0,0,0,0,0,533000000,2333000000,2382000000,5685000000,6695000000,1822000000,1826000000,3874000000,4048000000,4000000000,4000000000,4441000000,0,0,0,0,0,0,0,0,0,0,0,0,0,0,0,0,0,0
83,신용카드사,13640,하나카드㈜,B,SC110,부문별 자산현황(신기술금융자산),A4,신기술금융자산_신기술금융대출금,,,,,,,,,,,,,,,,,,,,,,,,,,, , ,0,0,0,0,0,0,0,0,0,0,0,0,0,0,0,0,0,0,0,0,0,0,0,0,0,0,0,0,0,0,0,0,0,0,0,0,0,0,0,0,0
84,신용카드사,13640,하나카드㈜,B,SC110,부문별 자산현황(신기술금융자산),A6,신기술금융자산_투자사채,,,,,,,,,,,,,,,,,,,,,,,,,,, , ,0,0,0,0,0,0,0,0,0,0,0,0,0,0,0,0,0,0,0,0,0,0,0,0,0,0,0,0,0,0,0,0,0,0,0,0,0,0,0,0,0
85,신용카드사,13640,하나카드㈜,B,SC110,부문별 자산현황(신기술금융자산),A7,신기술금융자산_조건부융자,,,,,,,,,,,,,,,,,,,,,,,,,,, , ,0,0,0,0,0,0,0,0,0,0,0,0,0,0,0,0,0,0,0,0,0,0,0,0,0,0,0,0,0,0,0,0,0,0,0,0,0,0,0,0,0
