,금융구분,금융회사코드,금융회사명,통계분류,통계표코드,통계표명,코드,구분,200803,200806,200809,200812,200903,200906,200909,200912,201003,201006,201009,201012,201103,201106,201109,201112,201203,201206,201209,201212,201303,201306,201309,201312,201403,201406,201409,201412,201503,201506,201509,201512,201603,201606,201609,201612,201703,201706,201709,201712,201803,201806,201809,201812,201903,201906,201909,201912,202003,202006,202009,202012,202103,202106,202109,202112,202203,202206,202209,202212,202303,202306,202309,202312,202403,202406,202409,202412,202503,202506,202509
0,신용카드사,10225,현대카드㈜,B,SC107,부문별 자산현황(카드자산),A,카드자산,4173669000000,3951334000000,3482765000000,3859145000000,4110126000000,4486798000000,4650973000000,5411378000000,5552555000000,5779193000000,6573526000000,7391717000000,8951202000000,8581540000000,8698196000000,9374267000000,9251090000000,9499675000000,9265730000000,9707038000000,8975757000000,9110762000000,9229678000000,9729167000000,9640914000000,9942822000000,9968008000000,10549897000000,10195615000000,10212822000000,10630230000000,11406587000000,11143240000000,11254359000000,11185165000000,12059899000000,11771052000000,11869819000000,12224360000000,12757825000000,12933071000000,12742671000000,12757253000000,12978386000000,12796656000000,13268071000000,13808902000000,14908459000000,14185709000000,14543414000000,15507226000000,16584008000000,16652679000000,17308930000000,17466570000000,18280598000000,18068023000000,19360688000000,20135348000000,20582199000000,18839736000000,18837253000000,19491972000000,20748509000000,20958573000000,20996527000000,21843799000000,22658408000000,21781014000000,22198594000000,22471951000000
1,신용카드사,10225,현대카드㈜,B,SC107,부문별 자산현황(카드자산),A1,(대손충당금 등),122926000000,123250000000,116893000000,126976000000,122464000000,119814000000,117507000000,129981000000,133525000000,140500000000,140448000000,166383000000,,,,,,,,,,,,,,,,,,,,,,,,,,,,,,,,,,,,,,,,,,,,,,,,,,,,,,,,,,,
2,신용카드사,10225,현대카드㈜,B,SC107,부문별 자산현황(카드자산),A1,카드자산_(대손충당금 등),,,,,,,,,,,,,197486000000,187111000000,170988000000,188741000000,186567000000,193516000000,183903000000,190592000000,188802000000,194987000000,200855000000,218201000000,218357000000,224189000000,228667000000,250015000000,249246000000,245230000000,252060000000,272352000000,278230000000,285291000000,287721000000,305156000000,304120000000,310472000000,316509000000,324547000000,417880000000,426582000000,427059000000,430425000000,421850000000,437774000000,448247000000,484324000000,491299000000,488236000000,538323000000,603864000000,613766000000,564161000000,572380000000,569691000000,581469000000,630842000000,655490000000,641954000000,558978000000,541146000000,559829000000,613785000000,647848000000,673730000000,704410000000,743119000000,747860000000,736720000000,744661000000
3,신용카드사,10225,현대카드㈜,B,SC107,부문별 자산현황(카드자산),A2,일시불 카드대급금,1496266000000,1302858000000,1013275000000,1200854000000,1242987000000,1772765000000,1733080000000,2076940000000,1691002000000,1659759000000,1808065000000,1951535000000,,,,,,,,,,,,,,,,,,,,,,,,,,,,,,,,,,,,,,,,,,,,,,,,,,,,,,,,,,,
4,신용카드사,10225,현대카드㈜,B,SC107,부문별 자산현황(카드자산),A2,카드자산_일시불 카드대급금,,,,,,,,,,,,,2368018000000,2257053000000,2239419000000,2415116000000,2259212000000,2330225000000,2326464000000,2612971000000,2405230000000,2328614000000,2249484000000,2357880000000,2319825000000,2306189000000,2234492000000,2530226000000,2343405000000,2287827000000,2517565000000,2819902000000,2612038000000,2724890000000,2681984000000,3277370000000,3068870000000,3049921000000,3188415000000,3305329000000,3575991000000,3297200000000,3349943000000,3386038000000,3285543000000,3328319000000,3325479000000,3661448000000,3098192000000,3499670000000,3435634000000,3707166000000,3312009000000,3474912000000,3455686000000,3989763000000,3870561000000,4363282000000,4424943000000,5140107000000,5203571000000,5298364000000,5424744000000,5929290000000,6035652000000,5749994000000,6042933000000,6564241000000,6121513000000,6175623000000,6467777000000
5,신용카드사,10225,현대카드㈜,B,SC107,부문별 자산현황(카드자산),A3,카드자산_할부 카드대급금,,,,,,,,,,,,,2219938000000,2047553000000,2131446000000,2426063000000,2427472000000,2472971000000,2219938000000,2211189000000,1711738000000,1794253000000,1906455000000,2138432000000,2090669000000,2176908000000,2206820000000,2470190000000,2441066000000,2488349000000,2534288000000,2806511000000,2823470000000,2762871000000,2775505000000,2979539000000,3003593000000,3057304000000,3189295000000,3370318000000,3306498000000,3287074000000,3240708000000,3374465000000,3530524000000,3794243000000,4103756000000,4504218000000,4422024000000,4597136000000,5293898000000,5838771000000,5938131000000,6014765000000,6133978000000,6394753000000,6370100000000,6551595000000,7035127000000,7298961000000,6105570000000,5835426000000,6075955000000,6551212000000,6496536000000,6476856000000,6657343000000,6615096000000,6169142000000,6539612000000,6459698000000
6,신용카드사,10225,현대카드㈜,B,SC107,부문별 자산현황(카드자산),A3,할부 카드대급금,1396225000000,1068244000000,954675000000,1107016000000,1329502000000,1125869000000,1212067000000,1395200000000,1709103000000,1526712000000,1652262000000,1880548000000,,,,,,,,,,,,,,,,,,,,,,,,,,,,,,,,,,,,,,,,,,,,,,,,,,,,,,,,,,,
7,신용카드사,10225,현대카드㈜,B,SC107,부문별 자산현황(카드자산),A4,카드자산_현금서비스,,,,,,,,,,,,,804805000000,765420000000,688837000000,667462000000,628353000000,633259000000,611745000000,612429000000,578299000000,571851000000,542520000000,545997000000,547803000000,558941000000,551435000000,539715000000,522613000000,530358000000,546470000000,580986000000,596380000000,618609000000,623213000000,640476000000,628021000000,642408000000,642969000000,672317000000,658375000000,640278000000,583805000000,540727000000,507892000000,517114000000,537281000000,566598000000,573886000000,512369000000,510247000000,509205000000,508560000000,509625000000,553331000000,541273000000,488179000000,501421000000,541464000000,400578000000,355623000000,397142000000,468477000000,548790000000,590629000000,634968000000,652617000000,729323000000,692761000000,644665000000,653390000000
8,신용카드사,10225,현대카드㈜,B,SC107,부문별 자산현황(카드자산),A4,현금서비스,419177000000,413232000000,278356000000,294282000000,292721000000,304882000000,323169000000,403556000000,439735000000,513872000000,569584000000,627608000000,,,,,,,,,,,,,,,,,,,,,,,,,,,,,,,,,,,,,,,,,,,,,,,,,,,,,,,,,,,
9,신용카드사,10225,현대카드㈜,B,SC107,부문별 자산현황(카드자산),A5,카드론,572340000000,668521000000,626183000000,584208000000,593095000000,633459000000,729094000000,854381000000,984340000000,1215773000000,1482056000000,1702064000000,,,,,,,,,,,,,,,,,,,,,,,,,,,,,,,,,,,,,,,,,,,,,,,,,,,,,,,,,,,
10,신용카드사,10225,현대카드㈜,B,SC107,부문별 자산현황(카드자산),A5,카드자산_카드론,,,,,,,,,,,,,2002435000000,1866254000000,1893260000000,2031461000000,2177393000000,2259186000000,2277285000000,2352281000000,2402530000000,2504234000000,2595090000000,2702253000000,2770539000000,2962599000000,3035870000000,3047466000000,3052324000000,3072363000000,3148874000000,3240008000000,3239746000000,3223099000000,3188149000000,3220050000000,3235617000000,3277190000000,3329069000000,3487114000000,3652608000000,3742718000000,3750278000000,3761569000000,3639206000000,3674329000000,3800466000000,3943030000000,4118420000000,3952410000000,4139083000000,4420989000000,4723875000000,4926729000000,4919709000000,4644710000000,4649130000000,4951172000000,4987882000000,4583766000000,4349283000000,4467882000000,4604056000000,4776182000000,4993353000000,5326469000000,5637832000000,5787427000000,5898576000000,5913556000000,5930901000000
11,신용카드사,10225,현대카드㈜,B,SC107,부문별 자산현황(카드자산),A6,기타 카드자산,412587000000,621729000000,727169000000,799761000000,774285000000,769637000000,771070000000,811282000000,861900000000,1003577000000,1202007000000,1396345000000,,,,,,,,,,,,,,,,,,,,,,,,,,,,,,,,,,,,,,,,,,,,,,,,,,,,,,,,,,,
12,신용카드사,10225,현대카드㈜,B,SC107,부문별 자산현황(카드자산),A6,카드자산_기타 카드자산,,,,,,,,,,,,,1753492000000,1832371000000,1916223000000,2022905000000,1945227000000,1997549000000,2014203000000,2108760000000,2066763000000,2106799000000,2136984000000,2202805000000,2130434000000,2162373000000,2168058000000,2212315000000,2085453000000,2079156000000,2135095000000,2231532000000,2149837000000,2210181000000,2204035000000,2247619000000,2139071000000,2153466000000,2191122000000,2247294000000,2157480000000,2201984000000,2259577000000,2346010000000,2255339000000,2391839000000,2490168000000,2717488000000,2464487000000,2470065000000,2666687000000,2711741000000,2783871000000,2947060000000,2976246000000,3279790000000,3271523000000,3624060000000,3801421000000,3800741000000,3384668000000,3379585000000,3478571000000,3556818000000,3490250000000,3481968000000,3557484000000,3705441000000,3646882000000,3661858000000,3704844000000
13,신용카드사,10225,현대카드㈜,B,SC107,부문별 자산현황(카드자산),A61,기타 카드자산_리볼빙카드자산,412304000000,621423000000,726818000000,799043000000,773938000000,769315000000,770819000000,811047000000,861670000000,1003425000000,1201878000000,1396240000000,,,,,,,,,,,,,,,,,,,,,,,,,,,,,,,,,,,,,,,,,,,,,,,,,,,,,,,,,,,
14,신용카드사,10225,현대카드㈜,B,SC107,부문별 자산현황(카드자산),A61,카드자산_기타 카드자산_리볼빙카드자산,,,,,,,,,,,,,1753383000000,1832220000000,1916088000000,2022760000000,1945082000000,1997398000000,2014063000000,2108621000000,2066645000000,2106663000000,2136882000000,2202674000000,2130312000000,2162250000000,2167797000000,2212352000000,2085605000000,2079407000000,2135527000000,2232107000000,2150727000000,2211300000000,2205378000000,2249513000000,2141825000000,2153173000000,2190906000000,2247011000000,2157117000000,2201672000000,2259306000000,2345725000000,2255120000000,2391473000000,2489897000000,2717146000000,2464133000000,2469629000000,2666160000000,2711138000000,2783187000000,2946211000000,2975485000000,3278938000000,3270700000000,3623187000000,3800555000000,3799212000000,3383045000000,3377368000000,3476534000000,3554529000000,3488809000000,3479964000000,3555511000000,3703809000000,3642699000000,3658281000000,3701693000000
15,신용카드사,10225,현대카드㈜,B,SC107,부문별 자산현황(카드자산),A610,기타 카드자산_리볼빙카드자산_결제성리볼빙,312150000000,474146000000,557604000000,619283000000,609319000000,613850000000,623998000000,653070000000,685369000000,783596000000,943144000000,1089740000000,,,,,,,,,,,,,,,,,,,,,,,,,,,,,,,,,,,,,,,,,,,,,,,,,,,,,,,,,,,
16,신용카드사,10225,현대카드㈜,B,SC107,부문별 자산현황(카드자산),A610,카드자산_기타 카드자산_리볼빙카드자산_결제성리볼빙,,,,,,,,,,,,,1376444000000,1459735000000,1558633000000,1674194000000,1621808000000,1671515000000,1693150000000,1781031000000,1753263000000,1793714000000,1833615000000,1899249000000,1828797000000,1851262000000,1862124000000,1914519000000,1818172000000,1825184000000,1889691000000,1986090000000,1913363000000,1978507000000,1984770000000,2035205000000,1945192000000,1963314000000,2011194000000,2071996000000,1996603000000,2048782000000,2120497000000,2213901000000,2136145000000,2273843000000,2371106000000,2593490000000,2343173000000,2362891000000,2563713000000,2612783000000,2689653000000,2855409000000,2883425000000,3186592000000,3191000000000,3546315000000,3723027000000,3736125000000,3337484000000,3330378000000,3423803000000,3494238000000,3425690000000,3414212000000,3487509000000,3629874000000,3572765000000,3592222000000,3635725000000
17,신용카드사,10225,현대카드㈜,B,SC107,부문별 자산현황(카드자산),A611,기타 카드자산_리볼빙카드자산_대출성리볼빙,100154000000,147277000000,169214000000,179760000000,164619000000,155465000000,146821000000,157977000000,176301000000,219829000000,258734000000,306500000000,,,,,,,,,,,,,,,,,,,,,,,,,,,,,,,,,,,,,,,,,,,,,,,,,,,,,,,,,,,
18,신용카드사,10225,현대카드㈜,B,SC107,부문별 자산현황(카드자산),A611,카드자산_기타 카드자산_리볼빙카드자산_대출성리볼빙,,,,,,,,,,,,,376939000000,372486000000,357454000000,348566000000,323274000000,325883000000,320913000000,327590000000,313381000000,312948000000,303267000000,303425000000,301515000000,310989000000,305673000000,297833000000,267433000000,254223000000,245836000000,246017000000,237364000000,232793000000,220608000000,214308000000,196633000000,189859000000,179712000000,175015000000,160515000000,152890000000,138809000000,131824000000,118975000000,117629000000,118790000000,123657000000,120960000000,106738000000,102447000000,98355000000,93534000000,90802000000,92060000000,92346000000,79700000000,76872000000,77528000000,63087000000,45561000000,46990000000,52731000000,60291000000,63119000000,65753000000,68002000000,73935000000,69933000000,66059000000,65968000000
19,신용카드사,10225,현대카드㈜,B,SC107,부문별 자산현황(카드자산),A62,기타 카드자산_기타,283000000,306000000,351000000,718000000,347000000,322000000,251000000,235000000,230000000,152000000,129000000,105000000,,,,,,,,,,,,,,,,,,,,,,,,,,,,,,,,,,,,,,,,,,,,,,,,,,,,,,,,,,,
20,신용카드사,10225,현대카드㈜,B,SC107,부문별 자산현황(카드자산),A62,카드자산_기타 카드자산_기타,,,,,,,,,,,,,109000000,151000000,135000000,144000000,145000000,151000000,140000000,139000000,118000000,137000000,102000000,131000000,122000000,123000000,261000000,-36000000,-151000000,-251000000,-432000000,-575000000,-889000000,-1119000000,-1343000000,-1895000000,-2753000000,293000000,216000000,283000000,363000000,312000000,271000000,285000000,220000000,367000000,271000000,341000000,354000000,436000000,527000000,603000000,684000000,848000000,760000000,852000000,823000000,872000000,866000000,1529000000,1622000000,2217000000,2038000000,2289000000,1441000000,2004000000,1973000000,1631000000,4184000000,3577000000,3151000000
21,신용카드사,10226,롯데카드㈜,B,SC107,부문별 자산현황(카드자산),A,카드자산,2850463000000,2418294000000,2567143000000,2644929000000,2709027000000,2711087000000,2830552000000,3273650000000,3138805000000,3510875000000,3896230000000,4655562000000,6064553000000,6307361000000,6285514000000,6837510000000,6519877000000,6728291000000,6875743000000,7200403000000,7206948000000,7263567000000,7044501000000,7597716000000,7103574000000,7093711000000,7224715000000,7584022000000,7416206000000,7442209000000,7592384000000,8001637000000,7762123000000,7958359000000,8037887000000,8517735000000,8266391000000,8466994000000,8747668000000,9063776000000,8894883000000,9412691000000,9969390000000,9987697000000,9935992000000,9991517000000,10058413000000,10696664000000,10048540000000,10200393000000,10748346000000,10833558000000,11240422000000,11893363000000,11717591000000,12242836000000,12347728000000,13042814000000,13629778000000,14110984000000,14508995000000,15660148000000,16072051000000,16278426000000,16790997000000,17592695000000,18134031000000,17980776000000,17798732000000,17584496000000,17190859000000
22,신용카드사,10226,롯데카드㈜,B,SC107,부문별 자산현황(카드자산),A1,(대손충당금 등),92931000000,88223000000,88685000000,95311000000,103478000000,106732000000,98955000000,91213000000,92693000000,101784000000,113557000000,120378000000,,,,,,,,,,,,,,,,,,,,,,,,,,,,,,,,,,,,,,,,,,,,,,,,,,,,,,,,,,,
23,신용카드사,10226,롯데카드㈜,B,SC107,부문별 자산현황(카드자산),A1,카드자산_(대손충당금 등),,,,,,,,,,,,,176847000000,173380000000,192586000000,212273000000,223711000000,229514000000,242105000000,254717000000,221600000000,224473000000,231377000000,227278000000,221962000000,212205000000,216987000000,184284000000,198525000000,190545000000,191496000000,211312000000,198873000000,202849000000,208926000000,213503000000,211923000000,221746000000,213420000000,218767000000,304042000000,322083000000,296718000000,305912000000,317607000000,346904000000,346655000000,364415000000,350598000000,339272000000,340212000000,362271000000,376760000000,393824000000,386517000000,397519000000,403268000000,410280000000,410049000000,463870000000,509601000000,520576000000,549183000000,563855000000,580042000000,607977000000,602801000000,614866000000,595334000000,575379000000,555005000000
24,신용카드사,10226,롯데카드㈜,B,SC107,부문별 자산현황(카드자산),A2,일시불 카드대급금,893315000000,791166000000,870115000000,725036000000,811917000000,740526000000,788269000000,860225000000,738712000000,746923000000,747449000000,861099000000,,,,,,,,,,,,,,,,,,,,,,,,,,,,,,,,,,,,,,,,,,,,,,,,,,,,,,,,,,,
25,신용카드사,10226,롯데카드㈜,B,SC107,부문별 자산현황(카드자산),A2,카드자산_일시불 카드대급금,,,,,,,,,,,,,1112129000000,1141073000000,1204503000000,1516028000000,1321307000000,1476961000000,1511241000000,1305057000000,1643221000000,1710179000000,1440314000000,1498696000000,1372336000000,1290847000000,1410762000000,1479316000000,1451521000000,1393509000000,1489900000000,1511776000000,1416474000000,1551663000000,1627927000000,1748518000000,1632966000000,1727939000000,1882019000000,1957307000000,1835126000000,1971072000000,2270861000000,2100057000000,2263734000000,2295953000000,2326104000000,2508421000000,2091596000000,2129406000000,2326490000000,2176705000000,2362146000000,2527407000000,2384308000000,2662640000000,2645186000000,2804581000000,2832177000000,2934915000000,3039174000000,3441343000000,3412170000000,3497862000000,3609506000000,3663751000000,3801957000000,3759839000000,3780553000000,3791139000000,3711839000000
26,신용카드사,10226,롯데카드㈜,B,SC107,부문별 자산현황(카드자산),A3,카드자산_할부 카드대급금,,,,,,,,,,,,,2054700000000,2045846000000,1977345000000,2282962000000,2219775000000,2214065000000,2260622000000,2683439000000,2341240000000,2246685000000,2134558000000,2495190000000,2282430000000,2304518000000,2213473000000,2438621000000,2337508000000,2361402000000,2343462000000,2616065000000,2454310000000,2446478000000,2454446000000,2709933000000,2597224000000,2643151000000,2706143000000,2953031000000,2932898000000,3132241000000,3280096000000,3607561000000,3110117000000,2935309000000,2920040000000,3251209000000,3077950000000,3234246000000,3337258000000,3385849000000,3348468000000,3551316000000,3527320000000,3798232000000,3797325000000,4069046000000,4407072000000,4821699000000,5047725000000,5468811000000,5775875000000,6012823000000,6157863000000,6515833000000,6724965000000,6774858000000,6734313000000,6633242000000,6616736000000
27,신용카드사,10226,롯데카드㈜,B,SC107,부문별 자산현황(카드자산),A3,할부 카드대급금,866684000000,673220000000,675175000000,826870000000,812418000000,839514000000,866131000000,1156562000000,972077000000,1057776000000,1083239000000,1402547000000,,,,,,,,,,,,,,,,,,,,,,,,,,,,,,,,,,,,,,,,,,,,,,,,,,,,,,,,,,,
28,신용카드사,10226,롯데카드㈜,B,SC107,부문별 자산현황(카드자산),A4,카드자산_현금서비스,,,,,,,,,,,,,722541000000,733067000000,720307000000,682058000000,650805000000,646770000000,636377000000,653261000000,641003000000,606626000000,586477000000,573251000000,557785000000,544221000000,531882000000,512288000000,498542000000,483351000000,461420000000,471877000000,474566000000,468089000000,464256000000,483626000000,484033000000,497235000000,505347000000,543002000000,531317000000,559003000000,550395000000,589169000000,573080000000,576425000000,576262000000,574736000000,554042000000,508573000000,511163000000,527262000000,543724000000,569223000000,582358000000,586262000000,578745000000,590998000000,632362000000,675070000000,642101000000,651136000000,679236000000,675296000000,649578000000,690177000000,704880000000,724042000000,694172000000,659465000000,632941000000
29,신용카드사,10226,롯데카드㈜,B,SC107,부문별 자산현황(카드자산),A4,현금서비스,665458000000,505945000000,511006000000,559706000000,529918000000,548157000000,526686000000,516343000000,445796000000,445477000000,428992000000,443595000000,,,,,,,,,,,,,,,,,,,,,,,,,,,,,,,,,,,,,,,,,,,,,,,,,,,,,,,,,,,
30,신용카드사,10226,롯데카드㈜,B,SC107,부문별 자산현황(카드자산),A5,카드론,516755000000,534979000000,583550000000,601345000000,634712000000,663765000000,702667000000,746291000000,847520000000,995441000000,1236864000000,1401751000000,,,,,,,,,,,,,,,,,,,,,,,,,,,,,,,,,,,,,,,,,,,,,,,,,,,,,,,,,,,
31,신용카드사,10226,롯데카드㈜,B,SC107,부문별 자산현황(카드자산),A5,카드자산_카드론,,,,,,,,,,,,,1510051000000,1593308000000,1581939000000,1546878000000,1546369000000,1599667000000,1671539000000,1725102000000,1695343000000,1787676000000,1949523000000,2039260000000,1968407000000,2003538000000,2117511000000,2132493000000,2166674000000,2229659000000,2289013000000,2386795000000,2420158000000,2474398000000,2475656000000,2525242000000,2539380000000,2584365000000,2613805000000,2552771000000,2665901000000,2801271000000,2846024000000,2612114000000,2914178000000,3082394000000,3073730000000,3100335000000,3182131000000,3172766000000,3342543000000,3547743000000,3750608000000,3931587000000,3889527000000,3694387000000,3798594000000,3899891000000,3993744000000,3837317000000,4032237000000,4325022000000,4406436000000,4295364000000,4651828000000,5091887000000,5334048000000,5195175000000,5120923000000,5046583000000,4828601000000
32,신용카드사,10226,롯데카드㈜,B,SC107,부문별 자산현황(카드자산),A6,기타 카드자산,1182000000,1207000000,15982000000,27283000000,23540000000,25857000000,45754000000,85442000000,227393000000,367042000000,513243000000,666948000000,,,,,,,,,,,,,,,,,,,,,,,,,,,,,,,,,,,,,,,,,,,,,,,,,,,,,,,,,,,
33,신용카드사,10226,롯데카드㈜,B,SC107,부문별 자산현황(카드자산),A6,카드자산_기타 카드자산,,,,,,,,,,,,,841981000000,967447000000,994007000000,1021857000000,1005332000000,1020342000000,1038067000000,1088260000000,1107742000000,1136875000000,1165006000000,1218597000000,1144578000000,1162793000000,1168075000000,1205587000000,1160484000000,1164832000000,1200086000000,1226435000000,1195487000000,1220580000000,1224527000000,1263920000000,1224711000000,1236050000000,1253775000000,1276431000000,1233683000000,1271189000000,1318731000000,1384707000000,1392490000000,1448340000000,1508930000000,1626379000000,1493419000000,1494673000000,1571103000000,1558271000000,1612237000000,1707654000000,1720595000000,1898835000000,1931145000000,2088576000000,2174472000000,2305852000000,2257359000000,2294411000000,2347517000000,2360936000000,2302264000000,2239024000000,2170983000000,2141728000000,2064104000000,2029445000000,1955747000000
34,신용카드사,10226,롯데카드㈜,B,SC107,부문별 자산현황(카드자산),A61,기타 카드자산_리볼빙카드자산,0,0,11571000000,14313000000,13771000000,19714000000,36227000000,82556000000,224657000000,363596000000,511231000000,664997000000,,,,,,,,,,,,,,,,,,,,,,,,,,,,,,,,,,,,,,,,,,,,,,,,,,,,,,,,,,,
35,신용카드사,10226,롯데카드㈜,B,SC107,부문별 자산현황(카드자산),A61,카드자산_기타 카드자산_리볼빙카드자산,,,,,,,,,,,,,838329000000,963509000000,991113000000,1018980000000,1000559000000,1016310000000,1032868000000,1079695000000,1100862000000,1130293000000,1151648000000,1202541000000,1125975000000,1145224000000,1149785000000,1192880000000,1146931000000,1158768000000,1186394000000,1215314000000,1183625000000,1212123000000,1214295000000,1249384000000,1213246000000,1227476000000,1243531000000,1259580000000,1221224000000,1258573000000,1299207000000,1365121000000,1376648000000,1432491000000,1489507000000,1611159000000,1490603000000,1490537000000,1567892000000,1556252000000,1609584000000,1704181000000,1718510000000,1893273000000,1928005000000,2081372000000,2167500000000,2286402000000,2244517000000,2280609000000,2324065000000,2330098000000,2266431000000,2202799000000,2131323000000,2113104000000,2023933000000,1991498000000,1931900000000
36,신용카드사,10226,롯데카드㈜,B,SC107,부문별 자산현황(카드자산),A610,기타 카드자산_리볼빙카드자산_결제성리볼빙,0,0,10077000000,11871000000,11311000000,16603000000,31490000000,61535000000,145193000000,219540000000,328924000000,447161000000,,,,,,,,,,,,,,,,,,,,,,,,,,,,,,,,,,,,,,,,,,,,,,,,,,,,,,,,,,,
37,신용카드사,10226,롯데카드㈜,B,SC107,부문별 자산현황(카드자산),A610,카드자산_기타 카드자산_리볼빙카드자산_결제성리볼빙,,,,,,,,,,,,,548481000000,623563000000,641409000000,678932000000,669063000000,688813000000,717079000000,759845000000,784473000000,808202000000,830471000000,893778000000,846671000000,879738000000,895682000000,951509000000,921882000000,948083000000,987985000000,1020291000000,995440000000,1031344000000,1042520000000,1081286000000,1054878000000,1071637000000,1091772000000,1105299000000,1076722000000,1111273000000,1156572000000,1217898000000,1237023000000,1296187000000,1357521000000,1484167000000,1371482000000,1384182000000,1465546000000,1455637000000,1511174000000,1605686000000,1612517000000,1789488000000,1832838000000,1989555000000,2076023000000,2188073000000,2153147000000,2193161000000,2236219000000,2243670000000,2184945000000,2119807000000,2049537000000,2031405000000,1947036000000,1918838000000,1862288000000
38,신용카드사,10226,롯데카드㈜,B,SC107,부문별 자산현황(카드자산),A611,기타 카드자산_리볼빙카드자산_대출성리볼빙,0,0,1494000000,2442000000,2460000000,3111000000,4737000000,21021000000,79464000000,144056000000,182307000000,217836000000,,,,,,,,,,,,,,,,,,,,,,,,,,,,,,,,,,,,,,,,,,,,,,,,,,,,,,,,,,,
39,신용카드사,10226,롯데카드㈜,B,SC107,부문별 자산현황(카드자산),A611,카드자산_기타 카드자산_리볼빙카드자산_대출성리볼빙,,,,,,,,,,,,,289848000000,339946000000,349704000000,340048000000,331496000000,327496000000,315790000000,319849000000,316389000000,322090000000,321177000000,308764000000,279305000000,265486000000,254103000000,241371000000,225050000000,210685000000,198410000000,195023000000,188185000000,180779000000,171775000000,168098000000,158368000000,155839000000,151759000000,154281000000,144502000000,147300000000,142635000000,147223000000,139625000000,136304000000,131986000000,126992000000,119121000000,106355000000,102346000000,100616000000,98410000000,98495000000,105993000000,103785000000,95167000000,91817000000,91477000000,98329000000,91370000000,87448000000,87846000000,86428000000,81486000000,82992000000,81786000000,81699000000,76897000000,72660000000,69612000000
40,신용카드사,10226,롯데카드㈜,B,SC107,부문별 자산현황(카드자산),A62,기타 카드자산_기타,1182000000,1207000000,4411000000,12970000000,9769000000,6143000000,9527000000,2886000000,2736000000,3446000000,2012000000,1951000000,,,,,,,,,,,,,,,,,,,,,,,,,,,,,,,,,,,,,,,,,,,,,,,,,,,,,,,,,,,
41,신용카드사,10226,롯데카드㈜,B,SC107,부문별 자산현황(카드자산),A62,카드자산_기타 카드자산_기타,,,,,,,,,,,,,3652000000,3939000000,2895000000,2877000000,4773000000,4033000000,5199000000,8565000000,6881000000,6582000000,13358000000,16056000000,18603000000,17569000000,18290000000,12708000000,13553000000,6063000000,13691000000,11121000000,11863000000,8457000000,10232000000,14536000000,11464000000,8574000000,10245000000,16851000000,12458000000,12616000000,19524000000,19586000000,15842000000,15849000000,19424000000,15220000000,2816000000,4136000000,3211000000,2018000000,2653000000,3472000000,2085000000,5562000000,3140000000,7204000000,6972000000,19450000000,12842000000,13802000000,23453000000,30838000000,35833000000,36224000000,39660000000,28624000000,40170000000,37947000000,23847000000
42,신용카드사,10227,비씨카드㈜,B,SC107,부문별 자산현황(카드자산),A,카드자산,1929823000000,958692000000,1101988000000,863331000000,2301255000000,1113938000000,990963000000,827950000000,1982531000000,803705000000,780258000000,826548000000,1267336000000,752899000000,809947000000,863856000000,1166558000000,1001766000000,1498631000000,1345735000000,1511605000000,1365560000000,1443008000000,1555844000000,1956642000000,1393887000000,1573927000000,1125469000000,1853575000000,1531017000000,2944379000000,1213995000000,1778945000000,1191243000000,1867729000000,1964992000000,2594138000000,1071943000000,1961010000000,2264756000000,1880083000000,1695519000000,3672197000000,1895604000000,2050459000000,2092270000000,1974338000000,1786885000000,1321303000000,1454882000000,2902656000000,985727000000,1043190000000,1122387000000,1190108000000,1109715000000,1090532000000,1266247000000,1275897000000,1883213000000,1241261000000,1300648000000,3262644000000,2727602000000,2649743000000,2597725000000,2507165000000,2027297000000,2254781000000,2288897000000,2082247000000
43,신용카드사,10227,비씨카드㈜,B,SC107,부문별 자산현황(카드자산),A1,(대손충당금 등),29574000000,14774000000,17054000000,17304000000,47872000000,22866000000,19028000000,16902000000,30311000000,12315000000,11922000000,12621000000,,,,,,,,,,,,,,,,,,,,,,,,,,,,,,,,,,,,,,,,,,,,,,,,,,,,,,,,,,,
44,신용카드사,10227,비씨카드㈜,B,SC107,부문별 자산현황(카드자산),A1,카드자산_(대손충당금 등),,,,,,,,,,,,,-27000000,-27000000,-263000000,-230000000, ,0, , ,0, ,0, , , , , , , , , , , ,-68000000,-88000000,-60000000,-74000000,-102000000,-105000000,-1615000000,-1481000000,-2419000000,-1921000000,-3516000000,-6315000000,-2118000000,-1560000000,-1312000000,-1476000000,-2352000000,-1244000000,-1017000000,-1119000000,-1292000000,-2622000000,-2533000000,-4551000000,-4843000000,-3422000000,-4967000000,-6745000000,-10549000000,-10638000000,-12938000000,-14976000000,-16495000000,-20442000000,-19594000000,-17226000000,-15437000000
45,신용카드사,10227,비씨카드㈜,B,SC107,부문별 자산현황(카드자산),A2,일시불 카드대급금,66420000000,71562000000,67970000000,79720000000,63107000000,73472000000,73120000000,14027000000,12469000000,14011000000,13334000000,11995000000,,,,,,,,,,,,,,,,,,,,,,,,,,,,,,,,,,,,,,,,,,,,,,,,,,,,,,,,,,,
46,신용카드사,10227,비씨카드㈜,B,SC107,부문별 자산현황(카드자산),A2,카드자산_일시불 카드대급금,,,,,,,,,,,,,66764000000,9874000000,10410000000,9866000000,8834000000,9970000000,11615000000,9965000000,9497000000,9198000000,9496000000,9489000000,8489000000,7397000000,8306000000,8143000000,7488000000,7185000000,8192000000,9026000000,7893000000,7666000000,12298000000,12316000000,10541000000,10155000000,11686000000,10972000000,12451000000,11236000000,11645000000,11067000000,10212000000,11304000000,9983000000,10717000000,7940000000,7912000000,9758000000,9321000000,8191000000,21826000000,23566000000,58624000000,44631000000,89030000000,66718000000,88488000000,88611000000,104742000000,136855000000,145121000000,174796000000,210984000000,234873000000,273580000000,313538000000,317720000000,315997000000
47,신용카드사,10227,비씨카드㈜,B,SC107,부문별 자산현황(카드자산),A3,카드자산_할부 카드대급금,,,,,,,,,,,,,2617000000,2409000000,2436000000,2408000000,2205000000,1986000000,1910000000,1876000000,1736000000,1466000000,1332000000,1558000000,1493000000,1447000000,1373000000,1439000000,1591000000,1574000000,1623000000,1699000000,1799000000,2080000000,2458000000,2764000000,2585000000,2663000000,2641000000,2568000000,2532000000,2590000000,2748000000,2820000000,2800000000,2730000000,2673000000,2822000000,2499000000,2347000000,2589000000,2709000000,2675000000,3338000000,4905000000,10741000000,15298000000,64209000000,87770000000,128369000000,149593000000,186835000000,231787000000,264473000000,261968000000,247998000000,267251000000,292827000000,271273000000,262422000000,273404000000
48,신용카드사,10227,비씨카드㈜,B,SC107,부문별 자산현황(카드자산),A3,할부 카드대급금,4842000000,3837000000,3761000000,3855000000,3434000000,3274000000,3167000000,3505000000,3053000000,2897000000,2829000000,2878000000,,,,,,,,,,,,,,,,,,,,,,,,,,,,,,,,,,,,,,,,,,,,,,,,,,,,,,,,,,,
49,신용카드사,10227,비씨카드㈜,B,SC107,부문별 자산현황(카드자산),A4,카드자산_현금서비스,,,,,,,,,,,,,1373000000,1331000000,1299000000,1181000000,1110000000,1034000000,948000000,934000000,876000000,805000000,741000000,715000000,699000000,654000000,623000000,575000000,527000000,511000000,534000000,488000000,450000000,485000000,580000000,585000000,530000000,561000000,568000000,447000000,356000000,370000000,373000000,403000000,365000000,349000000,382000000,340000000,337000000,317000000,288000000,281000000,275000000,250000000,284000000,367000000,509000000,727000000,989000000,1437000000,1994000000,2802000000,4200000000,5546000000,6680000000,8674000000,10726000000,9919000000,7170000000,5539000000,4404000000
50,신용카드사,10227,비씨카드㈜,B,SC107,부문별 자산현황(카드자산),A4,현금서비스,2732000000,2726000000,2688000000,2806000000,2437000000,2235000000,2005000000,1882000000,1724000000,1641000000,1531000000,1465000000,,,,,,,,,,,,,,,,,,,,,,,,,,,,,,,,,,,,,,,,,,,,,,,,,,,,,,,,,,,
51,신용카드사,10227,비씨카드㈜,B,SC107,부문별 자산현황(카드자산),A5,카드론,232000000,186000000,154000000,135000000,89000000,54000000,30000000,20000000,15000000,8000000,6000000,4000000,,,,,,,,,,,,,,,,,,,,,,,,,,,,,,,,,,,,,,,,,,,,,,,,,,,,,,,,,,,
52,신용카드사,10227,비씨카드㈜,B,SC107,부문별 자산현황(카드자산),A5,카드자산_카드론,,,,,,,,,,,,,5000000,3000000,3000000,3000000, ,0, , ,0, ,0, , , , , , , , , , , , , ,1000000, , , , , , , ,0, ,0,0,0,0,0,4000000,86000000,93000000,80000000,81000000,101000000,551000000,1395000000,4284000000,8159000000,14263000000,22592000000,31797000000,38626000000,41238000000,43848000000,45235000000,43670000000,39985000000,35391000000
53,신용카드사,10227,비씨카드㈜,B,SC107,부문별 자산현황(카드자산),A6,기타 카드자산,1885171000000,895155000000,1044469000000,794119000000,2280060000000,1057769000000,931669000000,825418000000,1995581000000,797463000000,774480000000,822827000000,,,,,,,,,,,,,,,,,,,,,,,,,,,,,,,,,,,,,,,,,,,,,,,,,,,,,,,,,,,
54,신용카드사,10227,비씨카드㈜,B,SC107,부문별 자산현황(카드자산),A6,카드자산_기타 카드자산,,,,,,,,,,,,,1196604000000,739309000000,796062000000,850628000000,1154713000000,989100000000,1484486000000,1333254000000,1499782000000,1354339000000,1431681000000,1544290000000,1946134000000,1384637000000,1563796000000,1115439000000,1844079000000,1521864000000,2934171000000,1202926000000,1768973000000,1181229000000,1852801000000,1949799000000,2580827000000,1058984000000,1946722000000,2251474000000,1866359000000,1682804000000,3659850000000,1883235000000,2040516000000,2084128000000,1963356000000,1774512000000,1311790000000,1445725000000,2892321000000,974609000000,1032928000000,1097963000000,1162519000000,1042472000000,1032526000000,1116281000000,1123868000000,1664057000000,997871000000,998751000000,2877759000000,2291303000000,2180611000000,2103807000000,1966962000000,1426178000000,1638724000000,1680457000000,1468488000000
55,신용카드사,10227,비씨카드㈜,B,SC107,부문별 자산현황(카드자산),A61,기타 카드자산_리볼빙카드자산,0,0,0,0,0,0,0,0,0,0,0,0,,,,,,,,,,,,,,,,,,,,,,,,,,,,,,,,,,,,,,,,,,,,,,,,,,,,,,,,,,,
56,신용카드사,10227,비씨카드㈜,B,SC107,부문별 자산현황(카드자산),A61,카드자산_기타 카드자산_리볼빙카드자산,,,,,,,,,,,,, , ,0, , , , , , , , , , , , , , , , , , , , , , , , , , , , , , , , , , , , , ,0, , , , ,2500000000,3496000000,8109000000,11616000000,17152000000,25016000000,29066000000,33857000000,39073000000,42778000000,45537000000,44824000000,43801000000,42151000000
57,신용카드사,10227,비씨카드㈜,B,SC107,부문별 자산현황(카드자산),A610,기타 카드자산_리볼빙카드자산_결제성리볼빙,0,0,0,0,0,0,0,0,0,0,0,0,,,,,,,,,,,,,,,,,,,,,,,,,,,,,,,,,,,,,,,,,,,,,,,,,,,,,,,,,,,
58,신용카드사,10227,비씨카드㈜,B,SC107,부문별 자산현황(카드자산),A610,카드자산_기타 카드자산_리볼빙카드자산_결제성리볼빙,,,,,,,,,,,,, , ,0, , , , , , , , , , , , , , , , , , , , , , , , , , , , , , , , , , , , , ,0, , , , ,2500000000,3496000000,8109000000,11616000000,17152000000,25016000000,29066000000,33857000000,39073000000,42778000000,45537000000,44824000000,43801000000,42151000000
59,신용카드사,10227,비씨카드㈜,B,SC107,부문별 자산현황(카드자산),A611,기타 카드자산_리볼빙카드자산_대출성리볼빙,0,0,0,0,0,0,0,0,0,0,0,0,,,,,,,,,,,,,,,,,,,,,,,,,,,,,,,,,,,,,,,,,,,,,,,,,,,,,,,,,,,
60,신용카드사,10227,비씨카드㈜,B,SC107,부문별 자산현황(카드자산),A611,카드자산_기타 카드자산_리볼빙카드자산_대출성리볼빙,,,,,,,,,,,,, , ,0, , , , , , , , , , , , , , , , , , , , , , , , , , , , , , , , , , , , , ,0, , , , , ,0,0,0,0,0,0,0,0,0,0,0,0,0
61,신용카드사,10227,비씨카드㈜,B,SC107,부문별 자산현황(카드자산),A62,기타 카드자산_기타,1885171000000,895155000000,1044469000000,794119000000,2280060000000,1057769000000,931669000000,825418000000,1995581000000,797463000000,774480000000,822827000000,,,,,,,,,,,,,,,,,,,,,,,,,,,,,,,,,,,,,,,,,,,,,,,,,,,,,,,,,,,
62,신용카드사,10227,비씨카드㈜,B,SC107,부문별 자산현황(카드자산),A62,카드자산_기타 카드자산_기타,,,,,,,,,,,,,1196604000000,739309000000,796062000000,850628000000, , , , , , , , , , , , , , , , ,1768973000000,1181229000000,1852801000000,1949799000000,2580828000000,1058984000000,1946722000000,2251474000000,1866359000000,1682804000000,3659850000000,1883235000000,2040516000000,2084128000000,1963356000000,1774512000000,1311790000000,1445725000000,2892321000000,974609000000,1032928000000,1097963000000,1162519000000,1042472000000,1032526000000,1113781000000,1120372000000,1655948000000,986255000000,981599000000,2852743000000,2262237000000,2146754000000,2064734000000,1924184000000,1380641000000,1593900000000,1636656000000,1426337000000
63,신용카드사,10228,삼성카드㈜,B,SC107,부문별 자산현황(카드자산),A,카드자산,4723475000000,5217953000000,5494697000000,5289759000000,4756332000000,4446817000000,4785610000000,5384847000000,6022644000000,6111550000000,6072739000000,6889536000000,10146215000000,10815533000000,11165420000000,11776190000000,11571199000000,11771537000000,12696103000000,12814479000000,12654500000000,12267028000000,13026738000000,12754978000000,12894607000000,13101827000000,14062986000000,14341450000000,13906975000000,13890426000000,14869131000000,15283114000000,14838537000000,15272419000000,16024646000000,17123201000000,16051058000000,16841610000000,18003778000000,17661932000000,18137325000000,18037083000000,18664120000000,17698883000000,17458323000000,17361695000000,17473564000000,18347620000000,17558032000000,17919389000000,19488941000000,19657300000000,20274413000000,21069975000000,21950365000000,23167604000000,23647835000000,24929927000000,25557409000000,25188903000000,24825534000000,24039807000000,24579949000000,23891906000000,23806810000000,24011011000000,24707445000000,25097535000000,25664684000000,26303382000000,27622571000000
64,신용카드사,10228,삼성카드㈜,B,SC107,부문별 자산현황(카드자산),A1,(대손충당금 등),554447000000,532663000000,518810000000,493708000000,475522000000,309233000000,249386000000,256080000000,257053000000,257560000000,253478000000,253522000000,,,,,,,,,,,,,,,,,,,,,,,,,,,,,,,,,,,,,,,,,,,,,,,,,,,,,,,,,,,
65,신용카드사,10228,삼성카드㈜,B,SC107,부문별 자산현황(카드자산),A1,카드자산_(대손충당금 등),,,,,,,,,,,,,382857000000,408128000000,444816000000,479054000000,484883000000,411237000000,444291000000,323222000000,319901000000,329196000000,322020000000,310936000000,315196000000,320052000000,318214000000,321336000000,339445000000,330158000000,330484000000,348866000000,361595000000,367098000000,378596000000,397963000000,413462000000,403097000000,412963000000,432034000000,566334000000,580267000000,599556000000,624123000000,621323000000,615454000000,589232000000,630831000000,632481000000,626226000000,615633000000,724350000000,742865000000,745442000000,755751000000,762445000000,723007000000,722060000000,727233000000,745479000000,801180000000,776769000000,780287000000,819066000000,788655000000,768150000000,770503000000,808172000000,849457000000,846353000000,859168000000
66,신용카드사,10228,삼성카드㈜,B,SC107,부문별 자산현황(카드자산),A2,일시불 카드대급금,770730000000,550737000000,566359000000,575395000000,700332000000,515669000000,588961000000,667968000000,975840000000,795451000000,860043000000,1031072000000,,,,,,,,,,,,,,,,,,,,,,,,,,,,,,,,,,,,,,,,,,,,,,,,,,,,,,,,,,,
67,신용카드사,10228,삼성카드㈜,B,SC107,부문별 자산현황(카드자산),A2,카드자산_일시불 카드대급금,,,,,,,,,,,,,1768796000000,2397531000000,2749807000000,3053073000000,2900824000000,3159670000000,3808604000000,3527230000000,3926239000000,3527348000000,4263500000000,3821739000000,4190526000000,4096223000000,4686104000000,4500478000000,4326498000000,4276362000000,4819192000000,4652530000000,4247848000000,4390983000000,4807227000000,5548795000000,4666141000000,5070576000000,5756086000000,5066386000000,5479629000000,5010656000000,5302300000000,3993205000000,3927292000000,3782680000000,3715160000000,3858505000000,3242019000000,3400546000000,4006206000000,3691238000000,3886534000000,4039674000000,4359772000000,4643184000000,4681388000000,5123424000000,5584925000000,5444346000000,5622323000000,5578118000000,6115849000000,5804320000000,5899808000000,5817329000000,6132080000000,6117899000000,6151620000000,6210659000000,6851757000000
68,신용카드사,10228,삼성카드㈜,B,SC107,부문별 자산현황(카드자산),A3,카드자산_할부 카드대급금,,,,,,,,,,,,,3093321000000,3438026000000,3664119000000,3965869000000,3946909000000,3910204000000,4092727000000,4373901000000,3869075000000,3842336000000,3922225000000,4175858000000,3973129000000,4091351000000,4341072000000,4677231000000,4459212000000,4423696000000,4699203000000,4975447000000,4836820000000,4979250000000,5220356000000,5406170000000,5246641000000,5460548000000,5740232000000,5913831000000,5941493000000,6188019000000,6426834000000,6616617000000,6504328000000,6463944000000,6601290000000,7015252000000,6821649000000,7167655000000,7936980000000,8268522000000,8473047000000,8889406000000,9475735000000,10191572000000,10396852000000,10966267000000,11156951000000,10976480000000,10555553000000,9871627000000,9904142000000,9642788000000,9261387000000,9613031000000,10049476000000,10260809000000,10762889000000,11189222000000,11828709000000
69,신용카드사,10228,삼성카드㈜,B,SC107,부문별 자산현황(카드자산),A3,할부 카드대급금,875294000000,1119162000000,1233311000000,1246156000000,1004812000000,1035347000000,1099350000000,1335997000000,1497882000000,1590159000000,1503232000000,1729702000000,,,,,,,,,,,,,,,,,,,,,,,,,,,,,,,,,,,,,,,,,,,,,,,,,,,,,,,,,,,
70,신용카드사,10228,삼성카드㈜,B,SC107,부문별 자산현황(카드자산),A4,카드자산_현금서비스,,,,,,,,,,,,,880876000000,908547000000,871022000000,854439000000,842308000000,855376000000,855715000000,912503000000,917469000000,890559000000,871825000000,791688000000,793824000000,820018000000,835752000000,842680000000,822598000000,824354000000,794762000000,839408000000,851853000000,876485000000,889382000000,892947000000,867150000000,898960000000,908946000000,957842000000,951573000000,944796000000,960617000000,1008737000000,939633000000,933751000000,941389000000,957270000000,941337000000,880201000000,894323000000,925098000000,968121000000,1010457000000,858614000000,926200000000,922677000000,997870000000,1000683000000,1055449000000,1012305000000,971951000000,916874000000,769916000000,784652000000,850378000000,860623000000,921310000000,931687000000,912922000000,927868000000
71,신용카드사,10228,삼성카드㈜,B,SC107,부문별 자산현황(카드자산),A4,현금서비스,237860000000,345351000000,363443000000,332512000000,253130000000,266098000000,291256000000,343389000000,385980000000,402361000000,338126000000,389845000000,,,,,,,,,,,,,,,,,,,,,,,,,,,,,,,,,,,,,,,,,,,,,,,,,,,,,,,,,,,
72,신용카드사,10228,삼성카드㈜,B,SC107,부문별 자산현황(카드자산),A5,카드론,2761379000000,2799047000000,2794027000000,2511344000000,2300998000000,1966400000000,2031612000000,2203902000000,2355912000000,2528404000000,2689586000000,3017742000000,,,,,,,,,,,,,,,,,,,,,,,,,,,,,,,,,,,,,,,,,,,,,,,,,,,,,,,,,,,
73,신용카드사,10228,삼성카드㈜,B,SC107,부문별 자산현황(카드자산),A5,카드자산_카드론,,,,,,,,,,,,,3044773000000,2734232000000,2615925000000,2678848000000,2790636000000,2713759000000,2896260000000,2812643000000,2796506000000,2900013000000,2876259000000,2838343000000,2863872000000,3036653000000,3156391000000,3252563000000,3290460000000,3358538000000,3490562000000,3694084000000,3806596000000,3871342000000,3924542000000,4008158000000,4019177000000,4102002000000,4227682000000,4300526000000,4460901000000,4549940000000,4559683000000,4586925000000,4625997000000,4712376000000,4689140000000,4913267000000,5133271000000,5090188000000,5179748000000,5404305000000,5544516000000,5673247000000,5816850000000,5792511000000,5991171000000,6057069000000,5937692000000,5698695000000,5664291000000,5629839000000,5664161000000,5798682000000,6105057000000,6064585000000,6042456000000,6179069000000,6294658000000,6497481000000,6530637000000
74,신용카드사,10228,삼성카드㈜,B,SC107,부문별 자산현황(카드자산),A6,기타 카드자산,632659000000,936319000000,1056367000000,1118060000000,972582000000,972536000000,1023817000000,1089671000000,1064083000000,1052735000000,935230000000,974697000000,,,,,,,,,,,,,,,,,,,,,,,,,,,,,,,,,,,,,,,,,,,,,,,,,,,,,,,,,,,
75,신용카드사,10228,삼성카드㈜,B,SC107,부문별 자산현황(카드자산),A6,카드자산_기타 카드자산,,,,,,,,,,,,,1741307000000,1745325000000,1709362000000,1703016000000,1575406000000,1543766000000,1487087000000,1511425000000,1465113000000,1435968000000,1414948000000,1438286000000,1388450000000,1377633000000,1361880000000,1389835000000,1347653000000,1337633000000,1395896000000,1470512000000,1457016000000,1521459000000,1561734000000,1665094000000,1665409000000,1712621000000,1783796000000,1855381000000,1870063000000,1923939000000,2014242000000,2117520000000,2082396000000,2084397000000,2115819000000,2234157000000,2052237000000,2007025000000,2087317000000,2092487000000,2145061000000,2202633000000,2195144000000,2376583000000,2378752000000,2507357000000,2604389000000,2759412000000,2772242000000,2765041000000,2759210000000,2695266000000,2544561000000,2433838000000,2393312000000,2426621000000,2373287000000,2339451000000,2342766000000
76,신용카드사,10228,삼성카드㈜,B,SC107,부문별 자산현황(카드자산),A61,기타 카드자산_리볼빙카드자산,632659000000,936319000000,1056367000000,1118060000000,972582000000,972536000000,1023817000000,1089671000000,1049891000000,1040822000000,925311000000,966461000000,,,,,,,,,,,,,,,,,,,,,,,,,,,,,,,,,,,,,,,,,,,,,,,,,,,,,,,,,,,
77,신용카드사,10228,삼성카드㈜,B,SC107,부문별 자산현황(카드자산),A61,카드자산_기타 카드자산_리볼빙카드자산,,,,,,,,,,,,,1734427000000,1739520000000,1704478000000,1698823000000,1571774000000,1540573000000,1484204000000,1508869000000,1462833000000,1433925000000,1413100000000,1436598000000,1386902000000,1376220000000,1360578000000,1388631000000,1346544000000,1336610000000,1394963000000,1469658000000,1456233000000,1520739000000,1561059000000,1664476000000,1664821000000,1712081000000,1783348000000,1855116000000,1869901000000,1923817000000,2014144000000,2117453000000,2082335000000,2084353000000,2115778000000,2234119000000,2052203000000,2006993000000,2087291000000,2092487000000,2145061000000,2202633000000,2195144000000,2376583000000,2378752000000,2507357000000,2604389000000,2759412000000,2772242000000,2765041000000,2759210000000,2695266000000,2544561000000,2433838000000,2393312000000,2426621000000,2373287000000,2339451000000,2342766000000
78,신용카드사,10228,삼성카드㈜,B,SC107,부문별 자산현황(카드자산),A610,기타 카드자산_리볼빙카드자산_결제성리볼빙,421267000000,634356000000,719587000000,779327000000,676009000000,679854000000,725353000000,785874000000,768133000000,762452000000,685657000000,720244000000,,,,,,,,,,,,,,,,,,,,,,,,,,,,,,,,,,,,,,,,,,,,,,,,,,,,,,,,,,,
79,신용카드사,10228,삼성카드㈜,B,SC107,부문별 자산현황(카드자산),A610,카드자산_기타 카드자산_리볼빙카드자산_결제성리볼빙,,,,,,,,,,,,,1269842000000,1292261000000,1293623000000,1314766000000,1222183000000,1209341000000,1179667000000,1204800000000,1152808000000,1126482000000,1120027000000,1146893000000,1105321000000,1091320000000,1073789000000,1101047000000,1088152000000,1095219000000,1169268000000,1245058000000,1239329000000,1305901000000,1351244000000,1455822000000,1466057000000,1511143000000,1584983000000,1653157000000,1672360000000,1730642000000,1822334000000,1922177000000,1900629000000,1906547000000,1941065000000,2063052000000,1889251000000,1857130000000,1942246000000,1948587000000,2003834000000,2059556000000,2057231000000,2235430000000,2240862000000,2365642000000,2459921000000,2611907000000,2636109000000,2635295000000,2634516000000,2582498000000,2436746000000,2323471000000,2283911000000,2313801000000,2263471000000,2232343000000,2234868000000
80,신용카드사,10228,삼성카드㈜,B,SC107,부문별 자산현황(카드자산),A611,기타 카드자산_리볼빙카드자산_대출성리볼빙,211392000000,301963000000,336780000000,338733000000,296573000000,292682000000,298464000000,303797000000,281758000000,278370000000,239654000000,246217000000,,,,,,,,,,,,,,,,,,,,,,,,,,,,,,,,,,,,,,,,,,,,,,,,,,,,,,,,,,,
81,신용카드사,10228,삼성카드㈜,B,SC107,부문별 자산현황(카드자산),A611,카드자산_기타 카드자산_리볼빙카드자산_대출성리볼빙,,,,,,,,,,,,,464585000000,447258000000,410854000000,384056000000,349591000000,331232000000,304537000000,304069000000,310025000000,307443000000,293073000000,289705000000,281581000000,284900000000,286788000000,287584000000,258392000000,241391000000,225695000000,224600000000,216904000000,214838000000,209815000000,208654000000,198764000000,200938000000,198365000000,201959000000,197541000000,193174000000,191810000000,195276000000,181706000000,177806000000,174713000000,171067000000,162952000000,149863000000,145045000000,143900000000,141227000000,143078000000,137913000000,141153000000,137891000000,141714000000,144467000000,147504000000,136133000000,129746000000,124694000000,112769000000,107814000000,110367000000,109401000000,112820000000,109817000000,107108000000,107897000000
82,신용카드사,10228,삼성카드㈜,B,SC107,부문별 자산현황(카드자산),A62,기타 카드자산_기타,0,0,0,0,0,0,0,0,14192000000,11913000000,9919000000,8236000000,,,,,,,,,,,,,,,,,,,,,,,,,,,,,,,,,,,,,,,,,,,,,,,,,,,,,,,,,,,
83,신용카드사,10228,삼성카드㈜,B,SC107,부문별 자산현황(카드자산),A62,카드자산_기타 카드자산_기타,,,,,,,,,,,,,6880000000,5805000000,4884000000,4194000000,3632000000,3193000000,2883000000,2556000000,2281000000,2043000000,1848000000,1688000000,1548000000,1413000000,1303000000,1203000000,1109000000,1024000000,933000000,854000000,783000000,719000000,674000000,618000000,588000000,540000000,448000000,265000000,161000000,122000000,98000000,67000000,60000000,44000000,41000000,38000000,34000000,32000000,26000000,0,0,0,0,0,0,0,0,0,0,0,0,0,0,0,0,0,0,0,0
84,신용카드사,10229,신한카드㈜,B,SC107,부문별 자산현황(카드자산),A,카드자산,9871170000000,9877870000000,9406920000000,8577843000000,8052667000000,8342657000000,9023562000000,10940546000000,11301788000000,11833370000000,13032656000000,13362980000000,16561715000000,16988565000000,17392043000000,17125580000000,16288825000000,16286947000000,16821058000000,17030632000000,16389524000000,16533841000000,16393327000000,16902943000000,16546480000000,16461628000000,16703190000000,17311060000000,16706171000000,16481079000000,16851357000000,17747577000000,17888571000000,17832516000000,17946762000000,18623998000000,18964205000000,18890594000000,19570340000000,19840011000000,19933358000000,20642433000000,20999476000000,21430257000000,21417108000000,21907852000000,22221532000000,22905017000000,21707955000000,21257393000000,22423784000000,22614394000000,22802350000000,23421314000000,23830423000000,24823599000000,25180575000000,26413815000000,27018392000000,27077598000000,26035228000000,26278360000000,26485341000000,26566638000000,25942381000000,26116414000000,26486430000000,27380737000000,26908297000000,27056273000000,27001231000000
85,신용카드사,10229,신한카드㈜,B,SC107,부문별 자산현황(카드자산),A1,(대손충당금 등),830694000000,768486000000,708213000000,626242000000,634420000000,679589000000,640032000000,720661000000,634803000000,515514000000,529133000000,537694000000,,,,,,,,,,,,,,,,,,,,,,,,,,,,,,,,,,,,,,,,,,,,,,,,,,,,,,,,,,,
86,신용카드사,10229,신한카드㈜,B,SC107,부문별 자산현황(카드자산),A1,카드자산_(대손충당금 등),,,,,,,,,,,,,693898000000,714483000000,721357000000,717138000000,740705000000,763596000000,787630000000,783696000000,774896000000,739298000000,720855000000,679810000000,712725000000,723290000000,740230000000,759722000000,735846000000,710162000000,766259000000,712598000000,722173000000,714885000000,728664000000,742303000000,673948000000,681922000000,634763000000,641258000000,806062000000,821532000000,855156000000,843648000000,866335000000,909280000000,927579000000,900703000000,921937000000,907392000000,911298000000,927642000000,902024000000,909763000000,931370000000,937556000000,962583000000,971771000000,991432000000,1071088000000,1114233000000,1148024000000,1139951000000,1167787000000,1171569000000,1117669000000,1068912000000,1155492000000,1120450000000,1109709000000,959029000000
87,신용카드사,10229,신한카드㈜,B,SC107,부문별 자산현황(카드자산),A2,일시불 카드대급금,2511750000000,2581047000000,2392965000000,2344148000000,2257098000000,2394997000000,2581607000000,3152335000000,3080883000000,3161261000000,3543977000000,3686491000000,,,,,,,,,,,,,,,,,,,,,,,,,,,,,,,,,,,,,,,,,,,,,,,,,,,,,,,,,,,
88,신용카드사,10229,신한카드㈜,B,SC107,부문별 자산현황(카드자산),A2,카드자산_일시불 카드대급금,,,,,,,,,,,,,4397287000000,4453146000000,4812311000000,4632228000000,4393936000000,4369670000000,4763979000000,4721111000000,4761861000000,4879328000000,4677373000000,4853068000000,4772190000000,4797442000000,4846402000000,5025542000000,4828190000000,4611505000000,4768645000000,5002561000000,5164540000000,4981586000000,4908478000000,5291648000000,5679911000000,5165621000000,5500078000000,5448998000000,5349575000000,5561012000000,5778890000000,5898941000000,5792744000000,6027228000000,6012166000000,6454268000000,5626489000000,5871571000000,6358581000000,6081550000000,6289009000000,6580067000000,6478377000000,6967051000000,7045509000000,7687917000000,7753892000000,7966573000000,7981262000000,8140036000000,8320590000000,8299805000000,8204397000000,8540571000000,8585168000000,8784104000000,8692116000000,9018802000000,9117035000000
89,신용카드사,10229,신한카드㈜,B,SC107,부문별 자산현황(카드자산),A3,카드자산_할부 카드대급금,,,,,,,,,,,,,5126438000000,5346598000000,5357528000000,5327052000000,5058928000000,5093956000000,5323266000000,5608052000000,4916278000000,4740784000000,4663545000000,4896377000000,4626355000000,4503838000000,4747315000000,5164403000000,4918980000000,4827589000000,4958248000000,5216905000000,5004481000000,4963196000000,5105330000000,5277322000000,5219040000000,5475694000000,5588298000000,5807933000000,5890110000000,6115914000000,6390221000000,6511323000000,6348270000000,6362741000000,6500269000000,6823148000000,6390253000000,6166109000000,6499483000000,6596812000000,6482953000000,6545412000000,6862420000000,7199824000000,7269132000000,7540895000000,7962234000000,7831273000000,7112476000000,7047621000000,7030897000000,7121666000000,6822553000000,6635795000000,6869369000000,7318858000000,7118218000000,7048851000000,7026839000000
90,신용카드사,10229,신한카드㈜,B,SC107,부문별 자산현황(카드자산),A3,할부 카드대급금,2479256000000,2438886000000,2353034000000,2063709000000,2112882000000,2226375000000,2391693000000,3058251000000,3209623000000,3308661000000,3670414000000,3832767000000,,,,,,,,,,,,,,,,,,,,,,,,,,,,,,,,,,,,,,,,,,,,,,,,,,,,,,,,,,,
91,신용카드사,10229,신한카드㈜,B,SC107,부문별 자산현황(카드자산),A4,카드자산_현금서비스,,,,,,,,,,,,,2687844000000,2741444000000,2725188000000,2672512000000,2573561000000,2512447000000,2432776000000,2394250000000,2230684000000,2148669000000,2094842000000,2088576000000,2061760000000,2025756000000,1989897000000,1979049000000,1885002000000,1843860000000,1780868000000,1852683000000,1833593000000,1829497000000,1803192000000,1781073000000,1718938000000,1730207000000,1699396000000,1768221000000,1724979000000,1753499000000,1755377000000,1843626000000,1778730000000,1771063000000,1774496000000,1741554000000,1657631000000,1517335000000,1479453000000,1476391000000,1440867000000,1508451000000,1544812000000,1582178000000,1492916000000,1505197000000,1584467000000,1704498000000,1514480000000,1549978000000,1519861000000,1508451000000,1449253000000,1451364000000,1453679000000,1499719000000,1445058000000,1385110000000,1331742000000
92,신용카드사,10229,신한카드㈜,B,SC107,부문별 자산현황(카드자산),A4,현금서비스,1741707000000,1772887000000,1672754000000,1468468000000,1291890000000,1373450000000,1447835000000,1811071000000,1844414000000,1859734000000,1991778000000,1900672000000,,,,,,,,,,,,,,,,,,,,,,,,,,,,,,,,,,,,,,,,,,,,,,,,,,,,,,,,,,,
93,신용카드사,10229,신한카드㈜,B,SC107,부문별 자산현황(카드자산),A5,카드론,3119034000000,3040448000000,2916710000000,2639172000000,2393809000000,2334666000000,2510852000000,2769928000000,2946237000000,3138866000000,3328435000000,3451238000000,,,,,,,,,,,,,,,,,,,,,,,,,,,,,,,,,,,,,,,,,,,,,,,,,,,,,,,,,,,
94,신용카드사,10229,신한카드㈜,B,SC107,부문별 자산현황(카드자산),A5,카드자산_카드론,,,,,,,,,,,,,3451360000000,3516471000000,3531596000000,3548544000000,3379222000000,3456584000000,3469727000000,3486214000000,3695395000000,3974903000000,4179177000000,4256126000000,4341753000000,4410059000000,4434677000000,4471270000000,4440996000000,4582993000000,4791668000000,5056554000000,5288105000000,5436054000000,5506213000000,5618137000000,5629649000000,5784964000000,5957509000000,5943547000000,6260625000000,6463227000000,6266854000000,6275601000000,6586244000000,6805253000000,6945110000000,6760931000000,7013334000000,6711995000000,7019895000000,7371446000000,7401053000000,7513017000000,7691567000000,7652540000000,7942598000000,8137922000000,8113441000000,7937091000000,7856003000000,8007444000000,8041256000000,8120090000000,8032151000000,8051753000000,8107882000000,8413159000000,8315499000000,8319441000000,8102116000000
95,신용카드사,10229,신한카드㈜,B,SC107,부문별 자산현황(카드자산),A6,기타 카드자산,850117000000,813088000000,779670000000,688588000000,631408000000,692758000000,731607000000,869622000000,855434000000,880362000000,1027185000000,1029506000000,,,,,,,,,,,,,,,,,,,,,,,,,,,,,,,,,,,,,,,,,,,,,,,,,,,,,,,,,,,
96,신용카드사,10229,신한카드㈜,B,SC107,부문별 자산현황(카드자산),A6,카드자산_기타 카드자산,,,,,,,,,,,,,1592684000000,1645391000000,1686778000000,1662383000000,1623883000000,1617886000000,1618941000000,1604700000000,1560201000000,1529454000000,1499245000000,1488606000000,1457146000000,1447823000000,1425129000000,1430518000000,1368850000000,1325296000000,1318188000000,1331474000000,1320026000000,1337069000000,1352213000000,1398121000000,1390614000000,1416029000000,1459821000000,1512569000000,1514131000000,1570312000000,1663290000000,1744414000000,1777456000000,1850848000000,1917069000000,2025819000000,1942185000000,1897775000000,1977671000000,2015837000000,2090491000000,2184130000000,2184617000000,2359561000000,2393003000000,2513655000000,2595790000000,2709253000000,2685241000000,2681306000000,2712687000000,2684411000000,2605598000000,2554600000000,2539243000000,2520391000000,2457857000000,2393776000000,2382528000000
97,신용카드사,10229,신한카드㈜,B,SC107,부문별 자산현황(카드자산),A61,기타 카드자산_리볼빙카드자산,850117000000,813088000000,779670000000,688588000000,631408000000,692758000000,731607000000,869622000000,855434000000,880362000000,1027185000000,1029506000000,,,,,,,,,,,,,,,,,,,,,,,,,,,,,,,,,,,,,,,,,,,,,,,,,,,,,,,,,,,
98,신용카드사,10229,신한카드㈜,B,SC107,부문별 자산현황(카드자산),A61,카드자산_기타 카드자산_리볼빙카드자산,,,,,,,,,,,,,1592684000000,1645391000000,1686778000000,1662383000000,1623883000000,1617886000000,1618941000000,1604700000000,1560201000000,1529454000000,1499245000000,1488606000000,1457146000000,1447823000000,1425129000000,1430518000000,1368850000000,1325296000000,1318188000000,1331474000000,1320026000000,1337069000000,1352213000000,1398121000000,1390614000000,1416029000000,1459821000000,1512569000000,1514131000000,1570312000000,1663290000000,1744414000000,1777456000000,1850848000000,1917069000000,2025819000000,1942185000000,1897775000000,1977671000000,2015837000000,2090491000000,2184130000000,2184617000000,2359561000000,2393003000000,2513655000000,2595790000000,2709253000000,2685241000000,2681306000000,2712687000000,2684411000000,2605598000000,2554600000000,2539243000000,2520391000000,2457857000000,2393776000000,2382528000000
99,신용카드사,10229,신한카드㈜,B,SC107,부문별 자산현황(카드자산),A610,기타 카드자산_리볼빙카드자산_결제성리볼빙,424042000000,415692000000,385972000000,325930000000,294910000000,333380000000,375639000000,466923000000,474674000000,513503000000,639007000000,670584000000,,,,,,,,,,,,,,,,,,,,,,,,,,,,,,,,,,,,,,,,,,,,,,,,,,,,,,,,,,,
100,신용카드사,10229,신한카드㈜,B,SC107,부문별 자산현황(카드자산),A610,카드자산_기타 카드자산_리볼빙카드자산_결제성리볼빙,,,,,,,,,,,,,1052113000000,1105954000000,1152928000000,1133209000000,1113837000000,1154167000000,1205546000000,1224047000000,1216629000000,1212414000000,1202024000000,1205838000000,1185850000000,1186380000000,1175395000000,1186744000000,1144235000000,1113920000000,1118229000000,1135651000000,1131927000000,1154416000000,1177213000000,1229344000000,1231500000000,1259861000000,1310471000000,1361988000000,1371373000000,1428121000000,1524452000000,1603675000000,1644656000000,1722299000000,1791195000000,1903993000000,1828808000000,1795370000000,1879789000000,1921550000000,2001136000000,2094874000000,2095476000000,2269400000000,2309475000000,2430619000000,2511245000000,2620475000000,2603003000000,2600131000000,2633858000000,2608603000000,2534237000000,2484136000000,2470804000000,2451837000000,2391830000000,2331105000000,2321433000000
101,신용카드사,10229,신한카드㈜,B,SC107,부문별 자산현황(카드자산),A611,기타 카드자산_리볼빙카드자산_대출성리볼빙,426074000000,397396000000,393698000000,362658000000,336498000000,359378000000,355968000000,402699000000,380760000000,366859000000,388178000000,358922000000,,,,,,,,,,,,,,,,,,,,,,,,,,,,,,,,,,,,,,,,,,,,,,,,,,,,,,,,,,,
102,신용카드사,10229,신한카드㈜,B,SC107,부문별 자산현황(카드자산),A611,카드자산_기타 카드자산_리볼빙카드자산_대출성리볼빙,,,,,,,,,,,,,540571000000,539437000000,533850000000,529174000000,510046000000,463719000000,413395000000,380652000000,343572000000,317040000000,297221000000,282768000000,271296000000,261443000000,249734000000,243774000000,224615000000,211376000000,199958000000,195823000000,188099000000,182652000000,175000000000,168777000000,159114000000,156169000000,149351000000,150581000000,142758000000,142191000000,138837000000,140738000000,132800000000,128549000000,125875000000,121826000000,113377000000,102405000000,97881000000,94287000000,89355000000,89256000000,89141000000,90161000000,83528000000,83036000000,84545000000,88778000000,82238000000,81174000000,78829000000,75808000000,71361000000,70464000000,68439000000,68554000000,66027000000,62671000000,61095000000
103,신용카드사,10229,신한카드㈜,B,SC107,부문별 자산현황(카드자산),A62,기타 카드자산_기타,0,0,0,0,0,0,0,0,0,0,0,0,,,,,,,,,,,,,,,,,,,,,,,,,,,,,,,,,,,,,,,,,,,,,,,,,,,,,,,,,,,
104,신용카드사,10229,신한카드㈜,B,SC107,부문별 자산현황(카드자산),A62,카드자산_기타 카드자산_기타,,,,,,,,,,,,, , , , , , , , , , , , , , , , , , , , , , , , , , , , , , , , , , , , , , , , , , , , , , ,0,0,0,0,0,0,0,0,0,0,0,0,0
105,신용카드사,12627,㈜케이비국민카드,B,SC107,부문별 자산현황(카드자산),A,카드자산,,,,,,,,,,,,,11813295000000,11857124000000,11754633000000,12087376000000,11486668000000,11381931000000,11307485000000,11561266000000,10698500000000,10663543000000,11059338000000,11390135000000,10544700000000,10608349000000,10757289000000,11260912000000,11171317000000,11172046000000,11582543000000,11760747000000,11649549000000,12144326000000,12626598000000,13146523000000,13659083000000,14188919000000,14716289000000,14788586000000,15051233000000,15457564000000,15762725000000,16677056000000,16173792000000,16280878000000,17195065000000,17948369000000,17091030000000,17029812000000,17797060000000,18071077000000,18583237000000,18961372000000,18945495000000,20031160000000,19756617000000,20666179000000,21592922000000,21789453000000,21038537000000,21066791000000,21332909000000,21458964000000,21203004000000,21232224000000,22338162000000,22645598000000,22114584000000,21995243000000,22271598000000
106,신용카드사,12627,㈜케이비국민카드,B,SC107,부문별 자산현황(카드자산),A1,카드자산_(대손충당금 등),,,,,,,,,,,,,354700000000,360968000000,341767000000,335017000000,317939000000,298256000000,306289000000,320099000000,382926000000,388182000000,387183000000,400067000000,400124000000,393349000000,384454000000,378283000000,374333000000,394711000000,396282000000,389341000000,395852000000,402275000000,411998000000,425419000000,445710000000,453703000000,450701000000,465592000000,662091000000,673737000000,713920000000,732751000000,735160000000,730034000000,745287000000,760689000000,766680000000,754977000000,715811000000,716796000000,699529000000,707508000000,719767000000,796598000000,799181000000,829278000000,818831000000,873564000000,907506000000,919608000000,968559000000,954652000000,990250000000,1013180000000,914931000000,893014000000,905493000000,833252000000,775276000000
107,신용카드사,12627,㈜케이비국민카드,B,SC107,부문별 자산현황(카드자산),A2,카드자산_일시불 카드대급금,,,,,,,,,,,,,2455010000000,2243363000000,2062294000000,2154262000000,1889184000000,1897600000000,1951201000000,2084352000000,1778493000000,1782354000000,1921585000000,1972680000000,1821129000000,1817691000000,1836421000000,1906555000000,1835556000000,1825513000000,2023217000000,1999261000000,1964985000000,2115521000000,2119200000000,2189779000000,2282775000000,2462571000000,2705819000000,2598360000000,2679239000000,2813393000000,2952873000000,3255904000000,3031028000000,3068921000000,3491879000000,3618254000000,3104757000000,3359719000000,3614021000000,3549046000000,3828849000000,3890886000000,3829589000000,4368931000000,4012435000000,4334552000000,4628258000000,4519201000000,4427025000000,4530992000000,4711429000000,4561413000000,4510855000000,4562837000000,5058067000000,5151871000000,5158724000000,5265194000000,5603430000000
108,신용카드사,12627,㈜케이비국민카드,B,SC107,부문별 자산현황(카드자산),A3,카드자산_할부 카드대급금,,,,,,,,,,,,,2512602000000,2545827000000,2547682000000,2785336000000,2685095000000,2640856000000,2593211000000,2688841000000,2387545000000,2277208000000,2400178000000,2609513000000,2414507000000,2413827000000,2481448000000,2797994000000,2744523000000,2694307000000,2724639000000,2873857000000,2769327000000,2962043000000,3178917000000,3360179000000,3456745000000,3718218000000,3923420000000,4106578000000,4174309000000,4257106000000,4376561000000,4793692000000,4726218000000,4653673000000,4792510000000,5127417000000,4949788000000,4954516000000,5215950000000,5379319000000,5297906000000,5338843000000,5497367000000,5866787000000,5823002000000,5924101000000,6238591000000,6565414000000,5826523000000,5461402000000,5429825000000,5709434000000,5600404000000,5552855000000,5937189000000,6078553000000,5793695000000,5874208000000,6223887000000
109,신용카드사,12627,㈜케이비국민카드,B,SC107,부문별 자산현황(카드자산),A4,카드자산_현금서비스,,,,,,,,,,,,,1394188000000,1412125000000,1366627000000,1337012000000,1235648000000,1181333000000,1127361000000,1102125000000,1110305000000,1054074000000,1040088000000,1039111000000,1004503000000,996914000000,968938000000,966792000000,929931000000,910296000000,904749000000,923436000000,916208000000,927231000000,928648000000,936145000000,947760000000,976664000000,969967000000,1023889000000,1016414000000,1023981000000,1011067000000,1071326000000,1027141000000,1027354000000,1045925000000,1056650000000,1020482000000,944746000000,939908000000,940251000000,932806000000,985861000000,1006669000000,1051247000000,1025147000000,1037446000000,1093685000000,1150181000000,1157598000000,1206794000000,1232042000000,1187850000000,1153132000000,1142242000000,1122941000000,1145276000000,1052205000000,936441000000,848970000000
110,신용카드사,12627,㈜케이비국민카드,B,SC107,부문별 자산현황(카드자산),A5,카드자산_카드론,,,,,,,,,,,,,2945599000000,3007890000000,3066344000000,2982148000000,2835457000000,2702535000000,2683004000000,2647360000000,2717591000000,2838363000000,2908582000000,2958766000000,2739591000000,2814709000000,2934666000000,3045736000000,3188653000000,3336475000000,3457450000000,3528095000000,3668356000000,3802486000000,4020614000000,4286322000000,4599783000000,4569065000000,4592259000000,4552437000000,4847815000000,4969985000000,4962654000000,4942241000000,4976130000000,5055482000000,5142350000000,5345430000000,5529346000000,5345174000000,5411829000000,5622628000000,5791046000000,5873549000000,5883179000000,5821358000000,5954749000000,6229407000000,6311977000000,6249093000000,6325600000000,6492250000000,6624025000000,6661318000000,6697642000000,6806007000000,6758228000000,6850022000000,6743087000000,6563870000000,6285801000000
111,신용카드사,12627,㈜케이비국민카드,B,SC107,부문별 자산현황(카드자산),A6,카드자산_기타 카드자산,,,,,,,,,,,,,2873956000000,3031799000000,3079027000000,3194387000000,3188713000000,3283045000000,3280121000000,3377507000000,3101894000000,3114448000000,3192552000000,3229632000000,2983228000000,2978681000000,2941238000000,2945642000000,2868507000000,2819246000000,2885568000000,2843563000000,2742663000000,2757380000000,2791217000000,2799517000000,2817730000000,2916104000000,2975525000000,2972914000000,2995547000000,3066836000000,3173490000000,3346644000000,3148435000000,3205482000000,3467688000000,3561307000000,3253337000000,3180634000000,3331163000000,3296629000000,3432159000000,3579741000000,3448458000000,3719435000000,3740465000000,3969951000000,4139242000000,4179129000000,4209297000000,4294960000000,4304147000000,4293602000000,4231221000000,4181461000000,4376668000000,4312890000000,4272366000000,4188782000000,4084786000000
112,신용카드사,12627,㈜케이비국민카드,B,SC107,부문별 자산현황(카드자산),A61,카드자산_기타 카드자산_리볼빙카드자산,,,,,,,,,,,,,2821128000000,2977331000000,3018459000000,3128506000000,3126736000000,3217589000000,3208082000000,3267682000000,3038563000000,3050267000000,3084803000000,3120268000000,2882726000000,2882557000000,2847950000000,2882348000000,2774789000000,2737548000000,2783913000000,2788994000000,2694815000000,2707100000000,2745559000000,2751757000000,2773396000000,2871150000000,2914040000000,2911279000000,2937443000000,3009280000000,3053291000000,3246130000000,3077915000000,3130817000000,3353944000000,3444124000000,3139691000000,3065312000000,3206001000000,3215124000000,3343346000000,3484991000000,3346707000000,3606431000000,3638863000000,3858461000000,4008118000000,4044506000000,4082885000000,4171115000000,4121448000000,4135958000000,4092369000000,4031644000000,4147453000000,4128781000000,4053219000000,3958343000000,3876505000000
113,신용카드사,12627,㈜케이비국민카드,B,SC107,부문별 자산현황(카드자산),A610,카드자산_기타 카드자산_리볼빙카드자산_결제성리볼빙,,,,,,,,,,,,,1987723000000,2116743000000,2104561000000,2190126000000,2178169000000,2256057000000,2262874000000,2338323000000,2313090000000,2433828000000,2544943000000,2634118000000,2440815000000,2472020000000,2470854000000,2526074000000,2445017000000,2429940000000,2490249000000,2502288000000,2421769000000,2443436000000,2494386000000,2509590000000,2540198000000,2644196000000,2697786000000,2695099000000,2732291000000,2813401000000,2866891000000,3060375000000,2908378000000,2968827000000,3196971000000,3292568000000,2998828000000,2939672000000,3087424000000,3101401000000,3236214000000,3380197000000,3244594000000,3504584000000,3543359000000,3767065000000,3919199000000,3957239000000,3999690000000,4091048000000,4045155000000,4066143000000,4028597000000,3972022000000,4092987000000,4075968000000,4006499000000,3919994000000,3842966000000
114,신용카드사,12627,㈜케이비국민카드,B,SC107,부문별 자산현황(카드자산),A611,카드자산_기타 카드자산_리볼빙카드자산_대출성리볼빙,,,,,,,,,,,,,833405000000,860588000000,913898000000,938380000000,948567000000,961532000000,945208000000,929359000000,725473000000,616439000000,539860000000,486150000000,441911000000,410537000000,377096000000,356274000000,329772000000,307608000000,293664000000,286706000000,273046000000,263664000000,251173000000,242167000000,233198000000,226954000000,216254000000,216180000000,205152000000,195879000000,186400000000,185755000000,169537000000,161990000000,156973000000,151556000000,140863000000,125640000000,118577000000,113723000000,107132000000,104794000000,102113000000,101847000000,95504000000,91396000000,88919000000,87267000000,83195000000,80067000000,76293000000,69814000000,63772000000,59622000000,54467000000,52812000000,46720000000,38349000000,33539000000
115,신용카드사,12627,㈜케이비국민카드,B,SC107,부문별 자산현황(카드자산),A62,카드자산_기타 카드자산_기타,,,,,,,,,,,,,52828000000,54468000000,60568000000,65881000000,61977000000,65456000000,72039000000,109825000000,63331000000,64181000000,107749000000,109364000000,100502000000,96124000000,93288000000,63294000000,93718000000,81698000000,101655000000,54569000000,47848000000,50280000000,45658000000,47760000000,44334000000,44954000000,61485000000,61635000000,58104000000,57556000000,120199000000,100514000000,70520000000,74665000000,113744000000,117183000000,113646000000,115322000000,125162000000,81505000000,88813000000,94750000000,101751000000,113004000000,101602000000,111490000000,131124000000,134622000000,126412000000,123845000000,182699000000,157644000000,138852000000,149818000000,229215000000,184109000000,219148000000,230439000000,208280000000
116,신용카드사,13361,㈜우리카드,B,SC107,부문별 자산현황(카드자산),A,카드자산,,,,,,,,,,,,,,,,,,,,,,3746034000000,4017766000000,4107645000000,4383286000000,4567169000000,4726918000000,4987410000000,5037030000000,5272379000000,5857749000000,5955191000000,5921912000000,6100508000000,6280394000000,6524878000000,6457027000000,6588944000000,6805282000000,6648450000000,7023242000000,7311425000000,7244370000000,7788006000000,7675018000000,7750264000000,7953938000000,8129304000000,7687023000000,7636740000000,8078197000000,8290772000000,8656842000000,9111961000000,9181399000000,9510647000000,9445517000000,9744985000000,10043397000000,10077671000000,9971555000000,10766102000000,11602489000000,12211989000000,11432342000000,11546133000000,12109210000000,12130189000000,11691868000000,11754236000000,12357285000000
117,신용카드사,13361,㈜우리카드,B,SC107,부문별 자산현황(카드자산),A1,카드자산_(대손충당금 등),,,,,,,,,,,,,,,,,,,,,,118340000000,111979000000,109057000000,143517000000,137601000000,128259000000,132940000000,133880000000,138211000000,152164000000,150688000000,156825000000,130741000000,150603000000,157461000000,173689000000,169976000000,181989000000,185488000000,253824000000,263023000000,271168000000,269517000000,281235000000,274940000000,282336000000,280061000000,257402000000,248057000000,250622000000,264058000000,267309000000,281328000000,256595000000,261695000000,269512000000,288499000000,300692000000,311787000000,306104000000,306140000000,350866000000,356555000000,368032000000,398265000000,413032000000,396569000000,425225000000,435653000000,448232000000
118,신용카드사,13361,㈜우리카드,B,SC107,부문별 자산현황(카드자산),A2,카드자산_일시불 카드대급금,,,,,,,,,,,,,,,,,,,,,,1598883000000,1779240000000,1748978000000,1721736000000,1685603000000,1722611000000,1804089000000,1687388000000,1736247000000,2067191000000,2026837000000,1957966000000,2032475000000,2113765000000,2278458000000,2190765000000,2197610000000,2257969000000,2178139000000,2158794000000,2141247000000,2162130000000,2475179000000,2248512000000,2274167000000,2415143000000,2525555000000,2096446000000,2112986000000,2274225000000,2308127000000,2313928000000,2318407000000,2290108000000,2558950000000,2575391000000,2626128000000,2735631000000,3028019000000,2774252000000,3315922000000,3481916000000,3926756000000,3588967000000,3792522000000,3965353000000,3728326000000,3537565000000,3516257000000,3882690000000
119,신용카드사,13361,㈜우리카드,B,SC107,부문별 자산현황(카드자산),A3,카드자산_할부 카드대급금,,,,,,,,,,,,,,,,,,,,,,954828000000,904528000000,924505000000,1284452000000,1171523000000,1084699000000,1131038000000,1074096000000,1111463000000,1236539000000,1314444000000,1309296000000,1304887000000,1338719000000,1383393000000,1400386000000,1469472000000,1535254000000,1558690000000,1757185000000,1882739000000,1829257000000,2088841000000,1998046000000,1944406000000,1955447000000,1969156000000,1798134000000,1747170000000,1935542000000,2021554000000,2119776000000,2262802000000,2384396000000,2588889000000,2570299000000,2686021000000,2846368000000,2954798000000,2775023000000,3066860000000,3387801000000,3474429000000,3156422000000,2868222000000,2897473000000,3112330000000,2901143000000,2929698000000,3157572000000
120,신용카드사,13361,㈜우리카드,B,SC107,부문별 자산현황(카드자산),A4,카드자산_현금서비스,,,,,,,,,,,,,,,,,,,,,,485544000000,488717000000,504181000000,493916000000,486141000000,497578000000,527844000000,515662000000,520472000000,525751000000,540304000000,540703000000,546694000000,553810000000,551779000000,551887000000,559284000000,557714000000,556720000000,562660000000,566586000000,561985000000,592482000000,563002000000,554421000000,569750000000,573032000000,545372000000,498551000000,479349000000,473740000000,481407000000,534444000000,584773000000,663397000000,669303000000,693813000000,708942000000,626702000000,618991000000,658326000000,664942000000,663576000000,626211000000,651235000000,656431000000,658154000000,656534000000,605145000000,585254000000
121,신용카드사,13361,㈜우리카드,B,SC107,부문별 자산현황(카드자산),A5,카드자산_카드론,,,,,,,,,,,,,,,,,,,,,,533037000000,666316000000,749508000000,742066000000,1079094000000,1267276000000,1377546000000,1618772000000,1771304000000,1899805000000,1951460000000,1982181000000,2042562000000,2103317000000,2145658000000,2146112000000,2157631000000,2233579000000,2106634000000,2346800000000,2494601000000,2442272000000,2304605000000,2563143000000,2621758000000,2616382000000,2611390000000,2818534000000,2840255000000,2907141000000,2989633000000,3209981000000,3413799000000,3311166000000,2959659000000,2880918000000,2930725000000,2924653000000,2652773000000,2985449000000,2886015000000,3231462000000,3333492000000,3305461000000,3535669000000,3929824000000,3963737000000,3987406000000,4111639000000,4146052000000
122,신용카드사,13361,㈜우리카드,B,SC107,부문별 자산현황(카드자산),A6,카드자산_기타 카드자산,,,,,,,,,,,,,,,,,,,,,,292082000000,290944000000,289531000000,284635000000,282409000000,283012000000,279834000000,274992000000,271103000000,280625000000,272835000000,288590000000,304631000000,321386000000,323053000000,341566000000,374923000000,402755000000,433756000000,451626000000,489274000000,519894000000,596418000000,583549000000,630452000000,679552000000,730233000000,685939000000,685835000000,732564000000,761777000000,799058000000,863836000000,867552000000,1001446000000,1019118000000,1096797000000,1128496000000,1127166000000,1123944000000,1145119000000,1187235000000,1170292000000,1123312000000,1096749000000,1073161000000,1064211000000,1034446000000,1027150000000,1033949000000
123,신용카드사,13361,㈜우리카드,B,SC107,부문별 자산현황(카드자산),A61,카드자산_기타 카드자산_리볼빙카드자산,,,,,,,,,,,,,,,,,,,,,,287693000000,284516000000,282754000000,277625000000,275743000000,273168000000,272335000000,263116000000,261392000000,263175000000,266842000000,274049000000,290001000000,305164000000,320359000000,340020000000,372966000000,400240000000,431512000000,449350000000,487473000000,515353000000,592660000000,581105000000,628380000000,675223000000,725342000000,685251000000,685214000000,731602000000,761005000000,797923000000,863205000000,866739000000,1000747000000,1018311000000,1095886000000,1126684000000,1124856000000,1121834000000,1143098000000,1180667000000,1167960000000,1121508000000,1094727000000,1069462000000,1059128000000,1030241000000,1022767000000,1029895000000
124,신용카드사,13361,㈜우리카드,B,SC107,부문별 자산현황(카드자산),A610,카드자산_기타 카드자산_리볼빙카드자산_결제성리볼빙,,,,,,,,,,,,,,,,,,,,,,250248000000,248692000000,247703000000,243939000000,243504000000,242670000000,242511000000,235323000000,234986000000,237881000000,241935000000,250198000000,266670000000,282834000000,298889000000,319756000000,353759000000,382273000000,414656000000,433494000000,472242000000,500658000000,578117000000,567704000000,615466000000,662699000000,713052000000,673570000000,674592000000,721727000000,751529000000,788797000000,853613000000,857223000000,990604000000,1008444000000,1085924000000,1116700000000,1115311000000,1113376000000,1134756000000,1172732000000,1160328000000,1114435000000,1087736000000,1062581000000,1052273000000,1023475000000,1016371000000,1023829000000
125,신용카드사,13361,㈜우리카드,B,SC107,부문별 자산현황(카드자산),A611,카드자산_기타 카드자산_리볼빙카드자산_대출성리볼빙,,,,,,,,,,,,,,,,,,,,,,37445000000,35824000000,35051000000,33686000000,32239000000,30498000000,29824000000,27792000000,26406000000,25294000000,24908000000,23851000000,23331000000,22330000000,21470000000,20264000000,19207000000,17968000000,16855000000,15855000000,15231000000,14695000000,14544000000,13401000000,12915000000,12525000000,12290000000,11681000000,10622000000,9875000000,9476000000,9126000000,9593000000,9516000000,10143000000,9867000000,9962000000,9984000000,9545000000,8458000000,8342000000,7935000000,7632000000,7073000000,6992000000,6881000000,6855000000,6765000000,6396000000,6066000000
126,신용카드사,13361,㈜우리카드,B,SC107,부문별 자산현황(카드자산),A62,카드자산_기타 카드자산_기타,,,,,,,,,,,,,,,,,,,,,,4389000000,6428000000,6777000000,7010000000,6665000000,9844000000,7499000000,11877000000,9711000000,17450000000,5992000000,14541000000,14630000000,16222000000,2693000000,1546000000,1957000000,2515000000,2244000000,2276000000,1800000000,4541000000,3758000000,2444000000,2071000000,4329000000,4890000000,689000000,621000000,961000000,772000000,1135000000,631000000,813000000,699000000,806000000,911000000,1813000000,2310000000,2110000000,2021000000,6568000000,2332000000,1804000000,2022000000,3699000000,5083000000,4205000000,4383000000,4054000000
127,신용카드사,13640,하나카드㈜,B,SC107,부문별 자산현황(카드자산),A,카드자산,,,,,,,,,,,,,,,,,,,,,,,,,,,2577409000000,5899436000000,5546800000000,5612741000000,5578942000000,5548176000000,5437276000000,5700748000000,5746043000000,6069066000000,5986872000000,6267592000000,6642781000000,6844594000000,6815367000000,6957371000000,7022091000000,7215729000000,6874895000000,6984593000000,7065912000000,7386325000000,6834111000000,7100773000000,7504225000000,7245687000000,7395257000000,7966517000000,7559221000000,7817534000000,7627422000000,7971878000000,8543966000000,9037936000000,9469696000000,9824089000000,9893766000000,9667513000000,9910415000000,10027949000000,10039657000000,10484540000000,10326845000000,10624890000000,11078449000000
128,신용카드사,13640,하나카드㈜,B,SC107,부문별 자산현황(카드자산),A1,카드자산_(대손충당금 등),,,,,,,,,,,,,,,,,,,,,,,,,,,91001000000,194973000000,210695000000,192233000000,194046000000,181360000000,167963000000,176785000000,197145000000,194462000000,186897000000,209622000000,200719000000,212556000000,258470000000,267309000000,259034000000,274453000000,283009000000,285347000000,281852000000,288324000000,285770000000,283065000000,265549000000,263882000000,258520000000,258125000000,243998000000,237470000000,227328000000,231951000000,248363000000,293992000000,317134000000,344443000000,374334000000,372052000000,402404000000,369538000000,359309000000,374611000000,392398000000,376508000000,366573000000
129,신용카드사,13640,하나카드㈜,B,SC107,부문별 자산현황(카드자산),A2,카드자산_일시불 카드대급금,,,,,,,,,,,,,,,,,,,,,,,,,,,845870000000,2105942000000,1903130000000,1992520000000,1956363000000,1894086000000,1783781000000,1900123000000,1825925000000,1922226000000,1801659000000,1906174000000,2093843000000,2139549000000,2083368000000,2131111000000,2228148000000,2280696000000,2231039000000,2251577000000,2221208000000,2344482000000,1871195000000,1975894000000,2240427000000,1975000000000,2081966000000,2496910000000,2279379000000,2335104000000,2522489000000,2774108000000,2751937000000,2708708000000,2822528000000,3129645000000,3282616000000,3069304000000,3440037000000,3494717000000,3361051000000,3490264000000,3513001000000,3583571000000,3582734000000
130,신용카드사,13640,하나카드㈜,B,SC107,부문별 자산현황(카드자산),A3,카드자산_할부 카드대급금,,,,,,,,,,,,,,,,,,,,,,,,,,,473025000000,1076436000000,1057420000000,1032991000000,1090656000000,1137040000000,1108948000000,1117927000000,1147704000000,1236103000000,1237402000000,1345221000000,1456551000000,1544708000000,1556211000000,1594824000000,1542841000000,1606514000000,1414553000000,1381859000000,1369376000000,1494794000000,1447219000000,1393939000000,1418322000000,1455555000000,1525060000000,1596318000000,1617205000000,1691321000000,1672106000000,1724149000000,1907399000000,2483553000000,2676529000000,2517463000000,2426689000000,2653658000000,2702377000000,2742923000000,2749823000000,2888806000000,2790580000000,2987762000000,3348842000000
131,신용카드사,13640,하나카드㈜,B,SC107,부문별 자산현황(카드자산),A4,카드자산_현금서비스,,,,,,,,,,,,,,,,,,,,,,,,,,,268693000000,553649000000,531011000000,516521000000,498519000000,488335000000,485361000000,494777000000,498346000000,509089000000,514621000000,525785000000,521547000000,543223000000,527215000000,521214000000,501104000000,503138000000,467800000000,458039000000,461928000000,450952000000,423730000000,390428000000,378475000000,365843000000,351963000000,355381000000,356557000000,369880000000,348186000000,345686000000,364521000000,400449000000,405710000000,433128000000,416558000000,355068000000,316616000000,317349000000,328465000000,368049000000,380035000000,376314000000,377794000000
132,신용카드사,13640,하나카드㈜,B,SC107,부문별 자산현황(카드자산),A5,카드자산_카드론,,,,,,,,,,,,,,,,,,,,,,,,,,,628117000000,1601330000000,1587775000000,1569310000000,1542253000000,1547276000000,1591844000000,1711965000000,1799424000000,1880931000000,1891866000000,1931720000000,1981095000000,2013173000000,2103499000000,2157990000000,2162301000000,2219913000000,2167404000000,2282455000000,2385118000000,2432692000000,2509687000000,2676435000000,2691203000000,2689660000000,2757635000000,2799200000000,2576725000000,2461759000000,2221771000000,2265550000000,2481995000000,2681653000000,2900185000000,3024112000000,3001125000000,2821180000000,2717105000000,2713825000000,2792178000000,2882013000000,2883251000000,2878555000000,2861361000000
133,신용카드사,13640,하나카드㈜,B,SC107,부문별 자산현황(카드자산),A6,카드자산_기타 카드자산,,,,,,,,,,,,,,,,,,,,,,,,,,,452704000000,757052000000,678159000000,693633000000,685196000000,662801000000,635305000000,652741000000,671789000000,715178000000,728220000000,768317000000,790466000000,816498000000,803543000000,819540000000,846730000000,879920000000,877108000000,896009000000,910134000000,951729000000,868049000000,947140000000,1041345000000,1023511000000,937154000000,976832000000,973353000000,1196940000000,1090200000000,1094336000000,1286477000000,1057564000000,981879000000,1064184000000,1141112000000,1140354000000,1136684000000,1128674000000,1167450000000,1230018000000,1152375000000,1175196000000,1274290000000
134,신용카드사,13640,하나카드㈜,B,SC107,부문별 자산현황(카드자산),A61,카드자산_기타 카드자산_리볼빙카드자산,,,,,,,,,,,,,,,,,,,,,,,,,,,371836000000,696555000000,664538000000,656590000000,665126000000,649479000000,626308000000,646722000000,667905000000,712704000000,726663000000,767297000000,789701000000,816050000000,803184000000,819177000000,846408000000,879677000000,876835000000,895779000000,909871000000,951501000000,867877000000,847224000000,865176000000,842613000000,845868000000,874708000000,854071000000,900762000000,882117000000,926119000000,935208000000,964005000000,954528000000,973663000000,988208000000,972119000000,935873000000,908316000000,888056000000,890317000000,861608000000,850258000000,843688000000
135,신용카드사,13640,하나카드㈜,B,SC107,부문별 자산현황(카드자산),A610,카드자산_기타 카드자산_리볼빙카드자산_결제성리볼빙,,,,,,,,,,,,,,,,,,,,,,,,,,,286372000000,580162000000,559017000000,557925000000,569867000000,558540000000,542629000000,566803000000,592479000000,639796000000,657359000000,700254000000,726196000000,753404000000,744426000000,762046000000,792486000000,826533000000,828992000000,851193000000,865892000000,909586000000,829255000000,812433000000,832237000000,811704000000,817021000000,846500000000,826620000000,872800000000,856288000000,901233000000,910645000000,938410000000,929357000000,948111000000,963323000000,949225000000,915830000000,889283000000,869094000000,870901000000,842358000000,831381000000,825017000000
136,신용카드사,13640,하나카드㈜,B,SC107,부문별 자산현황(카드자산),A611,카드자산_기타 카드자산_리볼빙카드자산_대출성리볼빙,,,,,,,,,,,,,,,,,,,,,,,,,,,85464000000,116393000000,105521000000,98665000000,95259000000,90939000000,83678000000,79919000000,75426000000,72908000000,69305000000,67044000000,63505000000,62646000000,58758000000,57131000000,53922000000,53143000000,47843000000,44585000000,43979000000,41915000000,38621000000,34791000000,32939000000,30908000000,28847000000,28208000000,27451000000,27961000000,25829000000,24886000000,24563000000,25595000000,25171000000,25552000000,24885000000,22894000000,20043000000,19034000000,18962000000,19416000000,19250000000,18877000000,18671000000
137,신용카드사,13640,하나카드㈜,B,SC107,부문별 자산현황(카드자산),A62,카드자산_기타 카드자산_기타,,,,,,,,,,,,,,,,,,,,,,,,,,,80868000000,60497000000,13622000000,37043000000,20070000000,13323000000,8997000000,6019000000,3884000000,2474000000,1557000000,1019000000,765000000,448000000,359000000,363000000,321000000,243000000,273000000,230000000,263000000,228000000,172000000,99917000000,176169000000,180898000000,91287000000,102124000000,119282000000,296178000000,208083000000,168217000000,351269000000,93559000000,27351000000,90521000000,152904000000,168235000000,200811000000,220357000000,279394000000,339701000000,290767000000,324938000000,430602000000
