,금융구분,금융회사코드,금융회사명,통계분류,통계표코드,통계표명,코드,구분,200803,200806,200809,200812,200903,200906,200909,200912,201003,201006,201009,201012,201103,201106,201109,201112,201203,201206,201209,201212,201303,201306,201309,201312,201403,201406,201409,201412,201503,201506,201509,201512,201603,201606,201609,201612,201703,201706,201709,201712,201803,201806,201809,201812,201903,201906,201909,201912,202003,202006,202009,202012,202103,202106,202109,202112,202203,202206,202209,202212,202303,202306,202309,202312,202403,202406,202409,202412
0,신용카드사,10225,현대카드㈜,B,SC021,부문별 자산현황(대출채권),A,대출채권 계,131340000000,106465000000,80595000000,0,0,0,0,0,0,0,0,985000000,944000000,448000000,433000000,470000000,470000000,470000000,470000000, , , , , , , , , , , , , , , , , , , , , , ,6416000000,15782000000,19120000000,13000000000,9230000000,6547000000,4511000000,2974000000,2314000000,4555000000,5326000000,4095000000,4186000000,4029000000,6122000000,8489000000,12824000000,18192000000,22877000000,27607000000,29682000000,21349000000,15076000000,10958000000,7892000000,5583000000,3093000000
1,신용카드사,10225,현대카드㈜,B,SC021,부문별 자산현황(대출채권),B,대출채권_대손충당금 등,660000000,535000000,405000000,0,0,0,0,0,0,0,0,15000000,56000000,52000000,67000000,30000000,30000000,30000000,30000000, , , , , , , , , , , , , , , , , , , , , , ,390000000,946000000,1118000000,749000000,495000000,327000000,268000000,224000000,316000000,700000000,477000000,660000000,1370000000,1697000000,528000000,612000000,846000000,1124000000,1571000000,1473000000,1395000000,1077000000,873000000,760000000,660000000,556000000,1130000000
2,신용카드사,10225,현대카드㈜,B,SC021,부문별 자산현황(대출채권),D,대출채권_콜론,132000000000,97000000000,0,0,0,0,0,0,0,0,0,0,0, , , , , , , , , , , , , , , , , , , , , , , , , , , , , , , , , , , , , , , , , , , , , , , , , , , , , , , 
3,신용카드사,10225,현대카드㈜,B,SC021,부문별 자산현황(대출채권),E,대출채권_할인어음,0,0,0,0,0,0,0,0,0,0,0,0,0, , , , , , , , , , , , , , , , , , , , , , , , , , , , , , , , , , , , , , , , , , , , , , , , , , , , , , , 
4,신용카드사,10225,현대카드㈜,B,SC021,부문별 자산현황(대출채권),F,대출채권_팩토링금융(일괄팩토링),0,0,0,0,0,0,0,0,0,0,0,0,0, , , , , , , , , , , , , , , , , , , , , , , , , , , , , , , , , , , , , , , , , , , , , , , , , , , , , , , 
5,신용카드사,10225,현대카드㈜,B,SC021,부문별 자산현황(대출채권),G,대출채권_팩토링채권(건별팩토링),0,0,0,0,0,0,0,0,0,0,0,0,0, , , , , , , , , , , , , , , , , , , , , , , , , , , , , , , , , , , , , , , , , , , , , , , , , , , , , , , 
6,신용카드사,10225,현대카드㈜,B,SC021,부문별 자산현황(대출채권),G1,대출채권_팩토링채권_어음채권,0,0,0,0,0,0,0,0,0,0,0,0,0, , , , , , , , , , , , , , , , , , , , , , , , , , , , , , , , , , , , , , , , , , , , , , , , , , , , , , , 
7,신용카드사,10225,현대카드㈜,B,SC021,부문별 자산현황(대출채권),G2,대출채권_팩토링채권_확정채권,0,0,0,0,0,0,0,0,0,0,0,0,0, , , , , , , , , , , , , , , , , , , , , , , , , , , , , , , , , , , , , , , , , , , , , , , , , , , , , , , 
8,신용카드사,10225,현대카드㈜,B,SC021,부문별 자산현황(대출채권),G3,대출채권_팩토링채권_미확정채권,0,0,0,0,0,0,0,0,0,0,0,0,0, , , , , , , , , , , , , , , , , , , , , , , , , , , , , , , , , , , , , , , , , , , , , , , , , , , , , , , 
9,신용카드사,10225,현대카드㈜,B,SC021,부문별 자산현황(대출채권),G4,대출채권_팩토링채권_할부채권,0,0,0,0,0,0,0,0,0,0,0,0,0, , , , , , , , , , , , , , , , , , , , , , , , , , , , , , , , , , , , , , , , , , , , , , , , , , , , , , , 
10,신용카드사,10225,현대카드㈜,B,SC021,부문별 자산현황(대출채권),G5,대출채권_팩토링채권_제휴금융,0,0,0,0,0,0,0,0,0,0,0,0,0, , , , , , , , , , , , , , , , , , , , , , , , , , , , , , , , , , , , , , , , , , , , , , , , , , , , , , , 
11,신용카드사,10225,현대카드㈜,B,SC021,부문별 자산현황(대출채권),G6,대출채권_팩토링채권_기일경과어음,0,0,0,0,0,0,0,0,0,0,0,0,0, , , , , , , , , , , , , , , , , , , , , , , , , , , , , , , , , , , , , , , , , , , , , , , , , , , , , , , 
12,신용카드사,10225,현대카드㈜,B,SC021,부문별 자산현황(대출채권),H,대출채권_대여금,0,0,0,0,0,0,0,0,0,0,0,1000000000,1000000000,500000000,500000000,500000000,500000000,500000000,500000000, , , , , , , , , , , , , , , , , , , , , , ,6806000000,16728000000,20238000000,13749000000,9726000000,6874000000,4779000000,3198000000,2631000000,5254000000,5804000000,4755000000,5556000000,5727000000,6650000000,9101000000,13671000000,19316000000,24448000000,29080000000,31078000000,22426000000,15948000000,11718000000,8552000000,6139000000,4223000000
13,신용카드사,10225,현대카드㈜,B,SC021,부문별 자산현황(대출채권),H1,대출채권_대여금_단기대출금,0,0,0,0,0,0,0,0,0,0,0,0,1000000000,500000000,500000000,500000000,500000000,500000000,500000000, , , , , , , , , , , , , , , , , , , , , , , , , , , , , , , , , , , , , , , , , , , , , , , , , 
14,신용카드사,10225,현대카드㈜,B,SC021,부문별 자산현황(대출채권),H11,대출채권_대여금_단기대출금_원화단기대출금,0,0,0,0,0,0,0,0,0,0,0,0,1000000000,500000000,500000000,500000000,500000000,500000000,500000000, , , , , , , , , , , , , , , , , , , , , , , , , , , , , , , , , , , , , , , , , , , , , , , , , 
15,신용카드사,10225,현대카드㈜,B,SC021,부문별 자산현황(대출채권),H12,대출채권_대여금_단기대출금_외화단기대출금,0,0,0,0,0,0,0,0,0,0,0,0,0,0, , , , , , , , , , , , , , , , , , , , , , , , , , , , , , , , , , , , , , , , , , , , , , , , , , , , , , 
16,신용카드사,10225,현대카드㈜,B,SC021,부문별 자산현황(대출채권),H2,대출채권_대여금_장기대출금,0,0,0,0,0,0,0,0,0,0,0,1000000000,0,0, , , , , , , , , , , , , , , , , , , , , , , , , , , , ,28000000,183000000,126000000,112000000,93000000,76000000,62000000,48000000,31000000,20000000,481000000,2358000000,3409000000,4206000000,3975000000,3085000000,2182000000,1488000000,914000000,532000000,257000000,95000000,38000000,17000000,9000000,9000000
17,신용카드사,10225,현대카드㈜,B,SC021,부문별 자산현황(대출채권),H21,대출채권_대여금_장기대출금_원화장기대출금,0,0,0,0,0,0,0,0,0,0,0,1000000000,0,0, , , , , , , , , , , , , , , , , , , , , , , , , , , , ,28000000,183000000,126000000,112000000,93000000,76000000,62000000,48000000,31000000,20000000,481000000,2358000000,3409000000,4206000000,3975000000,3085000000,2182000000,1488000000,914000000,532000000,257000000,95000000,38000000,17000000,9000000,9000000
18,신용카드사,10225,현대카드㈜,B,SC021,부문별 자산현황(대출채권),H22,대출채권_대여금_장기대출금_외화장기대출금,0,0,0,0,0,0,0,0,0,0,0,0,0,0, , , , , , , , , , , , , , , , , , , , , , , , , , , , , , , , , , , , , , , , , , , , , , , , , , , , , , 
19,신용카드사,10225,현대카드㈜,B,SC021,부문별 자산현황(대출채권),H3,대출채권_대여금_가계대출금,0,0,0,0,0,0,0,0,0,0,0,0,0,0, , , , , , , , , , , , , , , , , , , , , , , , , , , ,6806000000,16701000000,20055000000,13623000000,9614000000,6781000000,4703000000,3136000000,2583000000,5224000000,5783000000,4275000000,3198000000,2318000000,2444000000,5127000000,10585000000,17134000000,22961000000,28167000000,30546000000,22169000000,15853000000,11680000000,8536000000,6130000000,4214000000
20,신용카드사,10225,현대카드㈜,B,SC021,부문별 자산현황(대출채권),H31,대출채권_대여금_가계대출금_주택담보대출,0,0,0,0,0,0,0,0,0,0,0,0,0,0, , , , , , , , , , , , , , , , , , , , , , , , , , , , , , , , , , , , , , , , , , , , , , , , , , , , , , 
21,신용카드사,10225,현대카드㈜,B,SC021,부문별 자산현황(대출채권),H32,대출채권_대여금_가계대출금_자동차 구입자금 대출,0,0,0,0,0,0,0,0,0,0,0,0,0,0, , , , , , , , , , , , , , , , , , , , , , , , , , , , , , , , , , , , , , , , , , , , , , , , , , , , , , 
22,신용카드사,10225,현대카드㈜,B,SC021,부문별 자산현황(대출채권),H33,대출채권_대여금_가계대출금_기타,0,0,0,0,0,0,0,0,0,0,0,0,0,0, , , , , , , , , , , , , , , , , , , , , , , , , , , , , , , , , , , , , , , , ,2318000000,2444000000,5127000000,10585000000,17134000000,22961000000,28167000000,30546000000,22169000000,15853000000,11680000000,8536000000,6130000000,4214000000
23,신용카드사,10225,현대카드㈜,B,SC021,부문별 자산현황(대출채권),H4,대출채권_대여금_지급보증대지급금,0,0,0,0,0,0,0,0,0,0,0,0,0,0, , , , , , , , , , , , , , , , , , , , , , , , , , , , , , , , , , , , , , , , , , , , , , , , , , , , , , 
24,신용카드사,10225,현대카드㈜,B,SC021,부문별 자산현황(대출채권),H5,대출채권_대여금_관계회사대여금,0,0,0,0,0,0,0,0,0,0,0,0,0,0, , , , , , , , , , , , , , , , , , , , , , , , , , , , , , , , , , , , , , , , , , , , , , , , , , , , , , 
25,신용카드사,10225,현대카드㈜,B,SC021,부문별 자산현황(대출채권),H6,대출채권_대여금_기타 대출채권,-660000000,9465000000,80595000000,0,0,0,0,0,0,0,0,-15000000,0,0, , , , , , , , , , , , , , , , , , , , , , , , , , , , , , , , , , , , , , , , , , , , , , , , , , , , , , 
26,신용카드사,10225,현대카드㈜,B,SC021,부문별 자산현황(대출채권),H7,대출채권_대여금_환매채무충당금(-),0,0,0,0,0,0,0,0,0,0,0,0,0,0, , , , , , , , , , , , , , , , , , , , , , , , , , , , , , , , , , , , , , , , , , , , , , , , , , , , , , 
27,신용카드사,10226,롯데카드㈜,B,SC021,부문별 자산현황(대출채권),A,대출채권 계,0,0,0,49750000000,0,0,4975000000,4975000000,0,0,0,0, , , , , , , , , , , ,526000000,2128000000,8649000000,27192000000,58726000000,92012000000,119687000000,164950000000,206467000000,246382000000,282279000000,300675000000,361051000000,403695000000,450996000000,510681000000,529444000000,618553000000,778834000000,927506000000,1076741000000,1215375000000,1100520000000,1058071000000,878953000000,860914000000,1079334000000,1191702000000,1415059000000,1703698000000,1971353000000,2265804000000,2540743000000,2843486000000,3051559000000,3288078000000,3157097000000,2993244000000,2840242000000,2829748000000,2646548000000,2687779000000,2578846000000,2464790000000,2343503000000
28,신용카드사,10226,롯데카드㈜,B,SC021,부문별 자산현황(대출채권),B,대출채권_대손충당금 등,0,0,0,250000000,0,0,25000000,25000000,0,0,0,0, , , , , , , , , , , ,143000000,584000000,1507000000,3149000000,5342000000,7979000000,10776000000,13981000000,13778000000,17432000000,19446000000,19837000000,19000000000,19523000000,20356000000,20152000000,20844000000,23597000000,25808000000,29648000000,33085000000,35184000000,38474000000,38556000000,37534000000,36325000000,36876000000,35030000000,38493000000,41984000000,45727000000,51064000000,54615000000,58841000000,66714000000,82407000000,106408000000,106881000000,98677000000,86605000000,103383000000,107392000000,103161000000,100961000000,157004000000
29,신용카드사,10226,롯데카드㈜,B,SC021,부문별 자산현황(대출채권),D,대출채권_콜론,0,0,0,0,0,0,0,0,0,0,0,0, , , , , , , , , , , , , , , , , , , , , , , , , , , , , , , , , , , , , , , , , , , , , , , , , , , , , , , , 
30,신용카드사,10226,롯데카드㈜,B,SC021,부문별 자산현황(대출채권),E,대출채권_할인어음,0,0,0,50000000000,0,0,0,0,0,0,0,0, , , , , , , , , , , , , , , , , , , , , , , , , , , , , , , , , , , , , , , , , , , , , , , , , , , , , , , , 
31,신용카드사,10226,롯데카드㈜,B,SC021,부문별 자산현황(대출채권),F,대출채권_팩토링금융(일괄팩토링),0,0,0,0,0,0,0,0,0,0,0,0, , , , , , , , , , , , , , , , , , , , , , , , , , , , , , , , , , , , , , , , , , , , , , , , , , , , , , , , 
32,신용카드사,10226,롯데카드㈜,B,SC021,부문별 자산현황(대출채권),G,대출채권_팩토링채권(건별팩토링),0,0,0,0,0,0,0,0,0,0,0,0, , , , , , , , , , , ,668000000,2712000000,10051000000,22452000000,34154000000,45810000000,59005000000,69143000000,80358000000,96103000000,107613000000,114413000000,126880000000,136807000000,145528000000,149001000000,149510000000,154656000000,160203000000,174208000000,192383000000,204049000000,214169000000,210465000000,219282000000,220423000000,212148000000,201449000000,194434000000,204073000000,204281000000,204664000000,197953000000,206582000000,223862000000,290772000000,293118000000,325592000000,398398000000,442245000000,471548000000,506972000000,586628000000,632580000000,656965000000
33,신용카드사,10226,롯데카드㈜,B,SC021,부문별 자산현황(대출채권),G1,대출채권_팩토링채권_어음채권,0,0,0,0,0,0,0,0,0,0,0,0, , , , , , , , , , , , , , , , , , , , , , , , , , , , , , , , , , , , , , , , , , , , , , , , , , , , , , , , 
34,신용카드사,10226,롯데카드㈜,B,SC021,부문별 자산현황(대출채권),G2,대출채권_팩토링채권_확정채권,0,0,0,0,0,0,0,0,0,0,0,0, , , , , , , , , , , , , , , , , , , , , , , , , , , , , , , , , , , , , , , , , , , , , , , , , , , , , , , , 
35,신용카드사,10226,롯데카드㈜,B,SC021,부문별 자산현황(대출채권),G3,대출채권_팩토링채권_미확정채권,0,0,0,0,0,0,0,0,0,0,0,0, , , , , , , , , , , , , , , , , , , , , , , , , , , , , , , , , , , , , , , , , , , , , , , , , , , , , , , , 
36,신용카드사,10226,롯데카드㈜,B,SC021,부문별 자산현황(대출채권),G4,대출채권_팩토링채권_할부채권,0,0,0,0,0,0,0,0,0,0,0,0, , , , , , , , , , , ,668000000,2712000000,10051000000,22452000000,34154000000,45810000000,59005000000,69143000000,80358000000,96103000000,107613000000,114413000000,126880000000,136807000000,145528000000,149001000000,149510000000,154656000000,160203000000,174208000000,192383000000,204049000000,214169000000,210465000000,219282000000,220423000000,212148000000,201449000000,194434000000,204073000000,204281000000,204664000000,197953000000,206582000000,223862000000,290772000000,293118000000,325592000000,398398000000,442245000000,471548000000,506972000000,586628000000,632580000000,656965000000
37,신용카드사,10226,롯데카드㈜,B,SC021,부문별 자산현황(대출채권),G5,대출채권_팩토링채권_제휴금융,0,0,0,0,0,0,0,0,0,0,0,0, , , , , , , , , , , , , , , , , , , , , , , , , , , , , , , , , , , , , , , , , , , , , , , , , , , , , , , , 
38,신용카드사,10226,롯데카드㈜,B,SC021,부문별 자산현황(대출채권),G6,대출채권_팩토링채권_기일경과어음,0,0,0,0,0,0,0,0,0,0,0,0, , , , , , , , , , , , , , , , , , , , , , , , , , , , , , , , , , , , , , , , , , , , , , , , , , , , , , , , 
39,신용카드사,10226,롯데카드㈜,B,SC021,부문별 자산현황(대출채권),H,대출채권_대여금,0,0,0,0,0,0,5000000000,5000000000,0,0,0,0, , , , , , , , , , , , , ,104000000,7889000000,29916000000,54180000000,71458000000,109788000000,139886000000,167711000000,194111000000,206099000000,253171000000,286410000000,325825000000,381831000000,400779000000,487494000000,644439000000,782945000000,917443000000,1046510000000,924824000000,886162000000,697206000000,676816000000,904062000000,1025284000000,1259117000000,1541608000000,1812798000000,2112203000000,2397404000000,2695744000000,2894411000000,3079713000000,2970388000000,2774534000000,2540522000000,2474108000000,2278383000000,2288200000000,2095379000000,1933170000000,1843543000000
40,신용카드사,10226,롯데카드㈜,B,SC021,부문별 자산현황(대출채권),H1,대출채권_대여금_단기대출금,0,0,0,0,0,0,5000000000,5000000000,0,0,0,0, , , , , , , , , , , , , , , ,80000000, ,666000000,6629000000,471000000,346000000,343000000,472000000,656000000,1439000000,48605000000,1960000000,3117000000,2748000000,2513000000,99681000000,166879000000,321678000000,310902000000,384968000000,327033000000,306458000000,320692000000,344344000000,458711000000,507432000000,549162000000,594725000000,698881000000,885888000000,894329000000,1101305000000,1109168000000,1161404000000,1041749000000,1127103000000,971494000000,1034617000000,894217000000,737614000000,711201000000
41,신용카드사,10226,롯데카드㈜,B,SC021,부문별 자산현황(대출채권),H11,대출채권_대여금_단기대출금_원화단기대출금,0,0,0,0,0,0,5000000000,5000000000,0,0,0,0, , , , , , , , , , , , , , , ,80000000, ,666000000,6629000000,471000000,346000000,343000000,472000000,656000000,1439000000,48605000000,1960000000,3117000000,2748000000,2513000000,99681000000,166879000000,321678000000,310902000000,384968000000,327033000000,306458000000,320692000000,344344000000,458711000000,507432000000,549162000000,594725000000,698881000000,885888000000,894329000000,1101305000000,1109168000000,1161404000000,1041749000000,1127103000000,971494000000,1034617000000,894217000000,737614000000,711201000000
42,신용카드사,10226,롯데카드㈜,B,SC021,부문별 자산현황(대출채권),H12,대출채권_대여금_단기대출금_외화단기대출금,0,0,0,0,0,0,0,0,0,0,0,0, , , , , , , , , , , , , , , , , , , , , , , , , , , , , , , , , , , , , , , , , , , , , , , , , , , , , , , , 
43,신용카드사,10226,롯데카드㈜,B,SC021,부문별 자산현황(대출채권),H2,대출채권_대여금_장기대출금,0,0,0,0,0,0,0,0,0,0,0,0, , , , , , , , , , , , , , ,7590000000,29403000000,53740000000,66247000000,91728000000,102687000000,108140000000,108457000000,89113000000,91716000000,89962000000,47448000000,91475000000,99796000000,138362000000,261719000000,259309000000,312246000000,251152000000,195798000000,149836000000,79734000000,121079000000,290226000000,415640000000,591302000000,863621000000,1045175000000,1268766000000,1455926000000,1573256000000,1767888000000,1769386000000,1677065000000,1489084000000,1394649000000,1225558000000,1130634000000,1064491000000,1015692000000,1015423000000,965273000000
44,신용카드사,10226,롯데카드㈜,B,SC021,부문별 자산현황(대출채권),H21,대출채권_대여금_장기대출금_원화장기대출금,0,0,0,0,0,0,0,0,0,0,0,0, , , , , , , , , , , , , , ,7590000000,29403000000,53740000000,66247000000,91728000000,102687000000,108140000000,108457000000,89113000000,91716000000,89962000000,47448000000,91475000000,99796000000,138362000000,261719000000,259309000000,312246000000,251152000000,195798000000,149836000000,79734000000,121079000000,290226000000,415640000000,591302000000,863621000000,1045175000000,1268766000000,1455926000000,1573256000000,1767888000000,1769386000000,1677065000000,1489084000000,1394649000000,1225558000000,1130634000000,1064491000000,1015692000000,1015423000000,965273000000
45,신용카드사,10226,롯데카드㈜,B,SC021,부문별 자산현황(대출채권),H22,대출채권_대여금_장기대출금_외화장기대출금,0,0,0,0,0,0,0,0,0,0,0,0, , , , , , , , , , , , , , , , , , , , , , , , , , , , , , , , , , , , , , , , , , , , , , , , , , , , , , , , 
46,신용카드사,10226,롯데카드㈜,B,SC021,부문별 자산현황(대출채권),H3,대출채권_대여금_가계대출금,0,0,0,0,0,0,0,0,0,0,0,0, , , , , , , , , , , , , ,104000000,300000000,432000000,440000000,4545000000,11431000000,36728000000,59225000000,85312000000,116513000000,160799000000,195009000000,229772000000,288397000000,297865000000,346384000000,380206000000,423955000000,438318000000,473679000000,418124000000,351358000000,290439000000,249279000000,293145000000,265300000000,209105000000,170555000000,218460000000,248712000000,242598000000,236600000000,232194000000,209023000000,184155000000,124046000000,104123000000,121447000000,176255000000,189092000000,185471000000,180133000000,167068000000
47,신용카드사,10226,롯데카드㈜,B,SC021,부문별 자산현황(대출채권),H31,대출채권_대여금_가계대출금_주택담보대출,0,0,0,0,0,0,0,0,0,0,0,0, , , , , , , , , , , , , , , , , , , , , , , , , , , , , , , , , , , , , , , , , , , , , , , , , , , , , , , , 
48,신용카드사,10226,롯데카드㈜,B,SC021,부문별 자산현황(대출채권),H32,대출채권_대여금_가계대출금_자동차 구입자금 대출,0,0,0,0,0,0,0,0,0,0,0,0, , , , , , , , , , , , , , ,86000000,322000000,330000000,344000000,308000000,251000000,233000000,195000000,179000000,151000000,132000000,107000000,68000000,58000000,38000000,29000000,24000000,20000000,15000000,7000000,4000000,1000000, , , , ,11000000,18000000,34000000,164000000,138000000,109000000,101000000,83000000,76000000,69000000,62000000,55000000,48000000,42000000,35000000,30000000
49,신용카드사,10226,롯데카드㈜,B,SC021,부문별 자산현황(대출채권),H33,대출채권_대여금_가계대출금_기타,0,0,0,0,0,0,0,0,0,0,0,0, , , , , , , , , , , , , ,104000000,214000000,110000000,110000000,4202000000,11122000000,36477000000,58992000000,85117000000,116335000000,160647000000,194877000000,229664000000,288329000000,297807000000,346346000000,380177000000,423931000000,438299000000,473665000000,418117000000,351355000000,290438000000,249279000000,293145000000,265300000000,209105000000,170543000000,218443000000,248678000000,242434000000,236462000000,232085000000,208921000000,184072000000,123970000000,104054000000,121385000000,176200000000,189044000000,185429000000,180098000000,167038000000
50,신용카드사,10226,롯데카드㈜,B,SC021,부문별 자산현황(대출채권),H4,대출채권_대여금_지급보증대지급금,0,0,0,0,0,0,0,0,0,0,0,0, , , , , , , , , , , , , , , , , , , , , , , , , , , , , , , , , , , , , , , , , , , , , , , , , , , , , , , , 
51,신용카드사,10226,롯데카드㈜,B,SC021,부문별 자산현황(대출채권),H5,대출채권_대여금_관계회사대여금,0,0,0,0,0,0,0,0,0,0,0,0, , , , , , , , , , , , , , , , , , , , , , , , , , , , , , , , , , , , , , , , , , , , , , , , , , , , , , , , 
52,신용카드사,10226,롯데카드㈜,B,SC021,부문별 자산현황(대출채권),H6,대출채권_대여금_기타 대출채권,0,0,0,-250000000,0,0,-25000000,-25000000,0,0,0,0, , , , , , , , , , , , , , , , , , , , , , , , , , , , , , , , , , , , , , , , , , , , , , , , , , , , , , , , 
53,신용카드사,10226,롯데카드㈜,B,SC021,부문별 자산현황(대출채권),H7,대출채권_대여금_환매채무충당금(-),0,0,0,0,0,0,0,0,0,0,0,0, , , , , , , , , , , , , , , , , , , , , , , , , , , , , , , , , , , , , , , , , , , , , , , , , , , , , , , , 
54,신용카드사,10227,비씨카드㈜,B,SC021,부문별 자산현황(대출채권),A,대출채권 계,664000000,442000000,300000000,223000000,132000000,119000000,26000000,13000000,5000000,4000000,1000000,0, , ,0,0, , , , , , , , , , , , , , , , , , , ,20000000,2331000000,5985000000,14918000000,20635000000,24538000000,28081000000,32654000000,38068000000,50260000000,64772000000,84294000000,98225000000,107959000000,115327000000,126349000000,142436000000,205312000000,213026000000,234716000000,315583000000,466119000000,694386000000,955986000000,971804000000,958689000000,1032388000000,1021667000000,977283000000,984066000000,973380000000,998724000000,1118518000000
55,신용카드사,10227,비씨카드㈜,B,SC021,부문별 자산현황(대출채권),B,대출채권_대손충당금 등,153000000,102000000,70000000,44000000,73000000,36000000,39000000,52000000,7000000,0,0,0, , ,0,0, , , , , , , , , , , , , , , , , , , , ,-73000000,-219000000,-581000000,-994000000,-1686000000,-2235000000,-3263000000,-2964000000,-4974000000,-5655000000,-7476000000,-7735000000,-8054000000,-8027000000,-7160000000,-8091000000,-9102000000,-10336000000,-11045000000,-13170000000,-15185000000,-15276000000,-25623000000,-37423000000,-31593000000,-48545000000,-52524000000,-53770000000,-47437000000,-40383000000,-38899000000,-43627000000
56,신용카드사,10227,비씨카드㈜,B,SC021,부문별 자산현황(대출채권),D,대출채권_콜론,0,0,0,0,0,0,0,0,0,0,0,0, , ,0,0, , , , , , , , , , , , , , , , , , , , , , , , , , , , , , , , , , , , , , , , , , , , , , , , , , , , 
57,신용카드사,10227,비씨카드㈜,B,SC021,부문별 자산현황(대출채권),E,대출채권_할인어음,0,0,0,0,0,0,0,0,0,0,0,0, , ,0,0, , , , , , , , , , , , , , , , , , , , , , , , , , , , , , , , , , , , , , , , , , , , , , , , , , , , 
58,신용카드사,10227,비씨카드㈜,B,SC021,부문별 자산현황(대출채권),F,대출채권_팩토링금융(일괄팩토링),0,0,0,0,0,0,0,0,0,0,0,0, , ,0,0, , , , , , , , , , , , , , , , , , , , , , , , , , , , ,2279000000,6379000000,11791000000,15076000000,20470000000,29353000000,31875000000,45476000000,57052000000,63629000000,66740000000,69650000000,74390000000,72543000000,66815000000,65186000000,63207000000,63268000000,57958000000,52665000000,47678000000,74901000000,68236000000,60566000000
59,신용카드사,10227,비씨카드㈜,B,SC021,부문별 자산현황(대출채권),G,대출채권_팩토링채권(건별팩토링),0,0,0,0,0,0,0,0,0,0,0,0, , ,0,0, , , , , , , , , , , , , , , , , , , , , , , ,0,0,0,0,0,0, ,0,0,0,0,0,0, , , , , , , , , , ,0,0, , , ,0
60,신용카드사,10227,비씨카드㈜,B,SC021,부문별 자산현황(대출채권),G1,대출채권_팩토링채권_어음채권,0,0,0,0,0,0,0,0,0,0,0,0, , ,0,0, , , , , , , , , , , , , , , , , , , , , , , , , , , , , , , , , , , , , , , , , , , , , , , , , , , , 
61,신용카드사,10227,비씨카드㈜,B,SC021,부문별 자산현황(대출채권),G2,대출채권_팩토링채권_확정채권,0,0,0,0,0,0,0,0,0,0,0,0, , ,0,0, , , , , , , , , , , , , , , , , , , , , , , , , , , , , , , , , , , , , , , , , , , , , , , , , , , , 
62,신용카드사,10227,비씨카드㈜,B,SC021,부문별 자산현황(대출채권),G3,대출채권_팩토링채권_미확정채권,0,0,0,0,0,0,0,0,0,0,0,0, , ,0,0, , , , , , , , , , , , , , , , , , , , , , , , , , , , , , , , , , , , , , , , , , , , , , , , , , , , 
63,신용카드사,10227,비씨카드㈜,B,SC021,부문별 자산현황(대출채권),G4,대출채권_팩토링채권_할부채권,0,0,0,0,0,0,0,0,0,0,0,0, , ,0,0, , , , , , , , , , , , , , , , , , , , , , , , , , , , , , , , , , , , , , , , , , , , , , , , , , , , 
64,신용카드사,10227,비씨카드㈜,B,SC021,부문별 자산현황(대출채권),G5,대출채권_팩토링채권_제휴금융,0,0,0,0,0,0,0,0,0,0,0,0, , ,0,0, , , , , , , , , , , , , , , , , , , , , , , , , , , , , , , , , , , , , , , , , , , , , , , , , , , , 
65,신용카드사,10227,비씨카드㈜,B,SC021,부문별 자산현황(대출채권),G6,대출채권_팩토링채권_기일경과어음,0,0,0,0,0,0,0,0,0,0,0,0, , ,0,0, , , , , , , , , , , , , , , , , , , , , , , , , , , , , , , , , , , , , , , , , , , , , , , , , , , , 
66,신용카드사,10227,비씨카드㈜,B,SC021,부문별 자산현황(대출채권),H,대출채권_대여금,817000000,544000000,370000000,267000000,205000000,155000000,65000000,65000000,12000000,4000000,1000000,0, , ,0,0, , , , , , , , , , , , , , , , , , , ,20000000,2404000000,6204000000,15499000000,21629000000,26224000000,30316000000,35917000000,41032000000,52955000000,64048000000,79979000000,90884000000,95543000000,94001000000,101634000000,105051000000,157362000000,159733000000,179021000000,259103000000,406914000000,637119000000,914794000000,944041000000,927075000000,1017665000000,1016233000000,978388000000,983825000000,938862000000,969387000000,1101579000000
67,신용카드사,10227,비씨카드㈜,B,SC021,부문별 자산현황(대출채권),H1,대출채권_대여금_단기대출금,0,0,0,0,0,0,0,0,0,0,0,0, , ,0,0, , , , , , , , , , , , , , , , , , , , , , , , , , , , , , , ,106000000,19000000,0,0,0, , , ,20566000000,59380000000,185756000000,360144000000,372243000000,394476000000,392927000000,370654000000,351121000000,332888000000,301829000000,219490000000,230912000000
68,신용카드사,10227,비씨카드㈜,B,SC021,부문별 자산현황(대출채권),H11,대출채권_대여금_단기대출금_원화단기대출금,0,0,0,0,0,0,0,0,0,0,0,0, , ,0,0, , , , , , , , , , , , , , , , , , , , , , , , , , , , , , , ,106000000,19000000,0,0,0, , , ,20566000000,59380000000,185756000000,360144000000,372243000000,394476000000,392927000000,370654000000,351121000000,332888000000,301829000000,219490000000,230912000000
69,신용카드사,10227,비씨카드㈜,B,SC021,부문별 자산현황(대출채권),H12,대출채권_대여금_단기대출금_외화단기대출금,0,0,0,0,0,0,0,0,0,0,0,0, , ,0,0, , , , , , , , , , , , , , , , , , , , , , , , , , , , , , , , , , , , , , , , , , , , , , , , , , , , 
70,신용카드사,10227,비씨카드㈜,B,SC021,부문별 자산현황(대출채권),H2,대출채권_대여금_장기대출금,0,0,0,0,0,0,0,0,0,0,0,0, , ,0,0, , , , , , , , , , , , , , , , , , , ,20000000,2404000000,6204000000,15499000000,21629000000,26224000000,30316000000,35917000000,41032000000,52955000000,64048000000,79979000000,90778000000,95524000000,94001000000,101634000000,105051000000,110816000000,115320000000,118056000000,142395000000,206148000000,251468000000,286895000000,280112000000,269289000000,292065000000,323928000000,330626000000,389674000000,404179000000,526260000000,598480000000
71,신용카드사,10227,비씨카드㈜,B,SC021,부문별 자산현황(대출채권),H21,대출채권_대여금_장기대출금_원화장기대출금,0,0,0,0,0,0,0,0,0,0,0,0, , ,0,0, , , , , , , , , , , , , , , , , , , ,20000000,2404000000,6204000000,15499000000,21629000000,26224000000,30316000000,35917000000,41032000000,52955000000,64048000000,79979000000,90778000000,95524000000,94001000000,101634000000,105051000000,110816000000,115320000000,118056000000,142395000000,206148000000,251468000000,286895000000,280112000000,269289000000,292065000000,323928000000,330626000000,389674000000,404179000000,526260000000,598480000000
72,신용카드사,10227,비씨카드㈜,B,SC021,부문별 자산현황(대출채권),H22,대출채권_대여금_장기대출금_외화장기대출금,0,0,0,0,0,0,0,0,0,0,0,0, , ,0,0, , , , , , , , , , , , , , , , , , , , , , , , , , , , , , , , , , , , , , , , , , , , , , , , , , , , 
73,신용카드사,10227,비씨카드㈜,B,SC021,부문별 자산현황(대출채권),H3,대출채권_대여금_가계대출금,817000000,544000000,370000000,267000000,205000000,155000000,65000000,65000000,12000000,4000000,1000000,0, , ,0,0, , , , , , , , , , , , , , , , , , , , , , , , , , , , , , , , , , , ,0,46546000000,44413000000,60965000000,96142000000,141386000000,199895000000,267755000000,291686000000,263310000000,332673000000,321651000000,296641000000,261263000000,232854000000,223637000000,272187000000
74,신용카드사,10227,비씨카드㈜,B,SC021,부문별 자산현황(대출채권),H31,대출채권_대여금_가계대출금_주택담보대출,143000000,142000000,134000000,131000000,0,0,0,0,0,0,0,0, , ,0,0, , , , , , , , , , , , , , , , , , , , , , , , , , , , , , , , , , , , , , , , , , , , , , , , , , , , 
75,신용카드사,10227,비씨카드㈜,B,SC021,부문별 자산현황(대출채권),H32,대출채권_대여금_가계대출금_자동차 구입자금 대출,0,0,0,0,0,0,0,0,0,0,0,0, , ,0,0, , , , , , , , , , , , , , , , , , , , , , , , , , , , , , , , , , , , , , , , , , , , , , , , , , , , 
76,신용카드사,10227,비씨카드㈜,B,SC021,부문별 자산현황(대출채권),H33,대출채권_대여금_가계대출금_기타,674000000,402000000,236000000,136000000,205000000,155000000,65000000,65000000,12000000,4000000,1000000,0, , ,0,0, , , , , , , , , , , , , , , , , , , , , , , , , , , , , , , , , , , ,0,46546000000,44413000000,60965000000,96142000000,141386000000,199895000000,267755000000,291686000000,263310000000,332673000000,321651000000,296641000000,261263000000,232854000000,223637000000,272187000000
77,신용카드사,10227,비씨카드㈜,B,SC021,부문별 자산현황(대출채권),H4,대출채권_대여금_지급보증대지급금,0,0,0,0,0,0,0,0,0,0,0,0, , ,0,0, , , , , , , , , , , , , , , , , , , , , , , , , , , , , , , , , , , , , , , , , , , , , , , , , , , , 
78,신용카드사,10227,비씨카드㈜,B,SC021,부문별 자산현황(대출채권),H5,대출채권_대여금_관계회사대여금,0,0,0,0,0,0,0,0,0,0,0,0, , ,0,0, , , , , , , , , , , , , , , , , , , , , , , , , , , , , , , , , , , , , , , , , , , , , , , , , , , , 
79,신용카드사,10227,비씨카드㈜,B,SC021,부문별 자산현황(대출채권),H6,대출채권_대여금_기타 대출채권,-153000000,-102000000,-70000000,-44000000,-73000000,-36000000,-39000000,-52000000,-7000000,0,0,0, , ,0,0, , , , , , , , , , , , , , , , , , , , , , , , , , , , , , , , , , , , , , , , , , , , , , , , , , , , 
80,신용카드사,10227,비씨카드㈜,B,SC021,부문별 자산현황(대출채권),H7,대출채권_대여금_환매채무충당금(-),0,0,0,0,0,0,0,0,0,0,0,0, , ,0,0, , , , , , , , , , , , , , , , , , , , , , , , , , , , , , , , , , , , , , , , , , , , , , , , , , , , 
81,신용카드사,10228,삼성카드㈜,B,SC021,부문별 자산현황(대출채권),A,대출채권 계,1658317000000,1638687000000,1803909000000,1351239000000,1290088000000,1117876000000,687140000000,546443000000,611372000000,549740000000,397404000000,302911000000,297585000000,105556000000,253976000000,419762000000,368881000000,177858000000,283194000000,187246000000,397826000000,423648000000,151901000000,382280000000,420121000000,400530000000,404181000000,130337000000,106324000000,100536000000,172370000000,161610000000,149556000000,141147000000,137198000000,137279000000,150083000000,171841000000,178078000000,169708000000,176294000000,178736000000,189383000000,171281000000,144203000000,132335000000,124768000000,125864000000,99669000000,92979000000,86986000000,77751000000,68869000000,67185000000,60494000000,55934000000,55162000000,56040000000,58717000000,57334000000,51220000000,44658000000,39668000000,34794000000,31774000000,28735000000,32937000000,43771000000
82,신용카드사,10228,삼성카드㈜,B,SC021,부문별 자산현황(대출채권),B,대출채권_대손충당금 등,103673000000,95838000000,91897000000,96263000000,93880000000,49310000000,31822000000,30327000000,34375000000,27787000000,25229000000,19677000000,20217000000,20439000000,19345000000,18739000000,17084000000,8718000000,8252000000,4251000000,4019000000,5380000000,7219000000,9986000000,12814000000,13640000000,14507000000,13444000000,11699000000,9665000000,7640000000,7405000000,6974000000,6598000000,7043000000,6662000000,6983000000,6577000000,6649000000,7400000000,6331000000,7142000000,7966000000,7706000000,7046000000,6619000000,5801000000,5876000000,4990000000,4888000000,4091000000,3390000000,2789000000,2521000000,2012000000,1881000000,1641000000,1568000000,1361000000,883000000,864000000,818000000,695000000,596000000,477000000,534000000,776000000,1117000000
83,신용카드사,10228,삼성카드㈜,B,SC021,부문별 자산현황(대출채권),D,대출채권_콜론,500000000000,505000000000,609000000000,450000000000,600000000000,607000000000,403000000000,301000000000,300000000000,300000000000,200000000000,150000000000,160000000000, ,170000000000,350000000000,300000000000,100000000000,200000000000,100000000000,300000000000,300000000000, ,200000000000,240000000000,230000000000,250000000000, , , , , , , , , , , , , , ,0,0,0,0,0,0,0,0,0,0,0,0,0,0,0,0,0,0,0,0,0,0,0,0,0,0,0
84,신용카드사,10228,삼성카드㈜,B,SC021,부문별 자산현황(대출채권),E,대출채권_할인어음,0,0,0,0,0,0,0,0,0,0,0,0, , , ,0, , , , , , , , , , , , , , , , , , , , , , , , , ,0,0,0,0,0,0,0,0,0,0,0,0,0,0,0,0,0,0,0,0,0,0,0,0,0,0,0
85,신용카드사,10228,삼성카드㈜,B,SC021,부문별 자산현황(대출채권),F,대출채권_팩토링금융(일괄팩토링),0,0,0,0,0,0,0,0,0,0,0,0, , , ,0, , , , , , , , , , , , , , , , , , , , , , , , , ,0,0,0,0,0,0,0,0,0,0,0,0,0,0,0,0,0,0,0,0,0,0,0,0,0,0,0
86,신용카드사,10228,삼성카드㈜,B,SC021,부문별 자산현황(대출채권),G,대출채권_팩토링채권(건별팩토링),0,0,0,0,0,0,0,0,0,0,0,0, , , ,0, , , , , , , , ,5072000000,5024000000,5342000000,5980000000,5415000000,5873000000,10757000000,17085000000,21120000000,25012000000,32853000000,42291000000,66868000000,94897000000,108676000000,105042000000,111679000000,105315000000,105224000000,78476000000,64542000000,63252000000,65719000000,72198000000,50640000000,46921000000,43396000000,36391000000,29320000000,26560000000,19370000000,14262000000,12083000000,9778000000,7793000000,5093000000,3469000000,2514000000,1830000000,1441000000,1134000000,869000000,582000000,388000000
87,신용카드사,10228,삼성카드㈜,B,SC021,부문별 자산현황(대출채권),G1,대출채권_팩토링채권_어음채권,0,0,0,0,0,0,0,0,0,0,0,0, , , ,0, , , , , , , , , , , , , , , , , , , , , , , , , ,0,0,0,0,0,0,0,0,0,0,0,0,0,0,0,0,0,0,0,0,0,0,0,0,0,0,0
88,신용카드사,10228,삼성카드㈜,B,SC021,부문별 자산현황(대출채권),G2,대출채권_팩토링채권_확정채권,0,0,0,0,0,0,0,0,0,0,0,0, , , ,0, , , , , , , , , , , , , , , , , , , , , , , , , ,0,0,0,0,0,0,0,0,0,0,0,0,0,0,0,0,0,0,0,0,0,0,0,0,0,0,0
89,신용카드사,10228,삼성카드㈜,B,SC021,부문별 자산현황(대출채권),G3,대출채권_팩토링채권_미확정채권,0,0,0,0,0,0,0,0,0,0,0,0, , , ,0, , , , , , , , , , , , , , , , , , , , , , , , , ,0,0,0,0,0,0,0,0,0,0,0,0,0,0,0,0,0,0,0,0,0,0,0,0,0,0,0
90,신용카드사,10228,삼성카드㈜,B,SC021,부문별 자산현황(대출채권),G4,대출채권_팩토링채권_할부채권,0,0,0,0,0,0,0,0,0,0,0,0, , , ,0, , , , , , , , ,5072000000,5024000000,5342000000,5980000000,5415000000,5873000000,10757000000,17085000000,21120000000,25012000000,32853000000,42291000000,66868000000,94897000000,108676000000,105042000000,111679000000,105315000000,105224000000,78476000000,64542000000,63252000000,65719000000,72198000000,50640000000,46921000000,43396000000,36391000000,29320000000,26560000000,19370000000,14262000000,12083000000,9778000000,7793000000,5093000000,3469000000,2514000000,1830000000,1441000000,1134000000,869000000,582000000,388000000
91,신용카드사,10228,삼성카드㈜,B,SC021,부문별 자산현황(대출채권),G5,대출채권_팩토링채권_제휴금융,0,0,0,0,0,0,0,0,0,0,0,0, , , ,0, , , , , , , , , , , , , , , , , , , , , , , , , ,0,0,0,0,0,0,0,0,0,0,0,0,0,0,0,0,0,0,0,0,0,0,0,0,0,0,0
92,신용카드사,10228,삼성카드㈜,B,SC021,부문별 자산현황(대출채권),G6,대출채권_팩토링채권_기일경과어음,0,0,0,0,0,0,0,0,0,0,0,0, , , ,0, , , , , , , , , , , , , , , , , , , , , , , , , ,0,0,0,0,0,0,0,0,0,0,0,0,0,0,0,0,0,0,0,0,0,0,0,0,0,0,0
93,신용카드사,10228,삼성카드㈜,B,SC021,부문별 자산현황(대출채권),H,대출채권_대여금,1261990000000,1229525000000,1286806000000,997502000000,783968000000,560186000000,315962000000,275770000000,345747000000,277527000000,222633000000,172588000000,157801000000,125995000000,103322000000,88501000000,85966000000,86576000000,91446000000,91497000000,101845000000,129029000000,159119000000,192266000000,187863000000,179145000000,163345000000,137801000000,112607000000,104328000000,169252000000,151931000000,135411000000,122732000000,111388000000,101650000000,90198000000,83521000000,76051000000,72066000000,70947000000,80563000000,92125000000,100511000000,86707000000,75701000000,64850000000,59542000000,54018000000,50946000000,47683000000,44750000000,42338000000,43147000000,43136000000,43553000000,44720000000,47831000000,52285000000,53124000000,48615000000,42962000000,38534000000,33949000000,31117000000,28400000000,33131000000,44500000000
94,신용카드사,10228,삼성카드㈜,B,SC021,부문별 자산현황(대출채권),H1,대출채권_대여금_단기대출금,0,0,0,0,0,0,0,0,0,0,0,0, , , ,0, , , , , , , , , , , , , , , , , , , , , , , , , ,0,0,0,0,0,0,0,0,0,0,0,0,0,0,0,0,0,0,0,0,0,0,0,0,0,0,0
95,신용카드사,10228,삼성카드㈜,B,SC021,부문별 자산현황(대출채권),H11,대출채권_대여금_단기대출금_원화단기대출금,0,0,0,0,0,0,0,0,0,0,0,0, , , ,0, , , , , , , , , , , , , , , , , , , , , , , , , ,0,0,0,0,0,0,0,0,0,0,0,0,0,0,0,0,0,0,0,0,0,0,0,0,0,0,0
96,신용카드사,10228,삼성카드㈜,B,SC021,부문별 자산현황(대출채권),H12,대출채권_대여금_단기대출금_외화단기대출금,0,0,0,0,0,0,0,0,0,0,0,0, , , ,0, , , , , , , , , , , , , , , , , , , , , , , , , ,0,0,0,0,0,0,0,0,0,0,0,0,0,0,0,0,0,0,0,0,0,0,0,0,0,0,0
97,신용카드사,10228,삼성카드㈜,B,SC021,부문별 자산현황(대출채권),H2,대출채권_대여금_장기대출금,4901000000,4901000000,4788000000,4788000000,4788000000,4788000000,4788000000,4788000000,4788000000,4788000000,4788000000,0, , , ,0, , , , , , , , , , , , , , , , , , , , , , , , , ,0,0,0,0,0,0,0,0,0,0,0,0,0,0,0,0,0,0,0,0,0,0,0,0,0,0,0
98,신용카드사,10228,삼성카드㈜,B,SC021,부문별 자산현황(대출채권),H21,대출채권_대여금_장기대출금_원화장기대출금,4901000000,4901000000,4788000000,4788000000,4788000000,4788000000,4788000000,4788000000,4788000000,4788000000,4788000000,0, , , ,0, , , , , , , , , , , , , , , , , , , , , , , , , ,0,0,0,0,0,0,0,0,0,0,0,0,0,0,0,0,0,0,0,0,0,0,0,0,0,0,0
99,신용카드사,10228,삼성카드㈜,B,SC021,부문별 자산현황(대출채권),H22,대출채권_대여금_장기대출금_외화장기대출금,0,0,0,0,0,0,0,0,0,0,0,0, , , ,0, , , , , , , , , , , , , , , , , , , , , , , , , ,0,0,0,0,0,0,0,0,0,0,0,0,0,0,0,0,0,0,0,0,0,0,0,0,0,0,0
100,신용카드사,10228,삼성카드㈜,B,SC021,부문별 자산현황(대출채권),H3,대출채권_대여금_가계대출금,1257089000000,1224624000000,1282018000000,992714000000,779180000000,555398000000,311174000000,270982000000,340959000000,272739000000,217845000000,172588000000,157801000000,125995000000,103322000000,88501000000,85966000000,86576000000,91446000000,91497000000,101845000000,129029000000,159119000000,192266000000,187863000000,179145000000,163345000000,137801000000,112607000000,104328000000,169252000000,151931000000,135411000000,122732000000,111388000000,101650000000,90198000000,83521000000,76051000000,72066000000,70947000000,80563000000,92125000000,100511000000,86707000000,75701000000,64850000000,59542000000,54018000000,50946000000,47683000000,44750000000,42338000000,43147000000,43136000000,43553000000,44720000000,47831000000,52285000000,53124000000,48615000000,42962000000,38534000000,33949000000,31117000000,28400000000,33131000000,44500000000
101,신용카드사,10228,삼성카드㈜,B,SC021,부문별 자산현황(대출채권),H31,대출채권_대여금_가계대출금_주택담보대출,0,0,0,0,0,0,0,0,0,0,0,0, , , ,0, , , , , , , , , , , , , , , , , , , , , , , , , ,0,0,0,0,0,0,0,0,0,0,0,0,0,0,0,0,0,0,0,0,0,0,0,0,0,0,0
102,신용카드사,10228,삼성카드㈜,B,SC021,부문별 자산현황(대출채권),H32,대출채권_대여금_가계대출금_자동차 구입자금 대출,373453000000,356132000000,355476000000,176389000000,115281000000,71777000000,58308000000,49563000000,40825000000,32192000000,24562000000,18549000000,30741000000,21352000000,13893000000,9229000000,6280000000,4013000000,2356000000,1304000000,710000000,335000000,127000000,77000000,42000000,23000000,8000000, , ,13043000000,91174000000,84389000000,77692000000,71787000000,65819000000,60214000000,53664000000,47654000000,41211000000,37899000000,36059000000,40354000000,45829000000,48248000000,48958000000,48499000000,45431000000,45494000000,42638000000,41467000000,40712000000,39649000000,38757000000,39794000000,40790000000,41715000000,43464000000,46862000000,51572000000,52431000000,48086000000,42591000000,38299000000,33802000000,30977000000,28301000000,25565000000,24122000000
103,신용카드사,10228,삼성카드㈜,B,SC021,부문별 자산현황(대출채권),H33,대출채권_대여금_가계대출금_기타,883636000000,868492000000,926542000000,816325000000,663899000000,483621000000,252866000000,221419000000,300134000000,240547000000,193283000000,154039000000,127060000000,104643000000,89429000000,79272000000,79686000000,82562000000,89090000000,90193000000,101136000000,128693000000,158993000000,192189000000,187821000000,179122000000,163337000000,137801000000,112607000000,91285000000,78078000000,67542000000,57719000000,50945000000,45569000000,41436000000,36534000000,35867000000,34840000000,34167000000,34887000000,40210000000,46297000000,52263000000,37749000000,27202000000,19420000000,14048000000,11380000000,9479000000,6970000000,5101000000,3581000000,3353000000,2346000000,1838000000,1256000000,969000000,713000000,693000000,529000000,371000000,235000000,147000000,140000000,100000000,7566000000,20378000000
104,신용카드사,10228,삼성카드㈜,B,SC021,부문별 자산현황(대출채권),H4,대출채권_대여금_지급보증대지급금,0,0,0,0,0,0,0,0,0,0,0,0, , , ,0, , , , , , , , , , , , , , , , , , , , , , , , , ,0,0,0,0,0,0,0,0,0,0,0,0,0,0,0,0,0,0,0,0,0,0,0,0,0,0,0
105,신용카드사,10228,삼성카드㈜,B,SC021,부문별 자산현황(대출채권),H5,대출채권_대여금_관계회사대여금,0,0,0,0,0,0,0,0,0,0,0,0, , , ,0, , , , , , , , , , , , , , , , , , , , , , , , , ,0,0,0,0,0,0,0,0,0,0,0,0,0,0,0,0,0,0,0,0,0,0,0,0,0,0,0
106,신용카드사,10228,삼성카드㈜,B,SC021,부문별 자산현황(대출채권),H6,대출채권_대여금_기타 대출채권,-103673000000,-95838000000,-91897000000,-96263000000,-93880000000,-49310000000,-31822000000,-30327000000,-34375000000,-27787000000,-25229000000,-19677000000, , , ,0, , , , , , , , , , , , , , , , , , , , , , , , , ,0,0,0,0,0,0,0,0,0,0,0,0,0,0,0,0,0,0,0,0,0,0,0,0,0,0,0
107,신용카드사,10228,삼성카드㈜,B,SC021,부문별 자산현황(대출채권),H7,대출채권_대여금_환매채무충당금(-),0,0,0,0,0,0,0,0,0,0,0,0, , , ,0, , , , , , , , , , , , , , , , , , , , , , , , , ,0,0,0,0,0,0,0,0,0,0,0,0,0,0,0,0,0,0,0,0,0,0,0,0,0,0,0
108,신용카드사,10229,신한카드㈜,B,SC021,부문별 자산현황(대출채권),A,대출채권 계,22515000000,572985000000,126103000000,103244000000,589336000000,548413000000,101594000000,88925000000,101415000000,260516000000,201076000000,201428000000,2499000000,4451000000,3513000000,2566000000,107236000000,201755000000,1543000000,959235000000,511145000000,707128000000,320513000000,203644000000,203108000000,294086000000,220624000000,164167000000,152117000000,167705000000,176343000000,293231000000,66318000000,98771000000,227521000000,316724000000,403814000000,559207000000,643786000000,743240000000,797031000000,851146000000,824143000000,973374000000,793787000000,958243000000,1204435000000,1238088000000,1305273000000,1480503000000,1706355000000,2467778000000,2569836000000,2669405000000,2590648000000,2757905000000,2986029000000,3024599000000,3227051000000,2867573000000,3122606000000,3152911000000,3484706000000,3527519000000,4958891000000,4826433000000,3481987000000,3253110000000
109,신용카드사,10229,신한카드㈜,B,SC021,부문별 자산현황(대출채권),B,대출채권_대손충당금 등,5777000000,7471000000,3277000000,2344000000,4073000000,3417000000,1159000000,1047000000,944000000,1722000000,1398000000,1412000000,372000000,413000000,380000000,357000000,318000000,295000000,264000000,-1793000000,-1198000000,-1215000000,-1280000000,-1051000000,-961000000,-809000000,-983000000,-486000000,-359000000,-345000000,-51000000,81000000,1171000000,1518000000,2066000000,2896000000,4245000000,7033000000,8054000000,10018000000,12887000000,15753000000,18658000000,16104000000,18669000000,20769000000,22527000000,22137000000,25291000000,25486000000,27058000000,31884000000,30473000000,31842000000,30838000000,35463000000,40425000000,46136000000,49616000000,50360000000,56578000000,59496000000,70171000000,72305000000,71539000000,74631000000,68663000000,68507000000
110,신용카드사,10229,신한카드㈜,B,SC021,부문별 자산현황(대출채권),D,대출채권_콜론,4173000000,0,0,0,0,0,0,0,0,0,0,0, , , , , , , , , , , , , , , , , , , , , , , , , , , , , , , , , , , , , , , , , , , , , , , , ,0,0, , , , , ,0
111,신용카드사,10229,신한카드㈜,B,SC021,부문별 자산현황(대출채권),E,대출채권_할인어음,0,0,0,0,0,0,0,0,0,0,0,0, , , , , , , , , , , , , , , , , , , , , , , , , , , , , , , , , , , , , , , , , , , , , , , , ,0,0, , , , , ,0
112,신용카드사,10229,신한카드㈜,B,SC021,부문별 자산현황(대출채권),F,대출채권_팩토링금융(일괄팩토링),0,0,0,0,0,0,0,0,0,0,0,0, , , , , , , ,287089000000,198446000000,203791000000,216001000000,194753000000,191778000000,183899000000,210093000000,153727000000,140548000000,152148000000,152181000000,141809000000,1000000,0,100898000000,207664000000,258509000000,271203000000,279548000000,276848000000,291956000000,262580000000,222802000000,147095000000,80398000000,97242000000,111494000000,125532000000,122553000000,127919000000,128669000000,121844000000,116068000000,111024000000,107264000000,109137000000,107741000000,113306000000,112139000000,113584000000,146665000000,166677000000,160486000000,183448000000,174181000000,146066000000,144250000000,137562000000
113,신용카드사,10229,신한카드㈜,B,SC021,부문별 자산현황(대출채권),G,대출채권_팩토링채권(건별팩토링),0,0,0,0,0,0,0,0,0,0,0,0, , , , , , , , , , , , , , , , , , , , , , , , , , , , , , , ,0, , , , , , , , , , , , , , , , ,0,0, , , , , ,0
114,신용카드사,10229,신한카드㈜,B,SC021,부문별 자산현황(대출채권),G1,대출채권_팩토링채권_어음채권,0,0,0,0,0,0,0,0,0,0,0,0, , , , , , , , , , , , , , , , , , , , , , , , , , , , , , , ,0, , , , , , , , , , , , , , , , ,0,0, , , , , ,0
115,신용카드사,10229,신한카드㈜,B,SC021,부문별 자산현황(대출채권),G2,대출채권_팩토링채권_확정채권,0,0,0,0,0,0,0,0,0,0,0,0, , , , , , , , , , , , , , , , , , , , , , , , , , , , , , , ,0, , , , , , , , , , , , , , , , ,0,0, , , , , ,0
116,신용카드사,10229,신한카드㈜,B,SC021,부문별 자산현황(대출채권),G3,대출채권_팩토링채권_미확정채권,0,0,0,0,0,0,0,0,0,0,0,0, , , , , , , , , , , , , , , , , , , , , , , , , , , , , , , ,0, , , , , , , , , , , , , , , , ,0,0, , , , , ,0
117,신용카드사,10229,신한카드㈜,B,SC021,부문별 자산현황(대출채권),G4,대출채권_팩토링채권_할부채권,0,0,0,0,0,0,0,0,0,0,0,0, , , , , , , , , , , , , , , , , , , , , , , , , , , , , , , ,0, , , , , , , , , , , , , , , , ,0,0, , , , , ,0
118,신용카드사,10229,신한카드㈜,B,SC021,부문별 자산현황(대출채권),G5,대출채권_팩토링채권_제휴금융,0,0,0,0,0,0,0,0,0,0,0,0, , , , , , , , , , , , , , , , , , , , , , , , , , , , , , , ,0, , , , , , , , , , , , , , , , ,0,0, , , , , ,0
119,신용카드사,10229,신한카드㈜,B,SC021,부문별 자산현황(대출채권),G6,대출채권_팩토링채권_기일경과어음,0,0,0,0,0,0,0,0,0,0,0,0, , , , , , , , , , , , , , , , , , , , , , , , , , , , , , , ,0, , , , , , , , , , , , , , , , ,0,0, , , , , ,0
120,신용카드사,10229,신한카드㈜,B,SC021,부문별 자산현황(대출채권),H,대출채권_대여금,24121000000,15456000000,9380000000,5588000000,3409000000,1830000000,2753000000,2972000000,2359000000,2238000000,2474000000,2840000000,2871000000,4864000000,3893000000,2922000000,2555000000,2049000000,1807000000,1752000000,1502000000,2123000000,3232000000,7839000000,10369000000,9378000000,9548000000,9954000000,11210000000,15212000000,24111000000,32715000000,47649000000,60462000000,78689000000,111955000000,149549000000,220398000000,273205000000,327608000000,389637000000,525030000000,545816000000,545238000000,603136000000,747930000000,858252000000,863623000000,941562000000,964021000000,968737000000,1893484000000,2035461000000,2161660000000,2145616000000,2315829000000,2497477000000,2576259000000,2797608000000,2634842000000,2789582000000,2852136000000,3046552000000,3124445000000,3050359000000,3002200000000,3161394000000,3022234000000
121,신용카드사,10229,신한카드㈜,B,SC021,부문별 자산현황(대출채권),H1,대출채권_대여금_단기대출금,3047000000,1393000000,1205000000,1059000000,1349000000,1032000000,613000000,1042000000,485000000,28000000,28000000,28000000, , , , , , , , , , , , , , , , , , , , , , , , , , , , , , , ,0, , , , , , , , , , , , , , , , ,0,0, , , , , ,0
122,신용카드사,10229,신한카드㈜,B,SC021,부문별 자산현황(대출채권),H11,대출채권_대여금_단기대출금_원화단기대출금,3047000000,1393000000,1205000000,1059000000,1349000000,1032000000,613000000,1042000000,485000000,28000000,28000000,28000000, , , , , , , , , , , , , , , , , , , , , , , , , , , , , , , ,0, , , , , , , , , , , , , , , , ,0,0, , , , , ,0
123,신용카드사,10229,신한카드㈜,B,SC021,부문별 자산현황(대출채권),H12,대출채권_대여금_단기대출금_외화단기대출금,0,0,0,0,0,0,0,0,0,0,0,0, , , , , , , , , , , , , , , , , , , , , , , , , , , , , , , ,0, , , , , , , , , , , , , , , , ,0,0, , , , , ,0
124,신용카드사,10229,신한카드㈜,B,SC021,부문별 자산현황(대출채권),H2,대출채권_대여금_장기대출금,0,0,0,0,0,0,0,0,0,0,0,0,28000000,28000000,28000000,28000000,28000000,28000000,28000000,28000000,28000000,28000000,28000000,28000000,28000000,28000000,28000000,28000000,28000000, , , ,5707000000,6240000000,10978000000,12675000000,20356000000,35856000000,32774000000,39995000000,51556000000,83220000000,67923000000,143555000000,194479000000,322809000000,390799000000,370191000000,430020000000,441529000000,438653000000,745230000000,822227000000,920188000000,929222000000,1035924000000,1111204000000,1167964000000,1288503000000,1120551000000,1259327000000,1505852000000,1787088000000,1869151000000,1828754000000,1874105000000,2142597000000,2018739000000
125,신용카드사,10229,신한카드㈜,B,SC021,부문별 자산현황(대출채권),H21,대출채권_대여금_장기대출금_원화장기대출금,0,0,0,0,0,0,0,0,0,0,0,0,28000000,28000000,28000000,28000000,28000000,28000000,28000000,28000000,28000000,28000000,28000000,28000000,28000000,28000000,28000000,28000000,28000000, , , ,5707000000,6240000000,10978000000,12675000000,20356000000,35856000000,32774000000,39995000000,51556000000,83220000000,67923000000,143555000000,194479000000,322809000000,390799000000,370191000000,430020000000,441529000000,438653000000,745230000000,822227000000,920188000000,929222000000,1035924000000,1111204000000,1167964000000,1288503000000,1120551000000,1259327000000,1505852000000,1787088000000,1869151000000,1828754000000,1874105000000,2142597000000,2018739000000
126,신용카드사,10229,신한카드㈜,B,SC021,부문별 자산현황(대출채권),H22,대출채권_대여금_장기대출금_외화장기대출금,0,0,0,0,0,0,0,0,0,0,0,0, , , , , , , , , , , , , , , , , , , , , , , , , , , , , , , , , , , , , , , , , , , , , , , , ,0,0, , , , , ,0
127,신용카드사,10229,신한카드㈜,B,SC021,부문별 자산현황(대출채권),H3,대출채권_대여금_가계대출금,21074000000,14063000000,8175000000,4529000000,2060000000,798000000,2140000000,1930000000,1874000000,2210000000,2446000000,2812000000,2842000000,4836000000,3865000000,2894000000,2526000000,2021000000,1779000000,1724000000,1473000000,2095000000,3203000000,7811000000,10341000000,9350000000,9520000000,9925000000,11182000000,15212000000,24111000000,32715000000,41942000000,54222000000,67712000000,99281000000,129193000000,184543000000,240431000000,287613000000,338082000000,441810000000,477893000000,401683000000,408657000000,425121000000,467453000000,493432000000,511542000000,522493000000,530083000000,1148255000000,1213234000000,1241472000000,1216395000000,1279905000000,1386273000000,1408295000000,1509105000000,1514291000000,1530255000000,1346284000000,1259464000000,1255294000000,1221605000000,1128095000000,1018796000000,1003495000000
128,신용카드사,10229,신한카드㈜,B,SC021,부문별 자산현황(대출채권),H31,대출채권_대여금_가계대출금_주택담보대출,0,0,0,0,0,0,0,0,0,0,0,0, , , , , , , , , , , , , , , , , , , , , , , , , , , , , , , , , , , , , , , , , , , , ,347115000000,306936000000,329934000000,376544000000,401013000000,275048000000,196834000000,210825000000,236026000000,214313000000,127582000000,107007000000
129,신용카드사,10229,신한카드㈜,B,SC021,부문별 자산현황(대출채권),H32,대출채권_대여금_가계대출금_자동차 구입자금 대출,0,0,0,0,0,0,0,0,0,0,0,0, , , , , , , , , , , , , , , , , , , , , , , , , , ,43236000000,44085000000,41475000000,50026000000,58358000000,70280000000,87018000000,106675000000,119391000000,125324000000,125587000000,124557000000,124358000000,151424000000,146329000000,144237000000,143372000000,144093000000,139093000000,140904000000,148739000000,148634000000,143912000000,143250000000,157271000000,164782000000,175699000000,191823000000,206929000000,218883000000
130,신용카드사,10229,신한카드㈜,B,SC021,부문별 자산현황(대출채권),H33,대출채권_대여금_가계대출금_기타,21074000000,14063000000,8175000000,4529000000,2060000000,798000000,2140000000,1930000000,1874000000,2210000000,2446000000,2812000000,2842000000,4836000000,3865000000,2894000000,2526000000,2021000000,1779000000,1724000000,1473000000,2095000000,3203000000,7811000000,10341000000,9350000000,9520000000,9925000000,11182000000,15212000000,24111000000,32715000000,41942000000,54222000000,67712000000,99281000000,129193000000,184543000000,197195000000,243528000000,296607000000,391785000000,419535000000,331403000000,321640000000,318446000000,348062000000,368109000000,385955000000,397936000000,405726000000,996831000000,1066905000000,1097235000000,1073023000000,1135812000000,900066000000,960455000000,1030433000000,989113000000,985330000000,927985000000,905359000000,879687000000,809879000000,721960000000,684285000000,677605000000
131,신용카드사,10229,신한카드㈜,B,SC021,부문별 자산현황(대출채권),H4,대출채권_대여금_지급보증대지급금,0,0,0,0,0,0,0,0,0,0,0,0, , , , , , , , , , , , , , , , , , , , , , , , , , , , , , , , , , , , , , , , , , , , , , , , ,0,0, , , , , ,0
132,신용카드사,10229,신한카드㈜,B,SC021,부문별 자산현황(대출채권),H5,대출채권_대여금_관계회사대여금,0,0,0,0,0,0,0,0,0,0,0,0, , , , , , , , , , , , , , , , , , , , , , , , , , , , , , , , , , , , , , , , , , , , , , , , ,0,0, , , , , ,0
133,신용카드사,10229,신한카드㈜,B,SC021,부문별 자산현황(대출채권),H6,대출채권_대여금_기타 대출채권,-5781000000,557529000000,116723000000,97656000000,585927000000,546583000000,98841000000,85953000000,99056000000,258278000000,198602000000,198588000000, , , , ,105000000000,200000000000, ,668600000000,310000000000,500000000000,100000000000, , ,100000000000, , , , , ,118787000000,19839000000,39826000000,50000000000, , ,74639000000,99086000000,148802000000,128324000000,79289000000,74182000000,297145000000,128922000000,133839000000,257217000000,271071000000,266449000000,414050000000,636007000000,484334000000,448779000000,428562000000,368605000000,368402000000,421236000000,381171000000,366920000000,169508000000,242937000000,193595000000,347839000000,291931000000,1805890000000,1752800000000,245005000000,161822000000
134,신용카드사,10229,신한카드㈜,B,SC021,부문별 자산현황(대출채권),H7,대출채권_대여금_환매채무충당금(-),2000000,0,0,0,0,0,0,0,0,0,0,0, , , , , , , , , , , , , , , , , , , , , , , , , , , , , , , , , , , , , , , , , , , , , , , , ,0,0, , , , , ,0
135,신용카드사,12627,㈜케이비국민카드,B,SC021,부문별 자산현황(대출채권),A,대출채권 계,,,,,,,,,,,,,130000000000,190000000000, , , , ,473391000000,1218036000000,1775975000000,2195009000000,2537242000000,2769246000000,2898981000000,2841535000000,2826781000000,2778172000000,2700666000000,2680496000000,2659291000000,2713370000000,2166685000000,1681268000000,1289078000000,947750000000,670724000000,456122000000,299351000000,212321000000,188835000000,181389000000,172988000000,195152000000,201705000000,215545000000,223487000000,236894000000,252665000000,261695000000,305457000000,329318000000,354392000000,392656000000,414780000000,423315000000,444921000000,478413000000,565845000000,634574000000,703427000000,750458000000,798748000000,801295000000,819145000000,846140000000,947177000000,980855000000
136,신용카드사,12627,㈜케이비국민카드,B,SC021,부문별 자산현황(대출채권),B,대출채권_대손충당금 등,,,,,,,,,,,,,0, , , , , ,3660000000,8211000000,15080000000,20667000000,25568000000,-37414000000,-34836000000,-30245000000,-25304000000,-21415000000,-17294000000,-9106000000,-4835000000,-4554000000,109000000,3770000000,13533000000,12022000000,12484000000,12260000000,11403000000,8504000000,16843000000,17553000000,14978000000,17596000000,18391000000,19882000000,19365000000,21115000000,22738000000,21951000000,16287000000,16203000000,16321000000,16989000000,18130000000,21907000000,23205000000,24477000000,21062000000,22133000000,26672000000,30164000000,34618000000,34883000000,38539000000,40886000000,48423000000,48515000000
137,신용카드사,12627,㈜케이비국민카드,B,SC021,부문별 자산현황(대출채권),D,대출채권_콜론,,,,,,,,,,,,,130000000000,190000000000, , , , , , , , , , , ,0,0,0, , , , ,0, ,0,0,0,0,0,0,0,0,0,0,0, ,0, , , , , , , , , , , , , , , , , , , , , 
138,신용카드사,12627,㈜케이비국민카드,B,SC021,부문별 자산현황(대출채권),E,대출채권_할인어음,,,,,,,,,,,,,0, , , , , , , , , , , , ,0,0,0, , , , ,0, ,0,0,0,0,0,0,0,0,0,0,0, ,0, , , , , , , , , , , , , , , , , , , , , 
139,신용카드사,12627,㈜케이비국민카드,B,SC021,부문별 자산현황(대출채권),F,대출채권_팩토링금융(일괄팩토링),,,,,,,,,,,,,0, , , , , , , , , , , , ,0,0,0, , , , ,0, ,0,0,0,0,0,0,0,0,0,0,0, ,0, , , , , , , , , , , , , , , , , , , , , 
140,신용카드사,12627,㈜케이비국민카드,B,SC021,부문별 자산현황(대출채권),G,대출채권_팩토링채권(건별팩토링),,,,,,,,,,,,,0, , , , , ,474083000000,1215393000000,1768693000000,2184456000000,2524662000000,2810336000000,2938883000000,2878114000000,2859315000000,2806335000000,2725282000000,2704364000000,2664423000000,2705753000000,2144099000000,1634252000000,1196771000000,821417000000,523823000000,297471000000,140617000000,51689000000,24437000000,9882000000,3473000000,450000000,203000000,160000000,144000000,120000000,113000000,112000000,112000000,108000000,124000000,123000000,122000000,118000000,117000000,116000000,116000000,116000000,121000000,123000000,25000000,74000000,46000000,25000000,56924000000,62171000000
141,신용카드사,12627,㈜케이비국민카드,B,SC021,부문별 자산현황(대출채권),G1,대출채권_팩토링채권_어음채권,,,,,,,,,,,,,0, , , , , , , , , , , , ,0,0,0, , , , ,0, ,0,0,0,0,0,0,0,0,0,0,0, ,0, , , , , , , , , , , , , , , , , , , , , 
142,신용카드사,12627,㈜케이비국민카드,B,SC021,부문별 자산현황(대출채권),G2,대출채권_팩토링채권_확정채권,,,,,,,,,,,,,0, , , , , , , , , , , , ,0,0,0, , , , ,0, ,0,0,0,0,0,0,0,0,0,0,0, ,0, , , , , , , , , , , , , , , , , , , , , 
143,신용카드사,12627,㈜케이비국민카드,B,SC021,부문별 자산현황(대출채권),G3,대출채권_팩토링채권_미확정채권,,,,,,,,,,,,,0, , , , , , , , , , , , ,0,0,0, , , , ,0, ,0,0,0,0,0,0,0,0,0,0,0, ,0, , , , , , , , , , , , , , , , , , , , , 
144,신용카드사,12627,㈜케이비국민카드,B,SC021,부문별 자산현황(대출채권),G4,대출채권_팩토링채권_할부채권,,,,,,,,,,,,,0, , , , , ,474083000000,1215393000000,1768693000000,2184456000000,2524662000000,2810336000000,2938883000000,2878114000000,2859315000000,2806335000000,2725282000000,2704364000000,2664423000000,2705753000000,2144099000000,1634252000000,1196771000000,821417000000,523823000000,297471000000,140617000000,51689000000,24437000000,9882000000,3473000000,450000000,203000000,160000000,144000000,120000000,113000000,112000000,112000000,108000000,124000000,123000000,122000000,118000000,117000000,116000000,116000000,116000000,121000000,123000000,25000000,74000000,46000000,25000000,56924000000,62171000000
145,신용카드사,12627,㈜케이비국민카드,B,SC021,부문별 자산현황(대출채권),G5,대출채권_팩토링채권_제휴금융,,,,,,,,,,,,,0, , , , , , , , , , , , ,0,0,0, , , , ,0, ,0,0,0,0,0,0,0,0,0,0,0, ,0, , , , , , , , , , , , , , , , , , , , , 
146,신용카드사,12627,㈜케이비국민카드,B,SC021,부문별 자산현황(대출채권),G6,대출채권_팩토링채권_기일경과어음,,,,,,,,,,,,,0, , , , , , , , , , , , ,0,0,0, , , , ,0, ,0,0,0,0,0,0,0,0,0,0,0, ,0, , , , , , , , , , , , , , , , , , , , , 
147,신용카드사,12627,㈜케이비국민카드,B,SC021,부문별 자산현황(대출채권),H,대출채권_대여금,,,,,,,,,,,,,0, , , , , , , , , , , , ,0, , , ,1232000000,16983000000,28021000000,38861000000,60580000000,105840000000,138355000000,159385000000,170911000000,170137000000,169136000000,181241000000,189060000000,184493000000,212298000000,219893000000,235267000000,242708000000,257889000000,275290000000,283534000000,321632000000,345413000000,370589000000,409522000000,432788000000,445104000000,468009000000,502774000000,586791000000,656591000000,729978000000,780501000000,833342000000,836104000000,857637000000,886999000000,938677000000,967198000000
148,신용카드사,12627,㈜케이비국민카드,B,SC021,부문별 자산현황(대출채권),H1,대출채권_대여금_단기대출금,,,,,,,,,,,,,0, , , , , , , , , , , , ,0, , , , , , ,0, ,0, ,0,0, , , , ,0,0,0, ,0, , , , , , , , , , , ,121000000,33450000000,18693000000,13664000000,12956000000,12572000000,6157000000,3158000000,567000000,120000000
149,신용카드사,12627,㈜케이비국민카드,B,SC021,부문별 자산현황(대출채권),H11,대출채권_대여금_단기대출금_원화단기대출금,,,,,,,,,,,,,0, , , , , , , , , , , , ,0, , , , , , ,0, ,0, ,0,0, , , , ,0,0,0, ,0, , , , , , , , , , , ,121000000,33450000000,18693000000,13664000000,12956000000,12572000000,6157000000,3158000000,567000000,120000000
150,신용카드사,12627,㈜케이비국민카드,B,SC021,부문별 자산현황(대출채권),H12,대출채권_대여금_단기대출금_외화단기대출금,,,,,,,,,,,,,0, , , , , , , , , , , , ,0, , , , , , ,0, ,0, ,0,0, , , , ,0,0,0, ,0, , , , , , , , , , , , , , , , , , , , , 
151,신용카드사,12627,㈜케이비국민카드,B,SC021,부문별 자산현황(대출채권),H2,대출채권_대여금_장기대출금,,,,,,,,,,,,,0, , , , , , , , , , , , ,0, , , , , , ,0, ,0, ,271000000,466000000,651000000,610000000,549000000,487000000,448000000,348000000,300000000,247000000,212000000,176000000,144000000,113000000,98000000,85000000,44000000,35000000,27000000,13000000,6000000,870000000,55184000000,108945000000,142547000000,176946000000,206089000000,234148000000,260701000000,285152000000,291577000000,294837000000
152,신용카드사,12627,㈜케이비국민카드,B,SC021,부문별 자산현황(대출채권),H21,대출채권_대여금_장기대출금_원화장기대출금,,,,,,,,,,,,,0, , , , , , , , , , , , ,0, , , , , , ,0, ,0, ,271000000,466000000,651000000,610000000,549000000,487000000,448000000,348000000,300000000,247000000,212000000,176000000,144000000,113000000,98000000,85000000,44000000,35000000,27000000,13000000,6000000,870000000,55184000000,108945000000,142547000000,176946000000,206089000000,234148000000,260701000000,285152000000,291577000000,294837000000
153,신용카드사,12627,㈜케이비국민카드,B,SC021,부문별 자산현황(대출채권),H22,대출채권_대여금_장기대출금_외화장기대출금,,,,,,,,,,,,,0, , , , , , , , , , , , ,0, , , , , , ,0, ,0, ,0,0, , , , ,0,0,0, ,0, , , , , , , , , , , , , , , , , , , , , 
154,신용카드사,12627,㈜케이비국민카드,B,SC021,부문별 자산현황(대출채권),H3,대출채권_대여금_가계대출금,,,,,,,,,,,,,0, , , , , , , , , , , , ,0, , , ,1232000000,16983000000,28021000000,38861000000,60580000000,105840000000,138355000000,159114000000,170445000000,169486000000,168526000000,180692000000,188573000000,184045000000,211950000000,219593000000,235020000000,242496000000,257713000000,275146000000,283421000000,321534000000,345328000000,370545000000,409487000000,432761000000,445091000000,468003000000,501904000000,531486000000,514196000000,568738000000,589891000000,614297000000,589384000000,590779000000,598689000000,646532000000,672242000000
155,신용카드사,12627,㈜케이비국민카드,B,SC021,부문별 자산현황(대출채권),H31,대출채권_대여금_가계대출금_주택담보대출,,,,,,,,,,,,,0, , , , , , , , , , , , ,0, , , , , , ,0, ,0, ,0,0, , , , , , , , , , , , , , , , , , , , , , , , , , , , , , 
156,신용카드사,12627,㈜케이비국민카드,B,SC021,부문별 자산현황(대출채권),H32,대출채권_대여금_가계대출금_자동차 구입자금 대출,,,,,,,,,,,,,0, , , , , , , , , , , , ,0, , , , , , ,0, ,0, ,4895000000,12019000000,17839000000,16863000000,15684000000,14633000000,13304000000,12163000000,11204000000,10399000000,10193000000,13473000000,21961000000,41133000000,60062000000,75233000000,88531000000,107921000000,121117000000,128158000000,132889000000,146755000000,151799000000,158092000000,147950000000,141762000000,134891000000,123584000000,106358000000,89764000000,75727000000,66083000000
157,신용카드사,12627,㈜케이비국민카드,B,SC021,부문별 자산현황(대출채권),H33,대출채권_대여금_가계대출금_기타,,,,,,,,,,,,,0, , , , , , , , , , , , ,0, , , ,1232000000,16983000000,28021000000,38861000000,60580000000,105840000000,138355000000,154219000000,158426000000,151647000000,151663000000,165008000000,173940000000,170741000000,199787000000,208389000000,224621000000,232303000000,244240000000,253185000000,242288000000,261472000000,270095000000,282014000000,301566000000,311644000000,316933000000,335114000000,355149000000,379687000000,356103000000,420788000000,448128000000,479406000000,465799000000,484421000000,508925000000,570805000000,606159000000
158,신용카드사,12627,㈜케이비국민카드,B,SC021,부문별 자산현황(대출채권),H4,대출채권_대여금_지급보증대지급금,,,,,,,,,,,,,0, , , , , , , , , , , , ,0, , , , , , ,0, ,0, ,0,0,0,0,0,0,0,0,0, ,0, , , , , , , , , , , , , , , , , , , , , 
159,신용카드사,12627,㈜케이비국민카드,B,SC021,부문별 자산현황(대출채권),H5,대출채권_대여금_관계회사대여금,,,,,,,,,,,,,0, , , , , , , , , , , , ,0, , , , , , ,0, ,0, ,0,0,0,0,0,0,0,0,0, ,0, , , , , , , , , , , , , , , , , , , , , 
160,신용카드사,12627,㈜케이비국민카드,B,SC021,부문별 자산현황(대출채권),H6,대출채권_대여금_기타 대출채권,,,,,,,,,,,,,0, , , , , , , , , , , , ,0, , , , , , ,0, ,0, ,0,0,0,0,0,0,0,0,0, ,0, , , , , , , , , , , , , , , , , , , , , 
161,신용카드사,12627,㈜케이비국민카드,B,SC021,부문별 자산현황(대출채권),H7,대출채권_대여금_환매채무충당금(-),,,,,,,,,,,,,0, , , , , , , , , , , , ,0, , , , , , ,0, ,0, ,0,0,0,0,0,0,0,0,0, ,0, , , , , , , , , , , , , , , , , , , , , 
162,신용카드사,13361,㈜우리카드,B,SC021,부문별 자산현황(대출채권),A,대출채권 계,,,,,,,,,,,,,,,,,,,,,, , ,0,0,0,0,15067000000,55800000000,15313000000,27248000000, ,2707000000,12519000000,23330000000,43949000000,113902000000,200293000000,291663000000,259102000000,257630000000,255637000000,252055000000,258484000000,248748000000,239646000000,225633000000,212540000000,195875000000,178198000000,168482000000,207452000000,210329000000,160946000000,166761000000,310640000000,717429000000,1024181000000,1219492000000,1145103000000,1373714000000,1304263000000,1275539000000,1223481000000,1074347000000,1022178000000,934132000000,812794000000
163,신용카드사,13361,㈜우리카드,B,SC021,부문별 자산현황(대출채권),B,대출채권_대손충당금 등,,,,,,,,,,,,,,,,,,,,,, , ,0,0,0,0,3000000,12000000,3000000,6000000, ,81000000,573000000,1137000000,2102000000,4837000000,9405000000,14555000000,14351000000,20955000000,22521000000,23589000000,19131000000,20519000000,20510000000,19757000000,18013000000,19239000000,18721000000,17393000000,19284000000,19451000000,16809000000,14360000000,20727000000,32882000000,42898000000,55199000000,61991000000,66303000000,70528000000,79603000000,74330000000,75094000000,73592000000,76601000000,59797000000
164,신용카드사,13361,㈜우리카드,B,SC021,부문별 자산현황(대출채권),D,대출채권_콜론,,,,,,,,,,,,,,,,,,,,,, , ,0,0,0,0,15071000000,55812000000,15317000000, , , , ,0,0,0,0,0, , , , , , , , , , , , , , , , , , , , ,0,0,0,0,0,0,0, ,0
165,신용카드사,13361,㈜우리카드,B,SC021,부문별 자산현황(대출채권),E,대출채권_할인어음,,,,,,,,,,,,,,,,,,,,,, , ,0,0,0,0,0,0, , , , , ,0,0,0,0,0, , , , , , , , , , , , , , , , , , , , ,0,0,0,0,0,0,0, ,0
166,신용카드사,13361,㈜우리카드,B,SC021,부문별 자산현황(대출채권),F,대출채권_팩토링금융(일괄팩토링),,,,,,,,,,,,,,,,,,,,,, , ,0,0,0,0,0,0, , , , , ,0,0,0,0,0, , , , , , , , , , , , , , ,0,856000000,856000000,740000000,1093000000,555000000,584000000,178000000,95000000,151000000,100000000,77000000,44000000,16000000,0
167,신용카드사,13361,㈜우리카드,B,SC021,부문별 자산현황(대출채권),G,대출채권_팩토링채권(건별팩토링),,,,,,,,,,,,,,,,,,,,,, , ,0,0,0,0,0,0, , , , , ,0,0,0,0,0, , , , , , , , , , , , , , , , , , , , ,0,0,0,0,0,0,0, ,0
168,신용카드사,13361,㈜우리카드,B,SC021,부문별 자산현황(대출채권),G1,대출채권_팩토링채권_어음채권,,,,,,,,,,,,,,,,,,,,,, , ,0,0,0,0,0,0, , , , , ,0,0,0,0,0, , , , , , , , , , , , , , , , , , , , ,0,0,0,0,0,0,0, ,0
169,신용카드사,13361,㈜우리카드,B,SC021,부문별 자산현황(대출채권),G2,대출채권_팩토링채권_확정채권,,,,,,,,,,,,,,,,,,,,,, , ,0,0,0,0,0,0, , , , , ,0,0,0,0,0, , , , , , , , , , , , , , , , , , , , ,0,0,0,0,0,0,0, ,0
170,신용카드사,13361,㈜우리카드,B,SC021,부문별 자산현황(대출채권),G3,대출채권_팩토링채권_미확정채권,,,,,,,,,,,,,,,,,,,,,, , ,0,0,0,0,0,0, , , , , ,0,0,0,0,0, , , , , , , , , , , , , , , , , , , , ,0,0,0,0,0,0,0, ,0
171,신용카드사,13361,㈜우리카드,B,SC021,부문별 자산현황(대출채권),G4,대출채권_팩토링채권_할부채권,,,,,,,,,,,,,,,,,,,,,, , ,0,0,0,0,0,0, , , , , ,0,0,0,0,0, , , , , , , , , , , , , , , , , , , , ,0,0,0,0,0,0,0, ,0
172,신용카드사,13361,㈜우리카드,B,SC021,부문별 자산현황(대출채권),G5,대출채권_팩토링채권_제휴금융,,,,,,,,,,,,,,,,,,,,,, , ,0,0,0,0,0,0, , , , , ,0,0,0,0,0, , , , , , , , , , , , , , , , , , , , ,0,0,0,0,0,0,0, ,0
173,신용카드사,13361,㈜우리카드,B,SC021,부문별 자산현황(대출채권),G6,대출채권_팩토링채권_기일경과어음,,,,,,,,,,,,,,,,,,,,,, , ,0,0,0,0,0,0, , , , , ,0,0,0,0,0, , , , , , , , , , , , , , , , , , , , ,0,0,0,0,0,0,0, ,0
174,신용카드사,13361,㈜우리카드,B,SC021,부문별 자산현황(대출채권),H,대출채권_대여금,,,,,,,,,,,,,,,,,,,,,, , ,0,0,0,0,0,0, , , ,2788000000,13093000000,24468000000,46051000000,118739000000,209698000000,306219000000,273452000000,278585000000,278158000000,275644000000,277615000000,269267000000,260156000000,245389000000,230553000000,215114000000,196920000000,185876000000,176736000000,179780000000,177755000000,180265000000,330511000000,749571000000,1065986000000,1274136000000,1206509000000,1439840000000,1374696000000,1354991000000,1297711000000,1149364000000,1095727000000,1010717000000,872590000000
175,신용카드사,13361,㈜우리카드,B,SC021,부문별 자산현황(대출채권),H1,대출채권_대여금_단기대출금,,,,,,,,,,,,,,,,,,,,,, , ,0,0,0,0,0,0, , , , , ,0,0,0,0,0, , , , , , , , , , , , , , , ,731000000,200000000,101930000000,157107000000,200423000000,189568000000,167500000000,158525000000,160286000000,172187000000,182451000000,187631000000,161291000000,137511000000
176,신용카드사,13361,㈜우리카드,B,SC021,부문별 자산현황(대출채권),H11,대출채권_대여금_단기대출금_원화단기대출금,,,,,,,,,,,,,,,,,,,,,, , ,0,0,0,0,0,0, , , , , ,0,0,0,0,0, , , , , , , , , , , , , , , ,731000000,200000000,101930000000,157107000000,200423000000,189568000000,167500000000,158525000000,160286000000,172187000000,182451000000,187631000000,161291000000,137511000000
177,신용카드사,13361,㈜우리카드,B,SC021,부문별 자산현황(대출채권),H12,대출채권_대여금_단기대출금_외화단기대출금,,,,,,,,,,,,,,,,,,,,,, , ,0,0,0,0,0,0, , , , , ,0,0,0,0,0, , , , , , , , , , , , , , , , , , , , ,0,0,0,0,0,0,0, ,0
178,신용카드사,13361,㈜우리카드,B,SC021,부문별 자산현황(대출채권),H2,대출채권_대여금_장기대출금,,,,,,,,,,,,,,,,,,,,,, , ,0,0,0,0,0,0, , , , , ,0,0,0,0,0, , , , , , , , , , , , , , , , ,35023000000,266761000000,468866000000,632757000000,609304000000,838421000000,842610000000,884625000000,876450000000,765723000000,739475000000,696927000000,609439000000
179,신용카드사,13361,㈜우리카드,B,SC021,부문별 자산현황(대출채권),H21,대출채권_대여금_장기대출금_원화장기대출금,,,,,,,,,,,,,,,,,,,,,, , ,0,0,0,0,0,0, , , , , ,0,0,0,0,0, , , , , , , , , , , , , , , , ,35023000000,266761000000,468866000000,632757000000,609304000000,838421000000,842610000000,884625000000,876450000000,765723000000,739475000000,696927000000,609439000000
180,신용카드사,13361,㈜우리카드,B,SC021,부문별 자산현황(대출채권),H22,대출채권_대여금_장기대출금_외화장기대출금,,,,,,,,,,,,,,,,,,,,,, , ,0,0,0,0,0,0, , , , , ,0,0,0,0,0, , , , , , , , , , , , , , , , , , , , ,0,0,0,0,0,0,0, ,0
181,신용카드사,13361,㈜우리카드,B,SC021,부문별 자산현황(대출채권),H3,대출채권_대여금_가계대출금,,,,,,,,,,,,,,,,,,,,,, , ,0,0,0,0,0,0, , , ,2788000000,13093000000,24468000000,46051000000,118739000000,209698000000,306219000000,273452000000,278585000000,278158000000,275644000000,277615000000,269267000000,260156000000,245389000000,230553000000,215114000000,196920000000,185876000000,176736000000,179780000000,177755000000,179534000000,295288000000,380880000000,440013000000,440956000000,407637000000,433918000000,373561000000,310081000000,249074000000,201190000000,168620000000,152499000000,125640000000
182,신용카드사,13361,㈜우리카드,B,SC021,부문별 자산현황(대출채권),H31,대출채권_대여금_가계대출금_주택담보대출,,,,,,,,,,,,,,,,,,,,,, , ,0,0,0,0,0,0, , , , , ,0,0,0,0,0, , , , , , , , , , , , , , , , , , , , ,0,0,0,0,0,0,0, ,0
183,신용카드사,13361,㈜우리카드,B,SC021,부문별 자산현황(대출채권),H32,대출채권_대여금_가계대출금_자동차 구입자금 대출,,,,,,,,,,,,,,,,,,,,,, , ,0,0,0,0,0,0, , , , , ,0,0,6655000000,13220000000,42044000000,40679000000,37887000000,35652000000,33133000000,30523000000,27836000000,25310000000,18360000000,15638000000,13045000000,9967000000,8164000000,6720000000,5336000000,4061000000,2962000000,1967000000,1105000000,430000000,4000000,0,0,0,0,0,0,0, ,0
184,신용카드사,13361,㈜우리카드,B,SC021,부문별 자산현황(대출채권),H33,대출채권_대여금_가계대출금_기타,,,,,,,,,,,,,,,,,,,,,, , ,0,0,0,0,0,0, , , ,2788000000,13093000000,24468000000,46051000000,112084000000,196478000000,264174000000,232773000000,240698000000,242506000000,242512000000,247092000000,241430000000,234846000000,227029000000,214915000000,202069000000,186953000000,177712000000,170016000000,174444000000,173694000000,176572000000,293321000000,379775000000,439584000000,440952000000,407637000000,433918000000,373561000000,310081000000,249074000000,201190000000,168620000000,152499000000,125640000000
185,신용카드사,13361,㈜우리카드,B,SC021,부문별 자산현황(대출채권),H4,대출채권_대여금_지급보증대지급금,,,,,,,,,,,,,,,,,,,,,, , ,0,0,0,0,0,0, , , , , ,0,0,0,0,0, , , , , , , , , , , , , , , , , , , , ,0,0,0,0,0,0,0, ,0
186,신용카드사,13361,㈜우리카드,B,SC021,부문별 자산현황(대출채권),H5,대출채권_대여금_관계회사대여금,,,,,,,,,,,,,,,,,,,,,, , ,0,0,0,0,0,0, , , , , ,0,0,0,0,0, , , , , , , , , , , , , , , , , , , , ,0,0,0,0,0,0,0, ,0
187,신용카드사,13361,㈜우리카드,B,SC021,부문별 자산현황(대출채권),H6,대출채권_대여금_기타 대출채권,,,,,,,,,,,,,,,,,,,,,, , ,0,0,0,0,0,0, ,27254000000, , , ,0,0,0,0,0, , , , , , , , , , , , ,50000000000,50000000000, , , , , , ,0,0,0,0,0,0,0, ,0
188,신용카드사,13361,㈜우리카드,B,SC021,부문별 자산현황(대출채권),H7,대출채권_대여금_환매채무충당금(-),,,,,,,,,,,,,,,,,,,,,, , ,0,0,0,0,0,0, , , , , ,0,0,0,0,0, , , , , , , , , , , , , , , , , , , , ,0,0,0,0,0,0,0, ,0
189,신용카드사,13640,하나카드㈜,B,SC021,부문별 자산현황(대출채권),A,대출채권 계,,,,,,,,,,,,,,,,,,,,,,,,,,, ,81352000000,36578000000,7410000000,1186000000,1041000000,0,1000000,0,0,0,0,0,0,0,0,0,0,0,0,0,0,0,0,0,0,47701000000,82687000000,94981000000,83849000000,133932000000,161008000000,205169000000,210091000000,248540000000,309330000000,331998000000,361953000000,325851000000,356032000000,354920000000,323425000000
190,신용카드사,13640,하나카드㈜,B,SC021,부문별 자산현황(대출채권),B,대출채권_대손충당금 등,,,,,,,,,,,,,,,,,,,,,,,,,,, ,1774000000,1233000000,757000000,616000000,458000000,885000000,730000000,300000000,19000000,14000000,17000000,21000000,12000000,16000000,15000000,18000000,17000000,23000000,21000000,21000000,22000000,24000000,23000000,23000000,22000000,1177000000,2425000000,2881000000,2927000000,2901000000,2342000000,1725000000,2399000000,2313000000,2633000000,2607000000,3809000000,3900000000,4085000000,4401000000,4553000000
191,신용카드사,13640,하나카드㈜,B,SC021,부문별 자산현황(대출채권),D,대출채권_콜론,,,,,,,,,,,,,,,,,,,,,,,,,,, ,499000000,7202000000,0,0,0,0,0,0,0,0,0,0,0,0,0,0,0,0,0,0,0,0,0,0,0,0,0,0,0,0,0,0,0,0,0,0,0,0,0,0,0
192,신용카드사,13640,하나카드㈜,B,SC021,부문별 자산현황(대출채권),E,대출채권_할인어음,,,,,,,,,,,,,,,,,,,,,,,,,,, , ,0,0,0,0,0,0,0,0,0,0,0,0,0,0,0,0,0,0,0,0,0,0,0,0,0,0,0,0,0,0,0,0,0,0,0,0,0,0,0,0
193,신용카드사,13640,하나카드㈜,B,SC021,부문별 자산현황(대출채권),F,대출채권_팩토링금융(일괄팩토링),,,,,,,,,,,,,,,,,,,,,,,,,,, ,82441000000,30493000000,8108000000,1802000000,1500000000,885000000,731000000,300000000,19000000,14000000,17000000,21000000,12000000,16000000,15000000,18000000,17000000,23000000,21000000,21000000,22000000,24000000,23000000,23000000,22000000,22000000,22000000,22000000,22000000,22000000,22000000,22000000,22000000,22000000,22000000,22000000,22000000,22000000,22000000,22000000,0
194,신용카드사,13640,하나카드㈜,B,SC021,부문별 자산현황(대출채권),G,대출채권_팩토링채권(건별팩토링),,,,,,,,,,,,,,,,,,,,,,,,,,, , ,0,0,0,0,0,0,0,0,0,0,0,0,0,0,0,0,0,0,0,0,0,0,0,0,0,0,0,0,0,0,0,0,0,0,0,0,0,0,0,0
195,신용카드사,13640,하나카드㈜,B,SC021,부문별 자산현황(대출채권),G1,대출채권_팩토링채권_어음채권,,,,,,,,,,,,,,,,,,,,,,,,,,, , ,0,0,0,0,0,0,0,0,0,0,0,0,0,0,0,0,0,0,0,0,0,0,0,0,0,0,0,0,0,0,0,0,0,0,0,0,0,0,0,0
196,신용카드사,13640,하나카드㈜,B,SC021,부문별 자산현황(대출채권),G2,대출채권_팩토링채권_확정채권,,,,,,,,,,,,,,,,,,,,,,,,,,, , ,0,0,0,0,0,0,0,0,0,0,0,0,0,0,0,0,0,0,0,0,0,0,0,0,0,0,0,0,0,0,0,0,0,0,0,0,0,0,0,0
197,신용카드사,13640,하나카드㈜,B,SC021,부문별 자산현황(대출채권),G3,대출채권_팩토링채권_미확정채권,,,,,,,,,,,,,,,,,,,,,,,,,,, , ,0,0,0,0,0,0,0,0,0,0,0,0,0,0,0,0,0,0,0,0,0,0,0,0,0,0,0,0,0,0,0,0,0,0,0,0,0,0,0,0
198,신용카드사,13640,하나카드㈜,B,SC021,부문별 자산현황(대출채권),G4,대출채권_팩토링채권_할부채권,,,,,,,,,,,,,,,,,,,,,,,,,,, , ,0,0,0,0,0,0,0,0,0,0,0,0,0,0,0,0,0,0,0,0,0,0,0,0,0,0,0,0,0,0,0,0,0,0,0,0,0,0,0,0
199,신용카드사,13640,하나카드㈜,B,SC021,부문별 자산현황(대출채권),G5,대출채권_팩토링채권_제휴금융,,,,,,,,,,,,,,,,,,,,,,,,,,, , ,0,0,0,0,0,0,0,0,0,0,0,0,0,0,0,0,0,0,0,0,0,0,0,0,0,0,0,0,0,0,0,0,0,0,0,0,0,0,0,0
200,신용카드사,13640,하나카드㈜,B,SC021,부문별 자산현황(대출채권),G6,대출채권_팩토링채권_기일경과어음,,,,,,,,,,,,,,,,,,,,,,,,,,, , ,0,0,0,0,0,0,0,0,0,0,0,0,0,0,0,0,0,0,0,0,0,0,0,0,0,0,0,0,0,0,0,0,0,0,0,0,0,0,0,0
201,신용카드사,13640,하나카드㈜,B,SC021,부문별 자산현황(대출채권),H,대출채권_대여금,,,,,,,,,,,,,,,,,,,,,,,,,,, ,185000000,117000000,59000000,0,0,0,0,0,0,0,0,0,0,0,0,0,0,0,0,0,0,0,0,0,0,48856000000,85089000000,97841000000,86754000000,136810000000,163329000000,206872000000,212469000000,249465000000,311940000000,334583000000,365739000000,329729000000,360095000000,359299000000,327978000000
202,신용카드사,13640,하나카드㈜,B,SC021,부문별 자산현황(대출채권),H1,대출채권_대여금_단기대출금,,,,,,,,,,,,,,,,,,,,,,,,,,, ,185000000,117000000,59000000,0,0,0,0,0,0,0,0,0,0,0,0,0,0,0,0,0,0,0,0,0,0,0,0,0,0,0,0,0,0,18000000000,36500000000,36000000000,36000000000,21000000000,4000000000,4000000000,1500000000
203,신용카드사,13640,하나카드㈜,B,SC021,부문별 자산현황(대출채권),H11,대출채권_대여금_단기대출금_원화단기대출금,,,,,,,,,,,,,,,,,,,,,,,,,,, ,185000000,117000000,59000000,0,0,0,0,0,0,0,0,0,0,0,0,0,0,0,0,0,0,0,0,0,0,0,0,0,0,0,0,0,0,18000000000,36500000000,36000000000,36000000000,21000000000,4000000000,4000000000,1500000000
204,신용카드사,13640,하나카드㈜,B,SC021,부문별 자산현황(대출채권),H12,대출채권_대여금_단기대출금_외화단기대출금,,,,,,,,,,,,,,,,,,,,,,,,,,, , ,0,0,0,0,0,0,0,0,0,0,0,0,0,0,0,0,0,0,0,0,0,0,0,0,0,0,0,0,0,0,0,0,0,0,0,0,0,0,0,0
205,신용카드사,13640,하나카드㈜,B,SC021,부문별 자산현황(대출채권),H2,대출채권_대여금_장기대출금,,,,,,,,,,,,,,,,,,,,,,,,,,, , ,0,0,0,0,0,0,0,0,0,0,0,0,0,0,0,0,0,0,0,0,0,0,0,0,10000000000,15000000000,42000000000,42000000000,96500000000,111315000000,124815000000,139815000000,164815000000,213241000000,240878000000,273878000000,255897000000,305418000000,306126000000,280437000000
206,신용카드사,13640,하나카드㈜,B,SC021,부문별 자산현황(대출채권),H21,대출채권_대여금_장기대출금_원화장기대출금,,,,,,,,,,,,,,,,,,,,,,,,,,, , ,0,0,0,0,0,0,0,0,0,0,0,0,0,0,0,0,0,0,0,0,0,0,0,0,10000000000,15000000000,42000000000,42000000000,96500000000,111315000000,124815000000,139815000000,164815000000,213241000000,240878000000,273878000000,255897000000,305418000000,306126000000,280437000000
207,신용카드사,13640,하나카드㈜,B,SC021,부문별 자산현황(대출채권),H22,대출채권_대여금_장기대출금_외화장기대출금,,,,,,,,,,,,,,,,,,,,,,,,,,, , ,0,0,0,0,0,0,0,0,0,0,0,0,0,0,0,0,0,0,0,0,0,0,0,0,0,0,0,0,0,0,0,0,0,0,0,0,0,0,0,0
208,신용카드사,13640,하나카드㈜,B,SC021,부문별 자산현황(대출채권),H3,대출채권_대여금_가계대출금,,,,,,,,,,,,,,,,,,,,,,,,,,, , ,0,0,0,0,0,0,0,0,0,0,0,0,0,0,0,0,0,0,0,0,0,0,0,0,38856000000,70089000000,55841000000,44754000000,40310000000,52014000000,82057000000,72654000000,66649000000,62199000000,57705000000,55861000000,52832000000,50678000000,49172000000,46042000000
209,신용카드사,13640,하나카드㈜,B,SC021,부문별 자산현황(대출채권),H31,대출채권_대여금_가계대출금_주택담보대출,,,,,,,,,,,,,,,,,,,,,,,,,,, , ,0,0,0,0,0,0,0,0,0,0,0,0,0,0,0,0,0,0,0,0,0,0,0,0,0,0,0,0,0,0,0,0,0,0,0,0,0,0,0,0
210,신용카드사,13640,하나카드㈜,B,SC021,부문별 자산현황(대출채권),H32,대출채권_대여금_가계대출금_자동차 구입자금 대출,,,,,,,,,,,,,,,,,,,,,,,,,,, , ,0,0,0,0,0,0,0,0,0,0,0,0,0,0,0,0,0,0,0,0,0,0,0,0,817000000,1944000000,3795000000,6463000000,13138000000,31209000000,66234000000,61835000000,59061000000,55173000000,50353000000,46672000000,42483000000,38826000000,34932000000,31190000000
211,신용카드사,13640,하나카드㈜,B,SC021,부문별 자산현황(대출채권),H33,대출채권_대여금_가계대출금_기타,,,,,,,,,,,,,,,,,,,,,,,,,,, , ,0,0,0,0,0,0,0,0,0,0,0,0,0,0,0,0,0,0,0,0,0,0,0,0,38039000000,68145000000,52045000000,38292000000,27172000000,20804000000,15823000000,10818000000,7589000000,7026000000,7352000000,9190000000,10350000000,11851000000,14240000000,14852000000
212,신용카드사,13640,하나카드㈜,B,SC021,부문별 자산현황(대출채권),H4,대출채권_대여금_지급보증대지급금,,,,,,,,,,,,,,,,,,,,,,,,,,, , ,0,0,0,0,0,0,0,0,0,0,0,0,0,0,0,0,0,0,0,0,0,0,0,0,0,0,0,0,0,0,0,0,0,0,0,0,0,0,0,0
213,신용카드사,13640,하나카드㈜,B,SC021,부문별 자산현황(대출채권),H5,대출채권_대여금_관계회사대여금,,,,,,,,,,,,,,,,,,,,,,,,,,, , ,0,0,0,0,0,0,0,0,0,0,0,0,0,0,0,0,0,0,0,0,0,0,0,0,0,0,0,0,0,0,0,0,0,0,0,0,0,0,0,0
214,신용카드사,13640,하나카드㈜,B,SC021,부문별 자산현황(대출채권),H6,대출채권_대여금_기타 대출채권,,,,,,,,,,,,,,,,,,,,,,,,,,, , ,0,0,0,0,0,0,0,0,0,0,0,0,0,0,0,0,0,0,0,0,0,0,0,0,0,0,0,0,0,0,0,0,1366000000,0,0,0,0,0,0,0
215,신용카드사,13640,하나카드㈜,B,SC021,부문별 자산현황(대출채권),H7,대출채권_대여금_환매채무충당금(-),,,,,,,,,,,,,,,,,,,,,,,,,,, , ,0,0,0,0,0,0,0,0,0,0,0,0,0,0,0,0,0,0,0,0,0,0,0,0,0,0,0,0,0,0,0,0,0,0,0,0,0,0,0,0
