,금융구분,금융회사코드,금융회사명,통계분류,통계표코드,통계표명,코드,구분,항목,200212,200303,200306,200309,200312,200403,200406,200409,200412,200503,200506,200509,200512,200603,200606,200609,200612,200703,200706,200709,200712,200803,200806,200809,200812,200903,200906,200909,200912,201003,201006,201009,201012,201103,201106,201109,201112,201203,201206,201209,201212,201303,201306,201309,201312,201403,201406,201409,201412,201503,201506,201509,201512,201603,201606,201609,201612,201703,201706,201709,201712,201803,201806,201809,201812,201903,201906,201909,201912,202003,202006,202009,202012,202103,202106,202109,202112,202203,202206,202209,202212,202303,202306,202309,202312,202403,202406,202409,202412,202503,202506
0,신용카드사,10225,현대카드㈜,B,SC005,자금조달현황,A,총계,금액,2881704000000,2989705000000,2894705000000,2932904000000,2789935000000,2854180000000,3106359000000,2748679000000,2506055000000,2681316000000,2456477000000,2411170000000,2669763000000,2355977000000,2115322000000,2130249000000,2206328000000,2590382000000,2384250000000,2416316000000,2928100000000,3439142000000,3265138000000,3560575000000,4083215000000,4234692000000,4318036000000,4301358000000,5256251000000,5223227000000,5385585000000,6182425000000,7207272000000,7212383000000,6792300000000,6888493000000,7081117000000,7091705000000,7203473000000,6785245000000,7023784000000,6574101000000,6552501000000,6690977000000,7192341000000,7087814000000,7486277000000,7451687000000,7935460000000,7655650000000,7513703000000,8469037000000,9123261000000,9051192000000,9349408000000,9492574000000,9953764000000,9575288000000,9801902000000,10577444000000,10152135000000,10524932000000,10915702000000,10648169000000,10516995000000,10582925000000,10969323000000,11120405000000,11850459000000,12141606000000,12979148000000,13102121000000,14088378000000,14280109000000,14803495000000,16066060000000,15714149000000,15868782000000,17517169000000,19041647000000,18231294000000,17068490000000,16795617000000,16720607000000,16823373000000,18650365000000,18255313000000,17938026000000,20145203000000,20054564000000,18933538000000
1,신용카드사,10225,현대카드㈜,B,SC005,자금조달현황,A1,차입금,금액,1881704000000,1574705000000,1472705000000,1154904000000,985944000000,1081241000000,1408370000000,1456690000000,1079735000000,1302001000000,641162000000,505896000000,634491000000,465732000000,175077000000,250004000000,351083000000,695228000000,209022000000,248105000000,583467000000,583358000000,319823000000,183811000000,672221000000,764754000000,584702000000,448054000000,671006000000,607414000000,379164000000,679067000000,1391766000000,810551000000,370000000000,270000000000,590000000000,330000000000,490000000000,170000000000,487500000000,127500000000,225000000000,285000000000,212500000000,212500000000,240000000000,200000000000,200000000000,200000000000,200000000000,420000000000,590000000000,920000000000,1015000000000,1225000000000,1515000000000,1895000000000,2045000000000,2610000000000,2535000000000,2685000000000,2965000000000,2865000000000,3015000000000,2705000000000,2735000000000,2745000000000,2739000000000,2409000000000,2304833000000,1928583000000,2562333000000,2606083000000,2729833000000,2588583000000,2327333000000,2506083000000,3281222000000,3777056000000,3733889000000,3667885000000,3490772000000,3423846000000,3283282000000,3511142000000,2952756000000,2883024000000,2817597000000,1925855000000,1498534000000
2,신용카드사,10225,현대카드㈜,B,SC005,자금조달현황,A11,단기차입금,금액,1761704000000,1574705000000,1172705000000,764904000000,680944000000,711241000000,1308370000000,1116690000000,879735000000,1122001000000,641162000000,405896000000,518491000000,465732000000,175077000000,100004000000,107793000000,396003000000,70002000000,110000000000,442737000000,434603000000,226003000000,65041000000,560710000000,651570000000,477800000000,342550000000,569980000000,510000000000,270000000000,510000000000,1190000000000,,,,,,,,,,,,,,,,,,,,,,,,,,,,,,,,,,,,,,,,,,,,,,,,,,,,,,,,,,
3,신용카드사,10225,현대카드㈜,B,SC005,자금조달현황,A11,차입금_단기차입금,금액,,,,,,,,,,,,,,,,,,,,,,,,,,,,,,,,,,674000000000,340000000000,190000000000,540000000000,280000000000,390000000000,70000000000,400000000000,65000000000,105000000000,215000000000,162500000000,80000000000,120000000000,130000000000,150000000000,150000000000,150000000000,370000000000,540000000000,620000000000,745000000000,505000000000,505000000000,605000000000,755000000000,1000000000000,935000000000,885000000000,865000000000,865000000000,1015000000000,835000000000,825000000000,785000000000,685000000000,805000000000,865000000000,925000000000,1105000000000,1155000000000,1005000000000,1020000000000,755000000000,470000000000,460000000000,410000000000,340000000000,438076000000,378579000000,279171000000,447168000000,595075000000,457328000000,418373000000,469198000000,189773000000,164773000000
4,신용카드사,10225,현대카드㈜,B,SC005,자금조달현황,A12,차입금_콜머니,금액,,,,,,,,,,,,,,,,,,,,,,,,,,,,,,,,,,0,0,0,0,0,0,0,0,0,0,0,0,0, , , , , , , , , , , , , , , , , , , , , ,0, , , , , , , , , , , , , , , , , , , , , , ,0
5,신용카드사,10225,현대카드㈜,B,SC005,자금조달현황,A12,콜머니,금액,120000000000,0,300000000000,390000000000,305000000000,370000000000,100000000000,340000000000,200000000000,180000000000,0,100000000000,116000000000,0,0,150000000000,104000000000,64000000000,0,0,0,0,0,0,0,0,0,0,0,0,0,0,0,,,,,,,,,,,,,,,,,,,,,,,,,,,,,,,,,,,,,,,,,,,,,,,,,,,,,,,,,,
6,신용카드사,10225,현대카드㈜,B,SC005,자금조달현황,A13,장기차입금,금액,0,0,0,0,0,0,0,0,0,0,0,0,0,0,0,0,0,0,0,0,0,0,0,0,0,0,0,0,0,0,0,60000000000,90000000000,,,,,,,,,,,,,,,,,,,,,,,,,,,,,,,,,,,,,,,,,,,,,,,,,,,,,,,,,,
7,신용카드사,10225,현대카드㈜,B,SC005,자금조달현황,A13,차입금_장기차입금,금액,,,,,,,,,,,,,,,,,,,,,,,,,,,,,,,,,,30000000000,30000000000,80000000000,50000000000,50000000000,100000000000,100000000000,87500000000,62500000000,120000000000,70000000000,50000000000,132500000000,120000000000,70000000000,50000000000,50000000000,50000000000,50000000000,50000000000,300000000000,270000000000,720000000000,1010000000000,1290000000000,1290000000000,1610000000000,1600000000000,1800000000000,2100000000000,2000000000000,2000000000000,1870000000000,1910000000000,1960000000000,2054000000000,1604000000000,1439833000000,1003583000000,1457333000000,1451083000000,1724833000000,1568583000000,1572333000000,2036083000000,2821222000000,3367056000000,3393889000000,3229809000000,3112193000000,3144675000000,2836114000000,2916067000000,2495428000000,2464651000000,2348399000000,1736082000000,1333761000000
8,신용카드사,10225,현대카드㈜,B,SC005,자금조달현황,A14,외화차입금,금액,0,0,0,0,0,0,0,0,0,0,0,0,0,0,0,0,139290000000,235225000000,139020000000,138105000000,140730000000,148755000000,93820000000,118770000000,111511000000,113184000000,106902000000,105504000000,101026000000,97414000000,109164000000,109067000000,111766000000,,,,,,,,,,,,,,,,,,,,,,,,,,,,,,,,,,,,,,,,,,,,,,,,,,,,,,,,,,
9,신용카드사,10225,현대카드㈜,B,SC005,자금조달현황,A14,차입금_외화차입금,금액,,,,,,,,,,,,,,,,,,,,,,,,,,,,,,,,,,106551000000,0,0,0,0,0,0,0,0,0,0,0,0,0,0,0,0,0,0,0,0,0,0,0,0,0,0,0,0,0,0,0,0,0,0,0,0,0,0,0,0,0,0,0,0,0,0,0,0,0,0,0,0,0,0,0,0,0
10,신용카드사,10225,현대카드㈜,B,SC005,자금조달현황,A2,회사채,금액,600000000000,715000000000,722000000000,1078000000000,1092946000000,1072939000000,1097989000000,841989000000,976320000000,929315000000,1165315000000,1255274000000,1535272000000,1540245000000,1590245000000,1530245000000,1505245000000,1545154000000,1975228000000,1968211000000,1944633000000,2455784000000,2545315000000,2647364000000,2681594000000,2740538000000,3003934000000,3123904000000,3855545000000,3857966000000,4276721000000,4759070000000,5295806000000,5646256000000,5783201000000,6093848000000,6029797000000,5851465000000,5790433000000,5720365000000,5679884000000,5556921000000,5407741000000,5545497000000,6276308000000,6376541000000,6546341000000,6526773000000,6677012000000,6540533000000,6612774000000,6924832000000,7424581000000,7035277000000,6930765000000,6911127000000,6521499000000,5971629000000,5836451000000,6147574000000,5727889000000,6057497000000,6091539000000,5936516000000,5871456000000,5996383000000,6126371000000,6665988000000,7565237000000,7755452000000,8425237000000,9025023000000,9504925000000,9585111000000,9559962000000,10939246000000,10669618000000,10729739000000,10779526000000,11488871000000,11069440000000,10434851000000,10124769000000,10154519000000,10883973000000,12203087000000,12527663000000,12363207000000,14047830000000,14832256000000,14541846000000
11,신용카드사,10225,현대카드㈜,B,SC005,자금조달현황,A3,보유유가증권매출,금액,0,0,0,0,11045000000,0,0,0,0,0,0,0,0,0,0,0,0,0,0,0,0,0,0,0,0,0,0,0,0,0,0,0,0,0,0,0,0,0,0,0,0,0,0,0,0,0, , , , , , , , , , , , , , , , , , , , , ,0, , , , , , , , , , , , , , , , , , , , , , ,0
12,신용카드사,10225,현대카드㈜,B,SC005,자금조달현황,A4,유동화자금조달,금액,400000000000,700000000000,700000000000,700000000000,700000000000,700000000000,600000000000,450000000000,450000000000,450000000000,650000000000,650000000000,500000000000,350000000000,350000000000,350000000000,350000000000,350000000000,200000000000,200000000000,400000000000,400000000000,400000000000,729400000000,729400000000,729400000000,729400000000,729400000000,729700000000,729700000000,729700000000,729700000000,519700000000,755576000000,639099000000,524645000000,461320000000,910240000000,923040000000,894880000000,856400000000,889680000000,919760000000,860480000000,703533000000,498773000000,699936000000,724914000000,1058448000000,915117000000,700929000000,1124205000000,1108680000000,1095915000000,1403643000000,1356447000000,1917265000000,1708659000000,1920451000000,1819870000000,1889246000000,1782435000000,1859163000000,1846653000000,1630539000000,1881542000000,2107952000000,1709417000000,1546222000000,1977154000000,2249078000000,2148515000000,2021120000000,2088915000000,2513700000000,2538231000000,2717198000000,2632960000000,3456421000000,3775720000000,3427965000000,2965754000000,3180076000000,3142242000000,2656118000000,2936136000000,2774894000000,2691795000000,3279776000000,3296453000000,2893158000000
13,신용카드사,10225,현대카드㈜,B,SC005,자금조달현황,A5,기타자금조달,금액,0,0,0,0,0,0,0,0,0,0,0,0,0,0,0,0,0,0,0,0,0,0,0,0,0,0,0,0,0,28147000000,0,14588000000,0,0,0,0,0,0,0,0,0,0,0,0,0,0,0,0,0,0,0,0,0,0,0,0,0,0,0,0,0,0,0,0,0,0,0,0,0,0,0,0,0,0,0,0,0,0,0,0,0,0,0,0,0,0,0,0,0,0,0
14,신용카드사,10226,롯데카드㈜,B,SC005,자금조달현황,A,총계,금액,250459000000,212000000000,253173000000,242920000000,698237000000,623400000000,657853000000,1334300000000,1205300000000,1235300000000,1269300000000,1499300000000,1818340000000,1759300000000,1940600000000,1965600000000,2165300000000,1945300000000,1995700000000,1932030000000,2315700000000,2270406000000,2258046000000,2537356000000,2866095000000,2678809000000,2455252000000,2478515000000,2894069000000,2990354000000,3371113000000,3719614000000,4476010000000,4625462000000,4816953000000,4928486000000,5170014000000,4924391000000,4994443000000,5046543000000,5427296000000,5209903000000,5207963000000,4972331000000,5636226000000,5252357000000,4933095000000,5089271000000,5643932000000,5248878000000,5394762000000,5992840000000,6414040000000,6259245000000,6516229000000,6693041000000,6923095000000,7136791000000,7165418000000,7329522000000,7810041000000,7681943000000,8500076000000,8928113000000,9352650000000,9506723000000,9219119000000,9267509000000,9972139000000,10078153000000,10580805000000,10688673000000,11137813000000,11088185000000,11732767000000,12138056000000,12948325000000,13307420000000,14856835000000,15570020000000,16580855000000,16574560000000,17004720000000,16966867000000,17250049000000,17794631000000,18531879000000,18591092000000,19192768000000,18979514000000,18805622000000
15,신용카드사,10226,롯데카드㈜,B,SC005,자금조달현황,A1,차입금,금액,250459000000,162000000000,143173000000,132920000000,588237000000,513400000000,497853000000,804300000000,485300000000,445300000000,449300000000,524300000000,703340000000,584300000000,405300000000,220300000000,250000000000,140000000000,160400000000,301400000000,651000000000,512300000000,300300000000,457310000000,781310000000,353120000000,203540000000,269800000000,451200000000,190000000000,260000000000,264260000000,664167000000,613216000000,792343000000,527885000000,712099000000,529634000000,724114000000,819500000000,1179500000000,1049500000000,1149500000000,909500000000,919500000000,764500000000,577000000000,617000000000,1002000000000,479000000000,483000000000,595000000000,860000000000,825000000000,970000000000,940000000000,1130000000000,955000000000,1175000000000,1335000000000,1470000000000,1550000000000,1710000000000,1960054000000,2485000000000,2365000000000,1815000000000,1765000000000,1935000000000,1895000000000,2475000000000,2275000000000,2635000000000,2515000000000,2525000000000,2875000000000,3270000000000,3510000000000,4845000000000,4890000000000,4735000000000,4330000000000,4150000000000,4360000000000,3070000000000,3125000000000,3215000000000,2715000000000,2140000000000,1805000000000,1825000000000
16,신용카드사,10226,롯데카드㈜,B,SC005,자금조달현황,A11,단기차입금,금액,250459000000,155000000000,143173000000,132920000000,187937000000,113100000000,97553000000,404000000000,185000000000,145000000000,149000000000,224000000000,503040000000,384000000000,305000000000,120000000000,250000000000,140000000000,150400000000,291400000000,641000000000,502300000000,300300000000,457310000000,781310000000,353120000000,203540000000,269800000000,431200000000,170000000000,240000000000,210000000000,560000000000,,,,,,,,,,,,,,,,,,,,,,,,,,,,,,,,,,,,,,,,,,,,,,,,,,,,,,,,,,
17,신용카드사,10226,롯데카드㈜,B,SC005,자금조달현황,A11,차입금_단기차입금,금액,,,,,,,,,,,,,,,,,,,,,,,,,,,,,,,,,,510000000000,630000000000,270000000000,270000000000,70000000000,110000000000,300000000000,550000000000,260000000000,420000000000,180000000000,190000000000,55000000000,0,40000000000,475000000000,20000000000,0,170000000000,465000000000,310000000000,275000000000,245000000000,335000000000,110000000000,0,10000000000,110000000000,140000000000,120000000000,120054000000,560000000000,540000000000,360000000000,330000000000,110000000000,20000000000,490000000000,270000000000,70000000000,20000000000,20000000000,160000000000,130000000000,510000000000,1275000000000,1040000000000,1055000000000,750000000000,570000000000,860000000000,620000000000,735000000000,845000000000,485000000000,250000000000,250000000000,590000000000
18,신용카드사,10226,롯데카드㈜,B,SC005,자금조달현황,A12,차입금_콜머니,금액,,,,,,,,,,,,,,,,,,,,,,,,,,,,,,,,,,0,0,0,0,0,0,0,0,0,0,0,0,0, , , , , , , , , , , , ,0, , ,0,0,0,0,0,0,0, ,0, ,0, , , , , , , , , , , , , , , , , , ,0
19,신용카드사,10226,롯데카드㈜,B,SC005,자금조달현황,A12,콜머니,금액,0,7000000000,0,0,0,0,0,0,0,0,0,0,0,0,0,0,0,0,0,0,0,0,0,0,0,0,0,0,0,0,0,0,0,,,,,,,,,,,,,,,,,,,,,,,,,,,,,,,,,,,,,,,,,,,,,,,,,,,,,,,,,,
20,신용카드사,10226,롯데카드㈜,B,SC005,자금조달현황,A13,장기차입금,금액,0,0,0,0,400300000000,400300000000,400300000000,400300000000,300300000000,300300000000,300300000000,300300000000,200300000000,200300000000,100300000000,100300000000,0,0,10000000000,10000000000,10000000000,10000000000,0,0,0,0,0,0,20000000000,20000000000,20000000000,20000000000,70000000000,,,,,,,,,,,,,,,,,,,,,,,,,,,,,,,,,,,,,,,,,,,,,,,,,,,,,,,,,,
21,신용카드사,10226,롯데카드㈜,B,SC005,자금조달현황,A13,차입금_장기차입금,금액,,,,,,,,,,,,,,,,,,,,,,,,,,,,,,,,,,70000000000,130000000000,222500000000,407500000000,425500000000,579500000000,519500000000,629500000000,789500000000,729500000000,729500000000,729500000000,709500000000,577000000000,577000000000,527000000000,459000000000,483000000000,425000000000,395000000000,515000000000,695000000000,695000000000,795000000000,845000000000,1175000000000,1325000000000,1360000000000,1410000000000,1590000000000,1840000000000,1925000000000,1825000000000,1455000000000,1435000000000,1825000000000,1875000000000,1985000000000,2005000000000,2565000000000,2495000000000,2505000000000,2715000000000,3140000000000,3000000000000,3570000000000,3850000000000,3680000000000,3580000000000,3580000000000,3500000000000,2450000000000,2390000000000,2370000000000,2230000000000,1890000000000,1555000000000,1235000000000
22,신용카드사,10226,롯데카드㈜,B,SC005,자금조달현황,A14,외화차입금,금액,0,0,0,0,0,0,0,0,0,0,0,0,0,0,0,0,0,0,0,0,0,0,0,0,0,0,0,0,0,0,0,34260000000,34167000000,,,,,,,,,,,,,,,,,,,,,,,,,,,,,,,,,,,,,,,,,,,,,,,,,,,,,,,,,,
23,신용카드사,10226,롯데카드㈜,B,SC005,자금조달현황,A14,차입금_외화차입금,금액,,,,,,,,,,,,,,,,,,,,,,,,,,,,,,,,,,33216000000,32343000000,35385000000,34599000000,34134000000,34614000000,0,0,0,0,0,0,0,0,0,0,0,0,0,0,0,0,0,0,0,0,0,0,0,0,0,0,0,0,0,0,0,0,0,0,0,0,0,0,0,0,0,0,0,0,0,0,0,0,0,0,0,0
24,신용카드사,10226,롯데카드㈜,B,SC005,자금조달현황,A2,회사채,금액,0,50000000000,110000000000,110000000000,110000000000,110000000000,160000000000,460000000000,650000000000,720000000000,750000000000,905000000000,1045000000000,1105000000000,1165000000000,1375000000000,1545000000000,1435000000000,1465000000000,1330330000000,1364400000000,1457806000000,1361046000000,1483346000000,1488085000000,1728989000000,1755312000000,1712315000000,1946469000000,2075354000000,2386113000000,2730354000000,3086843000000,2981846000000,3277750000000,3710851000000,3619803000000,3384517000000,3347289000000,3332163000000,3390916000000,3384157000000,3368643000000,3234619000000,4009675000000,3932081000000,3605439000000,3694827000000,3938444000000,3919028000000,4102410000000,4179450000000,4358600000000,4257675000000,4358235000000,4334815000000,4260425000000,4455805000000,4516980000000,4677335000000,4808570000000,4748325000000,5171085000000,5270635000000,5275000000000,5225000000000,5465000000000,5615000000000,6405000000000,6355000000000,6425000000000,6515000000000,6405000000000,6715000000000,7135000000000,7255000000000,7365000000000,7205000000000,7425000000000,7630000000000,8735000000000,9280000000000,9745000000000,9700000000000,10815000000000,11215000000000,11705000000000,12105000000000,12885000000000,12895000000000,13205000000000
25,신용카드사,10226,롯데카드㈜,B,SC005,자금조달현황,A3,보유유가증권매출,금액,0,0,0,0,0,0,0,0,0,0,0,0,0,0,0,0,0,0,0,0,0,0,0,0,0,0,0,0,0,0,0,0,0,0,0,0,0,0,0,0,0,0,0,0,0,0, ,0, , , , , , , , , , , , , ,0,0,0,0,0,0,0, ,0,0,0,0, ,0, ,0, , , , , , , , , , , , , ,0
26,신용카드사,10226,롯데카드㈜,B,SC005,자금조달현황,A4,유동화자금조달,금액,0,0,0,0,0,0,0,70000000000,70000000000,70000000000,70000000000,70000000000,70000000000,70000000000,370300000000,370300000000,370300000000,370300000000,370300000000,300300000000,300300000000,300300000000,596700000000,596700000000,596700000000,596700000000,496400000000,496400000000,496400000000,725000000000,725000000000,725000000000,725000000000,1030400000000,746860000000,689750000000,838112000000,1010240000000,923040000000,894880000000,856880000000,776246000000,689820000000,828212000000,707051000000,555776000000,750656000000,777444000000,703488000000,850850000000,809352000000,1218390000000,1195440000000,1176570000000,1187994000000,1418226000000,1532670000000,1725986000000,1473438000000,1317187000000,1531471000000,1383618000000,1618991000000,1697424000000,1592650000000,1916723000000,1939119000000,1887509000000,1632139000000,1828153000000,1680805000000,1898673000000,2097813000000,1858185000000,2072767000000,2008056000000,2313325000000,2592420000000,2586835000000,3050020000000,3110855000000,2964560000000,2809720000000,2606867000000,2765049000000,2854631000000,3011879000000,3171092000000,3567768000000,3679514000000,3175622000000
27,신용카드사,10226,롯데카드㈜,B,SC005,자금조달현황,A5,기타자금조달,금액,0,0,0,0,0,0,0,0,0,0,0,0,0,0,0,0,0,0,0,0,0,0,0,0,0,0,0,0,0,0,0,0,0,0,0,0,0,0,0,0,0,0,0,0,0,0,0,0,0,0,0,0,0,0,0,0,0,0,0,0,0,0,0,0,0,0,0,0,0,0,0,0,0,0,0,0,0,0,0,0,0,0,300000000000,300000000000,600000000000,600000000000,600000000000,600000000000,600000000000,600000000000,600000000000
28,신용카드사,10227,비씨카드㈜,B,SC005,자금조달현황,A,총계,금액,370000000000,340000000000,297900000000,255000000000,150000000000,120000000000,110000000000,80000000000,80000000000,60000000000,30000000000,20000000000,20000000000,0,0,0,0,,0,0,0,0,0,0,0,0,0,0,0,0,0,0,0,,,,,,,,,,,,,,,,,,,,,,,,,,,,,0,,,,,,,,,99778000000,99797000000,199632000000,200000000000,299678000000,399620000000,628045000000,818468000000,1146790000000,1254124000000,1591181000000,1584591000000,1632472000000,1554883000000,1557416000000,1499283000000,1569991000000,1652070000000,1697649000000,1982007000000,2281101000000
29,신용카드사,10227,비씨카드㈜,B,SC005,자금조달현황,A1,차입금,금액,30000000000,30000000000,27900000000,15000000000,0,0,0,0,0,0,0,0,0,0,0,0,0,,0,0,0,0,0,0,0,0,0,0,0,0,0,0,0,,,,,,,,,,,,,,,,,,,,,,,,,,,,,0,,,,,,,,,0,0,0,0,0,0,88510000000,89058000000,357363000000,354717000000,451913000000,345290000000,283226000000,335469000000,238083000000,189949000000,280609000000,182835000000,188453000000,273050000000,292442000000
30,신용카드사,10227,비씨카드㈜,B,SC005,자금조달현황,A11,단기차입금,금액,30000000000,30000000000,27900000000,15000000000,0,0,0,0,0,0,0,0,0,0,0,0,0,,0,0,0,0,0,0,0,0,0,0,0,0,0,0,0,,,,,,,,,,,,,,,,,,,,,,,,,,,,,,,,,,,,,,,,,,,,,,,,,,,,,,,,,,
31,신용카드사,10227,비씨카드㈜,B,SC005,자금조달현황,A11,차입금_단기차입금,금액,,,,,,,,,,,,,,,,,,,,,,,,,,,,,,,,,,,,,,,,,,,,,,,,,,,,,,,,,,,,,,0,,,,,,,,,0,0,0,0,0,0,0,0,177662000000,173588000000,269345000000,161270000000,97742000000,148509000000,49635000000,0,99207000000,0,14200000000,97436000000,195936000000
32,신용카드사,10227,비씨카드㈜,B,SC005,자금조달현황,A12,차입금_콜머니,금액,,,,,,,,,,,,,,,,,,,,,,,,,,,,,,,,,,,,,,,,,,,,,,,,,,,,,,,,,,,,,,0,,,,,,,,, , , ,0,0, , , , , , , , , , , , , , , ,0
33,신용카드사,10227,비씨카드㈜,B,SC005,자금조달현황,A12,콜머니,금액,0,0,0,0,0,0,0,0,0,0,0,0,0,0,0,0,0,,0,0,0,0,0,0,0,0,0,0,0,0,0,0,0,,,,,,,,,,,,,,,,,,,,,,,,,,,,,,,,,,,,,,,,,,,,,,,,,,,,,,,,,,
34,신용카드사,10227,비씨카드㈜,B,SC005,자금조달현황,A13,장기차입금,금액,0,0,0,0,0,0,0,0,0,0,0,0,0,0,0,0,0,,0,0,0,0,0,0,0,0,0,0,0,0,0,0,0,,,,,,,,,,,,,,,,,,,,,,,,,,,,,,,,,,,,,,,,,,,,,,,,,,,,,,,,,,
35,신용카드사,10227,비씨카드㈜,B,SC005,자금조달현황,A13,차입금_장기차입금,금액,,,,,,,,,,,,,,,,,,,,,,,,,,,,,,,,,,,,,,,,,,,,,,,,,,,,,,,,,,,,,,0,,,,,,,,,0,0,0,0,0,0,88510000000,89058000000,179701000000,181129000000,182568000000,184020000000,185484000000,186960000000,188448000000,189949000000,181402000000,182835000000,174253000000,175614000000,96506000000
36,신용카드사,10227,비씨카드㈜,B,SC005,자금조달현황,A14,외화차입금,금액,0,0,0,0,0,0,0,0,0,0,0,0,0,0,0,0,0,,0,0,0,0,0,0,0,0,0,0,0,0,0,0,0,,,,,,,,,,,,,,,,,,,,,,,,,,,,,,,,,,,,,,,,,,,,,,,,,,,,,,,,,,
37,신용카드사,10227,비씨카드㈜,B,SC005,자금조달현황,A14,차입금_외화차입금,금액,,,,,,,,,,,,,,,,,,,,,,,,,,,,,,,,,,,,,,,,,,,,,,,,,,,,,,,,,,,,,,0,,,,,,,,,0,0,0,0,0,0,0,0,0,0,0,0,0,0,0,0,0,0,0,0,0
38,신용카드사,10227,비씨카드㈜,B,SC005,자금조달현황,A2,회사채,금액,340000000000,310000000000,270000000000,240000000000,150000000000,120000000000,110000000000,80000000000,80000000000,60000000000,30000000000,20000000000,20000000000,0,0,0,0,,0,0,0,0,0,0,0,0,0,0,0,0,0,0,0,,,,,,,,,,,,,,,,,,,,,,,,,,,,,0,,,,,,,,,99778000000,99797000000,99816000000,200000000000,299678000000,399620000000,539535000000,729410000000,789427000000,899407000000,1139268000000,1239301000000,1349246000000,1219414000000,1319333000000,1309334000000,1289382000000,1469235000000,1509196000000,1708957000000,1988659000000
39,신용카드사,10227,비씨카드㈜,B,SC005,자금조달현황,A3,보유유가증권매출,금액,0,0,0,0,0,0,0,0,0,0,0,0,0,0,0,0,0,,0,0,0,0,0,0,0,0,0,0,0,0,0,0,0,,,,,,,,,,,,,,,,,,,,,,,,,,,,,0,,,,,,,,, , , ,0,0, , , , , , , , ,0, , , , , , ,0
40,신용카드사,10227,비씨카드㈜,B,SC005,자금조달현황,A4,유동화자금조달,금액,0,0,0,0,0,0,0,0,0,0,0,0,0,0,0,0,0,,0,0,0,0,0,0,0,0,0,0,0,0,0,0,0,,,,,,,,,,,,,,,,,,,,,,,,,,,,,0,,,,,,,,,0,0,0,0,0,0,0,0,0,0,0,0,0,0,0,0,0,0,0,0,0
41,신용카드사,10227,비씨카드㈜,B,SC005,자금조달현황,A5,기타자금조달,금액,0,0,0,0,0,0,0,0,0,0,0,0,0,0,0,0,0,,0,0,0,0,0,0,0,0,0,0,0,0,0,0,0,,,,,,,,,,,,,,,,,,,,,,,,,,,,,0,,,,,,,,,0,0,99816000000,0,0,0,0,0,0,0,0,0,0,0,0,0,0,0,0,0,0
42,신용카드사,10228,삼성카드㈜,B,SC005,자금조달현황,A,총계,금액,24246561000000,22823120000000,21696429000000,18692104000000,17392133000000,23488948000000,20192824000000,18632999000000,17065413000000,14810636000000,13324082000000,13184198000000,12911876000000,11981931000000,11201063000000,10682204000000,10460325000000,9918782000000,9563594000000,9552345000000,10090080000000,9881803000000,10180196000000,10747114000000,11271546000000,10372984000000,9063098000000,7857934000000,7533554000000,6830089000000,7152229000000,7231037000000,7231502000000,6664138000000,7245802000000,7645447000000,8004880000000,6878095000000,6797703000000,7743710000000,8335229000000,8053187000000,7816370000000,8015199000000,8035973000000,8258015000000,8293160000000,8925225000000,9106880000000,8797125000000,8963125000000,10209750000000,9836000000000,9688250000000,10274460000000,11071710000000,11819150000000,11739013000000,13015187000000,14001674000000,13189243000000,14221230000000,14709088000000,14456640000000,13914198000000,13861495000000,12766456000000,12482513000000,12731197000000,13061188000000,13659282000000,14193984000000,13627491000000,14010443000000,15279222000000,15984141000000,16674467000000,17056494000000,18529245000000,18733054000000,18552098000000,18433346000000,17723028000000,17600693000000,17630699000000,17140469000000,17280392000000,17392370000000,18432428000000,18782053000000,19466696000000
43,신용카드사,10228,삼성카드㈜,B,SC005,자금조달현황,A1,차입금,금액,5699244000000,5010322000000,4070702000000,2454595000000,1991093000000,3200356000000,2912099000000,2890974000000,3015684000000,3048323000000,2506228000000,2906067000000,3010455000000,2494113000000,1986921000000,2024966000000,1809528000000,1561384000000,1655665000000,1798945000000,2868284000000,2402336000000,2729389000000,2752584000000,2813306000000,2208980000000,1851701000000,1273957000000,1366240000000,993834000000,1111419000000,1008809000000,694577000000,554664000000,1034059000000,712937000000,1455684000000,679466000000,756219000000,1210042000000,1187814000000,1128769000000,706784000000,997871000000,367765000000,219247000000,255000000000,20000000000,140000000000,45000000000,100000000000,500000000000,50000000000,30000000000,330000000000,1060000000000,1030000000000,1030000000000,1200000000000,1030000000000,1090000000000,1390000000000,1390000000000,1390000000000,1390000000000,1390000000000,1240000000000,1110000000000,1020000000000,1620000000000,980000000000,500000000000,300000000000,0,650000000000,1200000000000,1900000000000,2300000000000,3330000000000,3650000000000,4000000000000,3460000000000,3600000000000,3380000000000,3565000000000,3170000000000,3160000000000,3010000000000,2800000000000,2600000000000,2400000000000
44,신용카드사,10228,삼성카드㈜,B,SC005,자금조달현황,A11,단기차입금,금액,4897735000000,4390322000000,3450702000000,1834595000000,1421093000000,2653904000000,2250422000000,2229863000000,2568439000000,2602406000000,2162739000000,2354666000000,2263921000000,1861825000000,1479625000000,1475242000000,1465000000000,1307000000000,1305000000000,1450000000000,2127160000000,1644700000000,1905800000000,1893680000000,1779762000000,1127460000000,799860000000,487480000000,586000000000,220000000000,431000000000,385000000000,600000000000,,,,,,,,,,,,,,,,,,,,,,,,,,,,,,,,,,,,,,,,,,,,,,,,,,,,,,,,,,
45,신용카드사,10228,삼성카드㈜,B,SC005,자금조달현황,A11,차입금_단기차입금,금액,,,,,,,,,,,,,,,,,,,,,,,,,,,,,,,,,,410000000000,944000000000,616192000000,1365277000000,595700000000,674053000000,1133709000000,1120000000000,1062955000000,642506000000,940864000000,315000000000,219247000000,255000000000,20000000000,140000000000,45000000000,100000000000,500000000000,50000000000,30000000000,0,300000000000,40000000000,40000000000,210000000000,40000000000,0,0,0,0,0,0,0,0,100000000000,820000000000,250000000000,0,0,0,0,0,0,0,300000000000,300000000000,600000000000,60000000000,200000000000,0,275000000000,200000000000,200000000000,300000000000,200000000000,100000000000,100000000000
46,신용카드사,10228,삼성카드㈜,B,SC005,자금조달현황,A12,차입금_콜머니,금액,,,,,,,,,,,,,,,,,,,,,,,,,,,,,,,,,,0,0,0,0,0,0,0,0,0,0,0,0,0, , , ,0, , , ,0, , , , , , , , , , , ,0, , , , , , , , , ,0, , , , , , , , , , , , , , ,0
47,신용카드사,10228,삼성카드㈜,B,SC005,자금조달현황,A12,콜머니,금액,0,0,0,0,0,0,0,0,0,0,0,0,0,0,0,0,0,0,0,0,0,0,0,0,0,0,0,0,0,0,0,0,0,,,,,,,,,,,,,,,,,,,,,,,,,,,,,,,,,,,,,,,,,,,,,,,,,,,,,,,,,,
48,신용카드사,10228,삼성카드㈜,B,SC005,자금조달현황,A13,장기차입금,금액,801509000000,620000000000,620000000000,620000000000,570000000000,520000000000,520000000000,520000000000,320000000000,320000000000,320000000000,320000000000,320000000000,320000000000,200000000000,200000000000,576000000,503000000,100429000000,100356000000,450282000000,450209000000,500135000000,550102000000,650068000000,670034000000,670000000000,670000000000,670000000000,670000000000,570000000000,520000000000,50000000000,,,,,,,,,,,,,,,,,,,,,,,,,,,,,,,,,,,,,,,,,,,,,,,,,,,,,,,,,,
49,신용카드사,10228,삼성카드㈜,B,SC005,자금조달현황,A13,차입금_장기차입금,금액,,,,,,,,,,,,,,,,,,,,,,,,,,,,,,,,,,50000000000,0,0,0,0,0,0,0,0,0,0,0,0,0,0,0,0,0,0,0,0,330000000000,760000000000,990000000000,990000000000,990000000000,990000000000,1090000000000,1390000000000,1390000000000,1390000000000,1390000000000,1390000000000,1240000000000,1110000000000,920000000000,800000000000,730000000000,500000000000,300000000000,0,650000000000,1200000000000,1900000000000,2300000000000,3030000000000,3350000000000,3400000000000,3400000000000,3400000000000,3380000000000,3290000000000,2970000000000,2960000000000,2710000000000,2600000000000,2500000000000,2300000000000
50,신용카드사,10228,삼성카드㈜,B,SC005,자금조달현황,A14,외화차입금,금액,0,0,0,0,0,26452000000,141677000000,141111000000,127245000000,125917000000,23489000000,231401000000,426534000000,312288000000,307296000000,349724000000,343952000000,253881000000,250236000000,248589000000,290842000000,307427000000,323454000000,308802000000,383476000000,411486000000,381841000000,116477000000,110240000000,103834000000,110419000000,103809000000,44577000000,,,,,,,,,,,,,,,,,,,,,,,,,,,,,,,,,,,,,,,,,,,,,,,,,,,,,,,,,,
51,신용카드사,10228,삼성카드㈜,B,SC005,자금조달현황,A14,차입금_외화차입금,금액,,,,,,,,,,,,,,,,,,,,,,,,,,,,,,,,,,94664000000,90059000000,96745000000,90407000000,83766000000,82166000000,76333000000,67814000000,65814000000,64278000000,57007000000,52765000000,0,0,0,0,0,0,0,0,0,0,0,0,0,0,0,0,0,0,0,0,0,0,0,0,0,0,0,0,0,0,0,0,0,0,0,0,0,0,0,0,0,0,0,0,0,0
52,신용카드사,10228,삼성카드㈜,B,SC005,자금조달현황,A2,회사채,금액,7692000000000,7694000000000,8185100000000,9090100000000,9103011000000,12698793000000,10883157000000,10039455000000,9462938000000,8207565000000,7397248000000,6872700000000,7157200000000,6629200000000,6234262000000,5995462000000,6118447000000,5957348000000,5204888000000,5150389000000,4700890000000,4982490000000,5349595000000,5847848000000,6140063000000,5705993000000,4974823000000,4618023000000,4404330000000,4247890000000,4452082000000,4395000000000,4080000000000,4300000000000,4366248000000,4874360000000,4982264000000,4901024000000,4772304000000,5079488000000,5790688000000,5626968000000,5614976000000,5619048000000,6296318000000,6382128000000,6618000000000,7198000000000,7428000000000,7288000000000,7458000000000,7918000000000,8028000000000,7928000000000,7848000000000,8148000000000,8493000000000,8328000000000,9498000000000,10426000000000,9531000000000,10748000000000,10838000000000,10828000000000,10498000000000,10008000000000,9028000000000,8798000000000,9268000000000,8988000000000,10348000000000,11178000000000,11088000000000,11588000000000,12048000000000,12088000000000,12198000000000,11958000000000,12248000000000,11848000000000,11600000000000,11940000000000,11080000000000,10870000000000,11060000000000,10330000000000,10520000000000,10920000000000,11860000000000,12390000000000,13060000000000
53,신용카드사,10228,삼성카드㈜,B,SC005,자금조달현황,A3,보유유가증권매출,금액,0,0,0,0,0,0,0,0,0,0,0,0,0,0,0,0,0,0,24051000000,24051000000,24051000000,75042000000,75042000000,75042000000,75042000000,95106000000,95129000000,95129000000,95129000000,0,363000000,363000000,769530000000,0,0,0,281000000,0,0,0,0,0,0,0,0,0, , , , , , ,0, , , , , ,0, , , , , , , , , , , , , , , , , , , , , ,0,0,0,0, ,0, ,0, , ,0
54,신용카드사,10228,삼성카드㈜,B,SC005,자금조달현황,A4,유동화자금조달,금액,10855317000000,10092414000000,9419765000000,7130745000000,6282925000000,7585652000000,6393496000000,5698642000000,4583077000000,3551247000000,3419479000000,3404407000000,2743300000000,2857800000000,2979157000000,2661127000000,2532350000000,2400050000000,2678990000000,2578960000000,2496855000000,2421935000000,2026170000000,2071640000000,2243135000000,2362905000000,2141445000000,1870825000000,1667855000000,1588365000000,1588365000000,1826865000000,1687395000000,1809474000000,1845495000000,2058150000000,1566651000000,1297605000000,1269180000000,1454180000000,1356727000000,1297450000000,1494610000000,1398280000000,1371890000000,1656640000000,1420160000000,1707225000000,1538880000000,1464125000000,1405125000000,1791750000000,1758000000000,1730250000000,2096460000000,1863710000000,2296150000000,2381013000000,2317187000000,2545674000000,2568243000000,2083230000000,2481088000000,2238640000000,2026198000000,2463495000000,2498456000000,2574513000000,2443197000000,2453188000000,2331282000000,2515984000000,2239491000000,2422443000000,2581222000000,2696141000000,2576467000000,2798494000000,2951245000000,3235054000000,2952098000000,3033346000000,3043028000000,3350693000000,3005699000000,3640469000000,3600392000000,3462370000000,3772428000000,3792053000000,4006696000000
55,신용카드사,10228,삼성카드㈜,B,SC005,자금조달현황,A5,기타자금조달,금액,0,0,0,0,0,0,0,0,0,3501000000,1127000000,1024000000,921000000,818000000,723000000,649000000,0,0,0,0,0,0,0,0,0,0,0,0,0,0,0,0,0,0,0,0,0,0,0,0,0,0,0,0,0,0,0,0,0,0,0,0,0,0,0,0,0,0,0,0,0,0,0,0,0,0,0,0,0,0,0,0,0,0,0,0,0,0,0,0,0,0,0,0,0,0,0,0,0,0,0
56,신용카드사,10229,신한카드㈜,B,SC005,자금조달현황,A,총계,금액,30158418000000,31473802000000,27275913000000,23484582000000,20361918000000,19114138000000,15488868000000,13421947000000,12018799000000,10043171000000,9353815000000,8956566000000,9011103000000,8774317000000,8408296000000,8405732000000,7864234000000,7216736000000,7429895000000,8198781000000,12347163000000,12559910000000,12898709000000,12279716000000,12408148000000,11964295000000,10848208000000,11145551000000,11916416000000,12531081000000,12991705000000,13308107000000,13565606000000,13940153000000,13751098000000,14124426000000,13909675000000,13005112000000,12876951000000,12587494000000,12877158000000,12308483000000,12554100000000,12186623000000,12066530000000,23821336000000,11714088000000,11990668000000,12528560000000,12621400000000,12993575000000,13398560000000,13325243000000,13399130000000,13956271000000,14089614000000,14309951000000,14461001000000,15887126000000,16449558000000,15840087000000,16676893000000,17831031000000,18494291000000,19032945000000,19174987000000,20107840000000,20782472000000,21670157000000,22086811000000,22795755000000,23037013000000,24011378000000,25023920000000,25670542000000,26207964000000,27181062000000,27973255000000,29581508000000,31431063000000,30134908000000,29271595000000,29760109000000,30076657000000,29286913000000,29902586000000,29744127000000,29271072000000,30394876000000,29590364000000,29995473000000
57,신용카드사,10229,신한카드㈜,B,SC005,자금조달현황,A1,차입금,금액,8290080000000,9783475000000,7612575000000,6015774000000,5191448000000,7647957000000,5600233000000,5734931000000,4371859000000,3937700000000,3478410000000,2765932000000,2622268000000,2418691000000,1710901000000,1400283000000,922573000000,411016000000,398536000000,1248914000000,2580864000000,2909534000000,2525968000000,2484924000000,2386275000000,2197817000000,1489890000000,1284729000000,1419859000000,1621139000000,1613439000000,1778339000000,2310739000000,2525439000000,2313639000000,2276547000000,2459800000000,2242621000000,2025959000000,2038747000000,1912800000000,1652100000000,1668953000000,1663700000000,1782800000000,1678700000000,1443400000000,1388600000000,1190000000000,1082400000000,1500400000000,1595800000000,1553200000000,1376700000000,1339900000000,1389700000000,1309171000000,1447000000000,1776000000000,1943610000000,1865177000000,2175794000000,2303428000000,2125510000000,2325000000000,2030300000000,3061631000000,2460600000000,3078120000000,3599640000000,2869240000000,3033457000000,3845200000000,4457000000000,4715900000000,5499607000000,6374765000000,6065644000000,7748147000000,9097264000000,8664939000000,8010634000000,8150204000000,8044064000000,7670142000000,7449824000000,6911056000000,6531236000000,5954000000000,5721695000000,5809812000000
58,신용카드사,10229,신한카드㈜,B,SC005,자금조달현황,A11,단기차입금,금액,7590210000000,9354925000000,7158515000000,5639244000000,4823743000000,5519832000000,3485108000000,3314604000000,3913899000000,2304471000000,2180261000000,1488502000000,1353923000000,1511791000000,1060353000000,750432000000,545902000000,392210000000,380000000000,1230500000000,1912100000000,2104900000000,1514400000000,1322470000000,1148925000000,1010275000000,589890000000,479229000000,561659000000,818439000000,768439000000,918439000000,1395439000000,,,,,,,,,,,,,,,,,,,,,,,,,,,,,,,,,,,,,,,,,,,,,,,,,,,,,,,,,,
59,신용카드사,10229,신한카드㈜,B,SC005,자금조달현황,A11,차입금_단기차입금,금액,,,,,,,,,,,,,,,,,,,,,,,,,,,,,,,,,,1060000000000,1465439000000,1571747000000,1909800000000,444821000000,516659000000,569647000000,270000000000,0,26153000000,900000000,20000000000,85900000000,600000000,40800000000,50000000000,400000000,8400000000,125800000000,183200000000,116700000000,179900000000,279700000000,249171000000,437000000000,616000000000,583610000000,385177000000,545794000000,423428000000,245510000000,195000000000,300000000,901631000000,300600000000,55000000000,550600000000,50200000000,34057000000,300000000000,490200000000,690000000000,850100000000,935000000000,415000000000,922200000000,1160300000000,710000000000,340000000000,350000000000,330100000000,530000000000,335000000000,140000000000,160000000000,160200000000,305500000000,350000000000
60,신용카드사,10229,신한카드㈜,B,SC005,자금조달현황,A12,차입금_콜머니,금액,,,,,,,,,,,,,,,,,,,,,,,,,,,,,,,,,,0,48200000000,4800000000,0,0,61500000000,21300000000,0,9300000000,0,0,50000000000,50000000000, ,70000000000, , , , , , , , , , , ,0,0, , , , , , , , , , , , , , , , , , , , ,0, ,0, , , , , , ,0
61,신용카드사,10229,신한카드㈜,B,SC005,자금조달현황,A12,콜머니,금액,10000000000,0,26500000000,25000000000,25000000000,13000000000,0,300000000000,0,0,0,0,0,0,0,0,0,0,0,0,0,4800000000,10700000000,58700000000,32200000000,60000000000,0,5500000000,58200000000,2700000000,45000000000,59900000000,15300000000,,,,,,,,,,,,,,,,,,,,,,,,,,,,,,,,,,,,,,,,,,,,,,,,,,,,,,,,,,
62,신용카드사,10229,신한카드㈜,B,SC005,자금조달현황,A13,장기차입금,금액,629850000000,428550000000,427560000000,351530000000,342705000000,2115125000000,2115125000000,2120327000000,457960000000,1633229000000,1298149000000,1277430000000,1268345000000,906900000000,650548000000,649851000000,358079000000,0,0,0,650000000000,780000000000,980000000000,1080000000000,1180000000000,1100000000000,900000000000,800000000000,800000000000,800000000000,800000000000,800000000000,900000000000,,,,,,,,,,,,,,,,,,,,,,,,,,,,,,,,,,,,,,,,,,,,,,,,,,,,,,,,,,
63,신용카드사,10229,신한카드㈜,B,SC005,자금조달현황,A13,차입금_장기차입금,금액,,,,,,,,,,,,,,,,,,,,,,,,,,,,,,,,,,1465439000000,800000000000,700000000000,550000000000,1797800000000,1447800000000,1447800000000,1642800000000,1642800000000,1642800000000,1662800000000,1712800000000,1542800000000,1442800000000,1277800000000,1140000000000,1082000000000,1492000000000,1470000000000,1370000000000,1260000000000,1160000000000,1110000000000,1060000000000,1010000000000,1160000000000,1360000000000,1480000000000,1630000000000,1880000000000,1880000000000,2130000000000,2030000000000,2160000000000,2160000000000,2560000000000,2560000000000,2330000000000,2530000000000,3110000000000,3060000000000,3540000000000,4140000000000,4930000000000,5130000000000,6270000000000,7320000000000,7410000000000,7110000000000,7235700000000,7135700000000,6585700000000,6535700000000,6173700000000,5842900000000,5161700000000,5372200000000,5012200000000
64,신용카드사,10229,신한카드㈜,B,SC005,자금조달현황,A14,외화차입금,금액,60020000000,0,0,0,0,0,0,0,0,0,0,0,0,0,0,0,18592000000,18806000000,18536000000,18414000000,18764000000,19834000000,20868000000,23754000000,25150000000,27542000000,0,0,0,0,0,0,0,,,,,,,,,,,,,,,,,,,,,,,,,,,,,,,,,,,,,,,,,,,,,,,,,,,,,,,,,,
65,신용카드사,10229,신한카드㈜,B,SC005,자금조달현황,A14,차입금_외화차입금,금액,,,,,,,,,,,,,,,,,,,,,,,,,,,,,,,,,,0,0,0,0,0,0,0,0,0,0,0,0,0,0,0,0,0,0,0,0,0,0,0,0,0,0,0,0,0,0,0,0,0,0,0,463120000000,489040000000,489040000000,469400000000,435200000000,906800000000,485900000000,509507000000,509765000000,520644000000,555947000000,616964000000,544939000000,560634000000,564504000000,578264000000,554442000000,579124000000,597356000000,528336000000,632100000000,43995000000,447612000000
66,신용카드사,10229,신한카드㈜,B,SC005,자금조달현황,A2,회사채,금액,6847000000000,6985225000000,6722715000000,6581990000000,6134225000000,5250733000000,4360313000000,3782191000000,3370820000000,2583142000000,2996779000000,3360975000000,3456975000000,3576175000000,3915535000000,4180535000000,4218535000000,4084235000000,4311183000000,4636928000000,6967156000000,7178016000000,7824394000000,7552265000000,7755085000000,7595390000000,7147230000000,7629734000000,8492460000000,9190672000000,9776960000000,10102722000000,10174396000000,10068234000000,10117169000000,10082479000000,10065915000000,9397131000000,9004912000000,8758987000000,9250598000000,8942623000000,9045627000000,8533063000000,8700780000000,10734988000000,9256288000000,9236288000000,9360000000000,9550000000000,9526000000000,9891560000000,9779760000000,9830780000000,10461676000000,10836204000000,11067180000000,10779788000000,11481168000000,11901670000000,11854140000000,12093650000000,13022170000000,13451270000000,14151810000000,14523780000000,14460680000000,15075000000000,15235000000000,15425000000000,16730000000000,16925000000000,17230200000000,17565000000000,18306000000000,17594430000000,17784850000000,19126880000000,18832190000000,18838280000000,18484030000000,18994180000000,19244080000000,19679280000000,19298340000000,19285520000000,19724880000000,19381460000000,20880104000000,20282601000000,20746223000000
67,신용카드사,10229,신한카드㈜,B,SC005,자금조달현황,A3,보유유가증권매출,금액,0,0,0,0,0,0,0,0,0,0,0,0,0,0,0,0,0,0,0,0,0,0,0,0,0,0,0,0,0,0,0,0,0,0,0,0,0,0,0,0,0,0,0,0,0,0, , , , , , , , , , , , , ,0,0, , , , , , , , , , , , , , , , , , , , ,0, ,0, , , , , , ,0
68,신용카드사,10229,신한카드㈜,B,SC005,자금조달현황,A4,유동화자금조달,금액,15021338000000,14642457000000,12880968000000,10829308000000,8976355000000,6157768000000,5470697000000,3864844000000,4270901000000,3517207000000,2873503000000,2824469000000,2931860000000,2779451000000,2781860000000,2824914000000,2723126000000,2721485000000,2720176000000,2312939000000,2799143000000,2472360000000,2548347000000,2242527000000,2266788000000,2111088000000,2111088000000,2111088000000,1904098000000,1579171000000,1461233000000,1297046000000,1075471000000,1346480000000,1320290000000,1765400000000,1383960000000,1365360000000,1846080000000,1789760000000,1713760000000,1713760000000,1839520000000,1989860000000,1582950000000,1175680000000,1014400000000,1365780000000,1978560000000,1989000000000,1967175000000,1911200000000,1992283000000,2191650000000,2154695000000,1863710000000,1933600000000,2234213000000,2629958000000,2604278000000,2120770000000,2407449000000,2505433000000,2917511000000,2556135000000,2620907000000,2585529000000,3246872000000,3357037000000,3062171000000,3196515000000,3078556000000,2935978000000,3001920000000,2648642000000,3113927000000,3021447000000,2780731000000,3001171000000,3495519000000,2985939000000,2266781000000,2365825000000,2353313000000,2318431000000,3167242000000,3108191000000,3358376000000,3560772000000,3586068000000,3439438000000
69,신용카드사,10229,신한카드㈜,B,SC005,자금조달현황,A5,기타자금조달,금액,0,0,0,0,0,0,0,0,0,5122000000,5123000000,5190000000,0,0,0,0,0,0,0,0,0,0,0,0,0,60000000000,100000000000,120000000000,99999000000,140099000000,140073000000,130000000000,5000000000,0,0,0,0,0,0,0,0,0,0,0,0,10231968000000,0,0,0,0,0,0,0,0,0,0,0,0,0,0,0,0,0,0,0,0,0,0,0,0,0,0,0,0,0,0,0,0,0,0,0,0,0,0,0,0,0,0,0,0,0
70,신용카드사,12627,㈜케이비국민카드,B,SC005,자금조달현황,A,총계,금액,,,,,,,,,,,,,,,,,,,,,,,,,,,,,,,,,,8992922000000,9901500000000,9395350000000,9447490000000,8841340000000,9174140000000,8521580000000,9081330000000,9296021000000,9730910000000,9968680000000,10485590000000,10134640000000,9697600000000,9806450000000,10218760000000,10164504000000,10103230000000,9922350000000,10471600000000,9898893000000,9862320000000,9913890000000,9917550000000,10174500000000,10892285000000,11228995000000,11528192000000,11505756000000,12502628000000,13232214000000,13662791000000,13986321000000,14453237000000,15070794000000,15862891000000,15713189000000,16567624000000,16299468000000,16470055000000,17343879000000,17918370000000,18311295000000,18884063000000,19232174000000,20064610000000,21225996000000,21281286000000,20653599000000,20861169000000,20704513000000,20898040000000,21243600000000,20811733000000,20738413000000,20828000000000,19789600000000,19172800000000
71,신용카드사,12627,㈜케이비국민카드,B,SC005,자금조달현황,A1,차입금,금액,,,,,,,,,,,,,,,,,,,,,,,,,,,,,,,,,,242922000000,781500000000,1051500000000,1351500000000,1340000000000,800000000000,660000000000,790000000000,600391000000,330000000000,180000000000,50000000000,50000000000,50000000000,62390000000,0,4004000000,80000000000,0,60000000000,261843000000,211910000000,410000000000,750000000000,1063670000000,870000000000,800000000000,436806000000,530000000000,650000000000,600000000000,600000000000,810000000000,732207000000,550000000000,1040000000000,1030000000000,1010000000000,570000000000,600000000000,1410000000000,1965000000000,2135000000000,2150000000000,2580000000000,3720000000000,4250000000000,4010000000000,3810000000000,4035000000000,4065000000000,4225000000000,4020000000000,3560000000000,3705880000000,2968000000000,2556600000000,2792560000000
72,신용카드사,12627,㈜케이비국민카드,B,SC005,자금조달현황,A11,차입금_단기차입금,금액,,,,,,,,,,,,,,,,,,,,,,,,,,,,,,,,,,12922000000,781500000000,1051500000000,881500000000,800000000000,490000000000,520000000000,660000000000,570391000000,300000000000,180000000000,50000000000,50000000000,50000000000,62390000000,0,4004000000,80000000000,0,60000000000,261843000000,211910000000,410000000000,750000000000,1063670000000,870000000000,800000000000,436806000000,430000000000,550000000000,500000000000,500000000000,710000000000,732207000000,550000000000,940000000000,930000000000,910000000000,470000000000,500000000000,1110000000000,1465000000000,1435000000000,1250000000000,1380000000000,1740000000000,2070000000000,1760000000000,1560000000000,1785000000000,1715000000000,1875000000000,1920000000000,1870000000000,1570000000000,930000000000,670000000000,1010000000000
73,신용카드사,12627,㈜케이비국민카드,B,SC005,자금조달현황,A12,차입금_콜머니,금액,,,,,,,,,,,,,,,,,,,,,,,,,,,,,,,,,,230000000000,0,0,0,0,0,0,0,0,0,0,0,0,0,0, , ,0,0,0, ,0, , , , , , , , , ,0,0,0, , , , , , , , , ,0,0,0, , , , , , , , , , , ,0
74,신용카드사,12627,㈜케이비국민카드,B,SC005,자금조달현황,A13,차입금_장기차입금,금액,,,,,,,,,,,,,,,,,,,,,,,,,,,,,,,,,,0,0,0,470000000000,540000000000,310000000000,140000000000,130000000000,30000000000,30000000000,0,0,0,0,0,0,0,0,0,0,0,0,0,0,0,0,0,0,100000000000,100000000000,100000000000,100000000000,100000000000,0,0,100000000000,100000000000,100000000000,100000000000,100000000000,300000000000,500000000000,700000000000,900000000000,1200000000000,1980000000000,2180000000000,2250000000000,2250000000000,2250000000000,2350000000000,2350000000000,2100000000000,1690000000000,1740000000000,1450000000000,1300000000000,1240000000000
75,신용카드사,12627,㈜케이비국민카드,B,SC005,자금조달현황,A14,차입금_외화차입금,금액,,,,,,,,,,,,,,,,,,,,,,,,,,,,,,,,,,0,0,0,0,0,0,0,0,0,0,0,0,0,0,0,0,0,0,0,0,0,0,0,0,0,0,0,0,0,0,0,0,0,0,0,0,0,0,0,0,0,0,0,0,0,0,0,0,0,0,0,0,0,0,395880000000,588000000000,586600000000,542560000000
76,신용카드사,12627,㈜케이비국민카드,B,SC005,자금조달현황,A2,회사채,금액,,,,,,,,,,,,,,,,,,,,,,,,,,,,,,,,,,8750000000000,9120000000000,7990000000000,7750000000000,7160000000000,8028000000000,7526000000000,7400000000000,7307000000000,7427000000000,7652000000000,7820000000000,7260000000000,7030000000000,7470000000000,7920000000000,7720000000000,7782000000000,7485000000000,8221000000000,7886000000000,8246000000000,8425000000000,8310000000000,8501000000000,9197000000000,9735000000000,10325000000000,10325000000000,11178000000000,11663000000000,12090000000000,12190000000000,12260000000000,13020000000000,13360000000000,13290000000000,14360000000000,14020000000000,14360000000000,14550000000000,14629000000000,14805470000000,15060650000000,15198240000000,15150030000000,15519360000000,15472110000000,15007660000000,15098960000000,14826360000000,14462580000000,14422760000000,14412440000000,14383720000000,15199000000000,14676550000000,13966920000000
77,신용카드사,12627,㈜케이비국민카드,B,SC005,자금조달현황,A3,보유유가증권매출,금액,,,,,,,,,,,,,,,,,,,,,,,,,,,,,,,,,,0,0,0,0,0,0,0,0,0,0,0,0,0,0,0, , ,0,0,0,0,0, , , , , , , , , ,0,0,0, , , ,0, , , , , ,0,0,0, , , , , , , , , , , ,0
78,신용카드사,12627,㈜케이비국민카드,B,SC005,자금조달현황,A4,유동화자금조달,금액,,,,,,,,,,,,,,,,,,,,,,,,,,,,,,,,,,0,0,353850000000,345990000000,341340000000,346140000000,335580000000,891330000000,1388630000000,1973910000000,2136680000000,2615590000000,2824640000000,2617600000000,2274060000000,2298760000000,2440500000000,2241230000000,2437350000000,2190600000000,1751050000000,1404410000000,1078890000000,857550000000,609830000000,825285000000,693995000000,766386000000,650756000000,674628000000,969214000000,972791000000,986321000000,1461030000000,1500794000000,1462891000000,1393189000000,1197624000000,1709468000000,1510055000000,1383879000000,1324370000000,1370825000000,1673413000000,1453934000000,1194580000000,1456636000000,1799176000000,1835939000000,1727209000000,1813153000000,2210460000000,2800840000000,2839293000000,2648813000000,2661000000000,2556450000000,2413320000000
79,신용카드사,12627,㈜케이비국민카드,B,SC005,자금조달현황,A5,기타자금조달,금액,,,,,,,,,,,,,,,,,,,,,,,,,,,,,,,,,,0,0,0,0,0,0,0,0,0,0,0,0,0,0,0,0,0,0,0,0,0,0,0,0,0,0,0,0,0,0,0,0,0,0,0,0,0,0,0,0,0,0,0,0,0,0,0,0,0,0,0,0,0,0,0,0,0,0
80,신용카드사,13361,㈜우리카드,B,SC005,자금조달현황,A,총계,금액,,,,,,,,,,,,,,,,,,,,,,,,,,,,,,,,,,,,,,,,,,,3090000000000,3090000000000,5740000000000,2910000000000,3435000000000,3375000000000,3890000000000,3710000000000,3960000000000,4280000000000,4540000000000,4480000000000,4790000000000,4940000000000,5320000000000,5379830000000,5698860000000,6236345000000,6129028000000,6139147000000,6638073000000,6622230000000,7045979000000,7040011000000,7219219000000,7338300000000,7385188000000,7300823000000,7596285000000,7427522000000,8092511000000,8378475000000,9245100000000,10132165000000,10607675000000,10979180000000,11182000000000,12410902000000,12008284000000,12168169000000,12424589000000,12436276000000,12801695000000,12567915000000,11650635000000,11874755000000,11844555000000,11158505000000,11195475000000
81,신용카드사,13361,㈜우리카드,B,SC005,자금조달현황,A1,차입금,금액,,,,,,,,,,,,,,,,,,,,,,,,,,,,,,,,,,,,,,,,,,,390000000000,1190000000000,990000000000,730000000000,795000000000,385000000000,340000000000,0,0,50000000000,0,0,0,0,0,0,15000000000,0,0,0,0,0,0,0,0,0,0,210000000000,210000000000,75000000000,230000000000,150000000000,350000000000,1000000000000,1420000000000,1840000000000,2922000000000,2772000000000,2532000000000,2922000000000,2390000000000,2295000000000,3290000000000,2935000000000,1935000000000,1860000000000,1490000000000,1370000000000,950000000000
82,신용카드사,13361,㈜우리카드,B,SC005,자금조달현황,A11,차입금_단기차입금,금액,,,,,,,,,,,,,,,,,,,,,,,,,,,,,,,,,,,,,,,,,,,390000000000,1190000000000,990000000000,730000000000,795000000000,385000000000,340000000000,0,0,50000000000,0,0,0,0,0,0,15000000000,0,0,0,0,0,0,0,0,0,0,210000000000,210000000000,75000000000,80000000000,0,0,350000000000,770000000000,940000000000,1382000000000,1132000000000,792000000000,1182000000000,850000000000,755000000000,1810000000000,1605000000000,715000000000,940000000000,740000000000,800000000000,480000000000
83,신용카드사,13361,㈜우리카드,B,SC005,자금조달현황,A12,차입금_콜머니,금액,,,,,,,,,,,,,,,,,,,,,,,,,,,,,,,,,,,,,,,,,,,0,0,0,0, ,0,0,0,0,0,0,0, , ,0, ,0, , , ,0,0,0,0,0,0,0, , , , , , , , , , , , , , , , , ,0, , , ,0
84,신용카드사,13361,㈜우리카드,B,SC005,자금조달현황,A13,차입금_장기차입금,금액,,,,,,,,,,,,,,,,,,,,,,,,,,,,,,,,,,,,,,,,,,,0,0,0,0,0,0,0,0,0,0,0,0,0,0,0,0,0,0,0,0,0,0,0,0,0,0,0,0,0,0,150000000000,150000000000,350000000000,650000000000,650000000000,900000000000,1540000000000,1640000000000,1740000000000,1740000000000,1540000000000,1540000000000,1480000000000,1330000000000,1220000000000,920000000000,750000000000,570000000000,470000000000
85,신용카드사,13361,㈜우리카드,B,SC005,자금조달현황,A14,차입금_외화차입금,금액,,,,,,,,,,,,,,,,,,,,,,,,,,,,,,,,,,,,,,,,,,,0,0,0,0,0,0,0,0,0,0,0,0,0,0,0,0,0,0,0,0,0,0,0,0,0,0,0,0,0,0,0,0,0,0,0,0,0,0,0,0,0,0,0,0,0,0,0,0,0
86,신용카드사,13361,㈜우리카드,B,SC005,자금조달현황,A2,회사채,금액,,,,,,,,,,,,,,,,,,,,,,,,,,,,,,,,,,,,,,,,,,,2700000000000,1900000000000,2870000000000,2180000000000,2640000000000,2990000000000,3550000000000,3710000000000,3960000000000,4230000000000,4540000000000,4480000000000,4790000000000,4940000000000,5320000000000,5045000000000,5341980000000,5892335000000,5483570000000,5493325000000,5966085000000,5955635000000,6075905000000,6056890000000,5920000000000,6136104000000,6142624000000,6187808000000,6166056000000,6208880000000,6940840000000,7395730000000,8064000000000,8275262000000,8280490000000,7970104000000,7660000000000,8405224000000,8281574000000,7715444000000,8503864000000,8777006000000,8042820000000,8164040000000,8246760000000,8645880000000,8676000000000,8309950000000,8816920000000
87,신용카드사,13361,㈜우리카드,B,SC005,자금조달현황,A3,보유유가증권매출,금액,,,,,,,,,,,,,,,,,,,,,,,,,,,,,,,,,,,,,,,,,,,0,0,0,0,0,0,0,0,0,0,0,0,0,0,0, ,0, , , ,0,0,0,0, , ,0, , , , , , , , , , , , , , , , , ,0, , , ,0
88,신용카드사,13361,㈜우리카드,B,SC005,자금조달현황,A4,유동화자금조달,금액,,,,,,,,,,,,,,,,,,,,,,,,,,,,,,,,,,,,,,,,,,,0,0,0,0,0,0,0,0,0,0,0,0,0,0,0,334830000000,341880000000,344010000000,645458000000,645822000000,671988000000,666595000000,970074000000,983121000000,1299219000000,1202196000000,1242564000000,903015000000,1220229000000,1143642000000,921671000000,832745000000,831100000000,856903000000,907185000000,1169076000000,600000000000,1233678000000,1194710000000,1530725000000,1530725000000,1364270000000,1468875000000,1468875000000,1468875000000,1368875000000,1678555000000,1478555000000,1428555000000
89,신용카드사,13361,㈜우리카드,B,SC005,자금조달현황,A5,기타자금조달,금액,,,,,,,,,,,,,,,,,,,,,,,,,,,,,,,,,,,,,,,,,,,0,0,1880000000000,0,0,0,0,0,0,0,0,0,0,0,0,0,0,0,0,0,0,0,0,0,0,0,0,0,0,0,0,0,0,0,0,0,0,0,0,0,0,0,0,0,0,0,0,0,0
90,신용카드사,13640,하나카드㈜,B,SC005,자금조달현황,A,총계,금액,,,,,,,,,,,,,,,,,,,,,,,,,,,,,,,,,,,,,,,,,,,,,,,,0,5124000000000,4622000000000,4407000000000,4307000000000,4307000000000,4157000000000,4262000000000,4262000000000,4472000000000,4342000000000,4510000000000,5109000000000,4840000000000,5030000000000,5055000000000,5000000000000,5235000000000,5210000000000,5180000000000,5150000000000,5510000000000,5367700000000,5736700000000,5327700000000,5457700000000,5487700000000,5951482000000,5981482000000,6536482000000,6326482000000,6691482000000,7543532000000,8658207000000,9102307000000,9295382000000,9320382000000,9275402000000,9355402000000,9245402000000,9115402000000,9265402000000,9060402000000,9258369000000
91,신용카드사,13640,하나카드㈜,B,SC005,자금조달현황,A1,차입금,금액,,,,,,,,,,,,,,,,,,,,,,,,,,,,,,,,,,,,,,,,,,,,,,,,0,35000000000,35000000000,35000000000,35000000000,85000000000,35000000000,100000000000,80000000000,80000000000,50000000000,50000000000,120000000000,60000000000,50000000000,50000000000,50000000000,50000000000,50000000000,70000000000,50000000000,100000000000,50000000000,50000000000,50000000000,50000000000,50000000000,100000000000,400000000000,995000000000,1045000000000,1330000000000,1270000000000,1570000000000,2075000000000,2315000000000,1940000000000,1355000000000,1005000000000,920000000000,850000000000,845000000000,330000000000,230000000000
92,신용카드사,13640,하나카드㈜,B,SC005,자금조달현황,A11,차입금_단기차입금,금액,,,,,,,,,,,,,,,,,,,,,,,,,,,,,,,,,,,,,,,,,,,,,,,,0,35000000000,35000000000,35000000000,35000000000,85000000000,35000000000,100000000000,80000000000,80000000000,50000000000,50000000000,120000000000,60000000000,50000000000,50000000000,50000000000,50000000000,50000000000,70000000000,50000000000,50000000000,0,0,0,0,0,50000000000,50000000000,345000000000,395000000000,380000000000,320000000000,500000000000,805000000000,1045000000000,670000000000,235000000000,85000000000,0,0,145000000000,0,0
93,신용카드사,13640,하나카드㈜,B,SC005,자금조달현황,A12,차입금_콜머니,금액,,,,,,,,,,,,,,,,,,,,,,,,,,,,,,,,,,,,,,,,,,,,,,,, , , , , , , , , , , , , , , , , , , , , , , , , , , , , , , ,0,0,0,0,0,0, , , , , , ,0
94,신용카드사,13640,하나카드㈜,B,SC005,자금조달현황,A13,차입금_장기차입금,금액,,,,,,,,,,,,,,,,,,,,,,,,,,,,,,,,,,,,,,,,,,,,,,,,0,0,0,0,0,0,0,0,0,0,0,0,0,0,0,0,0,0,0,0,0,50000000000,50000000000,50000000000,50000000000,50000000000,50000000000,50000000000,350000000000,650000000000,650000000000,950000000000,950000000000,1070000000000,1270000000000,1270000000000,1270000000000,1120000000000,920000000000,920000000000,850000000000,700000000000,330000000000,230000000000
95,신용카드사,13640,하나카드㈜,B,SC005,자금조달현황,A14,차입금_외화차입금,금액,,,,,,,,,,,,,,,,,,,,,,,,,,,,,,,,,,,,,,,,,,,,,,,,0,0,0,0,0,0,0,0,0,0,0,0,0,0,0,0,0,0,0,0,0,0,0,0,0,0,0,0,0,0,0,0,0,0,0,0,0,0,0,0,0,0,0,0
96,신용카드사,13640,하나카드㈜,B,SC005,자금조달현황,A2,회사채,금액,,,,,,,,,,,,,,,,,,,,,,,,,,,,,,,,,,,,,,,,,,,,,,,,0,4900000000000,4550000000000,4372000000000,4272000000000,4222000000000,4122000000000,4162000000000,4182000000000,4392000000000,4292000000000,4460000000000,4989000000000,4780000000000,4980000000000,5005000000000,4950000000000,5185000000000,4860000000000,4810000000000,4800000000000,5110000000000,4670000000000,5039000000000,4630000000000,4760000000000,4790000000000,4980000000000,4710000000000,4720000000000,4610000000000,4790000000000,5760000000000,6265000000000,6320000000000,6360000000000,6760000000000,6900000000000,7330000000000,7305000000000,7245000000000,7400000000000,7710000000000,8030000000000
97,신용카드사,13640,하나카드㈜,B,SC005,자금조달현황,A3,보유유가증권매출,금액,,,,,,,,,,,,,,,,,,,,,,,,,,,,,,,,,,,,,,,,,,,,,,,, , , , , , , , , , , , , , , , , , , , , , , , , , , , , , , ,0,0,0,0,0,0, , , , , , ,0
98,신용카드사,13640,하나카드㈜,B,SC005,자금조달현황,A4,유동화자금조달,금액,,,,,,,,,,,,,,,,,,,,,,,,,,,,,,,,,,,,,,,,,,,,,,,,0,189000000000,37000000000,0,0,0,0,0,0,0,0,0,0,0,0,0,0,0,300000000000,300000000000,300000000000,300000000000,647700000000,647700000000,647700000000,647700000000,647700000000,871482000000,871482000000,821482000000,671482000000,571482000000,513532000000,823207000000,707307000000,620382000000,620382000000,1020402000000,1020402000000,1020402000000,1020402000000,1020402000000,1020402000000,998369000000
99,신용카드사,13640,하나카드㈜,B,SC005,자금조달현황,A5,기타자금조달,금액,,,,,,,,,,,,,,,,,,,,,,,,,,,,,,,,,,,,,,,,,,,,,,,,0,0,0,0,0,0,0,0,0,0,0,0,0,0,0,0,0,0,0,0,0,0,0,0,0,0,0,0,0,0,0,0,0,0,0,0,0,0,0,0,0,0,0,0
